filename,0,1,2,3,4,5,6,7,8,9,10,11,12,13,14,15,16,17,18,19
00367bac-0715-41b8-93dd-c21b8877a1f3_73.png,0.35339160648590506,0.1729523365432538,1.4576081657370004,0.5593195209576305,-1.640461162246945,-0.5450712851417638,-0.5420942141456918,-0.20187072609856996,-0.5638887333754692,0.6263447126117322,0.20922291454357034,-1.1506386719698907,-0.5327836815389683,-0.5289426706385558,-0.3895990215663713,-0.6562884370249608,-0.6845239792856095,0.6768181727335296,0.719676930886456,-0.029050342992042493
89bc92b0-73f3-4d37-8aaf-292e4f4f1595_8.png,-0.7349733994682436,-0.6746467799653555,0.7175402256351506,0.16147859629991793,-0.7102397403038723,-0.42578446890552285,-0.22681012035230083,-0.9277040715305368,-0.5041429939720947,-0.7534339275952364,0.37969322699111724,-0.7020697942257133,-0.4063797016218928,-0.36542270164264345,-0.3008992252980123,-0.5240726432101905,0.0003234178375314678,0.3503863443283146,0.03927630611147453,-0.029050342992042493
4af4cf7a-5d36-4d0a-9b11-fcbd77f87c6e_78.png,-0.8079222775244405,-1.115808489770177,0.5658955165012055,-0.1766169108821562,-0.6062972073547628,-0.5002945604201694,-0.582074636057859,1.2030363500902828,-0.3316770221209935,-0.12489235300751295,-1.0371092821017047,-1.602167267347835,-0.7697911438834847,-0.2831283381610405,0.3018265495796994,-0.36254756052660797,-0.9505470693193451,0.6341165707088733,0.6306715270984335,-0.029050342992042493
2ec83b5a-f1ad-4dae-bb33-773f1eee7923_1.png,0.3927182762373993,0.4180437304750711,0.335282021217796,-0.4015727031122284,-0.24027038039952725,-0.006730820474815983,-0.4925484639150554,-0.4021309976705214,-0.6442563754363135,0.6358833749564182,0.6126602914786227,-0.7451991427785117,0.43104666532873215,-0.4395232540416626,-0.41180561514480124,-0.38701472413259874,0.37000242542550993,0.6768181727335296,0.719676930886456,-0.029050342992042493
855258ad-52cd-446f-9db1-1bc38d82eebd_47.png,1.0244358940039908,0.7211461147790978,-1.4481799264353339,-1.3205239488232008,1.3689744044246666,1.0357518674338666,12.1745785475799,-0.269017417570145,1.1612963461989594,-6.989650686651938,0.13697878169030228,0.5308616296554168,1.2408221616724968,0.021823935173384348,-0.3195672293860462,0.31802885998229846,0.7986143552002384,-1.1697419786977112,-2.285462651078813,-0.029050342992042493
00367bac-0715-41b8-93dd-c21b8877a1f3_82.png,-0.39604205048084656,-0.295661785386991,1.0486349080444135,-0.04939882383541929,-1.3283016895280717,-0.5209001889722331,-0.5453786924991552,1.6831294870700804,0.7756079447037284,0.8542774034541583,-1.073826056495517,-0.9328535245565316,-1.03839960120727,-0.08220184030985403,2.1528069447461573,-0.07143424743896741,-1.3005514334984547,-0.8243948018671257,-0.4148416683377714,-0.029050342992042493
a5f7c55f-08cd-4cf8-8e07-7d416d70c470_52.png,-2.1014164641462476,-1.6230037473809122,-0.5419359012863217,-0.33589863226389854,0.6052019045970483,-0.6936444022254195,-0.6560790190449632,1.7838821428097544,0.5079804786933209,0.5602720524800219,-1.815626973616028,0.616776063259243,0.6009020133423023,-0.21223405966390202,-0.15922857400021384,0.2896191098002375,-0.02799988902816307,-0.4801841695771204,-0.24726411307600105,-0.029050342992042493
a6a04226-e7be-4c2a-8240-4e24256bfed9_99.png,-1.5467276905780738,-1.1375655307066033,-2.101323871529187,-1.9665744694799385,1.5918312407745812,-0.22927509491685605,1.211064828313965,0.9505017991392084,0.4868624341653456,-4.811657345205803,-1.2881456301522254,2.0238569399713335,4.8670363355436,1.2213266271325063,-0.19694453901602685,2.7178312473601727,-0.09694824462777978,-0.4988559727437952,-0.761171265990079,-0.029050342992042493
855258ad-52cd-446f-9db1-1bc38d82eebd_38.png,-0.33806233232419874,-1.6591552910379093,-1.6266866677641025,-0.8026979359214194,1.4068631741307036,3.2330566141193535,0.12692961271378675,0.6290783329399892,0.5482771321153653,-0.7892719610299261,-1.2215608254947443,1.2383824330624456,2.1177497723472083,1.8002371927498433,-0.043857581280006976,1.739087285824198,-0.9264989490615553,-0.5896171724844145,0.09042194429817266,-0.029050342992042493
19369012-66cc-4209-a974-c98c915c0a70_37.png,0.1792676058130987,-0.22988260547855513,1.3669159691512824,0.529401826313317,-1.6203150074935029,-0.6816321076526983,-0.5186333470002507,-0.6167816956836212,-0.5970385165095677,0.3929188497406542,0.27879898236112544,1.2056733529355126,-1.2359058198277004,-0.5745430105764138,-0.64873015038524,-0.8923469887623943,-2.2245895961933813,0.6768181727335296,0.719676930886456,-0.029050342992042493
372d139f-2c82-4ef1-b50b-d092a9b46c49_10.png,0.9392924425699445,0.005303939433713445,1.0206957728124348,0.5665199164488722,-1.1191206275281247,-0.6528854459803097,0.8243677748215231,-1.9427103339138934,-0.6999190062407236,-2.401088146973277,1.4880779080248112,0.6327622631024531,-0.9633472381315066,-0.5278739126712623,-0.45168202668805085,-0.813331956225757,-1.079976569268155,0.509015489492152,0.3699161521224946,-0.029050342992042493
a9e37804-c00a-4e4e-b99f-e267a0056a05_14.png,0.7305147768419022,0.8702841980096422,0.8431046373591349,-0.48829694742467317,-0.9138785317949403,-0.5390651378554033,-0.11489064414617797,-1.1591719701377512,-0.6844896129490508,0.15633219912524846,1.012673730134189,-1.4142197195428703,-0.35107796040817224,-0.15238361349546348,-0.18307496504062457,-0.39838247982198605,0.7512523018977656,0.6768181727335296,0.719676930886456,-0.029050342992042493
a9e37804-c00a-4e4e-b99f-e267a0056a05_5.png,0.15987709957596558,0.6350078693679316,0.7600297539002393,-1.6585955242901624,-0.7850388925722737,-0.20168243102703481,0.8300890151063847,-1.8637844317301022,-0.761803379459109,-1.4961730683773657,1.640023324824398,0.6407197809657604,1.1144181817554213,0.0015175337948069932,-0.4345956268407332,-0.2369103768009639,0.9204246890830984,0.6768181727335296,0.719676930886456,-0.029050342992042493
3dbb185d-309a-4682-8409-24f5556e96df_127.png,-0.49965925106091597,-1.2818220851556734,-0.9814679271101867,-1.5843619135776954,1.235356350670597,1.106730397685085,0.6655809879033014,0.8004055683554666,1.4887226365612678,-0.9950673786621729,-1.4307871276154258,0.8271368226054099,1.612133852678906,-0.11355207401713135,-0.3478624683398469,0.4227788848437031,0.1868222731568343,-1.4339885843826092,-0.2837334103814714,-0.029050342992042493
3dbb185d-309a-4682-8409-24f5556e96df_70.png,0.5086077291480298,0.07136901121947069,0.24176554055361402,-0.6542967598310143,0.1488476446907236,-0.26847239695410713,-0.1182735154104358,-1.478893776698166,-0.7016545480611545,-0.4104094993750538,1.0274703659758517,0.23652220781473568,0.0636850986947316,-0.47977980414305277,-0.5437145168393824,-0.6809777814128488,0.5365136092751681,0.6768181727335296,0.719676930886456,-0.029050342992042493
9229a83e-46a1-420b-bbda-57bc886c344b_7.png,-0.8166001230527882,-0.9557468103924684,0.9304614590629188,0.45114529407768206,-0.9688790413447111,-0.457622414037015,-0.6484889284106962,0.3778893368555581,-0.4391307434507245,0.5145649684105105,-0.4513209467504026,-1.0247021890931463,-0.8408933825868397,-0.4473608124684819,-0.26142627761957404,-0.696617147513153,-0.2630362612002541,0.6670763623856992,0.6993715155735996,-0.029050342992042493
578fbdd2-3bf8-444c-8c21-8d2666ef631c_54.png,-0.0081545407068248,1.6376181852488754,0.3481624003745446,1.4813041920452077,-0.19744663698379852,-0.420029520893464,-0.2180878962882032,-0.8790168562715064,-0.7099978115392992,0.5884158786718799,1.1878501429117607,0.3055216420156959,0.46264766030800103,-0.47657353024117216,-0.5211270076425659,-0.574303256411462,0.8430444417871463,0.6591205506016378,0.6827887597347663,-0.029050342992042493
4a7aeead-7888-4bb1-a39e-eef6dfc4a6ff_13.png,0.4218201783806648,-0.8694270016896086,1.0980604637150213,1.4378259215497782,-1.2914372877643638,-0.640853528708461,-0.701722567929054,1.2719778254049312,-0.3704052036267773,0.8364547948021754,-0.7830068830617167,0.059398977694217335,-1.1569033323795284,-0.5688429680841816,-0.5512853818589304,-0.8763610823241933,-1.4429871615434167,0.6768181727335296,0.719676930886456,-0.029050342992042493
19ef2be7-6425-4194-a4a4-1b4a7fbefc4e_111.png,-0.8495452780348814,-0.8958594830828279,0.12913032807752006,0.6805383134667631,0.16549318598761814,-0.6103999817011001,-0.6446602142694001,0.48243183089501185,-0.4346719512509579,0.4168742005092129,-0.5654196595622493,-1.4964036347085024,-0.5011826865596993,-0.2995159603262082,-0.234531393891206,-0.5201062339550588,-0.26818126792846775,0.6617183666943925,0.6882035371515279,-0.029050342992042493
4af4cf7a-5d36-4d0a-9b11-fcbd77f87c6e_56.png,-0.04766498366162882,0.19032361188488883,-0.31103089900294556,0.03019657276199853,0.6965623422605112,-0.32665373801683617,-0.5288468386185797,-0.39087183342181253,-0.5869099498496192,0.6738959854930305,0.3621245597020071,0.43848361956483184,0.20983970047385012,0.09378697163781638,-0.18265084685663235,-0.08918956759797449,-0.13593001756375184,0.5740420735639196,0.5054547993358153,-0.029050342992042493
578fbdd2-3bf8-444c-8c21-8d2666ef631c_73.png,-0.22484897664818543,-0.400117358063256,1.2565004663977786,1.2510720184982214,-1.3833830169997448,-0.6421179807687474,-0.5770110908860901,0.13636094450568922,-0.5604459465739116,0.5160746620627206,0.04653331029762232,-0.7487762097705121,-1.1648035811243456,-0.5731179999533557,-0.6330693840149403,-0.8870183532829939,-1.423436762000545,0.6768181727335296,0.719676930886456,-0.029050342992042493
a7ab7384-2203-4096-ab14-1eae445ccdd9_19.png,-0.5217039217134385,-0.8518792004406286,-2.3595623709025313,-1.7482768531072082,1.6949657042559259,4.102606306732415,-0.4176557774301833,0.6576981875741443,-0.005900769540336842,0.42234877709865826,-0.5439823061228048,-1.4503573066761195,0.13478733739808654,2.7314816349182856,1.9328938994140437,3.297045879452863,-0.4080758362029415,-0.10536801644434807,0.20669340184966337,-0.029050342992042493
4a7aeead-7888-4bb1-a39e-eef6dfc4a6ff_19.png,-0.7101305607182791,-0.3295951288077916,1.512163992863431,2.3288317521116055,-1.8146439071254667,-0.6936444022254195,-0.6182884543536692,0.6293729409292742,0.03185647977519772,0.8467824591671078,-0.6153811859453971,-0.10539348523930069,-1.0344494768348615,-0.5706242313630041,-0.5748008624025264,-0.8611965398637943,0.06450317648712676,-0.13849017162697122,-0.1107112967724308,-0.029050342992042493
4af4cf7a-5d36-4d0a-9b11-fcbd77f87c6e_32.png,-0.010097864316782987,-0.7252522298060445,0.4938929378981444,0.7541748903729832,-0.3820010208748273,-0.4484601464598148,-0.5119217205726719,0.5689947071869808,-0.44665064055072984,0.19193171345009,-0.44075926947676064,-1.771391356714269,-0.9633472381315066,-0.28669086471868566,0.16106635023278576,-0.6095463544911806,-1.1127098140753444,0.6033486863603091,0.5665402570686598,-0.029050342992042493
a3283dda-4e12-48f9-90f3-8f3223c77d46_67.png,2.138993808080465,1.9602389068594306,-0.6316968283905229,0.42059052476259307,0.8299197812898709,-0.14487220806110854,0.8583683675801468,-2.0908878508401636,-0.8213935800579049,-0.2406934509642313,2.1704047295225384,-1.1257067403931542,-0.03901813498789221,0.0022300391063360234,0.04346924814235141,0.06201162559820021,-0.20688790628300854,0.6768181727335296,0.719676930886456,-0.029050342992042493
a5f7c55f-08cd-4cf8-8e07-7d416d70c470_31.png,-1.329287536831022,-0.6962224491663837,1.3940531263353453,0.7350796736728138,-1.6280186605348097,-0.6167380163035492,-0.3063580214291439,-0.28010287249086135,-0.26721002871831945,-0.5161493440565881,0.032113519025462035,1.1630105608055579,-0.8645941288212913,0.03286776750208431,0.17949526626908843,-0.4980877869094682,-0.9913956092441558,0.12494461652894087,-0.4306248465868892,-0.029050342992042493
372d139f-2c82-4ef1-b50b-d092a9b46c49_5.png,-0.596506853719228,1.4470903484646271,1.1910634381831189,0.026520041670577484,-1.1189729924816199,-0.674677621321123,-0.062052728615922356,-1.0372580180447994,-0.5409957400595222,0.35920703538755977,0.9054917077944797,2.0237540666872578,0.33624368039092556,-0.5724054946418267,-0.6437567582199698,-0.806200715178756,2.8036040006389453,0.6768181727335296,0.719676930886456,-0.029050342992042493
824faab9-9bc0-41fa-93a5-24d93dec52b5_23.png,-0.6940868437277586,0.2897706406095958,1.233577695032601,0.8143416218766016,-1.2069750529792762,-0.6323032492498059,0.2433911516644664,-1.4345506701144268,-0.7057945443581457,-0.9778850058266737,1.2094688867994752,1.7889040029791554,-0.908045496917786,-0.5642116835592428,-0.598944564188449,-0.8567977966503723,-0.017427306133407656,0.6768181727335296,0.719676930886456,-0.029050342992042493
44341a17-f4a0-402e-8f84-ad64321de876_28.png,-0.0053907929823130305,-0.6297171978677439,-2.049819658437535,-1.5199322085439626,1.5695494253667615,3.0397004974006885,0.6751724518387006,1.9997035367438833,4.186696194032947,0.04617451300905602,-2.587718892682202,0.6154627957105238,1.4659792508997875,2.0043699645029105,0.0024805677087258067,2.6001670092602835,-0.21712171599334676,-3.862621904096713,-1.765779632386754,-2.6466988180386406
a7ab7384-2203-4096-ab14-1eae445ccdd9_45.png,0.7496017416120819,0.32377505242932536,-1.4361167945510975,-0.8892189183943409,1.5588337715653304,0.48931044932918927,-0.19390261133703654,-0.6736962208902335,-0.38145962692964686,0.4356337750720075,0.7093011636269788,-0.5582256238693691,1.1460191767346903,0.844767569989414,-0.03552521139414587,0.8587293300822983,-0.13040806847767883,0.19005238235360697,-0.29491698757929574,-0.029050342992042493
4af4cf7a-5d36-4d0a-9b11-fcbd77f87c6e_16.png,-0.7760191509655875,0.056575358597731724,-0.3544008514055981,0.7328435213645331,0.2792995980122649,-0.4249421271852568,-0.35936781707544396,-0.2852459388550866,-0.4958499777858308,0.23100969658220577,0.3828252669997271,-0.7978315267725604,-0.3668784578978067,0.4667835022232636,0.7421007753262732,0.5137617588992598,-0.7547153497969704,0.3689769657420909,0.07802580700017585,-0.029050342992042493
19ef2be7-6425-4194-a4a4-1b4a7fbefc4e_72.png,1.0111139251926273,-0.03835670614701988,0.08093767479118502,0.01839893484014174,0.21633041861291602,-0.2138706540131123,-0.2512238613432188,-1.0229143193756571,-0.6592287619119793,-0.16910712876379858,0.7769691463217313,-1.5973239992001187,-0.35897820915298945,-0.3169723404586694,-0.21719609179484411,-0.4341973657377048,0.656239304372889,0.6768181727335296,0.719676930886456,-0.029050342992042493
a9e37804-c00a-4e4e-b99f-e267a0056a05_43.png,-0.8444417716010624,-0.18587157779979424,-0.3683395323790531,-0.5199271389339385,0.05229466248091485,-0.2432536616682774,0.02021819626716195,0.5254223550389657,1.4886219549742727,0.05457791123984161,-0.6737085294869612,1.1474587005349504,0.6285528839491625,0.0920057083589938,-0.01816355483303459,0.8017637068435082,0.1335823164175478,-1.517605789868153,-3.116600797167639,-0.029050342992042493
9229a83e-46a1-420b-bbda-57bc886c344b_10.png,-0.9047069946138434,-0.8653316561532902,1.084055749276357,0.9895749802192405,-1.0780201533106886,-0.5371684597649736,-0.6783828470550286,0.924605205360976,-0.4086119575182916,0.7049487438222728,-0.6563612510295164,-1.852092385360752,-0.9514968650142807,-0.49367365771786886,-0.3085821994175055,-0.7630387677956135,-0.7099200439473162,0.6768181727335296,0.719676930886456,-0.029050342992042493
a9e37804-c00a-4e4e-b99f-e267a0056a05_100.png,1.4510803590067707,-0.735570489122349,-0.01815612413031559,-1.484456921139075,0.44139623289726254,-0.09239744755922166,-0.5247742945452206,-0.17913152716959518,-0.5260537761041371,0.08046936244733442,0.03891699247917275,-1.3551818606127601,-0.19702310988423655,-0.4901111311602237,-0.4221726382992648,-0.5854175851489367,-1.021887355500363,0.6768181727335296,0.719676930886456,-0.029050342992042493
44341a17-f4a0-402e-8f84-ad64321de876_31.png,2.3495625355152514,0.4976066296302966,-1.5895847940064094,-1.412814199000219,1.4650003641913516,-0.07549485920931735,-0.04353918001637392,-0.003526859953517373,-0.18111168648009873,0.6040997108676387,0.4658969335779513,-0.8783500855952089,0.26909156605997925,0.5041900310785377,0.0607643736369758,0.4106622830184556,0.40372924556876705,0.009585345660049933,0.40981111050111263,-0.029050342992042493
92da35e0-d1db-40c0-86e2-73b0de7f8784_14.png,-0.8986825543655973,-0.986605788437631,1.5996743231218857,2.0142261404695896,-1.8886882099959115,-0.687638254939059,-0.6761570149261464,0.6195521278240835,-0.3966625259743085,0.540141233413631,-0.737219221832855,-0.2638162312869986,-1.2082549492208403,-0.5357114710980816,-0.1017413069879889,-0.8525598438495386,-1.791958115850113,0.6768181727335296,0.719676930886456,-0.029050342992042493
4a7aeead-7888-4bb1-a39e-eef6dfc4a6ff_99.png,-0.8590673196481727,0.1830297621373633,1.5888693066497555,1.2957594944514672,-1.6699980766265254,-0.4321475922255357,-0.5029504394531252,-0.19437861321554933,-0.4903510045530562,0.548773220826301,0.0380568571459292,-0.4519735887836266,-0.8685442531936999,-0.41244805220355946,-0.1571794483859481,-0.6635340895261989,0.5860881145629646,0.6541684636748241,0.6724668402840639,-0.029050342992042493
a7ab7384-2203-4096-ab14-1eae445ccdd9_27.png,0.018817441171925946,-1.1470048072519228,-1.8294707243334416,-1.9489030131289886,1.5034339620733717,3.9416829208725788,0.4813986832311392,1.2228050873135377,1.5233470081030012,-0.2456031415981281,-1.3963239307494055,-0.6590683323608509,0.36784467537019444,1.4340094626239217,0.7036467078331172,2.1368069617181544,-1.2011220868654529,-1.5010447122768413,-1.1506501559119933,-0.029050342992042493
48a4d49c-a4cf-463b-ae33-31db1940e1d3_78.png,-0.3941360038195295,-0.5133635532781745,0.46200134569697826,1.4907504983328475,-0.7733838722520845,-0.13760160871446156,-0.7300523467695981,2.165194022005446,-0.28339248469969464,1.0635728208925757,-1.0519605229125748,-1.8411602065693078,-0.8922449994281516,-0.12993969618229903,1.706121071313548,0.06840598817348058,-0.6751635069878387,0.6768181727335296,0.719676930886456,-0.029050342992042493
3dbb185d-309a-4682-8409-24f5556e96df_118.png,-0.9564019031538817,-1.6536114765862209,0.05836026384340358,-0.48907933749101695,0.37229859485557815,-0.6026321780016244,-0.542959456804992,1.6527962731107642,0.018156217018205537,-0.05721229525115677,-1.6284869441555978,-0.8000658917709352,-0.4221801991115272,-0.44664830715695286,-0.34652398917129323,-0.5653628782496115,0.7396798291176,0.1130108988528487,-0.2239014865982089,-0.029050342992042493
505d1bd8-e981-43ac-b532-853c95be827a_28.png,0.5515518812004058,0.2923218487272931,0.15172106201068433,0.8842714854923678,0.046135281931372014,-0.2261132529345117,-0.5518538684629806,-0.33849261459837804,-0.6284324037997365,0.7373627977113753,0.4425477749169506,-1.881870532920594,-0.5406839302837855,-0.18943388969497305,0.013552201928059728,-0.3490037910462099,-0.07846087154600678,0.6768181727335296,0.719676930886456,-0.029050342992042493
19369012-66cc-4209-a974-c98c915c0a70_7.png,3.0769836548967358,2.9221678902208983,0.3783406828190064,-0.468577876323779,-0.11721370398751957,-0.660136422627829,-0.07584987453209964,-1.0885651166769874,-0.7468811830057804,0.7886111537535958,1.50653882327893,-1.1048584824437555,-0.7223896514145814,-0.5602929043458331,-0.5995983343215544,-0.8385277704204511,1.6052725617489387,0.6768181727335296,0.719676930886456,-0.029050342992042493
a7ab7384-2203-4096-ab14-1eae445ccdd9_28.png,-0.3971383723719674,-0.7779024682885038,-1.8515487130794235,-1.9206347289040362,1.46462509081646,2.83038712446567,-0.1902470072231698,2.414931709045057,1.0320886134375877,0.3980304834588032,-1.5147621830541722,-0.8447320708064219,-0.05086850810511803,1.0980632082379842,1.4937141982337665,2.4496715799218287,-0.6833493163204494,-1.032463634546202,-0.2947072876922582,-0.029050342992042493
a653df7d-134c-48e9-9911-e3a0e5f096f4_66.png,-1.0821511727183675,-1.30791434824645,-1.61080453095855,-1.4361341563134014,1.246502974674504,0.270049682123335,0.05645292305651575,1.7513024409304778,2.429824678797431,-0.19102795983363982,-2.036961552029,0.7848113141106311,2.137500394209251,0.2822446265372448,-0.17993642533035975,1.6702420678092615,0.14890122830149233,-2.3353495868156116,-1.5924165509831003,-0.029050342992042493
4af4cf7a-5d36-4d0a-9b11-fcbd77f87c6e_50.png,-0.009850515062049078,-0.1065759586428609,0.7768114223604612,0.955437004567826,-0.8398111697277417,-0.5868354342305013,-0.6953869869074184,1.286272736533741,-0.3423496289899327,1.0238508074815102,-0.7964763879308381,-1.668547108817309,-0.9909981087383668,-0.2660282106843438,0.2700689293223888,-0.6035692811766145,-0.23070434922720812,0.5487133666595606,0.4526607195223885,-0.029050342992042493
268cf2e7-02be-4b54-8659-24b54163053b_107.png,-0.0692684157018536,-0.49799077351070176,0.6915969683235165,0.6858699315353414,-0.543783761029251,-0.45118571966549637,-0.5812192326896382,0.02289194867421209,-0.550086507338628,0.45524782791969254,0.0226999861676224,-0.7155313603243273,-0.7776913926283019,-0.5595803990343041,-0.5547655521634416,-0.8207656521557835,0.028045886825924096,0.6768181727335296,0.719676930886456,-0.029050342992042493
10b42c78-10e5-441c-bc2d-1bc4a35bb63d_9.png,0.03011627421100393,0.10031601755877012,-0.10563307169282349,1.036838563076213,0.502164961989612,-0.22358434881393885,-0.6141119827682833,0.1386255197795382,-0.590755912886493,0.8442658007773588,0.18747115093453526,-0.3105491816225215,-0.09827000057402133,0.1967439891537612,-0.18706007304923192,-0.26765328939403193,-0.6189248659313725,0.6768181727335296,0.719676930886456,-0.029050342992042493
a6a04226-e7be-4c2a-8240-4e24256bfed9_91.png,-1.5244756373824817,-1.0722497647600229,-0.6256348257694773,-1.5571362447516064,0.904774292082242,-0.5149645876984927,-0.6279561727949341,0.8291145968261807,-0.09069241258194725,0.6313508567692727,-0.9166028599008795,0.272492050297689,1.7187872107339384,-0.4095980309574433,-0.35130279408440634,0.2527348829400518,-0.6564128156104395,0.0426263190897745,-0.6022056059805303,-0.029050342992042493
505d1bd8-e981-43ac-b532-853c95be827a_104.png,-0.4147146307386125,0.008261959546131573,-0.13635334590169895,0.26718864412816323,0.2562040396569134,-0.010429598068343131,0.0838332103078919,-0.7863637373573766,-0.38575305258576764,-0.5253494189806183,0.6424114054315474,-0.2593329125905705,0.9485129581142598,-0.33727874183724676,-0.34026110476639204,-0.026912245569667887,-0.45685799586316184,0.22650298940507216,-0.16730039018405224,-0.029050342992042493
19369012-66cc-4209-a974-c98c915c0a70_62.png,2.902903207481093,2.9536020019639917,0.8457305213163845,-0.21896407498880785,-0.8197530546682034,-0.46730748343414835,-0.5469471369927907,-0.246677079105922,-0.6870180542654862,1.0886653246799187,0.9089656329317944,-0.8044096957318131,-1.0146988549728184,-0.5713367366745331,-0.5826813567450809,-0.8633947359909859,-0.4980437082809809,0.6768181727335296,0.719676930886456,-0.029050342992042493
2ec83b5a-f1ad-4dae-bb33-773f1eee7923_4.png,1.453465686638954,0.8606132496830018,0.8632128207685691,0.06516385626678381,-1.1717807587795321,-0.3243519313498756,-0.08309005537735335,-0.22651134089861155,0.19070481029189643,0.5923145700589197,0.48638257751300956,-1.21902996037243,-1.0225991037176356,0.1511436492159033,1.1236809219965627,-0.3614822193375484,0.9120994162326878,-0.46346072848001163,-0.6216957572413014,-0.029050342992042493
4af4cf7a-5d36-4d0a-9b11-fcbd77f87c6e_6.png,-0.20748813664536708,0.4885214058096211,-0.6373106707315781,0.040451959463825425,0.9450198097100283,-0.3506579487056608,-0.014637492381836183,-0.8312704714803155,-0.31608195295867997,0.02506562555788861,0.7351348757683628,0.7681254362814124,0.8655603462936791,0.26870702561819326,-0.22732964607665224,0.21454941696714006,-0.08094924168648664,0.08808810071298276,-0.5074470011871979,-0.029050342992042493
580d287a-e8ba-4363-873d-175443ac329e_8.png,0.974158897663582,1.9104235229713364,1.5127951916709208,0.9326361813517382,-1.775261950967085,-0.6910636354672036,0.10082228374581613,-1.4253806222378576,-0.6853363662228539,0.442512330983517,1.6486847712788437,0.6836494846373784,-1.1095018399106251,-0.5716929893302977,-0.6110624247364144,-0.8792559239756464,-0.04376480155232394,0.4545425332972007,0.25637503816477153,-0.029050342992042493
4af4cf7a-5d36-4d0a-9b11-fcbd77f87c6e_34.png,-0.3476407609482602,-0.14959911249904026,0.1019324816376053,0.2938534528806912,-0.09069657251661288,-0.2960450584324189,-0.49366860570888293,-0.06044260893654983,-0.5405850287119219,0.389083526605478,0.03198048993913072,-1.4825780607820047,-0.1812226123946021,-0.31305356124525974,-0.04837084147094352,-0.1436727048321006,-0.15369211462824192,0.5333700153617279,0.4206796904046369,-0.029050342992042493
07a9fdc8-46e7-4ddb-b62f-fe041b4ea954_6.png,0.19772848758525471,-0.09796261640240207,1.547161029094413,-0.17283100549065497,-1.7809263507444786,-0.6108546693007011,-0.025233486440879086,-1.4169380060710095,-0.6883364677196245,-1.2288261772988145,0.9142168046617389,0.005284011221046617,-1.0304993524624528,0.11729964691827437,1.7211469596898585,-0.2729802441475074,-0.760213742188383,0.6495411037596046,0.6628217680104556,-0.029050342992042493
268cf2e7-02be-4b54-8659-24b54163053b_64.png,-1.0191688474290574,-0.9044258642275761,-1.0860416432534141,-0.3509752850978062,1.1723838548293213,0.22274854144633482,-0.2646701750368437,-0.7800492392206402,-0.4841823435565861,-0.8843889573979719,0.23528505331389657,0.5489935382290122,3.2553855916008874,-0.05370162784869283,-0.33729194261215034,0.8526808424803979,0.012719351546192796,0.18607447646157624,0.28325852218955627,-0.029050342992042493
a5f7c55f-08cd-4cf8-8e07-7d416d70c470_61.png,-1.8654432276070236,-1.2431287879652786,1.3646037314378279,2.4932753038981454,-1.7152976400552429,-0.6799986951282991,-0.566976551374269,1.0081569405479838,-0.1343707495616689,-0.47304421531129776,-1.1025411297959178,1.6136470775861793,-0.9159457456626032,0.3663202532976704,0.6513260479383752,-0.37364748497394473,0.671042606235379,0.38399559002832934,0.10932998894083103,-0.029050342992042493
6764beec-de30-41fd-ac4d-374023ed0a03_9.png,-0.08138647487268884,1.1165800150796288,0.9467087410144546,0.06694429161573426,-1.277860251092159,-0.6080151635800711,-0.5956147304945851,0.945302970997451,-0.5118298817636701,0.9973646444654347,0.1818664946629944,-0.7269775699291251,-0.8843447506833344,0.4226081729084637,0.7873642970004912,-0.274079844475393,1.3117240547899447,0.4486162653356039,0.3489966862332528,-0.029050342992042493
89bc92b0-73f3-4d37-8aaf-292e4f4f1595_0.png,-0.6675778539634794,-1.0022535039264147,0.17387615032351325,0.5294031637977669,-0.19080002020851466,-0.16011474746853527,-0.40973238081059954,0.24134814115476796,0.371931445306148,0.33050054693463654,-0.5500613622711279,-0.06515733292573793,-0.4972325621872908,-0.26780947396316634,0.10421181328972033,-0.1628874882834783,0.0013378226306039558,-0.44673728738290286,-0.013282619220985205,-0.029050342992042493
a5f7c55f-08cd-4cf8-8e07-7d416d70c470_47.png,-0.2683881430521052,1.2535808436167615,0.716951336755182,-0.7015135719303355,-0.5579190958398628,-0.5965977065984359,-0.672323996095003,0.7844211924266189,-0.5176427247336217,1.1116100648978067,0.06085554341151971,-0.7172898967470968,-0.8211427607247966,-0.5724054946418267,-0.599945461282874,-0.8486521778313117,1.3499393244053073,0.6768181727335296,0.719676930886456,-0.029050342992042493
a7ab7384-2203-4096-ab14-1eae445ccdd9_71.png,-0.240782887525889,-0.8468734422063998,-0.9112451993573083,-1.0525601175583719,1.1404383166449463,1.2957715597418484,0.24458816291985244,1.3424554564887254,0.9733272811992704,-0.30119019406485487,-1.1329775616682547,0.12790164253305733,0.261191317315162,-0.15950866661075377,0.08731087055314704,0.6037554264302888,-0.5947194429007225,-1.0459398055273674,-2.7835254980161936,-0.029050342992042493
a7ab7384-2203-4096-ab14-1eae445ccdd9_76.png,1.055094150681138,-0.30393435429048726,-1.0586314319928243,-1.0222480166272365,1.332512457665188,0.7756283242649691,1.337039731827101,0.7077464248164352,0.7981842898194068,-0.7293603888277269,-0.5133290911221045,0.32467025830283475,-0.023217637498257775,0.17073754528295162,0.05515867233062203,0.2607488492155714,-0.40521061360957306,-0.9230306316389079,-1.4761828005571673,-0.029050342992042493
4a7aeead-7888-4bb1-a39e-eef6dfc4a6ff_21.png,-1.194181231033659,-0.3762477913931043,1.353646591320045,1.9457952220147963,-1.4726823472272994,-0.676879156463283,-0.5765840041576723,-0.07319310986643686,-0.5572400400647951,0.48891339373829273,0.012533986890319863,0.9240427783448361,-1.18060407861398,-0.567061704805359,-0.6028737887258002,-0.885058314977571,-1.6909325303403127,0.6768181727335296,0.719676930886456,-0.029050342992042493
95815a0c-6ff2-4053-978b-a34ec048fcec_5.png,1.181796334365975,2.7935212395880678,0.7002157030009779,1.1156568170952963,-0.6254252275054945,-0.6250478779548806,0.08246401145861554,-1.4134383767460292,-0.7638955654442353,0.6198834327760573,1.7779809809206188,-0.7017876004598138,-0.6433871639664093,-0.5659929468380654,-0.5858567795162425,-0.8214761368863702,-0.1710029164486409,0.6768181727335296,0.719676930886456,-0.029050342992042493
a6a04226-e7be-4c2a-8240-4e24256bfed9_97.png,-1.5378296001330831,-0.7036583777269421,-1.832496727387853,-2.1221360940621508,1.4099115796573283,-0.3936462875827582,1.715263003355201,1.8741151293260494,1.688021226711713,-3.494939966443805,-2.0050975467082277,1.4905407896303593,3.046028999863231,0.12834347924697434,-0.15750068749676366,2.206415125564207,0.07304580485755278,-1.6687662137653203,-2.8172321347435583,-0.029050342992042493
81faa7e7-ef94-4bfb-ad32-94fd63e1848b_46.png,-0.8513388437543417,0.6761476137808389,2.036228330033779,0.9829556699588567,-1.9246951406033923,-0.670040831436192,-0.4386045505718989,0.3856033624660303,0.44737054294883344,0.7739604544455448,-0.02233355855232466,-0.7212034085940584,-0.888294875055743,-0.5674179574611234,-0.5933691219277658,-0.8472787228337187,-0.572311505516429,-1.0206110986230084,0.03703882998079933,-0.029050342992042493
89bc92b0-73f3-4d37-8aaf-292e4f4f1595_15.png,-0.4813924247166166,-0.1701283331381815,0.5730688531228362,0.8670285927954545,-0.47724636567657863,-0.400972539696774,-0.09131693263116937,-1.3487981569331733,-0.6951062505503264,-0.8775551536658192,0.9273953417978584,0.021351176377501085,0.32834343164610835,-0.5307239339173784,-0.5191873405311176,-0.5961128008289608,0.13089038498692335,0.6768181727335296,0.719676930886456,-0.029050342992042493
a5f7c55f-08cd-4cf8-8e07-7d416d70c470_19.png,0.011049859338934973,1.6608987746110822,1.0588697170310275,-0.33641276047613217,-1.1199895174980943,-0.6744914575984765,-0.17420588798518247,-0.8775967822314459,-0.6800101713465158,0.6144281449309158,1.1986010208152593,0.950924898366863,-0.7026390295525384,-0.4648171926009431,-0.48581158961888987,-0.7671313351139903,0.022170251271835365,0.6768181727335296,0.719676930886456,-0.029050342992042493
273317d8-7414-4eb9-bb2a-b42c7082fe9b_52.png,1.7417509543821168,-0.04454244585318149,-0.4480775162065834,0.21344457137504763,0.9164491672800641,-0.33011443489307063,-0.5955246394856388,0.2990737351468584,-0.49423348097795766,0.8036572886476397,0.014749013439568385,-0.3900904978866132,-0.4419308209735702,-0.2995159603262082,0.014849163693385568,-0.2745805155172523,-0.18242764533633787,0.6768181727335296,0.719676930886456,-0.029050342992042493
92da35e0-d1db-40c0-86e2-73b0de7f8784_8.png,-0.7860166100972433,-0.5730610262850349,0.623864930239241,1.5427829659742807,-0.4393378425698608,-0.41972344272310463,-0.6466809586748449,0.5262011415012481,-0.3951307131944731,0.8275738697151481,-0.31757422392887374,0.7208396994042784,-0.5169831840493339,-0.5517428406074848,-0.5567487374472622,-0.7801954557468271,0.29819657270181293,0.33447472076019175,0.1840814940441648,-0.029050342992042493
505d1bd8-e981-43ac-b532-853c95be827a_87.png,-0.31913305708929274,-0.15041090503024213,0.38635300326739846,0.7197810966120202,-0.3410146625605412,-0.18628814181282308,-0.4037633133816739,-0.7295470666443767,-0.6423007097051708,0.16905864581180283,0.6085243515046277,-2.2510489587771683,-0.16542211490496767,-0.008101287910834911,-0.23199924449951503,-0.3528825626386506,-0.6428140855786676,0.6184484923994461,0.5980136508035879,-0.029050342992042493
89bc92b0-73f3-4d37-8aaf-292e4f4f1595_17.png,-0.11329755624886376,-0.5064880963164353,0.7202949623274131,0.5082432552269313,-0.5865200302931098,-0.43727674700234564,-0.22614289342597485,-1.3923179070951939,-0.6711629025005518,-1.0364392356611503,0.7315029100202405,-1.104772327800967,-0.5722849252630543,-0.5531678512305429,-0.5139143792565569,-0.7603744500559133,0.3135698077949856,0.6768181727335296,0.719676930886456,-0.029050342992042493
89bc92b0-73f3-4d37-8aaf-292e4f4f1595_26.png,-0.07669589408835273,0.6660768705372233,0.17057081202666696,0.5763786107760616,-0.4571876773004863,-0.13574546880119648,0.6089223526557517,-1.4003615423640634,-0.19530805638368984,-0.7210095872508843,1.2471520065715602,0.17375184220029197,-0.20097323425664515,0.10483080396651634,0.14956251322746095,0.12398124249931865,0.8725603249499905,-0.027189988403009596,-0.747727749056005,-0.029050342992042493
a6a04226-e7be-4c2a-8240-4e24256bfed9_102.png,-1.6636549179716729,-0.9373576947949971,-1.6833572320081676,-2.3461014604240353,1.273115327023503,-0.36486236637720376,1.844130043490007,1.8595433611945267,1.3592715582539838,-4.7539612687734065,-1.8867914488131587,1.2063617868994836,2.6668170601120047,0.12121842613168403,-0.10940385474848119,2.0935691868148707,-0.6056867046218198,-1.33575866337532,-2.475632190952436,-0.029050342992042493
a7ab7384-2203-4096-ab14-1eae445ccdd9_32.png,-0.11442043250114514,-0.23989675138887856,-1.1490788862273023,-1.8228517375628888,1.2974088156255696,1.13289486230632,-0.5224734378218574,1.330740110831355,0.048710007689932194,0.834080376595237,-0.5705911507389096,-1.6247075730791987,-0.21282360737387096,0.20529405289210959,0.781313912456882,0.8870118917585059,-0.9445123001487868,-0.15748670180524038,-0.0549635490761605,-0.029050342992042493
505d1bd8-e981-43ac-b532-853c95be827a_108.png,-0.5441621333091818,1.096360243162011,-0.19687530672944453,0.4485628019402173,0.30184971202325656,-0.49878644621941237,-0.0424839160481016,-0.6227944333824631,-0.5858144667095025,0.2651516780492884,0.9069231741796653,-0.33954754246426316,0.6285528839491625,-0.3750415233482854,-0.25639425113560904,-0.0022821062461533164,-0.04946196775438794,0.49643231779287117,0.34368832401005533,-0.029050342992042493
4af4cf7a-5d36-4d0a-9b11-fcbd77f87c6e_73.png,1.2198759718866234,-0.3036722461878953,0.6603139374461497,0.8266906199475642,-0.7321668212155344,-0.6067133230807273,-0.5907777964954902,-0.30236472127549,-0.577695957937872,0.6070166841203439,0.1934373606636829,-0.07213011996909435,-0.947546740641872,-0.18587136313732788,0.20470577325473233,-0.5854175851489367,-0.8425228828503617,0.6768181727335296,0.719676930886456,-0.029050342992042493
81faa7e7-ef94-4bfb-ad32-94fd63e1848b_60.png,-1.3678327647569932,-1.031157026322115,1.354901599820269,1.6320107812567877,-1.4829616230005513,-0.5649950324996854,-0.5966739916748586,0.14678559446552306,-0.37812499181126763,0.2983047357074554,-0.42512339358232404,1.0196556625307978,-0.9554469893866893,-0.5207488595559719,-0.5389190250688269,-0.8401313427676709,-0.27398094218829766,0.3591539736413619,0.057551179893046533,-0.029050342992042493
3dbb185d-309a-4682-8409-24f5556e96df_58.png,-0.3670885393902929,-0.38310790891130925,-0.5245479016377476,-1.1477267726114768,0.7915879838371686,0.1329921024539159,-0.5435993182030034,-0.17334105305901826,-0.5431146999850781,0.4342143716045016,-0.0064813227556137646,1.6515390264661387,1.1262685548726472,-0.2966659390800921,-0.2767930097587212,0.1648920825556018,-0.5328875812978077,0.6101679536037904,0.5807540477876606,-0.029050342992042493
19369012-66cc-4209-a974-c98c915c0a70_13.png,0.7669014690462502,1.9642611420501683,0.3029221520166061,-0.07924526253086711,-0.28348306387431743,-0.45414402585856534,-0.04278001721402428,-1.2131601683933653,-0.7243623062658728,0.5631194129907543,1.426273923805662,-0.9439336336551347,-0.19307298551182792,0.22346293833609984,-0.15518850610170773,-0.2758023931936316,0.07693670006362475,0.5647061719805822,0.4859954429943281,-0.029050342992042493
8b0863a2-01d3-4fdc-9994-7b50b25bc730_18.png,-0.2521716001385031,0.03401455072562812,-0.19424790230347286,-1.0474734017768041,0.19957632288955446,-0.03328431374083103,-0.1305947676646936,-0.8491548836377347,-0.6440191942614275,-0.4527128986106764,0.8245367348905821,-0.9980765271897533,1.0551663161692924,0.004011302385158598,-0.1877134127486796,0.3447845483717097,-0.6242004261004291,0.6768181727335296,0.719676930886456,-0.029050342992042493
3dbb185d-309a-4682-8409-24f5556e96df_128.png,-0.531511061179058,-1.5538178878091344,-0.48141150464730226,-0.9906692173045982,0.5285730573511288,0.13344543153056018,-0.3325077823398945,1.995698560721859,2.7514126027060537,0.6266555175979067,-2.538415775154476,1.3767142188853863,0.46264766030800103,0.041061578584668156,-0.23504584228992478,0.3104344109648,0.4133341896414573,-2.5540532291244027,-0.8295620808523435,4.961190154118069
a6a04226-e7be-4c2a-8240-4e24256bfed9_100.png,-1.6642060844218869,-1.3586079920636382,-2.121448350135954,-2.39525667537429,1.4396006304654774,-0.06912389867346488,0.42901214517915415,1.7845794764423788,1.7474096705349371,-1.7444039081562455,-1.9776481528332313,0.7503264185461028,1.4067273853136584,2.089870601886394,0.44616857174223284,3.221736265192649,-0.6467208098712319,-1.902082571595857,-2.949916572770766,-0.029050342992042493
505d1bd8-e981-43ac-b532-853c95be827a_96.png,-0.3582213892875242,0.01058607424891512,-0.22598183323443066,0.7852284713351867,0.3979732147550034,-0.36816852377630277,-0.5194284847106099,0.17932872208113387,-0.5095266362984338,0.6287575472996374,0.18997755858125784,-1.8748442243893015,-0.29972634356686034,-0.13385847539570872,0.14133481348379426,-0.01883240481076437,-0.2591470467467026,0.4368449111653089,0.2194868670130793,-0.029050342992042493
a7ab7384-2203-4096-ab14-1eae445ccdd9_64.png,0.07785704723192234,-0.5541418810626335,-1.5371094143033306,-0.4864042876535878,1.4717541390161442,1.9913625441729568,0.07166323715398105,0.16652909066743501,0.6749669179050055,0.06921270546980747,-0.3277489417584966,0.05831036344627668,1.4264780071757015,0.1586249549869581,0.002699189054767265,1.3935209051023492,-0.643201275879365,-0.7859146509931959,-0.9622070203749045,-0.029050342992042493
4a7aeead-7888-4bb1-a39e-eef6dfc4a6ff_96.png,-1.4246643528159868,-0.5516608137241831,1.5717582590074812,1.4820009021514782,-1.6703171030618817,-0.6269445560453103,-0.5409882163327909,-0.13501993425657297,-0.5358748877021738,0.15471794016441212,-0.02620518955432999,0.5693534293338778,-0.947546740641872,-0.4708734877489399,-0.44843660685694153,-0.8093978964663961,0.12975756647369516,0.6768181727335296,0.719676930886456,-0.029050342992042493
3dbb185d-309a-4682-8409-24f5556e96df_123.png,-0.6738957697144501,-1.2076436895507365,-0.9044113723477528,-2.073365973508101,1.058107500888094,0.8008679395104583,0.44120548664937864,0.5342034451909393,0.6216667828816709,-1.3929282592877068,-0.9735012872978485,1.1126358990144418,1.8609916881406483,0.6627224628937468,-0.29465002281745944,0.6192157368919511,0.3595914928022755,-0.7180467055699779,-1.6486468216621057,-0.029050342992042493
a6a04226-e7be-4c2a-8240-4e24256bfed9_52.png,0.9536474951687562,0.29169531837180096,-0.616661416558651,-0.9022175927644362,1.046478770743961,0.22749019994836248,-0.2390624975690023,-1.0008392182150283,-0.42485004272904664,0.4967914870552134,0.9305845882358245,0.2586871907297704,1.1381189279898731,-0.26495945271705024,-0.4734688810662468,-0.3077375948765268,0.6977594286857467,0.22642180765217357,0.16018207366874374,-0.029050342992042493
00367bac-0715-41b8-93dd-c21b8877a1f3_71.png,0.15076570035795916,-0.042689068713835765,1.5263170754905304,0.7882966623095289,-1.7033236914249466,-0.5888350752614054,-0.323785865753643,-0.7716431757454306,-0.6377568047767407,-0.15060397271287546,0.6009909457659789,-1.6345624571207185,-0.9356963675246462,-0.2617531788151696,0.030317251629835878,-0.6357833303601409,-0.3434797978350279,0.6768181727335296,0.719676930886456,-0.029050342992042493
a653df7d-134c-48e9-9911-e3a0e5f096f4_39.png,0.4820210276059616,1.2578018816287573,1.3285080398032452,-0.14240727371468154,-1.4562394389441593,-0.5839531859955716,0.4422589057505737,-1.8206684336801826,-0.7835334420577834,-0.4215362997044135,1.7280695939112944,-0.24426177591626538,-0.2286241048635054,-0.3835915870866337,-0.45981600008187584,-0.6356843798379462,0.7683112248401596,0.6768181727335296,0.719676930886456,-0.029050342992042493
3dbb185d-309a-4682-8409-24f5556e96df_80.png,-0.03644847447278454,0.017463914253987786,0.6086773882512574,-0.7036087286480877,-0.47396577553945385,-0.4151488359473331,-0.5141481676572468,-0.44058993068721025,-0.6287619069007905,0.511050685180152,0.4358836646461113,-0.3042028091245835,0.16243820800494682,-0.4306169376475497,-0.5033897348853089,-0.6046006728747778,0.6742589822380854,0.6768181727335296,0.719676930886456,-0.029050342992042493
6764beec-de30-41fd-ac4d-374023ed0a03_56.png,1.5414613254022773,0.13610666574230382,-0.4874332245907568,-0.5487751122966283,-0.5091128367177977,1.3511019204377208,1.8103760479640627,-0.1795912360576314,1.1529102814293157,-0.6951430743067962,-0.0989521118687836,1.1550755805916073,-1.0542000986969045,0.8283799478242463,5.991281253696648,0.991564793837839,1.2816618966235351,-1.196288411895549,-1.6159051998391607,-0.029050342992042493
2ec83b5a-f1ad-4dae-bb33-773f1eee7923_9.png,-0.2057188489281543,0.14771811933137133,0.014323142772020405,-0.2884584918575803,0.34489284897995537,-0.008627498565245629,-0.3287021290370661,-0.9714035525990767,-0.6808322909022191,0.14703964637972378,0.8306359263860977,-0.2747910366800785,1.0749169380313353,-0.4687359718143528,-0.4850417249554173,-0.37564696844321144,0.6138247948354014,0.6768181727335296,0.719676930886456,-0.029050342992042493
a653df7d-134c-48e9-9911-e3a0e5f096f4_62.png,-1.0470992630457543,-0.9831743557546664,-1.0542542322796706,-1.6440463209286835,1.1674140018079826,0.2504451750897504,-0.39463829333901057,-0.569622705378417,-0.4645105968682158,-0.3968827374350304,0.059444686159010184,0.5014088286588473,5.151445290357019,-0.2051090065486117,-0.45802690879526925,0.7470580264418839,0.06927833668041343,0.3948739449167399,0.22330240755677663,-0.029050342992042493
a653df7d-134c-48e9-9911-e3a0e5f096f4_44.png,-2.1553228134801405,-1.33083637844181,-0.03522522827334279,-0.03737555894545637,0.3397837124661723,-0.6936444022254195,-0.6821903452249347,1.229056861326215,-0.19637189280095144,0.4359459192860284,-1.381466335951358,-0.9480679772974325,0.38759529723223746,-0.32302863560666617,-0.3356563249435616,-0.2599156273661925,-0.1282658376716376,0.5536654535863744,0.5641281053467985,-0.029050342992042493
a9e37804-c00a-4e4e-b99f-e267a0056a05_30.png,-1.3441152315900142,-0.993710549680961,0.47004623341167523,0.584774321993521,-0.5583335142045028,-0.6481101321277475,-0.5649198320608151,0.5869435510906281,-0.2866020036598845,0.1320135910316133,-0.6679828355770593,-1.016256018858255,-0.28787597044963453,0.04711787373266491,-0.09312300842905308,-0.24896188213235373,-0.9388187944182743,0.30005365753119123,-0.0656350063382849,-0.029050342992042493
578fbdd2-3bf8-444c-8c21-8d2666ef631c_58.png,-0.9712221832007634,-0.3460133978445557,0.5021272547078164,0.8911873065376871,-0.23744167187448337,-0.3009838748699651,-0.47982749046069456,-0.4151345880998296,-0.42060480890978985,0.4066565187706422,0.0784505106104246,-0.7567778604321842,-0.5327836815389683,-0.48334233070069793,-0.374277996477363,-0.6347439426556905,0.8627606439694078,0.2713964987579903,-0.0854266072774908,-0.029050342992042493
53345714-cf33-43b8-9e6c-89b5c2c7aad7_20.png,-1.4377722304210276,-0.5987552099594119,0.6367183040065827,0.7795744528704849,-0.48449945331499517,-0.3853817412759745,-0.2847884505158836,-0.8025075817404963,-0.5693685299736746,-0.7795224210781767,0.29616789550374606,1.7205136029621122,-0.14567149304292462,-0.48369858335646243,-0.43702527791641915,-0.5853556201990818,-0.10872802982850734,0.6768181727335296,0.719676930886456,-0.029050342992042493
3dbb185d-309a-4682-8409-24f5556e96df_74.png,-0.6526138904092095,0.35278582530250924,-1.3016295759219065,-0.36011516505331914,1.3199678509537023,0.42034244620520067,-0.4276309737176815,0.425808600586556,-0.3439461056477377,0.6541301140539819,-0.3523870325390505,-1.7820936881284737,-0.1733223636497849,1.2006639730981645,0.9678144591757425,1.0362607460299964,-0.8175089269304288,0.6682129069262794,0.7017404806934322,-0.029050342992042493
6764beec-de30-41fd-ac4d-374023ed0a03_19.png,0.9272258799236126,0.8679855136400477,0.35350236096434245,0.00932509086251677,-0.31520297671565106,-0.3224270717987793,0.12451068449746969,-0.7504977812132794,-0.6967396202593861,-0.14789942859038274,0.9979395395718242,-1.5338498490418646,-0.4893323134424735,-0.3903603875461595,-0.23673580057030172,-0.5152844045583561,0.6436073899366093,0.6374450225777153,0.6832207074564882,-0.029050342992042493
19369012-66cc-4209-a974-c98c915c0a70_17.png,0.7587101933521704,1.6475514953364911,1.3675432927347109,1.0327636744631874,-1.6388722262835265,-0.6396365348051681,-0.25243470910168525,-0.9087263858810579,-0.7146376951759454,0.6686084021647453,1.2790447322499099,-0.34881249723827357,-1.0660504718141304,-0.44166076997624965,0.023460301982290474,-0.7359632036208831,-0.9913647823530322,0.6243747603610429,0.6681009129926189,-0.029050342992042493
855258ad-52cd-446f-9db1-1bc38d82eebd_29.png,-0.8930107586704401,-0.40708027841194705,-0.5228605783400979,-0.33970012888199935,0.8390437572655756,-0.03256008083313033,-0.5322247902372979,0.5822483343182441,-0.4141801140489914,0.45601574668121947,-0.3731841910319909,0.08269730268158972,0.9919643262107545,-0.04693282738916705,-0.2549566196894585,0.17748445610399488,-0.43725606480947177,0.41249038529573306,0.16872332873093698,-0.029050342992042493
92f1a624-99c9-48dc-9309-0fb5c6bc0e7f_0.png,1.300396337045963,1.0122984436627749,1.2134651459872994,-0.551034722063109,-1.3471199384435493,-0.5671991961967764,-0.007204522926994191,-1.3933993074990134,-0.7329225077812176,0.01930553734135429,1.3493712340416473,0.022947457247320745,-0.7855916413731192,-0.5143363117522107,-0.5146973674905367,-0.8014049432472957,-0.10660576912090944,0.6768181727335296,0.719676930886456,-0.029050342992042493
268cf2e7-02be-4b54-8659-24b54163053b_68.png,-0.4424884485350661,-0.08431856961123611,0.05704821129945233,0.15566401442722744,0.11810393688321556,-0.3944802224083541,-0.4484300051482816,-0.07600109320955074,-0.18043742781941555,0.5432980213811958,0.012461761386157157,-0.0007400047965681735,0.14268758614290378,0.0029425444178650534,-0.3191654926825655,-0.29857592615395895,-0.018985100560505144,0.030449056154986578,-0.13561605564603105,-0.029050342992042493
a5f7c55f-08cd-4cf8-8e07-7d416d70c470_59.png,-2.4022078898628796,-0.5198616032836364,0.7496594734799383,1.3021054470012072,-1.0172659114908504,-0.6536612816976521,-0.6104686777682659,0.7882824196529613,-0.07036568186816737,0.6785745389501237,-1.3209682294153184,2.0921157763386176,-0.5011826865596993,0.3602639581496736,0.3469348756839285,-0.025791515746032403,-0.07237028199825205,0.37806932206673255,0.09697752795884429,-0.029050342992042493
48a4d49c-a4cf-463b-ae33-31db1940e1d3_56.png,-1.7107867895042719,-1.6810236637443452,-1.3762112294993,0.5090707705852668,1.0315632427858872,-0.6611949707529682,-0.38643416944581577,2.950718780011333,3.258403770359183,0.24215381685862844,-3.1420560993778515,-0.18311194696756639,-0.4853821890700649,0.7834921131979175,1.294218223238241,1.6253987019294867,-0.7883923347821697,-2.6238695366171867,-1.153063392977154,4.447828061588351
48a4d49c-a4cf-463b-ae33-31db1940e1d3_5.png,0.8975148428050694,0.2962225351856468,-0.40653141372006346,0.28591463883172075,0.6089176408985894,0.028767388002166216,0.7570608742810707,-0.1942361654605515,1.0686832221867748,-0.05570549260499565,0.1504969437534152,-0.4026651013775825,-0.10617024931883855,0.167531271381071,-0.05711918042041136,0.0504762898941298,-0.002655033601069131,-1.050729528948384,-1.9940468204895665,-0.029050342992042493
3dbb185d-309a-4682-8409-24f5556e96df_121.png,-1.0345407903003405,-1.2485526642870726,0.08080283605455807,-1.221409722352341,0.09536283834406388,-0.5227122035749817,-0.5640013957341165,0.7541325237027043,-0.16130273065760573,0.27945444308378925,-0.9606290010372734,-0.057229480444843626,0.08738584492918325,-0.17233376221827632,-0.2936548717206378,-0.2897581805823416,-0.6588659095060401,0.12551288879923098,-0.42944036402697167,-0.029050342992042493
505d1bd8-e981-43ac-b532-853c95be827a_93.png,-0.29961454746024757,-1.0391255414706928,0.019148933955676867,0.9209553497435766,0.3641803151701359,0.23414729700974907,-0.6356674097006171,0.43325931423501124,-0.41989654039914204,0.309175623693201,-0.5221354198189113,-2.6809132795938337,-0.7816415170007105,-0.16734622503757313,0.35432044046293026,-0.35184572996855673,-0.7721257423411548,0.6768181727335296,0.719676930886456,-0.029050342992042493
89bc92b0-73f3-4d37-8aaf-292e4f4f1595_1.png,-0.9007824021789067,-0.7809487393442223,0.27959347806299023,0.9383504961851582,-0.7732913076632502,-0.30527291250235966,-0.2558228074893292,1.0059568828245025,2.3382191924130917,0.3665342437742714,-1.450002794346856,0.28627238681826167,-0.5959856714975059,-0.2635344420939922,0.3792388407100207,0.16052346501442366,-0.9234846744481903,-2.2580645580561574,-5.190231958848713,-0.029050342992042493
a653df7d-134c-48e9-9911-e3a0e5f096f4_56.png,0.47053276305353076,1.3897265609071692,-0.09902124467032371,-0.6319600216578859,0.17459491461065618,-0.463306293827676,0.1552636962441779,-1.0350179451905688,-0.3588953821486621,0.30906233058538096,1.2433228865028598,0.01950075507121913,0.5297997746389473,0.034649030780906885,-0.2564268441180868,-0.020308005810725994,-0.3368820529854418,0.1628564951325806,-0.02097220429831027,-0.029050342992042493
48a4d49c-a4cf-463b-ae33-31db1940e1d3_69.png,0.7165162475982635,0.20268868416880217,0.5344582370240185,0.41364939787707605,-0.4688136441598851,-0.3813247433346711,0.20960394853112896,-1.7153231347189672,-0.7390130678834037,-1.1336998107455598,1.3389375243304988,-0.9531805745915847,0.039984352460279954,-0.3718352494464047,-0.4140648671972792,-0.5063761588711655,0.14177103478598146,0.6768181727335296,0.719676930886456,-0.029050342992042493
4af4cf7a-5d36-4d0a-9b11-fcbd77f87c6e_48.png,1.7265675203479982,0.2861690349758909,0.9199380019482578,0.6163036262798085,-1.1971797047048174,-0.469204161524578,-0.591659335480641,-0.09640084717619576,-0.5793068098058465,0.7869665539546982,0.2181775929146123,-0.6668547988715569,-0.7460903976490331,-0.5232426281463236,-0.3966912670854087,-0.7285802583621582,-0.438514168261875,0.6768181727335296,0.719676930886456,-0.029050342992042493
92f1a624-99c9-48dc-9309-0fb5c6bc0e7f_40.png,-0.8899300931457573,-0.809384509726519,-0.3507196746687425,-1.1417525178141272,0.6689822463537924,0.29637509796286887,-0.513954764091966,-0.22999228952874154,-0.3599711525407306,0.3056743654924903,-0.18566347465918012,1.2192211356241807,1.339575270982712,-0.3276599201316049,-0.4158679785030377,-0.09755223388876859,0.7749159728150956,0.2691234096768299,0.20503143579300204,-0.029050342992042493
a6a04226-e7be-4c2a-8240-4e24256bfed9_93.png,-1.307477917774018,-1.1679797811836632,-0.6953646596365057,-1.5193130852997319,0.9747862258335505,-0.41828450899050235,-0.6445901093204589,0.8498049388073433,-0.1646417807627195,0.6374239711242307,-0.9540186054365175,0.13431453903633073,1.43042813154811,0.08559316055523253,-0.2973704230808967,0.2855267820376535,-0.6422282919150418,0.2005248284775246,-0.27308866611797356,-0.029050342992042493
00367bac-0715-41b8-93dd-c21b8877a1f3_74.png,1.5615749724307992,0.6987668770237422,1.858563140115964,0.6991623540848834,-2.1082482703252263,-0.6841610117732713,-0.5854396736070354,-0.023107348289863956,-0.618824769173992,0.8897160196321805,0.451910013705462,-2.0728325196305057,-1.2082549492208403,-0.5713367366745331,-0.5923369409180245,-0.8870183532829939,-1.5112665896227442,0.6768181727335296,0.719676930886456,-0.029050342992042493
4af4cf7a-5d36-4d0a-9b11-fcbd77f87c6e_82.png,0.06708266660404723,-0.931536603061382,-0.4955866537307539,-0.9665570109384038,0.4360579970006058,0.8828327238024124,0.2804185563414099,1.0056125487710577,1.3557971816493095,-0.11428851765149278,-1.2608742807027968,-0.17713617576507246,-0.16147199053255906,0.22560045427068692,0.28422118632832183,0.5214961998250779,-1.0829444858224055,-1.3893386202883868,-1.5481573817173653,-0.029050342992042493
273317d8-7414-4eb9-bb2a-b42c7082fe9b_13.png,1.4336267999420538,0.6781178543999548,-0.8579009224718961,0.0019835364677296056,1.3000778451582011,-0.06863039159217377,2.617412536016707,-0.548006538243566,-0.4020228158176528,-2.5582584684369776,0.8368780527220857,-0.17314752283454476,0.28884218792202226,-0.33727874183724676,-0.2356103618936868,-0.10584303307299131,-0.14797899534493558,0.1845320231565031,-0.30642338958991316,-0.029050342992042493
53345714-cf33-43b8-9e6c-89b5c2c7aad7_41.png,-1.7571559887078243,-1.3521659109857747,0.9345283068279753,1.2885064956773808,-0.8922641771661993,-0.6343907915571795,-0.5037667931348745,-0.22633200606633339,-0.4069657952455188,-1.2994385617158613,-0.4748834046129907,1.9343090910985632,-0.4853821890700649,-0.5285864179827914,-0.5535065493768095,-0.7756234871066044,0.3743801822511713,0.6419912007400361,0.6470850711429915,-0.029050342992042493
6764beec-de30-41fd-ac4d-374023ed0a03_48.png,1.7676911000515592,0.16046481938798096,0.10874474552020344,0.04961773819790012,-0.39825390864710736,-0.04957833400748614,3.0635844143503492,0.006130374680521372,1.6426596962006808,-1.1209445623811478,-0.25790301965719525,0.6065256964827079,-0.7223896514145814,-0.21330281763119555,0.4220363659527048,-0.06453989402780402,0.015756381573356456,-1.935448272037176,-2.2233632613796965,-0.029050342992042493
273317d8-7414-4eb9-bb2a-b42c7082fe9b_35.png,3.0844392711893764,1.9870174698794907,-0.7849938006774826,-0.6035713883585199,0.7804815096246878,-0.6360113708524804,3.074287103222034,-0.43031487512028443,-0.5053227477455183,-0.9514982358914679,1.245261704601472,-1.25642223833732,-0.615736293359549,-0.13813350726488288,-0.2264723470732319,-0.5586899587271532,0.8945653586509003,0.45819571217763705,0.46874307468694343,-0.029050342992042493
a6a04226-e7be-4c2a-8240-4e24256bfed9_48.png,0.0067280164105313865,-1.3481703799808917,-0.7103233383879488,-0.6875557310694397,1.000300251310063,1.4965924051056283,0.08002294483736971,0.8485384717243097,0.8934647352902998,-0.138799602762919,-1.1984058202475554,1.1488795125713107,-0.06271888122234386,0.19460647321917413,0.18367204000220216,0.42252794417440936,-0.7144501381618792,-0.9466545217323965,0.14178107410999044,-0.029050342992042493
4af4cf7a-5d36-4d0a-9b11-fcbd77f87c6e_60.png,2.450150446549597,1.0379669065787505,0.6067925870997204,0.5828694635602268,-0.6196125664618785,-0.6057649840355125,-0.46964382419345024,-0.7355981110826171,-0.6884916671869543,0.7586831061514661,0.91468127421032,0.05303241655874574,-0.7618908951386675,-0.47977980414305277,-0.4182357940633925,-0.7450990283482991,-0.03386213378278066,0.6768181727335296,0.719676930886456,-0.029050342992042493
16c36170-95cc-4260-985e-1bc7fbeac4a2_6.png,-0.7698385694051025,-1.0303618430218762,-0.38145008726463725,0.156082835491092,1.1660633273235301,-0.2795363524816134,-0.5737687369975609,-0.4011000964987283,-0.5298657429793215,-0.10091384401282269,-0.18115285852527627,0.7333044074970166,0.5258496502665387,-0.5225301228347946,-0.5616747137973973,-0.6411906364999932,1.0602268114194866,0.6768181727335296,0.719676930886456,-0.029050342992042493
a5f7c55f-08cd-4cf8-8e07-7d416d70c470_41.png,-0.7023716268278721,-0.0352327992712978,-0.06867624324875594,-0.8809291928577094,0.0773065126438477,-0.24252699618152332,-0.5320070959221648,0.5558070266907261,0.5526576773315923,0.8563071375041215,-0.4531647640044863,1.123873694995834,0.5930017645974851,-0.2596156628805825,-0.28929274263962734,0.012428571980423336,0.2384967053950169,-0.6316693204858822,-0.20529606381381793,-0.029050342992042493
22df8deb-bec0-46ea-b532-d6d7e8d8d57a_62.png,3.763942830337366,2.6885131553984305,0.12730317305878824,0.6805468826887674,-0.18218939286734734,-0.6299466901368698,3.763271776903281,-1.488927483129733,-0.5785855281965003,-1.2082122307377343,1.8498588576723776,-0.4103995046532212,-0.8211427607247966,-0.507567511292685,-0.3285455816789072,-0.7138764838567514,-0.6470221306999614,0.3365042645826564,0.010341089290654427,-0.029050342992042493
855258ad-52cd-446f-9db1-1bc38d82eebd_11.png,-0.22184164742222828,-0.021834677007592937,0.18730343774488448,-0.18316351003246326,-0.11515096388327153,-0.3124553438876499,-0.43530316093689286,0.4794871642456461,-0.4213089446645658,0.3955685309652649,-0.10075515254859978,-1.1450830748279617,-0.0824695030843869,-0.28205958019374694,-0.2014882720896238,-0.2615753783829969,-0.4867957557905156,0.41005493270877547,0.45334192896337083,-0.029050342992042493
48a4d49c-a4cf-463b-ae33-31db1940e1d3_9.png,-0.21242888603245924,0.20154440104034912,-0.5401973300015863,0.3795180468193122,0.5645239284706561,0.004447413540413854,0.24223196018416734,-1.0892627730638174,-0.2555683229918222,-0.5795134199524509,0.8760815640809474,-0.10304165161148829,0.6127523864595281,-0.017363856960712302,-0.002418069794760243,0.5628503118733483,-0.10135017155895051,0.16366831266156648,-0.08615174930607142,-0.029050342992042493
a9e37804-c00a-4e4e-b99f-e267a0056a05_13.png,0.16410968523332314,-0.1666555140881538,1.1658905227534706,-0.2706785004075133,-1.2110367485484201,-0.5301802306247755,-0.520876397888522,-0.13519631566097348,-0.5597567773565487,0.470123944555664,0.24994714510647076,-1.6384585083832832,-0.797442014490345,-0.3832353344308692,-0.36453203294165115,-0.7279023348390415,1.0498123189501696,0.6407734744465573,0.644546894228886,-0.029050342992042493
258bd669-e070-417c-9e38-6240e5c933aa_36.png,0.4311587481566233,0.8557131679060972,-0.43590454214559354,0.8772302580806053,0.5772517322641769,-0.40602375545934666,-0.02680777301359318,0.6027545660905027,2.139702851674448,0.6646775197777995,-0.6474810415097503,0.2664251183538542,-0.1851727367670107,-0.24429679868270834,0.017370885621649252,0.20226358232506683,-0.752258642911878,-2.1096643137575417,-1.485162928089391,1.083363351582872
855258ad-52cd-446f-9db1-1bc38d82eebd_56.png,1.656720850513535,1.0763111317288845,0.4418038993023893,-0.513859896079182,-0.6887597892092793,-0.3547311423764595,0.5410134104923753,-1.540332422862299,-0.33388177487857,-0.06090747617353284,1.4625524456761316,0.38553687598399894,-0.5604345521458285,-0.2143715755984891,0.14549854999287087,-0.2295696405246628,-0.4282068221343975,0.10943890172531091,-0.005918911974174227,-0.029050342992042493
578fbdd2-3bf8-444c-8c21-8d2666ef631c_21.png,-0.5950362908008808,-0.47610420611027277,1.146971928892057,1.5537429137629406,-1.2401801858342951,-0.5994427237340804,-0.5822191506455886,0.04195510128927976,-0.5403477897064844,0.44617984065211896,-0.05247389718640506,-0.16939455337822726,-1.01074873060041,-0.5250238914251462,-0.49710899935736286,-0.8392382551510379,-0.8947875799673976,0.6768181727335296,0.719676930886456,-0.029050342992042493
258bd669-e070-417c-9e38-6240e5c933aa_12.png,0.13301724915074545,-0.20423977133587523,0.34410499131415456,0.6824712564793433,0.02116726063038495,-0.444231233333921,-0.4137096067516261,-0.9080380421710844,-0.6396945278631574,0.11061364431828634,0.6110172940770907,-2.2199276437885,-0.5367338059113769,-0.5399865029672558,-0.4120993696897452,-0.6749386612028618,-0.3230272263267138,0.6768181727335296,0.719676930886456,-0.029050342992042493
92f1a624-99c9-48dc-9309-0fb5c6bc0e7f_6.png,2.600914490758716,0.1197503958982492,0.7395347055572105,-0.875535433825607,-0.7373215377065779,-0.6725162815706899,2.718177945872874,-0.8749640192970977,-0.422025108281392,-2.911937239212512,0.848537951148901,-1.2710937232968513,-1.0225991037176356,-0.5695554733957106,-0.6127257414260704,-0.8712993852668124,1.6396694832116947,0.21895308638550365,0.23564470980622637,-0.029050342992042493
00367bac-0715-41b8-93dd-c21b8877a1f3_81.png,-0.23538064523307295,-0.8272465565578457,0.7357998873267336,0.20972379794549956,-1.1720181299000745,-0.3347666811612514,0.14319180852321545,1.0746256323248882,0.06718207251959521,-1.115214994270562,-0.8043035890344631,-1.8175056605965183,-1.168753705496754,0.21740664318810307,7.468960427681485,0.09428689647867329,-1.6853204293393604,0.042382773831078746,-0.6027132413633514,-0.029050342992042493
578fbdd2-3bf8-444c-8c21-8d2666ef631c_13.png,-0.2988921258413286,-0.2101869357127883,1.1594616753610814,2.0008144503005165,-1.3897857667129274,-0.6555912274712797,-0.5270754587464301,-0.1961080580955972,-0.5838184990923082,0.4048501547594177,0.17753617337193134,0.7519454217203462,-1.0186489793452271,-0.5581553884112461,-0.5075234213329747,-0.8435191621910578,-0.23334849751612383,0.6397992934117743,0.6425163526975991,-0.029050342992042493
855258ad-52cd-446f-9db1-1bc38d82eebd_52.png,-0.0711232720657618,0.9280626431608909,1.0401684754041922,0.04900724872431819,-1.1963210161415558,-0.6544463883565401,-0.5115914893658176,-0.10210295492687187,-0.5988356277297338,0.8106039439206236,0.4744340352158504,0.0296141248769224,-0.4853821890700649,-0.2695907372419889,-0.2080791750640611,-0.49110073716355135,-0.3617496923442657,0.6768181727335296,0.719676930886456,-0.029050342992042493
92da35e0-d1db-40c0-86e2-73b0de7f8784_17.png,-1.0130368148865252,-0.10327685647626259,1.2040292674056545,1.6868930640561655,-1.288093588780926,-0.6078082735035983,-0.5551933853509196,0.1500731977643612,-0.28459911973444807,0.6820564185145991,-0.09265255866582629,0.8386056833108781,-0.7421402732766245,-0.5606491570015977,-0.5434834314377064,-0.8047564466471003,-0.20096377236042232,0.12689297859850693,-0.42656376352431796,-0.029050342992042493
48a4d49c-a4cf-463b-ae33-31db1940e1d3_66.png,-0.14928699868826695,-0.19427003346885455,0.04443662743492003,0.47913395001376413,-0.05591639240926453,-0.28562952397050745,-0.37576776295998515,-0.19812997872806978,0.08130023012563783,0.5073816198598945,0.14152795241857277,-0.28418796950969266,-0.20887348300146236,-0.06581421814468634,-0.024096446253357478,-0.07440471559539498,-0.6360949673231039,-0.23712600139875342,-1.1853094490480713,-0.029050342992042493
4af4cf7a-5d36-4d0a-9b11-fcbd77f87c6e_41.png,1.981549073242807,0.08099132671109689,0.4021298237792137,0.23136392274115616,-0.729410373715843,-0.011499788755784042,0.09810110480665202,0.7414340520670762,1.291177987004701,0.6415083048362207,-0.6852837998126579,1.2765489891857307,-1.0660504718141304,-0.2574781469459954,1.94991417476241,-0.18025407469203542,-0.6573403776804664,-1.2954925139376212,-0.7521140723114962,-0.029050342992042493
7728da31-7807-4ad4-af12-f6b9d4769e58_3.png,0.17977212565776363,0.634879903668422,0.5581017046390642,1.010230943951008,-0.37428870704511297,-0.5901909998927747,-0.4967808964684557,-0.5681979156591019,-0.596811926060611,0.735152692676425,0.4595422539054394,1.450102180599396,-0.5327836815389683,-0.5592241463785396,-0.5819121872358635,-0.8050495644170875,0.8134241825045064,0.5979095089161038,0.5552030668523152,-0.029050342992042493
855258ad-52cd-446f-9db1-1bc38d82eebd_6.png,-1.323249998369295,-1.3964507115356777,-0.7685451843602705,-0.7205148904197172,0.596508481396076,-0.3241936706602359,-0.11786426239709968,1.8352991456365817,1.4515350015755208,-0.44931095925917774,-1.9412715692379936,1.1328139699110493,0.47844815779763544,0.5818531100352019,-0.004107444760480522,0.6855145337212268,-0.5285734738548664,-1.3301571224253175,-1.1156879136331643,-0.029050342992042493
48a4d49c-a4cf-463b-ae33-31db1940e1d3_74.png,-0.3367677689982913,-0.12384433425938815,0.5358833912490926,-0.24358535467928602,-0.677243327379412,-0.2019661859787985,-0.24222121748335618,-0.697163656958405,-0.20255808255769164,0.2379252893331603,0.5221541962297515,-0.24743125814598502,0.19798932735662428,-0.23966551415776965,-0.21793929170271326,-0.10992918782734892,0.3205928005654922,0.027688876556434646,-0.6333405761269102,-0.029050342992042493
48a4d49c-a4cf-463b-ae33-31db1940e1d3_87.png,-0.5907460556881858,-0.3114485788317293,-0.4027655626214369,0.1916334693201258,0.5592933000781863,0.166424477173601,0.2774523175587979,-1.428162160679027,-0.5241290762456053,-1.4807618584314581,0.9498945965786448,-0.8557305569064455,0.5179494015217215,0.03286776750208431,-0.12341472098978018,0.2155758503834937,1.1664489776772362,0.33398763024280026,0.0050955236681656,-0.029050342992042493
a3283dda-4e12-48f9-90f3-8f3223c77d46_75.png,1.8544376995611318,0.6294269233519315,-1.9696031173234543,-0.2153231254035797,1.5521867163176464,-0.12090748823699367,0.8915719777613338,0.45215267899012135,1.773451652097247,0.398881659054152,-0.3958220488804236,-1.1771561684889134,-0.30762659231167755,0.262294477814432,0.756702995193648,1.0101410590461368,-0.5589276382325382,-1.6824047482522828,-2.002501456537909,-0.029050342992042493
89bc92b0-73f3-4d37-8aaf-292e4f4f1595_7.png,-0.924262424041726,-0.416517354214104,0.6163336812081759,0.7758205109108888,-0.6790812818604552,-0.5402162732659666,0.09009499664643154,-1.0693300559918315,-0.35672405292221,-1.34191027820308,0.6312125392639314,-0.22594491630537697,0.4981987796596785,-0.37967280787322405,-0.42965176554469686,-0.3751751342375311,-0.19216459665803692,0.1371218794637288,-0.4052430774458169,-0.029050342992042493
580d287a-e8ba-4363-873d-175443ac329e_11.png,-0.74718000829162,0.9845903429570799,1.625785218574714,0.8885310944722207,-1.6990120128672108,-0.6723921267279861,-0.1110905254445817,-1.0819569353474514,-0.6506765865116964,0.3170940363178912,1.1559199901422628,0.7994035967618509,-1.141102834889894,-0.5699117260514751,-0.6138321104458869,-0.8825402824444389,-0.9322049232541127,0.5847580649465329,0.5277907561799585,-0.029050342992042493
824faab9-9bc0-41fa-93a5-24d93dec52b5_27.png,0.8063602096494376,0.05813221076018144,1.4071135773940886,1.2492752501734516,-1.566833845233248,-0.6483949046650105,0.6010011083810916,-1.726755576006284,-0.5848752841928947,-1.3879430775058061,1.3859539346456264,0.9143434448361588,-1.0423497255796788,-0.5634991782477138,-0.5473749611877601,-0.8569859882183366,-0.31815003462242875,0.36743451243701775,0.3392058711758026,-0.029050342992042493
578fbdd2-3bf8-444c-8c21-8d2666ef631c_110.png,-0.6805121199407306,-0.3197671120555575,0.43829253121185585,1.4880897618975706,-0.21464182943449292,-0.44992126760520995,-0.5395498349681119,-0.30625561939115553,-0.5807424206758921,0.4271217325752582,0.2170885570356159,-0.9538165247436519,-0.44588094534597883,-0.5218176175232655,-0.44544726142174135,-0.6768924942119753,-0.32807068803869605,0.6768181727335296,0.719676930886456,-0.029050342992042493
48a4d49c-a4cf-463b-ae33-31db1940e1d3_52.png,0.38069020743401233,0.15093428437123624,-0.14724528565402312,0.539388938476206,0.2949042600127374,0.16465457053361784,1.5296847492611392,-0.32366553179986285,1.2545425707209248,-1.040614673717368,0.09430938276262002,-0.36149436965835857,-0.24047447798073124,-0.31483482452408235,-0.017034702687800187,0.011160428570782317,-0.011231438046547004,-0.9398352544889153,-0.34438090582549374,-0.029050342992042493
372d139f-2c82-4ef1-b50b-d092a9b46c49_13.png,1.5504413508238186,0.5940589928304497,1.071375647411683,0.5981583045613681,-1.0317830768273792,-0.680367655592412,0.9450866520311485,-2.159975734655043,-0.7924566766725923,-1.7032429759633019,1.8708534643392754,0.9788804033407179,-1.1490030836347112,-0.5741867579206492,-0.6395947033358984,-0.8868407321003472,1.9682620160204458,0.6768181727335296,0.719676930886456,-0.029050342992042493
386822e1-0d1f-45b2-97d0-ac0273ee2394_34.png,1.2485605371453443,1.5200417046154966,-1.1661827017123962,-1.5810699008982554,1.2390452890319272,0.0037327974628638036,-0.04671573364580937,-0.7884621175000093,-0.5158153321937575,0.5732170946557664,0.9860479056155875,-0.13695021972416407,1.3040241516310345,0.047474126388429426,-0.10389837561730511,0.7595241990394533,-0.4526236310277673,0.3528217969152722,0.04435265993969047,-0.029050342992042493
48a4d49c-a4cf-463b-ae33-31db1940e1d3_70.png,0.9006284089774835,2.6433457761587182,-0.35697296739243195,0.5303007900104668,0.30025662931258773,-0.15328651675355917,1.6604252519130445,-1.935762457882745,-0.78550217678876,-0.4946127122670771,2.2479122373111733,-0.5324287629744249,1.007764823700389,0.3798578542167219,-0.20081246896415744,0.2913403757113482,-0.1427970076336179,0.6702424507487441,0.7059707755502764,-0.029050342992042493
505d1bd8-e981-43ac-b532-853c95be827a_92.png,-0.9920043701076274,0.030825378260733297,-0.4610267176045004,0.6206050716863923,0.5884138160402719,-0.2096506735288026,-0.5526443940056461,1.2073793202614047,0.060756533917954846,0.782559757017534,-0.5342515759892367,-0.7842016347636774,0.19403920298421568,-0.17304626752980537,0.12391718525660059,0.47219974996184116,-0.3552752485401175,-0.15310288714871673,-0.480470059848628,-0.029050342992042493
16c36170-95cc-4260-985e-1bc7fbeac4a2_8.png,-0.20841082451430976,-0.8872209580577378,-0.10157170450561079,0.2539532442519668,0.8088488850067627,0.028989950228275684,-0.46146860321780137,-0.7595856650907438,-0.5725973476493095,-0.5768427798406189,0.1398989364849682,1.616998021394586,0.5811513914802593,-0.5285864179827914,-0.5735427914409723,-0.6564660582076074,0.3116501687252526,0.6768181727335296,0.719676930886456,-0.029050342992042493
6764beec-de30-41fd-ac4d-374023ed0a03_44.png,0.07790085217722163,0.460214495519809,0.9333387256900753,0.2936665474002628,-1.2489609125254433,-0.5450661581134405,-0.026104263701411636,-0.15953060820260778,-0.08214142265660047,0.13302200164851805,0.33783796721914827,-0.4285625530016156,-0.8566938800764741,-0.25391562038835025,0.3045197827900006,-0.4219221702067592,0.26699675509773213,-0.10122774704652018,0.11373357573297405,-0.029050342992042493
268cf2e7-02be-4b54-8659-24b54163053b_110.png,0.1204652245285405,0.15928633537038964,-1.3801274597058388,-0.20221085821516244,1.3625037415972054,2.036031059505172,3.69243595312161,2.621262648746471,4.24499940936441,-1.9681032320873122,-2.85411483585714,-0.1623792807166669,-0.3273772141737206,0.17679384043094837,0.2024785629181104,0.6700436775956182,-0.9523058758807701,-4.162344935798293,-2.343090561527337,-0.029050342992042493
27bb6d3d-77c3-486b-a22a-3741dde393ee_5.png,2.3625432365192367,1.1280693188646804,1.038120799893963,-0.40313805345765136,-1.2422328000802536,-0.4069898608693118,0.2094342207600081,-1.23708837911177,-0.7162359225222099,-0.07830930775016089,1.2909526784397456,-0.09116833103912814,-0.7697911438834847,-0.24465305133847287,-0.08945270823217054,-0.5700086167082733,0.8661865732909925,0.6251865778900288,0.6120582297283133,-0.029050342992042493
6764beec-de30-41fd-ac4d-374023ed0a03_57.png,2.143321381901933,0.552911548251029,0.6832377024989815,0.00363840410589073,-1.4395056749235207,0.26192952861153773,2.2192976001822413,-0.7426606064799072,0.9373661059958652,-0.7758606342143413,0.5200478050397207,0.727666312974417,-1.03839960120727,-0.1267334222804184,2.334799380082059,0.0009331901497851274,-1.7012102898099777,-2.071427708142308,-0.6081116090013252,-0.029050342992042493
00367bac-0715-41b8-93dd-c21b8877a1f3_83.png,0.6253765735599192,0.3772804741892049,1.8377603038768644,0.3739903937641564,-1.9835402697531006,-0.6689875870498341,-0.45946200279328336,-0.5875193780680178,-0.6516637140934548,0.5158158961516389,0.6380716381150278,-1.5073918852689818,-1.2240554467104747,-0.4651734452567077,1.2616943782680061,-0.789149081644675,-1.6036448125320182,0.6768181727335296,0.719676930886456,-0.029050342992042493
4af4cf7a-5d36-4d0a-9b11-fcbd77f87c6e_9.png,-0.7891251959020786,-0.385045478630605,-0.2273311792475174,1.0391455164879775,0.6258234778665501,-0.32904338727902,-0.48258679665279147,0.6372974320529545,-0.25630784717663757,0.43482012571055706,-0.33443481280119064,-1.3693387959209218,-0.15752186616015046,-0.0316139631912929,-0.17162853246186618,-0.24963534556154535,-0.47812107706373097,0.13428051811227829,-0.4111654902454021,-0.029050342992042493
519d608c-1d5a-448f-8835-1d3a5261bbba_76.png,-1.5215697095158995,-0.7174689604047966,1.2273940015560878,0.8988570328784554,-1.272215874540588,-0.6870060289089157,-0.6865297800688241,1.0039762428929282,-0.4102483327145604,0.7937953902340169,-0.6632494929736756,0.107538878356744,-0.7421402732766245,-0.569199220739946,-0.5845630887576212,-0.8321334078451708,0.19645482324083963,0.6768181727335296,0.719676930886456,-0.029050342992042493
3b88f35e-b058-4cd6-a43c-563cda6b239f_34.png,-0.6090015146125709,0.38611189094302006,1.1068075749415038,0.5944755404588952,-1.0686406320812172,-0.5950171415230778,-0.6200586043144338,0.5996477373166526,-0.446632439629964,0.9099979996953901,-0.14054331094328187,-0.5899220354343404,-0.8803946263109258,-0.5592241463785396,-0.5520018875098592,-0.834797725584871,-0.4566695912949143,0.6768181727335296,0.719676930886456,-0.029050342992042493
19ef2be7-6425-4194-a4a4-1b4a7fbefc4e_32.png,-0.44049590376925546,-0.8166587192688021,0.33664848665295627,-0.5225429016106342,-0.3106273363224746,-0.31089181475155775,-0.5542703368565274,0.2566842135042421,-0.0005409922347792422,0.6719695969865602,-0.4934847261386187,-0.12507241568880123,-0.6710380345732695,-0.19121515297379563,0.17980326643577713,-0.2963001039893577,-1.4336555208028947,-0.10894001357188586,0.31746970641138905,-0.029050342992042493
855258ad-52cd-446f-9db1-1bc38d82eebd_53.png,-0.15303199587401253,-0.14349655865044778,0.5833264735384258,0.21972949511004136,-0.8670664904418905,-0.5147940237962845,-0.41963501232638656,-0.437936460684725,-0.5969371853149231,0.102944814475479,0.38757043471432295,-0.6496900280945344,-0.615736293359549,0.08345564462064545,0.3166990026727517,-0.1920888902350448,-0.11667621866237973,0.6768181727335296,0.719676930886456,-0.029050342992042493
2ec83b5a-f1ad-4dae-bb33-773f1eee7923_3.png,0.5071710599281296,1.0128715138662605,0.6419571181822629,0.46298244493012325,-0.8713100018086424,-0.31489356586986267,-0.2887884298175315,-0.7325015290766317,-0.6907007186897481,0.4496411392485301,0.9944789831767722,-1.3264173421535128,-0.7302899001593987,-0.22505915527142456,0.312072775090603,-0.31752085593650897,-0.25144365822268794,0.6360649327784393,0.6347326101610048,-0.029050342992042493
10b42c78-10e5-441c-bc2d-1bc4a35bb63d_8.png,-0.8111161688818952,-0.06069575175383884,0.44754731333673997,0.8616266436628393,-0.0991812441590289,-0.48753871639873125,-0.6346158354664995,0.7253536447398312,-0.42790315954809793,0.8192717270189905,-0.35966355389150256,-0.13223515274762768,-0.3629283335253981,-0.5485365667056041,-0.5409937552364994,-0.7463423766268259,-0.390150447035734,0.6768181727335296,0.719676930886456,-0.029050342992042493
386822e1-0d1f-45b2-97d0-ac0273ee2394_47.png,0.7154800396432376,-0.7403150515545657,0.4952195903904093,-0.8136789265407705,-0.8158169305898703,0.2246642790292485,0.2883631689323838,-0.30747615846772886,0.02611209391073272,-0.6896549339585374,-0.10037738463867155,0.7700521849257912,-0.979147735621141,0.14722487000249362,1.435154884775925,-0.17604927873389464,-0.4073152535283162,-0.13313217593566454,0.2022951914603846,-0.029050342992042493
8b0863a2-01d3-4fdc-9994-7b50b25bc730_40.png,0.28290706465739346,0.8510565433440351,0.06380646712196816,-1.024787852065616,0.25710845662807225,-0.09840359484558221,-0.19264871668009748,-0.7225441848959958,-0.6115034147822881,0.3191306168062993,0.7434791308921288,-0.7633329605620803,0.9129618387625824,-0.41066678892473685,-0.46841904599917117,-0.3733378930688046,-0.03742044705776178,0.6768181727335296,0.719676930886456,-0.029050342992042493
a653df7d-134c-48e9-9911-e3a0e5f096f4_42.png,-1.7708514152954773,-1.508603302036622,-0.8417238031988764,-0.2311850406996047,0.9752533956479115,-0.4780406814996611,-0.5018392145168384,0.5405482183969553,0.44530027096344404,-0.009061788690544548,-1.065346887100808,0.8259194418284874,2.4969617120984346,0.10803707786839697,-0.3796016246840352,0.5085564376280692,0.3471368198699309,-0.49512161211046024,-0.6550954185212392,-0.029050342992042493
a7ab7384-2203-4096-ab14-1eae445ccdd9_34.png,0.6792747304179086,-0.5877695005083915,-2.1586496632067322,-1.4864574772924517,1.7618543618678797,2.8440180869564564,0.006816774339087256,1.4237880198051271,0.6932632597832855,0.35742809569801776,-1.0482156270746328,-0.6251927595927865,0.4507972871907752,0.9131680798962009,0.948533103643282,2.5392343592450866,-1.2748334830568457,-0.760585944088837,0.09301126390614989,-0.029050342992042493
a9e37804-c00a-4e4e-b99f-e267a0056a05_19.png,0.27120020532745076,1.6140950289902927,1.6074177631469306,-0.06506143243647414,-1.592374602704303,-0.6743615083060513,0.2781988737694522,-1.4412884758370976,-0.738705853013368,-0.03591037558886013,1.5361284173110095,0.24629853251783687,-0.5327836815389683,-0.390004134890395,-0.4152102873868031,-0.6761820094813885,0.00579180880576017,0.6768181727335296,0.719676930886456,-0.029050342992042493
a653df7d-134c-48e9-9911-e3a0e5f096f4_41.png,0.7403277099743046,1.8293606018094735,0.7983187276438225,-0.22784618831685585,-0.9834323054191185,-0.5823726209202136,0.24439691169949543,-1.5370896234423588,-0.7759019444114557,0.19374918330181432,1.744947517403067,0.4896677968278014,-0.14172136867051602,-0.07258301860421212,-0.32438526830384323,-0.4536226676251025,0.9538903932140078,0.6768181727335296,0.719676930886456,-0.029050342992042493
81faa7e7-ef94-4bfb-ad32-94fd63e1848b_11.png,-0.48390173350446364,-0.2653028912062634,1.0838178727164822,1.6323141671263848,-1.1687150387698366,-0.6533418473928764,-0.5850301131158526,-0.07627043586279883,-0.5704343289208413,0.5909288128286836,0.09689644941815581,1.3826415867257353,-1.129252461772668,-0.5734742526091202,-0.6402482726796509,-0.8857418326528416,0.8270011967298798,0.6325741174038001,0.6274565030072315,-0.029050342992042493
3dbb185d-309a-4682-8409-24f5556e96df_124.png,-0.30053350688018254,-1.052786563794472,-1.6463012118562137,-2.433680263919196,1.4485793631675983,4.058802280009367,1.1002181423133497,2.2256033478507473,2.5323525993005247,-0.7804296115875204,-2.2517867686077206,0.6518571537842298,1.3593258928447551,0.9897624008855717,-0.011396762552071718,1.7526338678235986,0.1807998842001806,-2.3337259517576396,-1.933649063819013,-0.029050342992042493
89bc92b0-73f3-4d37-8aaf-292e4f4f1595_3.png,-1.0702932255832256,-0.9963267977551987,-0.3528349458423356,0.4638569574884287,0.12581886772074555,-0.36162103339288876,-0.2722162963390996,0.418423038035126,0.752246829555189,-0.0247958834253649,-0.7728077085111293,0.8510419526245276,-0.2167737317462796,0.041417831240432676,0.27832122077462784,0.36477913425660474,-0.07345846532842827,-0.8255313464077059,-2.3317406757745602,-0.029050342992042493
372d139f-2c82-4ef1-b50b-d092a9b46c49_4.png,0.5795550988788343,2.0139580615212567,0.3379138309297617,0.7446886631002327,-0.3260744487391935,-0.580888138978004,1.2393780033508124,-1.2993768054819748,-0.6560975726243863,-0.47437390111781963,1.73292447506396,0.6872181028293519,-0.27207547296000006,-0.34654131088712414,-0.34211086600196833,-0.5147047923584344,0.9119144801101384,0.4373320016827004,0.26557799641577057,-0.029050342992042493
273317d8-7414-4eb9-bb2a-b42c7082fe9b_60.png,0.2829931122721835,-0.17158085547398577,-0.31449449187134904,0.39753189600908745,0.7647009482859992,-0.18559892149108084,-0.2892951533081239,-0.544038183141432,-0.3973596116092254,0.21061354161606266,0.3556851068847947,-0.49436400092366034,-0.44983106971838743,-0.1074957788691346,0.11256910262501342,-0.16609293549662482,0.018234760618702363,0.23656952676449683,-0.19795862946040355,-0.029050342992042493
a9e37804-c00a-4e4e-b99f-e267a0056a05_39.png,-1.0131610098419426,-0.20517410258122315,0.6547820752428773,-0.3268832676435893,-0.5112196485917203,-0.4818486821274423,-0.5136814162866647,-0.031394140552456075,-0.542740442501892,0.38337003511044176,0.08448212032614168,-1.7122723433062763,-0.4261303234839358,-0.518611343621385,-0.27671375125418907,-0.5218292017614264,-0.6714858678784517,0.6768181727335296,0.719676930886456,-0.029050342992042493
19369012-66cc-4209-a974-c98c915c0a70_42.png,-0.9742812585214077,-0.5051180194000303,1.1536905827585404,1.053233375270792,-1.3305377295660237,-0.5967776433798189,-0.5667118129486624,-0.09995192587850973,-0.5542980373551346,0.4202250328733761,0.0040847837965745926,0.3246490016090009,-1.01074873060041,-0.08540811421173466,0.38258883415604994,-0.5943189415110031,-1.7105645795269684,0.6238876698436514,0.6093508410199324,-0.029050342992042493
a653df7d-134c-48e9-9911-e3a0e5f096f4_74.png,-1.1053684146450864,-1.0476265743362831,-0.4989189350731792,-0.26309196394210466,0.48857147153767244,-0.019163187674002376,-0.46782478525513455,1.125523580398261,-0.10226013583974723,0.07321367761230024,-0.8944931029768582,-0.9460041467124096,-0.07456925433956968,0.8005922406746141,0.32641518511691703,0.46553189383322935,0.06164457950225194,0.1557936826304036,-0.23797886632268075,-0.029050342992042493
22df8deb-bec0-46ea-b532-d6d7e8d8d57a_14.png,0.6157916545385497,1.7360474750474966,0.99027668021645,1.2880365072953381,-1.0461826235036098,-0.655394727401755,-0.4771601201446213,-0.5127336169214373,-0.6909696193365114,0.938877899640011,1.0649189714422023,-1.0142196249781652,-1.1055517155382164,-0.5716929893302977,-0.6180370478501063,-0.8804463695250668,1.8837415494255751,0.6768181727335296,0.719676930886456,-0.029050342992042493
a7ab7384-2203-4096-ab14-1eae445ccdd9_77.png,1.1665446316192796,-0.45031957352724683,-1.0147110257513219,-0.6083669868553405,1.2272411853214522,0.8239301280563686,1.015503998464096,1.4415841899230262,1.212996296151801,-0.24129204037114585,-1.0123133197887755,-0.03848758094623211,-0.5288335571665597,0.02289269314067789,0.6491914035082579,0.3875850883760691,0.14560541901262714,-1.0182568277889494,-0.24995723514910664,-0.029050342992042493
4af4cf7a-5d36-4d0a-9b11-fcbd77f87c6e_21.png,-0.7841443193227327,-0.39535019559355017,-0.06566735951804198,0.47216108464369666,0.30304894848200276,-0.43416355818534047,-0.27054669163405315,-0.5562368591562641,-0.5320694566837185,-0.44182909794637504,0.16173295320859635,0.31050346649644267,0.16243820800494682,-0.13742100195335386,-0.2805249826925819,-0.25554043956516365,1.2135770967299668,0.45689680413125966,0.2612821801987097,-0.029050342992042493
4af4cf7a-5d36-4d0a-9b11-fcbd77f87c6e_7.png,-0.4676843769858064,-0.4121724607047259,-0.6007418914556294,-0.03817128956731625,1.0605779427356057,-0.10131185035440889,-0.17542534512334346,-0.7088409208530777,-0.5670826387111152,-0.7035832857752614,0.43342960585094864,-0.7642882702284922,0.5890516402250765,0.12584971065662273,-0.20873495989711446,0.07659455065209339,-0.10446356561161485,0.43595191188342447,0.21762553727606776,-0.029050342992042493
258bd669-e070-417c-9e38-6240e5c933aa_25.png,-0.4047133380732128,0.0777982594853619,-0.09446451288436182,0.3884999864708514,0.15945487952066292,-0.27203364818277814,-0.27890301706113335,-0.768025339812523,-0.6547504371337619,0.009196282134630696,0.747622876306568,-0.9720931725095268,0.4902985309148613,-0.33656623652571777,-0.20264046438486372,0.027074614367390937,-0.13577459062634764,0.5816731583363867,0.5213607079975522,-0.029050342992042493
00367bac-0715-41b8-93dd-c21b8877a1f3_33.png,1.0329165701320768,1.2280650751520497,1.1146093679433766,-0.15156568096292922,-1.026036468750168,-0.5555030146391269,0.641051942720046,-1.7308962942840838,-0.7850351236115264,-0.5645812890283368,1.8308326974271438,-0.546581440298136,-0.6038859202423231,-0.5396302503114913,-0.5273456636396641,-0.7758274929461743,-0.6617169297664041,0.6768181727335296,0.719676930886456,-0.029050342992042493
4af4cf7a-5d36-4d0a-9b11-fcbd77f87c6e_24.png,-0.025844958173632512,-0.03699822732479058,0.07137737965340675,0.4145503747083543,0.20075084137704302,-0.3994020376114099,-0.3683231093469865,-0.7506218796288827,-0.6109833511367088,0.1997670458807769,0.5939718375138016,0.48963533266319004,-0.1338211199256988,-0.2596156628805825,-0.28099168263556107,-0.3907233281775985,-0.30647678728380395,0.5064988551522959,0.3646705865000082,-0.029050342992042493
4af4cf7a-5d36-4d0a-9b11-fcbd77f87c6e_28.png,-0.1286132392253521,0.18478307796654173,-0.1049492602420646,0.381238529505188,0.4305054009650872,-0.3385586393665097,-0.33246227561865205,-0.745398470429597,-0.5916944633469519,0.3067866704238343,0.722439365180718,1.2664245149173463,0.13873746177049515,0.06208048527477454,-0.23705562426558727,-0.20042999192833422,-0.49311637636381367,0.44666790326603784,0.4627197939708813,-0.029050342992042493
8b0863a2-01d3-4fdc-9994-7b50b25bc730_41.png,-0.11733309662805233,0.8623932990922665,-0.7044794614907222,-1.0879919216650134,0.891557200287169,0.09154168789786153,0.6549118141168548,-0.44262763647875464,-0.47390464636608465,-0.6016155791979323,0.842708601167833,-0.32104678729305225,1.9360440512164119,-0.23895300884624063,-0.39482275672733874,0.15497445604514581,0.15296694441890465,0.30305738238843893,-0.059374169950153856,-0.029050342992042493
48a4d49c-a4cf-463b-ae33-31db1940e1d3_88.png,-0.672843938596008,-0.6939185939447122,-0.15141252311140108,0.5785127746153714,0.3374991538746867,-0.1758053036616395,-0.39621257991172465,0.4642349221574451,0.4705600667893634,0.4447877482886483,-0.5026555338900501,-0.6172332601290235,0.09528609367400047,0.05673669543830682,-0.1611800602238749,-0.026818356295647938,0.7875592244187539,-0.5811742701829615,-1.9024290331804699,-0.029050342992042493
00367bac-0715-41b8-93dd-c21b8877a1f3_75.png,0.07518107360836897,0.6089704550919749,1.642928215160057,0.5988380839080706,-1.7703442426773375,-0.6784098055061378,-0.6239128391169673,0.4451335501844303,-0.49578153769420763,0.9729023353849054,0.15268629866928887,-1.7591250939568133,-0.8132425119799794,-0.4331107062379013,-0.006704343273548609,-0.5526217970746607,-0.06472324566957302,0.417604835728344,0.5161866682920881,-0.029050342992042493
372d139f-2c82-4ef1-b50b-d092a9b46c49_9.png,0.5095448602817868,2.2823645686129654,1.5281237445769842,1.3699622019960498,-1.640096670684648,-0.6606032817218583,1.8585830396521992,-1.6477704612443145,-0.7083303818334539,-0.9102193800776678,1.9711490496237263,2.0634058697341158,-0.7302899001593987,-0.5581553884112461,-0.5692291755517548,-0.8209399756533835,0.155081556024119,0.6477551051958358,0.6590991085364325,-0.029050342992042493
2ec83b5a-f1ad-4dae-bb33-773f1eee7923_11.png,0.31216296586855696,0.48161261656621385,-0.07972565476588629,0.38503557208477895,-0.36948992454102336,0.15147824494548784,0.7343650120170578,-0.6992105200047201,0.24758819384131922,-0.6388558215965883,0.646718358001994,0.6526820293297564,0.41129604346668913,0.9106743113058493,-0.07321334676875399,0.33069006292677466,0.09894105972556959,-0.40898777228506034,-0.24324536606391936,-0.029050342992042493
4af4cf7a-5d36-4d0a-9b11-fcbd77f87c6e_52.png,-0.6954856079448662,-0.6790144642513233,-0.4168785328389215,0.4624456728351384,0.7187957464855305,-0.37777250895629966,-0.5715459796471409,0.02967953776142585,-0.31206275566947284,0.5626453128508705,-0.2981134715202157,0.7050747991650639,0.37179479974260304,-0.1712650042509828,-0.20951734108283174,-0.0209379326579412,0.12722580304479414,0.24899033495798054,0.26813550890710797,-0.029050342992042493
53345714-cf33-43b8-9e6c-89b5c2c7aad7_1.png,1.501833994362024,2.3468415634902575,-0.195473314816856,0.3726730174236434,0.8166431350425205,-0.2915486470543345,-0.4378281690101601,-0.8854017486855005,-0.7370625381091204,0.9579136698674162,1.2922688120598977,0.4233335644478454,0.19798932735662428,-0.44842957043577547,-0.4451080806540096,-0.5076195071496923,0.5034764711718349,0.6768181727335296,0.719676930886456,-0.029050342992042493
3dbb185d-309a-4682-8409-24f5556e96df_60.png,0.6514086115622275,-0.27988683353572213,-0.5402110313199473,-1.8417525968400041,1.0892437273948317,0.677337744140143,-0.5716425276908582,-0.058047313078373776,-0.5223482109262797,0.6300325761280726,-0.024374053061572566,1.6880706800917489,1.8412410662786054,-0.4569796341741238,-0.48509987507694197,-0.20672922374622177,-0.21568445520992374,0.6768181727335296,0.719676930886456,-0.029050342992042493
a7ab7384-2203-4096-ab14-1eae445ccdd9_46.png,0.09725089979018775,-1.1000740884007343,-2.282263489335901,-1.5781413077153945,1.7184298812325915,4.658078728851425,0.6913860661484242,1.0484437521309953,1.7460428273678248,-0.36070313785797137,-1.4156983687481546,0.7225614441356536,1.702986713244304,3.378792710442409,0.2553555396293561,2.936532626890535,-0.7232940746402269,-2.0540548130220104,-1.1839882211176784,-0.029050342992042493
a3283dda-4e12-48f9-90f3-8f3223c77d46_64.png,1.6286495916464518,1.0759552350053527,-0.37455671249838757,0.008411881756205457,0.2494512858054767,-0.2737266104051268,0.796275061400425,0.14552428363358297,1.9693561273525944,0.42051305434134156,-0.12031853021137778,0.8699033208660084,-0.3747787066426239,-0.2100965437293149,0.023125885243525348,0.003809367250359436,-0.36461727241212133,-1.9365036348248574,-2.3803465732777465,-0.029050342992042493
a6a04226-e7be-4c2a-8240-4e24256bfed9_42.png,-0.7311089577829649,-0.5396264679934398,-0.6864839185302518,-1.5048236020600736,0.929099037544478,1.1112201236865642,-0.5211386764913591,0.4914451762049756,0.3152425843853234,0.7232261028058582,-0.6090263911938568,1.389588282815097,1.1776201717139592,-0.21223405966390202,-0.2740773066884978,0.3139028842561009,0.42338285349887433,-0.4266853944169521,-0.5177990917771397,-0.029050342992042493
a6a04226-e7be-4c2a-8240-4e24256bfed9_87.png,-0.6081543221016685,-0.44268526636864375,-0.6005863999264739,-1.343850486260897,0.630617885774775,0.06569422140861733,0.1462831907892443,0.47696061530347866,-0.10809087945735532,-0.7860039116283644,-0.3455527122981698,-0.23798342032902475,0.6325030083215711,0.02396145110797144,-0.05757293525810288,0.4659098685718055,-0.538627526992608,-0.01744817805517926,-0.2776874280133335,-0.029050342992042493
a3283dda-4e12-48f9-90f3-8f3223c77d46_61.png,-0.5314235094838652,0.6257918161839617,-0.9619992369721811,-0.16588039592012838,1.0923727756584438,0.07201600590159732,0.04093051894512423,0.9850109094364519,1.8027623260974368,0.43570338091366007,-1.1473783408213414,1.0113690608565507,0.16638833237735542,0.06421800120936164,-0.005700681687351207,0.4584393404529601,-0.6012673718183735,-1.7566048704015906,-0.9624844879353383,0.6331216032648006
a9e37804-c00a-4e4e-b99f-e267a0056a05_42.png,-0.6817726825082093,-0.537210957971095,0.5640855137101014,-0.32787166910424415,-0.44534742870380917,-0.35612592609233035,-0.5570118093335428,-0.004301806491930478,-0.555110198258627,0.37446763980364584,0.04646168294162702,-0.8383577164201459,0.12293696428086073,-0.355447627281237,-0.4260547670728757,-0.49807044572189363,1.365618071304985,0.6370391138132224,0.6367631516922893,-0.029050342992042493
a6a04226-e7be-4c2a-8240-4e24256bfed9_88.png,-1.0080267595160428,-1.3857719319417798,-0.6197960970742519,-1.3962000152052836,0.7870120060781542,-0.11865146533727411,-0.3914580499754204,1.0786611050081052,0.4212456319457258,0.08852908422221659,-1.2143029171261046,0.36562579329176276,0.8339593513144102,-0.14276479178982157,-0.2670017015713363,0.16848461803103623,-0.6874687910983808,-0.4824572586582808,-0.14588120393026632,-0.029050342992042493
19ef2be7-6425-4194-a4a4-1b4a7fbefc4e_23.png,1.2236331503037503,-0.30333374896350457,-1.2122330945768147,-1.1925204066254451,1.3491740248880248,0.3949842798264347,2.613679140007743,1.4855692129739926,1.9079508974067196,-0.9956120880411387,-1.239652442279863,0.5527721858949008,0.3954955459770547,-0.28669086471868566,-0.10045596101427448,0.4743550670720938,-0.907303784505709,-1.87894577201976,-1.7455225093666327,-0.029050342992042493
4af4cf7a-5d36-4d0a-9b11-fcbd77f87c6e_79.png,-0.5946227333406507,-1.2680461205067968,0.4861697853280261,-0.18475470771299163,-0.6447068334463322,-0.48352182979688635,-0.5856813511941746,1.1085283665822603,-0.2078201224804517,0.21630951149215202,-1.1099803966661748,-0.8386964962835255,-0.6868385320629039,0.053886674192190696,0.4517359717116717,-0.16613522959060842,-1.0100106057083984,0.39438685439934834,0.46907168499325885,-0.029050342992042493
519d608c-1d5a-448f-8835-1d3a5261bbba_57.png,-0.9025133195287655,-0.7120300233972381,0.9581300252820323,1.1389590479073688,-0.8870610274346208,-0.6648781178539032,-0.7150338988481826,1.5970099281135128,-0.2902668591342856,0.9424681227071363,-1.0177691768799515,-1.1107790576833807,-0.9593971137590979,-0.5364239764096107,-0.4574231415872647,-0.8154370166763831,-0.5851878036834273,0.6768181727335296,0.719676930886456,-0.029050342992042493
07a9fdc8-46e7-4ddb-b62f-fe041b4ea954_11.png,-0.432190026868293,-0.2962107761070111,0.5238645915743081,-0.7007704077926927,-0.5987969220342583,-0.26119454345014176,4.091592931376959,-0.6581255606172416,0.4389862572465754,-6.1872987228464345,0.00790173003134852,0.24701792088950236,-0.09827000057402133,-0.3753977760040499,-0.36046405809950427,-0.4264246626714688,-0.22741115493339098,-0.5807683614184687,-1.4457300440383418,-0.029050342992042493
4af4cf7a-5d36-4d0a-9b11-fcbd77f87c6e_26.png,-0.26356013639770604,0.09499671157242164,-0.2574091644218496,0.20637092734285178,0.7512506983018401,-0.04814162544919659,-0.22907438721196244,-1.1503897029632884,-0.6681522000693318,-0.1614823576806098,0.796477646835816,0.6972276157898,1.5568321114651855,-0.45769213948565285,-0.4956377756139958,-0.3006908293663138,-0.38178493828756493,0.6768181727335296,0.719676930886456,-0.029050342992042493
258bd669-e070-417c-9e38-6240e5c933aa_3.png,-0.04500493450151525,1.1898552284691744,0.5178274412097447,1.5035583869195015,-0.6718093784128062,-0.5306247020016132,-0.23699501653093016,-0.24348168804619202,-0.34669066017130196,0.6108396474306375,0.77452420252713,-0.8717622032572698,-0.03111788624307499,-0.17518378346439245,-0.2886348818184787,-0.3374289088524757,0.45420143282863246,0.17389721352678833,-0.32859013463978354,-0.029050342992042493
81faa7e7-ef94-4bfb-ad32-94fd63e1848b_70.png,-0.8047048732317844,-0.7462628119447098,0.48224399335853113,1.5329619732383324,-0.1468714859032423,-0.5763664736338531,-0.6158898196752037,-0.06284641228407786,-0.5238490330811187,0.38762235337036566,-0.2323680481721513,-0.4697519306103838,-0.9356963675246462,-0.4352482221724884,-0.30460748287406636,-0.7552234357591597,2.0290600133555627,0.6768181727335296,0.719676930886456,-0.029050342992042493
a6a04226-e7be-4c2a-8240-4e24256bfed9_92.png,-1.2896108262643007,-0.8524040417799488,0.07471263849107812,-0.9613277290590094,0.3115361009455679,-0.4214710962487653,-0.7045399874340889,1.5373938152364783,-0.3531943018582755,0.8800008470401923,-0.8767877179483227,0.014144369179612768,0.35599430225296863,-0.3287286780988984,-0.46149837590695386,-0.49412029726854484,0.30341804977682024,0.6768181727335296,0.719676930886456,-0.029050342992042493
855258ad-52cd-446f-9db1-1bc38d82eebd_55.png,1.4469463749928286,1.2406982281723213,0.3328542679296581,-0.1884394220420904,-0.9265590669008991,-0.40631086692063023,0.46511434901678145,-0.9918362982709781,0.0906105210571942,0.20273765509924424,1.1485436417821882,0.35647963509718994,-0.8843447506833344,0.3488638731652091,1.6380519152849842,0.15249657687311569,0.04259351472914843,-0.26148052726832927,-0.2515386118777877,-0.029050342992042493
3dbb185d-309a-4682-8409-24f5556e96df_106.png,-0.3026587332458498,-0.644207041915118,-0.16243446941191597,-0.7246745707324639,0.3167872833669406,-0.11232241253325413,-0.565212550970429,0.80229595990262,-0.12486527467790924,0.7234316148948665,-0.46246287102976225,0.7322095830950545,-0.20887348300146236,0.011848860811977929,0.028447301481417202,-0.0347223400539073,-0.23236334439635437,0.03572587009339468,-0.5433782366900441,-0.029050342992042493
44341a17-f4a0-402e-8f84-ad64321de876_3.png,0.6690882017348153,-0.47040596321471434,-3.7202926133857597,-1.799457186748177,1.7164158417641822,3.623064155218296,1.9631285821499571,2.8925898147028977,4.186864706309027,-0.36478583083737615,-2.9237835820112825,-0.43412091830812904,-0.9870479843659582,8.207797459330411,14.353543689928074,7.022955414400953,-1.1770502110854995,-3.9149029529634025,-1.7787297719524178,1.8801177755604677
48a4d49c-a4cf-463b-ae33-31db1940e1d3_72.png,2.393674281141607,2.27103474722985,-0.7475801337897648,-0.5610381919343674,0.7508983172299949,-0.5493894634443072,1.335898066584037,-1.6275116878518698,-0.11683875328968889,0.11361915978707107,1.9028311690564805,-0.3409191773910255,-0.15357174178774186,0.07454932822653257,-0.12957639395737489,-0.17725569777335415,0.6571953271044786,-0.094002571038546,0.40374030055588817,-0.029050342992042493
48a4d49c-a4cf-463b-ae33-31db1940e1d3_80.png,0.3996335322825398,1.695323715146722,-0.21357421894502115,0.016988935348642358,-0.1009516567739224,0.10389674083480757,0.8756120326747523,-1.3828686617641706,-0.1855250258635997,-0.10585045672075048,1.5761769512351742,0.26137660989667283,0.05578484994991439,0.6502536199419888,0.3590935162080609,0.6782471942724061,0.36162951306338403,-0.15131688858494785,0.44228816855258896,-0.029050342992042493
19ef2be7-6425-4194-a4a4-1b4a7fbefc4e_54.png,0.7575877006115083,2.6929735153950682,-0.6411454014131429,0.14216501774084156,0.8825753921320901,-0.14056954474381078,-0.09311967524363489,-0.7229953449500787,-0.46510607200984033,0.7736768426338367,1.2736866498256623,-0.3237362800371665,0.9287623362522168,-0.1171146005747765,-0.22497484057467118,0.23599993234582528,0.2123147838022411,0.2683927739007426,0.4527616176403403,-0.029050342992042493
855258ad-52cd-446f-9db1-1bc38d82eebd_27.png,0.02393394050272522,-1.0533011505023124,-0.7602630404282837,-0.24971436846794084,0.9432266926341565,0.4509193236187195,0.04866081947727355,1.089402208559242,0.491464399721083,-0.30732091025393005,-1.091141469129324,-0.47806514919701715,-0.6196864177319577,0.011136355500448898,1.0805691870285947,0.48654633931958186,-1.1931021090944,-0.9602118744664604,-0.38759312336598595,-0.029050342992042493
81faa7e7-ef94-4bfb-ad32-94fd63e1848b_33.png,-1.1911855814830141,-0.03920991652346165,1.5391000778903599,1.3391307808308508,-1.620879879890123,-0.638203125192356,-0.45800947744767756,0.018767833923226705,-0.12537422723603672,0.496624020480589,-0.06024323281450706,1.0907498468346364,-0.998898357483184,-0.5734742526091202,-0.6266208331565815,-0.8728363502083996,2.4371097549896326,-0.35776208620605243,-0.555395109925151,-0.029050342992042493
53345714-cf33-43b8-9e6c-89b5c2c7aad7_21.png,-1.0744385212038865,-0.555360511164833,0.7439746003241217,0.7361944006430522,-0.5996645706076507,-0.5637219530309887,-0.4678767490111479,-0.744624551649801,-0.5948928214938457,-0.0830481154016856,0.2340046242077511,1.0929879535902498,-0.5130330596769251,-0.533930207819259,-0.5403187616887568,-0.7701436151014805,-0.8039049198226985,0.6768181727335296,0.719676930886456,-0.029050342992042493
48a4d49c-a4cf-463b-ae33-31db1940e1d3_91.png,-1.0377305020173735,-0.3604189754117158,-0.006583129730318011,0.6383071425611558,0.06323670925903027,-0.2685896755339498,0.04424113291551739,-0.3759832083539628,0.1987254329208579,-0.649414269617552,0.1749009379425594,0.2763416183259909,0.916911963134991,-0.42491689515531744,-0.3279292689450884,0.03980780798349524,0.11243455456443889,-0.2982558613313888,-0.5968266117030583,-0.029050342992042493
a7ab7384-2203-4096-ab14-1eae445ccdd9_24.png,-0.2013482329257812,-0.8340409202241872,-1.417188182754593,-1.535148097499798,1.3505847831407223,2.54503803375732,-0.4570166314821906,1.633329594783438,0.3419956967127625,0.6648955558095645,-0.9359198397305966,-1.6849321272913786,-0.4735318159528391,1.3969591864244122,1.9600633950618374,1.5895144398159098,-1.2263073201798744,-0.358249176723444,0.32720630465763983,-0.029050342992042493
44341a17-f4a0-402e-8f84-ad64321de876_33.png,0.6131989847570634,-0.6282310038003147,-1.565009726775906,-1.4134017554287954,1.4695516927684604,2.1184395266829243,0.25922257101132284,1.2273049637063258,2.396361713038786,0.43486357330863457,-1.4816687048909647,-0.14937923551145976,0.039984352460279954,0.29970100666970606,0.5563807144299973,1.4988938608329145,-0.8031253442877234,-2.3913649963156356,-3.2047079920698933,-0.029050342992042493
519d608c-1d5a-448f-8835-1d3a5261bbba_81.png,-1.2993296075025407,-0.7517352138006992,0.8767684696910746,0.32592477902597744,-0.8819749490214568,-0.5523418844884108,-0.653845192492079,0.37631918346855486,-0.44917149640666726,0.7218510312544131,-0.48940439095329413,-1.2021235123029959,-1.0304993524624528,-0.1862276157930924,0.3995407300090295,-0.6136593531897583,0.536335158166233,0.6768181727335296,0.719676930886456,-0.029050342992042493
a9e37804-c00a-4e4e-b99f-e267a0056a05_22.png,1.821723060892456,2.515868099503055,1.731155250510214,-0.4832335798463437,-1.7723689361571862,-0.6240995389096657,0.21783666786402348,-1.5408769103182312,-0.789559116226681,0.4315437333964495,1.8189493836877737,-0.552322779313712,-0.6275866664767749,-0.521461364867501,-0.5673106423931172,-0.8070888210919893,0.677289318039797,0.6768181727335296,0.719676930886456,-0.029050342992042493
3dbb185d-309a-4682-8409-24f5556e96df_114.png,-0.11497371616058605,-0.8836399054317322,0.3139481728895638,-1.4341402471576394,0.03325495348245012,0.033099419424206585,-0.6247116665614811,-0.0992590313960946,-0.5156732932299724,0.41413926260899475,-0.266212259579907,0.9763052958661752,-0.04296825936030082,-0.43204194827060777,-0.4839614085812795,-0.620941821678272,1.3420056637650692,0.6768181727335296,0.719676930886456,-0.029050342992042493
4af4cf7a-5d36-4d0a-9b11-fcbd77f87c6e_42.png,3.2948318454785284,0.12486997919375152,-0.031325119048325724,0.01071274136653285,0.20782400908465679,-0.2633335074708156,0.9465391773767541,0.13696424699679505,1.2129845982329985,0.3940737640844745,-0.23679786842717485,0.831362973519129,-0.8843447506833344,-0.38145407115204666,0.4169525877627818,-0.337515004739086,-0.852451906793132,-1.203919496668016,-0.6928113882334237,-0.029050342992042493
386822e1-0d1f-45b2-97d0-ac0273ee2394_74.png,-1.2350839300981453,-1.7379221316826707,-1.1791838446280378,-1.23766878373662,1.0467279534085019,-0.23829415233091814,-0.03479389511380873,0.9143663298210466,0.780143407044312,-1.124573691226736,-1.5350192656533872,1.4969605048423995,2.611515318898284,-0.06225169158704119,-0.2778685730392793,1.0821407013081625,0.05311719844157839,-0.8328377041685787,-1.2759061414287793,-0.029050342992042493
578fbdd2-3bf8-444c-8c21-8d2666ef631c_39.png,-1.3185039289688114,0.15472959416404794,1.2321556044652335,1.6009415372342861,-1.3260490421604412,-0.6516013712208957,-0.4718816479583356,-0.41988604153255527,-0.5648262165991634,0.42153881045331176,0.27779406818133506,1.8289870185671144,-0.6236365421043663,-0.5542366091978365,-0.6155103429330889,-0.8394158763336845,-1.319672600939876,0.6768181727335296,0.719676930886456,-0.029050342992042493
9229a83e-46a1-420b-bbda-57bc886c344b_9.png,-1.4333301700133896,-0.8399126313542884,1.2680835322980908,0.9666469154683787,-1.3323240739688902,-0.6847932378034145,-0.7144287824467955,1.5435228812037418,-0.3303335933864945,0.9106720724143701,-0.9581313286332875,-0.04504890594559199,-0.8803946263109258,-0.5713367366745331,-0.5829549316299811,-0.8475864507354317,0.2626441999877669,0.6768181727335296,0.719676930886456,-0.029050342992042493
578fbdd2-3bf8-444c-8c21-8d2666ef631c_108.png,-0.7808924129890661,-0.6525331095024123,0.8825530293989898,0.8774112621613303,-0.8814901810041906,-0.4264145686807117,-0.5652494483119771,-0.18911412401052471,-0.4676348494700398,0.44451428165093204,-0.2033286269257249,-0.6989546556499349,-0.6117861689871404,-0.5588678937227751,-0.5644895574260459,-0.8008634975186871,-0.4348148066514905,0.5333700153617279,0.4206796904046369,-0.029050342992042493
a6a04226-e7be-4c2a-8240-4e24256bfed9_46.png,-0.7886358603925775,-1.310477518315517,-2.0239734236577065,-1.4724393757876344,1.662017248714231,1.4075955515080556,-0.04406650452266391,1.457345566812451,0.2519846531183949,-0.8725126070828104,-1.3606691740438084,1.2357053891078755,2.279704871615961,2.0342951875871296,0.09915844805418524,2.3511732462981008,-0.9418028774348937,-0.2583144389052844,-1.1824797519795816,-0.029050342992042493
4a7aeead-7888-4bb1-a39e-eef6dfc4a6ff_3.png,-1.2902186736743058,-0.6539983170511147,0.9124976333570315,1.8637633976905124,-0.8598901308112704,-0.6199203582996218,-0.6811633692185158,1.177852493255238,-0.3146655678073799,0.8876210388845304,-0.6759956960576873,0.9065634713957209,-0.7658410195110761,-0.5553053671651299,-0.530723335969487,-0.803385984262846,0.744802281200395,0.3378843543819324,0.01321768979330817,-0.029050342992042493
4af4cf7a-5d36-4d0a-9b11-fcbd77f87c6e_5.png,-1.1054888449501428,-1.242827986712117,-0.20743026113565108,0.8266729273530109,0.5472453551679695,-0.46305485662337176,-0.20028554394699205,0.15061147883861856,0.49284857583907127,-0.5064491260179792,-0.7499529853021388,-0.3109966525913171,-0.4695816915804305,-0.2051090065486117,0.07190594488415428,-0.15888099525408475,0.39865466594359833,-0.6824079160474985,-0.4216405859808157,-0.029050342992042493
578fbdd2-3bf8-444c-8c21-8d2666ef631c_56.png,-1.2211953903397323,-0.4057263700177881,1.1311537684226747,1.2468866413501716,-1.1288988707031327,-0.5964835497130072,-0.5128247830070589,-0.2239058923492193,-0.542323817038402,0.26480416722912714,0.09499119831422072,0.35974694582506017,-0.8211427607247966,-0.5335739551634945,-0.5621887287208897,-0.8306376388068446,0.6093127593561751,0.6768181727335296,0.719676930886456,-0.029050342992042493
2ec83b5a-f1ad-4dae-bb33-773f1eee7923_7.png,0.13656171569697056,0.3234129387580439,0.7437470237144933,0.7777008496832002,-0.6819005137815366,-0.5814242818749987,-0.38681144476314405,-0.9540713166076922,-0.6634763197089136,0.3351424201518706,0.7452579644807598,-0.6697813044639563,-0.5090829353045165,-0.5538803565420719,-0.5253877652387636,-0.7575325111335666,0.10800947896322444,0.6768181727335296,0.719676930886456,-0.029050342992042493
48a4d49c-a4cf-463b-ae33-31db1940e1d3_64.png,-0.3441861822545748,0.14072530109766693,0.5719208481474459,0.6040947262825228,-0.42746448719052554,-0.3648868665509475,-0.2238125188293733,-1.1112482463386197,-0.6819832894696302,-0.15381986260614536,0.9114324015463173,-1.6121655851794896,0.13478733739808654,-0.48868612053716565,-0.43663243559855075,-0.5117047943505658,0.3537822945395077,0.6768181727335296,0.719676930886456,-0.029050342992042493
386822e1-0d1f-45b2-97d0-ac0273ee2394_10.png,0.9982198894312753,0.10736699957171933,0.6321113883656455,-1.0436058373445407,-0.9685046637253641,-0.19329972695788247,0.024539797395969874,-1.27492914425994,-0.6264718316387301,-0.49763879317727366,0.8117134515816892,0.888684691215907,-0.7579407707662589,0.1511436492159033,0.3409993424251442,-0.32224647556225994,0.2278049411139056,0.5336947423733222,0.4213565375817333,-0.029050342992042493
44341a17-f4a0-402e-8f84-ad64321de876_55.png,-0.4646821982531341,-1.2109138379387852,-1.969925309968846,-1.6582572681630066,1.712749502574395,3.73611737421062,-0.37326612320303176,2.122111595371205,0.018384954479825643,0.06080383036803415,-1.3386413397392394,-1.610627336318035,0.02813397934305413,0.40443928746447344,1.430960069874124,2.2026842432787097,-1.3303106642256313,-0.010547729058799435,-0.5663024351482795,-0.029050342992042493
16c36170-95cc-4260-985e-1bc7fbeac4a2_1.png,-1.8941656780725653,-1.4056159458903372,-1.1000473617880129,-0.25223330895915624,1.278709460133738,-0.6875929168144128,-0.6515913798791894,0.8118414812347893,-0.33633867968733794,0.08359803430838265,-1.0158193730366298,2.1809356914399367,5.301550016508546,-0.1623586878568699,-0.4545248439542286,0.779530553706203,0.2659678145172288,0.613577587225531,0.6583945023336577,-0.029050342992042493
505d1bd8-e981-43ac-b532-853c95be827a_116.png,-0.2080770917521213,0.4343076972297669,-0.15010554842954973,0.43949014737819714,0.25002911719577675,-0.2946432984807508,-0.46696876693122125,-0.0956874410550042,-0.4180717968888035,0.7246842159560665,0.4525444230854036,-2.4026998046934946,-0.3194769654289034,-0.24607806196153093,0.16947193070094654,0.006919834141404988,-0.7593280179307217,0.24403824803116678,-0.1823911443872124,-0.029050342992042493
505d1bd8-e981-43ac-b532-853c95be827a_19.png,0.43622238674261343,-0.8413615539757009,-0.4394316856782934,0.12782034121939503,0.3753447270432732,1.0340655930809421,0.1842769983368984,1.704904718596466,2.1336484012137014,0.31100746328629225,-1.7358706225971168,-0.27001779220217453,-0.8290430094696138,0.3684577692322574,1.5018140051925954,0.4863557821747976,0.5716752424087088,-2.029213196635043,-0.8331773147997041,1.7723421559647545
92f1a624-99c9-48dc-9309-0fb5c6bc0e7f_39.png,-0.25746456511000143,-0.6428500829156139,-0.7530815867761347,-1.301219103735857,1.0890475557668684,1.236253839322696,-0.4705398146373738,-0.6983524595218052,-0.5826095578181577,0.024734483753515002,0.23970963101158907,1.4126309974831919,2.785320791284263,-0.017363856960712302,-0.46751834377408574,0.08102831654287425,0.8911375183375084,0.6245371238668401,0.6716566958763752,-0.029050342992042493
a9e37804-c00a-4e4e-b99f-e267a0056a05_103.png,0.7157310079911671,0.6301857026988704,0.1215175612046313,-0.8338228485751543,0.21120164497678653,-0.4483407025298519,-0.6928739704701543,1.2833646003866341,-0.4918242891292742,1.083721666217109,-0.24766659920527223,-2.151669209010385,-0.5367338059113769,-0.5378489870326687,-0.22634432179121255,-0.5314207456243469,-0.69888585952495,0.6768181727335296,0.719676930886456,-0.029050342992042493
8b0863a2-01d3-4fdc-9994-7b50b25bc730_20.png,-0.3820537508691025,-0.44074830114685837,0.9460543390647982,-2.1502829640021877,-0.8425899537661351,-0.28684332827252146,0.014992917748274482,-0.9393489541594995,-0.36990260931788654,-0.7619257565173849,0.5872289132269214,-0.18650710545865434,1.0235653211900233,-0.24465305133847287,-0.44014575274682827,-0.2510885798664101,0.16836054200846012,0.21359509069419697,0.2743967982374341,-0.029050342992042493
372d139f-2c82-4ef1-b50b-d092a9b46c49_18.png,0.395897679054567,2.213730561998854,1.7511239325441876,0.5151298017404475,-1.8158818593070545,-0.6544374145892284,0.2344718343009332,-1.2738619507949422,-0.6914411211772377,0.35601941839199347,1.5507548004417548,0.9790345934071797,-0.5999357958699145,-0.5243113861136172,-0.5642830457722695,-0.801206014354211,0.37810472827383934,0.6740579931349777,0.713923729881146,-0.029050342992042493
48a4d49c-a4cf-463b-ae33-31db1940e1d3_22.png,2.553733968633007,1.9739977190721023,-1.0814486458037476,-0.4678329970647887,0.7379799094116745,0.1932144318091168,1.4295158464266655,0.2587097208688957,2.190131704905433,0.47850199371664454,-0.12297554756115502,0.9688020102427359,-0.12197074680847297,0.0798931180630003,0.01523502452403246,0.26812116345070997,-0.2044990769917689,-2.3268255027612597,-4.229284091992903,-0.029050342992042493
4a7aeead-7888-4bb1-a39e-eef6dfc4a6ff_97.png,-1.1309699937011786,-0.8876094963957373,1.6584201062574084,1.4674376333372647,-1.7591787952084312,-0.5258323467105093,-0.4640627938064711,-0.43923944798443826,-0.5045616133474032,-0.4096586993457618,-0.028950227642139545,0.4799286468922876,-1.0344494768348615,-0.5271614073597333,-0.4838868666945182,-0.8401368197061532,-0.06965147856962503,0.5351560139254967,0.4244023498786624,-0.029050342992042493
9229a83e-46a1-420b-bbda-57bc886c344b_6.png,-1.537302794030857,-0.36608703363821904,1.0917984276060626,1.35138682248524,-1.124179935105959,-0.6655461859599466,-0.41261652300826707,-0.5460486752405437,-0.5038543013356671,-0.05752917639822319,0.1548263026018401,0.6360756860930313,-0.12197074680847297,-0.508992521915743,-0.5779433181318411,-0.748759522770838,1.2891909148250134,0.44837272007690815,0.48423818853624984,-0.029050342992042493
578fbdd2-3bf8-444c-8c21-8d2666ef631c_28.png,-0.0625242025998611,0.5678573419655455,1.0505139834012165,2.204022774958481,-1.2654355456724091,-0.6521496152971744,-0.4007063686344232,-0.01675745440777798,-0.0885022755662124,0.6802998012356443,0.27775099092609196,0.7447238490001253,-0.9949482331107754,-0.47407976165082055,-0.3829771952928794,-0.7954963429665961,-0.7777289940499552,-0.0500832427204109,0.011939405043088774,-0.029050342992042493
92f1a624-99c9-48dc-9309-0fb5c6bc0e7f_2.png,1.3007367568203754,0.28335015203677466,0.5660811114684131,-0.49427042519760445,-0.9369643015647618,-0.43346756008161735,1.5919856029870691,-0.5704863591689803,-0.5647051303540943,-2.1970438861529726,0.5433039872947627,-0.5469989869402023,-0.9040953725453774,-0.4177918420400272,0.09381362079427842,-0.5814481837593439,-1.0069132804618255,0.5314216532921617,0.4166186073420656,-0.029050342992042493
273317d8-7414-4eb9-bb2a-b42c7082fe9b_36.png,0.5878214965924615,0.8118320733813178,-0.43485473165741106,-0.2033279178058482,1.120024409739435,-0.35571958911387086,-0.5329098508787056,-0.2849439320005203,-0.6412544190872861,0.838293706073839,0.5862364355163134,0.7041047610022713,0.31254293415647394,-0.30984728734337913,-0.37038374617071146,-0.3534443206123768,-0.12132902106663948,0.6768181727335296,0.719676930886456,-0.029050342992042493
a9e37804-c00a-4e4e-b99f-e267a0056a05_33.png,-0.9556521362028013,-1.357703058256402,0.5991833589213794,0.6472996467255282,-0.4962916781842518,-0.5280011823278971,-0.4767708531912901,-0.5457065453257445,-0.4802699983294491,-1.8551413731529822,-0.2923227745347126,-0.7647572682280386,0.016283606225828307,-0.48547984663528504,-0.5110427433728224,-0.6443878177876334,-0.2611508018545006,0.6768181727335296,0.719676930886456,-0.029050342992042493
92da35e0-d1db-40c0-86e2-73b0de7f8784_16.png,-0.7631691566573897,-1.0310755483295575,1.2329083578663118,1.3113985007421876,-1.3500262689653573,-0.6598203096127574,-0.6872566576973195,1.0395514824689842,-0.3648314587219458,0.6641573296870132,-0.8083070599457655,0.07095456955553044,-1.2122050735932488,-0.5738305052648848,-0.6288471185719672,-0.8898602922053407,5.242248060039411,0.6768181727335296,0.719676930886456,-0.029050342992042493
4a7aeead-7888-4bb1-a39e-eef6dfc4a6ff_4.png,-0.3176067644390217,0.1125252639147792,-0.07227742892130964,1.7937348521203045,0.24693923454684757,-0.25861786715808205,-0.55083273453564,0.3291858745973219,0.22427646934956785,0.9032520747423568,-0.2495506816633892,0.7199263413279203,0.19403920298421568,-0.1862276157930924,-0.3000923684946204,-0.22057319167985778,-0.05972398656675949,-0.42181448924303694,-0.023588787099632736,-0.029050342992042493
48a4d49c-a4cf-463b-ae33-31db1940e1d3_63.png,-1.7156967225138935,-1.2494300423516012,-0.6959079414303971,-0.005238544177347782,0.6444557026800611,-0.5250435568569846,-0.4249700604363791,1.2890333133648428,0.8687215957876816,0.01369961947026179,-1.4560557509371228,1.1089602732111274,0.5811513914802593,0.5287714643262892,-0.014028102071039604,0.6581098903654593,0.0376243495935472,-0.8916132932671551,-0.46904868130534516,-0.029050342992042493
a6a04226-e7be-4c2a-8240-4e24256bfed9_76.png,0.5990567596859414,-0.029430667286396327,-1.8804547822893072,-2.8489375600702957,1.362792465133562,3.793693053783976,3.71859555332344,1.5707849425678355,2.14212081364967,-1.8591616353393954,-1.4992248360217126,-0.04252249827815412,0.8971613412729479,0.30005725932547056,0.18903431143159283,1.8149201195253817,-1.0876566154499654,-2.0431764581336,-1.4342455651853876,4.194382490696584
505d1bd8-e981-43ac-b532-853c95be827a_101.png,-0.3141638973091905,0.5258029451778147,0.1433065627521201,0.6231416842734643,0.04547475226732474,-0.2719496401198948,-0.4652047665273812,-0.31550804360925916,-0.6227630243303612,0.6511657701007774,0.6078168839335463,-2.8062164060339,-0.027167761870666385,-0.3661352069541725,-0.2636673160076343,-0.3298207033203688,-1.0236792374547616,0.6768181727335296,0.719676930886456,-0.029050342992042493
3b88f35e-b058-4cd6-a43c-563cda6b239f_35.png,-0.8610038630064842,-0.7272461189434823,0.9980084496461293,1.7264534637671087,-1.0187706424456477,-0.6629814397634736,-0.6696126564469185,0.8233000317844218,-0.3759665044375652,0.6923922350859409,-0.5876501877107351,-1.1757470139310515,-1.0621003474417217,-0.5695554733957106,-0.5973009669963544,-0.8722757951233198,-0.6389837879052591,0.6768181727335296,0.719676930886456,-0.029050342992042493
8b0863a2-01d3-4fdc-9994-7b50b25bc730_31.png,2.494162370357992,0.3068326110943937,-0.9657918909033572,-1.0662762071162328,1.151322439054624,-0.07370815007354091,3.502303644646989,1.1590308716065598,3.9972661413234327,-0.3086484990228611,-1.6497381682640573,0.308963149165953,-0.3352774629185378,-0.2382405035347116,-0.22276453038015528,-0.10686118985021872,-0.17422880430209706,-3.6480585311857494,-2.4097059979557085,-3.51924830972084
4a7aeead-7888-4bb1-a39e-eef6dfc4a6ff_6.png,-0.6683584429476431,0.3564736033755593,0.7511591999390907,2.012488424404307,-0.6883548685284511,-0.6197018201674033,-0.5367056648904546,-0.07784948720313539,-0.5534494158217752,0.7671849227574024,0.3173880978376843,0.48837892605843897,-0.5920355471250973,-0.5592241463785396,-0.5953774001235977,-0.821140740463272,-0.0023097781079942517,0.4953769550051895,0.3694637429292859,-0.029050342992042493
48a4d49c-a4cf-463b-ae33-31db1940e1d3_92.png,-0.5821208285846485,-0.25103096000935954,0.5449092551738719,0.7187800885441996,-0.5359895109934931,-0.36709965765644875,-0.44272659857850144,-0.42641214752342044,-0.6050452380244368,0.09197728879892648,0.3965383921926993,-0.07496636887047466,0.10318634241881769,-0.45306085496071413,-0.39052943492763337,-0.4538002888077492,0.00787478153031462,0.6768181727335296,0.719676930886456,-0.029050342992042493
44341a17-f4a0-402e-8f84-ad64321de876_41.png,-0.043440367927413556,-0.7823984147496046,-1.8930794301111873,-1.9464781926031722,1.6658740533033844,3.4696360833285937,-0.4779205128583561,-0.16310769024355765,-0.539360540315981,0.1509377221403528,0.0381029027685493,-1.8351589926043206,1.1855204204587764,1.8985629257408494,0.5042597022317559,2.226336021165346,-1.0206285082332234,0.5664109887914525,0.4895488906740783,-0.029050342992042493
a7ab7384-2203-4096-ab14-1eae445ccdd9_50.png,1.0758094556866233,-0.11615267489986311,-2.570902376502425,-0.9472143932622791,1.7594526209882237,2.315806327376969,0.9225519081585619,0.7079993163625403,1.634180423786254,0.10424825521479007,-0.7062545739290824,0.3797888160461441,1.5686824845824112,2.4008791703688157,0.3209408305383298,2.9710658954413955,-0.489106246818561,-1.635319331571103,-0.7404172308740324,1.083363351582872
268cf2e7-02be-4b54-8659-24b54163053b_13.png,-0.2987793170178759,-1.20984047065524,-0.1840057386398084,-0.04485091704345524,0.41331077051831233,0.10026490546084517,-0.34731161072463934,2.1634192978196403,1.1158343012994476,0.5111665513258683,-1.7281767417641207,0.18697254498898538,-0.7539906463938503,0.23236925473021272,0.7715143235102491,0.06654295378541378,0.6642723092293128,-1.0990326719230428,-0.2610796862024922,-0.029050342992042493
855258ad-52cd-446f-9db1-1bc38d82eebd_46.png,0.15976903402550943,0.04142556262271055,-0.9087746695963844,-1.1897327669821272,1.1769663968566153,1.1749435419384,1.407456770782202,0.8062032533799136,-0.38810997055161744,-2.4608216712299864,-0.21434323757728677,-0.4570231273217731,1.2763732810241744,-0.44130451732048515,-0.31556167755462,0.15692980879837087,0.001762304285583289,0.3506298895870104,0.039783941494295635,-0.029050342992042493
4af4cf7a-5d36-4d0a-9b11-fcbd77f87c6e_43.png,0.06689187597304849,-0.17563439939949546,0.03553444984891429,0.8474620330956137,0.6124073629191026,-0.278271900421327,-0.6182770776733585,-0.14202206375338014,-0.5624402862413524,0.7661407626217431,0.0653559179865845,0.52487830729488,-0.12592087118088158,-0.5620741676246558,-0.5911290053755248,-0.7681897820923671,1.136195411021163,0.6768181727335296,0.719676930886456,-0.029050342992042493
a6a04226-e7be-4c2a-8240-4e24256bfed9_58.png,-0.494115383058301,-1.1243093866619678,-0.6332036955269947,-1.5730006105620555,1.0920274528294875,0.6935477137391048,-0.641112227401715,0.35587075551318065,-0.354654576786753,0.4567998519885953,-0.6509075839163586,1.265691308033268,1.7464380813407987,-0.3116285506222017,-0.4254894681644993,-0.03269838461780618,-0.23587463677789106,0.5938504212711745,0.5467424771386246,-0.029050342992042493
81faa7e7-ef94-4bfb-ad32-94fd63e1848b_74.png,-0.9844914378249334,-0.7037325473718493,0.9713236333427908,1.677729593921244,-1.1200958929105,-0.5163050007702475,-0.6662891284069836,0.6981610417441898,-0.37107444617207314,0.8042701689326146,-0.6181048157604496,-0.48234172945701,-0.6947387808077212,-0.5624304202804202,-0.4149738374108127,-0.7236068652480513,-1.436693471324152,0.6768181727335296,0.719676930886456,-0.029050342992042493
92da35e0-d1db-40c0-86e2-73b0de7f8784_4.png,-0.5382684630225965,-0.1298645302562505,1.1168384516581973,1.194945377066318,-1.178552768178684,-0.6418018677536758,-0.5567836607716377,-0.16579824855701775,-0.5888944179656432,0.5361669132599236,0.2049189822273221,1.5835440863989096,-0.9593971137590979,-0.5727617472975912,-0.6336835317157363,-0.8736967645844932,2.902516418636444,0.6768181727335296,0.719676930886456,-0.029050342992042493
a7ab7384-2203-4096-ab14-1eae445ccdd9_47.png,0.8823078027184593,-0.1109329863456904,-1.3649198262283548,-0.8934956845565549,1.589525150509203,1.095446899340303,-0.48775980393781915,0.6564061991817564,-0.008222905858011654,0.8724559871371037,-0.1834287189652966,-0.2541401830670882,1.2408221616724968,0.044980357798077825,-0.21354239005081294,0.4774707017361529,-0.022624754821860913,-0.11389210049869962,0.1662015966793313,-0.029050342992042493
258bd669-e070-417c-9e38-6240e5c933aa_0.png,-0.07048454606572134,0.7765449410983009,-0.10784712365589398,0.8053254488280983,0.015166066984006504,-0.5191152551774229,-0.26574235028665905,-0.2496317892056974,0.055108221252009815,0.6050119597164012,0.4982688564880084,-0.4243031027032582,-0.3747787066426239,0.14971863859284523,0.1926360379237735,0.02092108777107191,0.47311255730831725,-0.1749407786784364,-1.055693214634336,-0.029050342992042493
a5f7c55f-08cd-4cf8-8e07-7d416d70c470_48.png,-0.6704000784098664,0.47137458187665576,-0.8029102977008786,-1.6094335823343322,1.1140796427630093,-0.22800993102494135,-0.4912782729322659,-0.195126620398484,-0.4526541139654179,0.7287592908988786,0.12237222259852555,-0.45816640018159066,2.319206115340047,-0.43239820092637227,-0.4288180313694171,0.1103245872780963,-0.23135785927016433,0.6768181727335296,0.719676930886456,-0.029050342992042493
48a4d49c-a4cf-463b-ae33-31db1940e1d3_54.png,-0.35850714293738767,0.6804546432236078,-1.076722078663677,0.3454297479308494,0.5301400432975522,0.019184658364195292,0.16991747543996072,-0.06396062670471753,0.9010081375183442,0.17618994416001482,0.18932154469952184,0.46034924196372584,0.07553547181195742,1.0417752886271907,0.8183214550286566,1.650643904595662,0.07877366803321098,-1.5448016770891793,-2.274542397261321,-0.029050342992042493
90bae25d-a144-44fe-8481-52b9f3c73315_3.png,-0.8267280901078146,-1.022559462232357,1.5654794787008133,2.567862858415461,-1.799318546450315,-0.6917477241349899,-0.6695720693712158,0.5177718657264624,-0.37370481210709144,0.4291047697809856,-0.7970214558586229,0.09863094133815081,-1.2438060685725176,-0.5681304627726524,-0.5079367899777413,-0.888084080378874,-1.5417713073045665,0.6768181727335296,0.719676930886456,-0.029050342992042493
a9e37804-c00a-4e4e-b99f-e267a0056a05_8.png,-0.5450736107233769,-0.591986806918164,0.5407243342670524,-0.5578835061230157,-0.5672625818507158,-0.2715732048555169,3.4959702159702766,-0.37743097173106543,0.6087848811539749,-6.185682313591738,-0.24920292211914014,0.2611958337727846,-0.19702310988423655,-0.3493913321332403,-0.3382391191904688,-0.42979791665675116,0.10148320769419747,-0.723891791778676,-0.7986104080837502,-0.029050342992042493
578fbdd2-3bf8-444c-8c21-8d2666ef631c_61.png,-0.9351800358856501,-0.07892242759769172,0.10743630070679645,0.9315418645151481,0.28029730719584767,-0.11660218924829611,-0.6136630651127828,0.6905140446648019,-0.43123886773448983,0.8388680865967375,-0.27651827795064976,-0.04232780063375644,0.36389455099778584,-0.4893986258486947,-0.47557749561019425,-0.5088414957789676,0.2918751495744798,0.6768181727335296,0.719676930886456,-0.029050342992042493
a9e37804-c00a-4e4e-b99f-e267a0056a05_34.png,-0.18170371102596578,-0.3192279910192248,1.839283316572069,-0.20641305556055392,-1.7543364763286955,-0.6193578436835917,0.07511375354441013,-1.6154121468694018,-0.694264121311839,-2.0207807672025777,0.9475404456438057,-0.17511431101085406,-0.6907886564353125,-0.45270460230494963,-0.39014907047033326,-0.707265716444557,-0.11700879034247945,0.6768181727335296,0.719676930886456,-0.029050342992042493
578fbdd2-3bf8-444c-8c21-8d2666ef631c_85.png,-2.1182141057579105,-1.4346522956811587,1.6040216198955546,2.4461073166221547,-1.7045985926259355,-0.6936444022254195,-0.6617335366371921,0.6991381382682312,-0.2404650778650064,-0.23823272581220664,-1.1780724093367125,0.11410882138371786,-1.1608534567519369,-0.5663491994938299,-0.5685309316640431,-0.8790254000638934,1.551336654955621,0.6768181727335296,0.719676930886456,-0.029050342992042493
505d1bd8-e981-43ac-b532-853c95be827a_105.png,0.3494424053945556,1.061889300469506,-1.2926019742308295,0.651569455590716,1.0808585516816729,0.8134999644650539,0.38614173899024085,0.5661584171035295,1.3369301914455982,0.3831633397339049,-0.10510927431916142,-0.02291512261650913,0.7312561176317864,0.9943936854105103,0.08373044527442348,1.1303201564854968,-0.7119795008058587,-1.3835747158325873,-3.139706742057245,-0.029050342992042493
81faa7e7-ef94-4bfb-ad32-94fd63e1848b_7.png,-1.3863490411803057,0.09035062012864359,0.8764625820986465,1.714501104352507,-1.0876435310234052,-0.6716003546778292,-0.5251426530050081,0.28507932437637606,0.3921450502295428,0.7111750333345261,-0.5391619825301193,2.2430705609449135,-0.019267513125849168,-0.35188510072359186,-0.46633214581296367,-0.554874585269551,-0.17789969222074783,-0.442597017985075,-0.18631237474541393,-0.029050342992042493
19369012-66cc-4209-a974-c98c915c0a70_16.png,3.6386772027540415,2.939653500432912,1.0387388274719118,-0.09805473745893474,-1.1930183678213195,-0.6794193165471971,0.25553314433437024,-1.709251315557493,-0.7779027757652234,0.5873419310559453,1.8346159925960048,-0.12006102337478358,-0.9554469893866893,-0.5731179999533557,-0.6307378973730292,-0.8724534163059664,0.8721557621722713,0.6768181727335296,0.719676930886456,-0.029050342992042493
505d1bd8-e981-43ac-b532-853c95be827a_85.png,1.2217622122152525,0.3533607951460494,-0.427508091874795,0.45502246364540355,1.086271343906619,-0.08006903997142896,-0.5422949971792822,-0.24340271230090552,-0.6178121553271465,0.7854437698521025,0.5450353209694512,-2.3164488438756994,-0.4537811940907961,-0.4348919695167239,-0.2156851581277662,-0.4815091933006308,-1.172356441953674,0.6768181727335296,0.719676930886456,-0.029050342992042493
a6a04226-e7be-4c2a-8240-4e24256bfed9_73.png,-0.05673534452126143,-0.4148371824637457,-0.7226168699239173,-2.295822853840157,0.8463348615918043,1.5068304783847408,-0.21344774811069772,1.2563895778021277,-0.36212391054148885,-0.38223977821882327,-0.6350716500647561,-1.0952139684674378,0.2572411929427534,-0.033751479125879995,0.19303841630071938,0.5427063409738156,-0.9046920102425634,0.5889795160972594,0.5365897694821951,-0.029050342992042493
3b88f35e-b058-4cd6-a43c-563cda6b239f_37.png,-0.7020055171019598,0.19652175509940564,0.06443399371878568,0.74757404396267,0.21200163923796395,-0.3244085063448516,-0.004796356435295506,-1.3197640916748434,-0.6800083272304711,-0.4289395524278976,1.0929079199086915,0.5080006620930599,0.5851015158526679,-0.44094826466472065,-0.43981170651125184,-0.39095629676391574,-0.33525932455378377,0.6399616569175715,0.6735868214990466,-0.029050342992042493
a3283dda-4e12-48f9-90f3-8f3223c77d46_66.png,2.6959693190151364,1.971468347136006,-1.3459352897885155,0.1449154327355746,1.1476520493746292,-0.3988244644363966,0.40410490224503176,-1.3928525728660814,-0.742847986628101,0.3272067073513099,1.6927035896500036,-0.5803613904603286,-0.11802062243606437,-0.06510171283315731,0.07252449021621483,0.04783842239912516,-0.17381587978946564,0.5665733522972496,0.48988731426262405,-0.029050342992042493
41b05097-d935-4d5b-b15a-8c9cc622e21b_12.png,2.156004189431953,1.1861843029276464,0.4201610456128337,0.257687181725236,-0.3981823992065689,-0.41189114465537374,0.3454036916649552,-1.4135496221126251,-0.4592123307149101,0.13779343604413682,1.4397236016217707,-0.19214018249010112,-0.7342400245318073,-0.34297878432947904,-0.06654054418023146,-0.5224280470542492,0.3976715712108608,0.22642180765217357,0.2255174296413217,-0.029050342992042493
578fbdd2-3bf8-444c-8c21-8d2666ef631c_27.png,-0.6075079046892997,-0.061541135270908286,1.1458545547202506,1.7652071102046454,-1.2335246446773194,-0.6557546439201523,-0.5470169344638857,-0.12255347269362811,-0.5934748887189406,0.5825102635891592,0.24405990409627176,0.9939420905649157,-1.050249974324496,-0.5727617472975912,-0.6258773912029862,-0.8776624738146686,0.7494128353432723,0.5959611468465378,0.6203742025446332,-0.029050342992042493
a9e37804-c00a-4e4e-b99f-e267a0056a05_4.png,0.05879062136065058,0.2123782685783544,-0.1274128328128049,-0.714057136391492,0.15836070020691767,0.2635992870666964,2.9247969089846744,-0.514652592170291,-0.4051845404588748,-4.180357068804524,0.49515512847728843,1.423852157182305,0.34809405350815137,-0.2920346545551534,-0.4146472312299931,-0.39641293282285406,0.545711824699929,0.31231210221887773,-0.04008402540293964,-0.029050342992042493
19ef2be7-6425-4194-a4a4-1b4a7fbefc4e_38.png,-0.24395604384886355,0.3607265340809839,-0.22100922480491336,-0.0777629382372859,0.3166363943057067,-0.4143333967824059,-0.4717826400918485,0.0010629653426112637,-0.31276198374347697,0.7131282934649023,0.12311734682334029,0.6251912183259036,0.47054790905281824,0.06029922199595197,-0.16661586841370932,0.12023333051426699,-0.4963951406473781,0.1664284922601184,-0.34415761971297226,-0.029050342992042493
8b0863a2-01d3-4fdc-9994-7b50b25bc730_38.png,0.711461140262464,0.6369881926959929,-0.26242716537859634,-0.96135447968937,0.24290064922020954,-0.011685839454748456,0.5323019481528953,0.9073692198081947,2.9824814328997706,0.3962596692793759,-1.1038428767451174,-0.019842849649631754,-0.41427995036671,-0.17304626752980537,0.10995073225322033,0.1850126363964766,0.18589407790549858,-2.8244696480295928,-2.6009563424849436,-0.029050342992042493
a6a04226-e7be-4c2a-8240-4e24256bfed9_57.png,0.19507680119094184,0.8345824454222134,-0.7130127020615875,-2.1940214901577586,0.9101463427834795,0.9262275554718749,-0.4623190869404824,-0.28172394806493345,-0.5157820545552168,0.8289548265808212,0.4190654498016379,0.2564218312122533,2.1177497723472083,-0.28455334878409855,-0.36460855102172995,0.30803154738443417,-0.6728051312620092,0.44066045355154243,0.22743982134394897,-0.029050342992042493
44341a17-f4a0-402e-8f84-ad64321de876_44.png,-0.18823030194325374,-0.24525395926993243,-3.5627233088469947,-1.116587527454995,1.7702915444331282,5.058421908419351,-0.3657107775653891,1.5028871897653029,0.9043284181195159,0.7748473645188967,-0.8242631039395735,-0.7544890566041844,-0.9159457456626032,12.064232457981285,17.100563581798603,7.016943436012456,-1.6647300773018763,-1.1850041482426454,-0.34948607635990364,4.194382490696584
4a7aeead-7888-4bb1-a39e-eef6dfc4a6ff_14.png,-0.05039448361219654,-0.5180737671199683,1.2267229423225683,1.7117830361171353,-1.433517218500933,-0.6225189738343078,-0.535314020158403,-0.28104870315257274,-0.5306123407096464,0.18058718739087878,-0.03086781709552115,0.7208290758042784,-1.1253023374002595,-0.5613616623131267,-0.5421593625155222,-0.8701443409315596,-1.1136542274286687,0.6768181727335296,0.719676930886456,-0.029050342992042493
a6a04226-e7be-4c2a-8240-4e24256bfed9_101.png,-1.642934077806281,-1.4254763171834834,-1.5787226446716152,-2.903669184272379,1.2595688027763408,-0.337468145676484,0.4483525017072232,1.669697150272896,0.9153186495026069,-2.5014943755958097,-1.9760399712757346,0.5722596363976177,2.228353254774649,0.03536153609243592,-0.016995115036837087,2.023341789172315,-1.127486529393006,-0.8777312135214969,-0.5167474273574014,-0.029050342992042493
44341a17-f4a0-402e-8f84-ad64321de876_54.png,-0.24021093633740317,-0.898535697418395,-2.766522590721543,-1.7999968192424007,1.7459026876107917,3.2824672497472713,0.06909794948285712,2.396347514499567,0.03093429254466289,-0.7279514282046122,-1.3905932466309792,-0.9046525166361876,-0.1298709955532902,5.932767999618218,3.457291957081879,4.413872697387899,-0.9096587634705736,0.07039047858109097,0.100814513090822,-0.029050342992042493
273317d8-7414-4eb9-bb2a-b42c7082fe9b_37.png,0.13362500439285038,1.1590846766586849,-0.6435570052971185,0.25140446016072654,1.0544014818423524,-0.20246438557674348,-0.4602174758614784,-0.02981420912478848,-0.6257116546521093,0.8339976207294197,0.675806039596793,0.1894011967861011,1.560782235837594,-0.37112274413487567,-0.3860460062274743,0.031687071788005595,0.16023974798401014,0.6031051411016134,0.6474938334599794,-0.029050342992042493
a3283dda-4e12-48f9-90f3-8f3223c77d46_48.png,-0.5120725946545119,-0.11756321275383652,-0.9130068614080341,-0.10526647663342449,0.9001740345135504,0.6550461822791452,-0.5998422434024456,0.8597961923201421,-0.335027166895502,0.8586059858226414,-0.24289696565072866,-0.5795406931510487,0.036034228087871344,0.6035845220368373,0.6207538436946228,0.9861890522182729,0.8576582450534139,0.23705661728188837,-0.19694335869476134,-0.029050342992042493
268cf2e7-02be-4b54-8659-24b54163053b_39.png,-0.5663484794031288,-0.37948045537250497,0.2583014653752886,-0.5257274292377189,-0.036910384965601464,-0.36604805730883266,-0.4585315748305816,0.037120552457393305,-0.5471891025772615,0.24548696862399969,0.12299314785371439,0.5142097520931153,0.35204417788056,-0.389291629578866,-0.43766010707960873,-0.44834568327531177,-0.5101653423309733,0.5879241533095777,0.5343900161566353,-0.029050342992042493
3dbb185d-309a-4682-8409-24f5556e96df_108.png,-0.5016821547192762,0.10085752988390909,-0.18452742748678827,-1.2813355430476037,0.35770639091110407,0.08578401769228185,-0.4987047853523369,0.3425571954857125,-0.38773898460190487,0.6886511505680032,-0.09214656652921302,0.18615082804195748,0.4586975359355924,-0.2920346545551534,-0.2393818217136338,-0.038040835427430204,-0.1939076193839623,0.34023862521599135,0.3252230701314036,-0.029050342992042493
3dbb185d-309a-4682-8409-24f5556e96df_103.png,0.8907570139510079,0.4801255438052349,-0.1285633445642479,-1.4649843821982276,0.2753514021308031,-0.2850024094495969,-0.2347359767946548,-0.8567967437488283,-0.5494722560214598,0.4268417562028312,0.8512107436440621,0.1734929501000227,-0.06271888122234386,-0.0009762347955446118,-0.11361945776751663,-0.1339839028228822,1.2836401790939387,0.39122076603630346,0.379279204738979,-0.029050342992042493
19369012-66cc-4209-a974-c98c915c0a70_38.png,-0.04871678191560296,0.3140280813564682,1.0684153329553379,1.0014840418918987,-1.1842669839906759,-0.6583452562635445,-0.35445616595971446,-0.8464949509989186,-0.6439000869027929,0.28814466546112205,0.6570914150576023,1.1734899798507534,-0.7144894026697642,-0.5549491145093655,-0.5715897391782071,-0.8208603561876824,-0.3234583377817163,0.6087066820516158,0.5777082354907315,-0.029050342992042493
a7ab7384-2203-4096-ab14-1eae445ccdd9_51.png,0.6678764232423271,0.6196612473506223,-1.2557077973256654,-0.8960223554668475,1.4560306660449513,0.3131831753625779,-0.17592776392408874,-0.012276189992484437,0.8469527622734595,0.7398877445128236,0.08905896073436655,0.07270558662460014,0.6285528839491625,0.033580272813613345,-0.03733974341598237,0.6530693413884091,0.45001106916008615,-0.9230306316389079,-0.18724857532888808,-0.029050342992042493
8b0863a2-01d3-4fdc-9994-7b50b25bc730_16.png,1.2006290604150276,1.3816026881709542,-0.3073930751759257,-1.5588251663161419,0.6736992377859891,-0.3081177245603675,0.44766006159750626,-0.98583311938811,0.23493807661929092,0.35785113095093823,1.1730267726774715,0.0623974152170193,0.6522536301836143,-0.3283724254431339,-0.43534654534266504,-0.3094552215858451,0.21941416286783066,-0.4037921400995508,0.2344688334352118,-0.029050342992042493
4af4cf7a-5d36-4d0a-9b11-fcbd77f87c6e_59.png,-0.3497283342286417,-0.310790572595525,0.34492193298974333,0.44846156569708917,0.17837332067363687,-0.4363284079571308,-0.6512260961978643,0.25538271747045627,-0.5291303527084287,0.8115780373879484,-0.18214897134636582,0.0523305538042385,-0.7539906463938503,-0.5570866304439526,-0.5725851407547213,-0.8269823935484172,-0.3715183910581098,0.6768181727335296,0.719676930886456,-0.029050342992042493
a6a04226-e7be-4c2a-8240-4e24256bfed9_44.png,-0.18184350107735647,0.6979029855297241,-1.40746193158886,-1.5187079176431868,1.2201775716120429,1.1463057796007536,0.302718079661628,-0.43207334582151624,-0.5940694700653054,-0.3063991882382759,0.5085787823474799,0.6316511418227697,2.362657483436542,0.7799295866402722,-0.1359314904153304,1.2511838227765153,-0.08510164595484108,0.6294892107936538,0.6210264548248252,-0.029050342992042493
a3283dda-4e12-48f9-90f3-8f3223c77d46_71.png,0.509276911312695,-1.0385879319526636,-0.5924401437108017,-0.20996186463438576,0.6529421201275903,1.4865837387762322,0.05699808127788741,1.1764164469447957,0.7907364622972395,0.1377706446481382,-1.0551216271535286,-1.173784600750694,-0.7026390295525384,0.44006455304092496,1.3989441716034712,0.5716116926116653,-1.2745368858144825,-0.8548379592040956,-0.2139417005890595,2.9584442128910484
855258ad-52cd-446f-9db1-1bc38d82eebd_33.png,-0.27453130553486266,-1.2503211208380776,-0.5308307058660126,-0.9101620272715837,0.6365351267900299,0.7268968632658683,0.5465055797817928,1.0500839479895607,0.8214178115459684,-1.2023078840528933,-1.2542893429931619,-0.7247716795490614,-0.5367338059113769,0.0036550497293940834,0.6355315130746277,0.3115197229185821,-0.1219191050596619,-1.9721424243473369,-1.1765302193959466,-0.029050342992042493
580d287a-e8ba-4363-873d-175443ac329e_12.png,-0.12334098723323685,0.964607287393791,1.6853851588607538,0.6965048254633848,-1.821632550436422,-0.6627997681823483,-0.009864821252604032,-1.3694260555810844,-0.7252734752012792,0.10503254994623472,1.3494359242443168,0.4885032983664556,-1.0818509693037648,-0.5538803565420719,-0.5731899831873235,-0.8692865246781758,1.826386667915389,0.6078136827697314,0.57584690575372,-0.029050342992042493
41b05097-d935-4d5b-b15a-8c9cc622e21b_9.png,-0.3389791159292305,-0.4627871188052836,0.1309970049235157,-0.4046609168685247,-0.21365523263396252,0.4945058514605463,0.06892391702188942,-0.05929377235994807,0.2877656197514031,-0.3779967802816057,-0.11219171292993639,0.43006110772637496,0.2058895761014415,-0.06902049204656698,-0.21441308501827117,-0.061570566331015514,0.4992267735038896,-0.4291208470039097,-0.14642198775115536,-0.029050342992042493
19369012-66cc-4209-a974-c98c915c0a70_28.png,2.5641219115444733,2.6233846653833144,0.7566610054516729,0.012255654757627871,-0.7629674001994066,-0.6699011459344665,0.3206059108440919,-1.757099721959018,-0.8149485880207946,0.4434194484129438,2.041305777999697,-0.21787489912257854,-1.0423497255796788,-0.5289426706385558,-0.5204149180511191,-0.851431319631383,-0.21885363967844593,0.6601759133893195,0.6849885130603259,-0.029050342992042493
3dbb185d-309a-4682-8409-24f5556e96df_82.png,-0.9351980213833562,-0.6920158045607712,0.6528657787533914,-0.22792663268607158,-0.4907468401827664,-0.4422002695891599,-0.5327644138574372,-0.2792023039271997,-0.5165488241859106,0.11259272276474355,-0.034914751627004664,-0.26282481467195384,0.12293696428086073,-0.4950986683409269,-0.4769388124523917,-0.5737009894944062,-0.4494664631566553,0.6768181727335296,0.719676930886456,-0.029050342992042493
268cf2e7-02be-4b54-8659-24b54163053b_66.png,0.4019136106750801,0.9906017595106402,0.25250077171463187,0.5256494657616759,-0.5236277902141687,-0.511041545355635,-0.3266134320276037,0.3567637037355079,0.9518032392754543,0.817122922109066,-0.11386002573529513,-0.2890565472688839,-0.3194769654289034,0.2797508579468932,0.15721435468919034,0.11969523376105291,-0.24298758885255628,-0.9969060267766213,0.27923386533262773,-0.029050342992042493
a7ab7384-2203-4096-ab14-1eae445ccdd9_43.png,-0.34089466315555783,-0.8025497123622993,-2.256567849448592,-0.8013587555241978,1.7375787464685295,3.6292697537584955,-0.39274853449606123,1.2621749802272832,0.12372715197643613,0.42827446568643923,-0.8336032510287239,-0.8889275218285014,0.5179494015217215,3.323929801454674,1.1222634954817161,2.8298940535439425,-1.1963886775257517,-0.21853537998497718,-1.0900320921400644,-0.029050342992042493
268cf2e7-02be-4b54-8659-24b54163053b_100.png,-0.9694352805056862,-0.9395186116363168,-2.655765871218195,-1.176300696440815,1.6957064604399872,1.1628053462506036,1.880686084628674,1.6244476673807775,1.9330522690130851,-2.8023908221785616,-1.9649839765690742,1.3226890185093743,0.7154556201421519,5.464652009943644,1.1602419023095787,4.18637189575648,-0.875544195917882,-2.030187377669826,-0.9017308170192734,4.194382490696584
4af4cf7a-5d36-4d0a-9b11-fcbd77f87c6e_44.png,-0.48362109085522714,-0.01266197991017267,-0.372656179787715,0.7726998544309162,0.31689066858293025,-0.4281733100819541,-0.5628062293458079,0.48026657172347337,0.11094236697143445,0.8407706201152679,-0.3532652480441053,0.7642757661943974,-0.6473372883388179,0.5398152966549892,1.1498612611404628,0.4334120196893883,0.2515242072999788,-0.25701553085890705,-1.1207049887245288,-0.029050342992042493
3dbb185d-309a-4682-8409-24f5556e96df_51.png,1.662926144128214,-0.48981285408314396,-1.765336459740571,-1.683434744644326,1.645443649477735,0.9681037671473621,-0.14927466177905435,0.2268717161342043,-0.47902611017445695,-0.3792254355608391,-0.07031007370500275,-0.7935439308172324,0.6838546251628831,1.8579501229836946,0.5765291823311867,1.7624639712198742,-0.9398957479070547,0.5057682193762085,0.3631476803515425,-0.029050342992042493
3dbb185d-309a-4682-8409-24f5556e96df_65.png,-0.32044004976427903,-1.118264011253313,0.20559253021808027,-0.19991798312300813,0.26477060073102066,-0.2969225683105518,-0.6644826960603634,0.8105990304857456,-0.40069976372623944,0.42516263164263624,-0.7009661601011913,-1.5661661376983134,-0.5525343034010113,-0.5225301228347946,-0.4065982243484338,-0.6754715247508019,-0.7897305992194338,0.6768181727335296,0.719676930886456,-0.029050342992042493
a653df7d-134c-48e9-9911-e3a0e5f096f4_57.png,0.6966854248291594,0.6542689383672361,0.19717219566183328,-0.43725446057449996,-0.005650243729934495,-0.4654108053437187,-0.4095561960047078,-0.45506544429604445,-0.673402537951175,0.5989103358312292,0.8554617012043026,-0.544123984446677,-0.20492335862905375,-0.2877596226859792,-0.2865801687235644,-0.43586054936043483,0.7503978357348913,0.6768181727335296,0.719676930886456,-0.029050342992042493
a7ab7384-2203-4096-ab14-1eae445ccdd9_36.png,-0.008884004060501874,-0.9505727292048275,-3.4552776820502316,-1.2911262883852952,1.7755838720395194,4.410955176820948,0.048908031665645404,1.7595882444781263,1.3438406272246088,0.30140584465137044,-1.4978362910517284,-0.28276252733059765,-0.6907886564353125,10.572602588295261,9.608009512624575,6.90043932190584,-1.5626443032608004,-1.359707280480403,-0.14983388904768605,-0.029050342992042493
3dbb185d-309a-4682-8409-24f5556e96df_59.png,0.7103938785860556,0.09416459792440252,-0.48632901500320924,-1.688236173282505,0.9805824744798234,0.2237953997639481,-0.5854289118824172,-0.09172792176306253,-0.532835086148535,0.8177531114894305,0.06777150121704546,1.2338494587671969,1.3988271365688412,-0.2118778070081375,-0.447031163763824,-0.19392608317674995,-0.13444089877105103,0.6175554931175617,0.6609562649410528,-0.029050342992042493
44341a17-f4a0-402e-8f84-ad64321de876_47.png,-0.827343842772629,-1.4135051092140785,-2.697022176630551,-2.5515994824676684,1.6641914376529297,2.018507114824206,0.011430171943970314,2.405025591526723,2.872020490283851,0.16677544445822276,-2.542627998452055,-0.19706289100401111,-0.04296825936030082,4.274055634378636,2.0881560887046637,4.361309768897356,-1.5809530939881835,-2.542768965471499,-0.938268818435309,-0.029050342992042493
a653df7d-134c-48e9-9911-e3a0e5f096f4_50.png,1.2118354505700977,0.4755244016824434,-0.9904856537366727,-0.6006604234975506,1.0619717158569542,0.2050647377000412,2.3275175029424866,-0.9779975110937916,0.6231031821329702,-1.2697402848201516,0.829307973825082,0.5965026742714823,0.35599430225296863,0.27761334201230614,-0.0853068859617013,0.31201011301161735,1.5244728461644026,-0.6876847299859066,-0.2222732054772388,-0.029050342992042493
44341a17-f4a0-402e-8f84-ad64321de876_53.png,-0.10113870582539634,-1.3708245975009852,-0.6173847705787403,-1.2254479343717044,1.2203042867021967,1.654419533868666,-0.4685476656716288,0.9576115172455688,-0.27991810671141104,-0.272946658439245,-0.9686850480300125,-1.9375198529352193,-0.39057920413225833,-0.18302134189121178,-0.0692050262215502,-0.30003524547614374,-0.9014610182943469,0.41606238242327087,0.17616864767898557,-0.029050342992042493
3dbb185d-309a-4682-8409-24f5556e96df_66.png,0.6154679664966017,0.06540365896995347,-0.2810335049354823,-0.6759547441626422,0.8346411289056344,-0.07450280011094979,0.14174512525668823,-1.463315978990288,-0.6070809486056574,-0.651620989672864,0.9519489250817362,1.4562102338975207,1.1420690523622816,-0.29595343376856303,-0.5051620867216937,-0.39968122586485794,-0.120449006511545,0.4102984779674712,0.1641546102855446,-0.029050342992042493
4af4cf7a-5d36-4d0a-9b11-fcbd77f87c6e_29.png,-0.36007503515254974,-0.062077738903553545,-0.06479991356383173,0.028600680165068736,0.11039333716136154,-0.29443207920961245,-0.464396407269634,-0.6343393931648402,-0.614688870542216,0.40805949084933396,0.4826618611885131,0.5849476515655043,0.047884601205097174,0.6744788005339758,-0.021392023597447362,0.05134355112575605,-0.1332806723557845,0.5470897316015889,0.5148223926647545,-0.029050342992042493
75769513-6d94-48cb-b36f-b1f9dc9210d3_30.png,1.0750449228477141,-0.34847102791617024,-0.7686586093820476,-1.1717279607544435,0.7092068933358167,0.9759952306403492,0.6921187858559983,0.1480394329488816,1.0034266488342107,-0.12161284796101562,-0.4779811001890639,1.4399117251356228,-0.011367264381031951,0.5946782056427244,0.3049836526041042,0.6907788614285486,-0.18000201624842285,-1.067209424786797,-0.6696196093504936,-0.029050342992042493
a7ab7384-2203-4096-ab14-1eae445ccdd9_65.png,0.7134942919127346,0.054023120162395036,-2.08317465118721,-0.9978960536566785,1.701217635677086,2.102628021125847,0.7350436156236948,-0.013098656177667856,0.7084069598586603,-0.1465494002517099,0.035515350290482146,0.0021571840744638955,2.8090215375187144,0.534827759474286,-0.13236379164589823,1.9095398401247397,-0.460029297614173,-0.766268666791738,0.01521647283830314,-0.029050342992042493
a5f7c55f-08cd-4cf8-8e07-7d416d70c470_17.png,1.2916879439007305,2.984551823224892,0.350062806816302,-0.09839491026495256,-0.13654360012886466,-0.6517221812254225,-0.2305060040640243,-0.6889856570640004,-0.5186513522692439,0.9408863554823365,1.3959485185568508,1.0195950937700469,-0.6236365421043663,-0.43239820092637227,-0.40316412274875146,-0.6874520221327772,0.4603670668982175,0.3063046525043824,-0.052605698179201715,-0.029050342992042493
4af4cf7a-5d36-4d0a-9b11-fcbd77f87c6e_19.png,-0.2915887586533565,-0.30046929044422976,-0.3787167154923847,0.570193227511432,0.8907591575266166,0.1749731324553189,-0.2813779062454645,-0.9343054253116102,-0.6438493949171689,-0.3522280139137756,0.5669308193989261,0.153678168110736,0.09528609367400047,-0.30984728734337913,-0.26450554371803753,-0.2720668019166406,-0.08095347313875903,0.6363084780371351,0.6352402455438259,-0.029050342992042493
855258ad-52cd-446f-9db1-1bc38d82eebd_30.png,-0.4974192392282513,-0.3595692838591433,-0.3978816485240695,0.02533447742710358,0.3771653944683632,-0.25962600060546176,-0.4512606462007047,0.5704963687785134,-0.479620882371769,0.13112455049918195,-0.24630106719777967,-0.2900915080645991,0.024183854970645523,0.5818531100352019,0.23604761490417644,0.3875954955887707,-0.4817215459837057,0.6678069981617866,0.700894421722063,-0.029050342992042493
92da35e0-d1db-40c0-86e2-73b0de7f8784_10.png,-0.5773153031775825,0.3042090882643558,1.1458275276765915,0.5995606282276624,-1.140281896010888,-0.5538779625366793,-0.5328557347777684,-0.11319135420890851,-0.4420682980751651,0.7664761342795116,0.0874006152144158,1.222429609978619,-0.8527437557040655,-0.5342864604750236,-0.5650396118309645,-0.8344832039396345,1.903839560322085,0.33934562593410694,0.016263502090237244,-0.029050342992042493
3dbb185d-309a-4682-8409-24f5556e96df_73.png,-0.771868919775817,-1.528313325485483,-0.160117246156911,-0.24850846969705223,0.6231079434766684,-0.43854119906263206,-0.670659925991189,0.6474862050349892,-0.2431659802946029,-0.11459435673407614,-1.1242226008362546,-1.945858374250298,-0.4221801991115272,-0.30379099219538236,-0.11485382870433197,-0.37564696844321144,-0.7327357253879743,0.6768181727335296,0.719676930886456,-0.029050342992042493
4af4cf7a-5d36-4d0a-9b11-fcbd77f87c6e_66.png,-0.34208154502524607,-0.7407761953065448,0.7128454511574162,0.6631984862886745,-0.6079883102180701,-0.5385516012065218,-0.6869291937910811,0.8392750654984021,-0.40526241689050224,0.8351150705294883,-0.6168635537679958,-1.138656868681766,-1.0621003474417217,-0.5410552609345494,-0.3035336501155685,-0.8064426665611588,-1.1759502171259413,0.6768181727335296,0.719676930886456,-0.029050342992042493
48a4d49c-a4cf-463b-ae33-31db1940e1d3_83.png,-0.6068251327325432,-0.3606427777436941,1.363683214235024,-0.05668167169060727,-1.257420010065929,-0.5273689562977538,-0.30721496218659594,-0.9200704997865454,-0.6305076235760125,-0.5293601620280628,0.5672136233325558,-1.8231068905625494,-0.29182609482204314,-0.4947424156851624,-0.48089517610383414,-0.6729848281937484,0.1252416355600111,0.6768181727335296,0.719676930886456,-0.029050342992042493
a653df7d-134c-48e9-9911-e3a0e5f096f4_61.png,-0.4183895459202452,-1.0734034271846122,-1.9309118159826644,-1.9279318702576458,1.6275852340412715,3.555343726822254,0.5529552350843807,0.9772122744092298,1.914553507847973,-0.4751514655654751,-1.3562558870447112,0.8741555774491646,3.0381287511184136,0.2134878639746934,-0.18706430053297507,2.129032548641077,-0.3835337552791049,-1.8580008797719247,-0.6114901953120937,1.3111856762318168
48a4d49c-a4cf-463b-ae33-31db1940e1d3_84.png,1.049848294186161,0.6369098268529284,0.3770986919916313,0.28878419878316053,-0.23428715492265842,-0.3426841368188881,-0.07257246816909978,-1.3524711514379002,-0.7350706403227023,-0.05519454936429942,1.2616420615647759,-0.6652990122883058,0.261191317315162,-0.5050737427023333,-0.4778628927655586,-0.5432856143353838,-0.5721204150459596,0.6645597280458431,0.6941259499511108,-0.029050342992042493
4af4cf7a-5d36-4d0a-9b11-fcbd77f87c6e_38.png,0.5795150130952312,0.7621784586021159,0.4728508813173984,0.40404178022773696,-0.7856235925261982,-0.4920146293231415,-0.3112253957350159,-0.24708862398207715,-0.16476959152897766,0.6393654981502496,0.4559976416934433,0.3290750689275467,-0.8527437557040655,-0.05227661722563477,0.866900279707382,-0.15484814932057342,-0.28519139028997803,-0.02629698912112515,0.20016668398335666,-0.029050342992042493
a7ab7384-2203-4096-ab14-1eae445ccdd9_42.png,-0.20222858503504865,-0.8576122978063475,-2.479725306144345,-0.3748096262514175,1.7311555057584513,3.7471967067012333,-0.3877394129030758,0.9069401876726891,-0.27915505350320163,0.10326955824208404,-0.5515537396601939,-1.0268651381509846,0.6759543764180659,3.452893262841428,1.3379282588607486,3.434959054995944,-1.2755974762563957,0.22658417115797075,-0.04235120366536619,-0.029050342992042493
19ef2be7-6425-4194-a4a4-1b4a7fbefc4e_86.png,-0.7350317196543763,-0.39493924231030325,-0.23076509174234588,0.25531779608476796,0.09633712450923852,-0.4501630760163359,-0.540294853789535,0.9660125247258087,0.19901650031574916,0.7137642274176883,-0.6735726767604594,0.03928596804050568,-0.5683348008906457,1.2384267546092032,0.9513030218110949,0.44624234048624556,0.9698275540919759,-0.3059681278567545,-1.1753982724853687,-0.029050342992042493
4af4cf7a-5d36-4d0a-9b11-fcbd77f87c6e_70.png,0.16500146700534526,0.9599471379082269,-0.2359350265101726,0.6707453072478182,0.29385834435541397,-0.542118940342262,-0.6530396005349478,1.184056303460256,0.10976839276656225,1.1043841597054955,-0.39157687484363224,-0.17607927946640808,-0.28787597044963453,-0.2072465224831988,0.3465821794328998,0.28425851979935296,-0.3299809004064661,-0.2520634439320933,-0.5631178830258613,-0.029050342992042493
92f1a624-99c9-48dc-9309-0fb5c6bc0e7f_15.png,-0.025842026052736253,0.98748822073046,1.829765820618826,-0.39345110186765564,-1.810404854649775,-0.6064205182945827,-0.16787153687493198,-0.9191752247729442,-0.6677728518788646,0.28149316144374986,0.9449610987287146,0.7183030419565456,-0.4616814428356133,-0.48334233070069793,-0.4837808106296823,-0.7130516375444659,1.3592650292588415,0.6471868329255457,0.657914625976515,-0.029050342992042493
505d1bd8-e981-43ac-b532-853c95be827a_26.png,1.6215772700425561,1.7263029125138312,0.027510915535096107,0.7034366816591318,0.36602979822946824,-0.5431746070513342,0.40469618214333847,-1.7103723160793336,-0.7908002946388142,-0.013205600993453831,1.8421954931638587,-1.3949802890393237,-0.14172136867051602,-0.450210833714598,-0.42594432711841257,-0.5740498294595494,-0.28347902185708784,0.6768181727335296,0.719676930886456,-0.029050342992042493
a6a04226-e7be-4c2a-8240-4e24256bfed9_83.png,-0.09347313837051893,0.7134457574121793,-0.06238768056576418,-0.5889095083841438,0.15406582903669708,-0.17616739655319769,-0.5784279488015329,0.22597566148450163,-0.6097246323103569,0.8960817147182335,0.395322479452873,-0.6741848951310275,0.5930017645974851,-0.11747085323054102,-0.23403243366313548,0.008547649621550498,-0.2063303863664621,0.6768181727335296,0.719676930886456,-0.029050342992042493
258bd669-e070-417c-9e38-6240e5c933aa_22.png,-0.16111438007009163,-0.47107744842175187,-0.026781424338240156,0.21576461140622552,0.07168075790188784,-0.2751832739861419,0.2273896970686435,-1.0734017818718296,0.10777625246778248,-0.6797206143570753,0.5496172261404806,-0.5564923685765729,-0.34317771166335503,-0.2022589853024956,0.09602282501910386,-0.044472089982549284,-0.48526538016973947,-0.16828387494075234,-0.3130345885208106,-0.029050342992042493
4af4cf7a-5d36-4d0a-9b11-fcbd77f87c6e_35.png,-0.6083903133481791,-1.0599464094316662,0.6936109714426376,0.8320220100607332,-0.7057999927782876,-0.47289646732019625,-0.6533639896627239,0.43845011238353687,-0.42119457184829767,0.3388810852392211,-0.6349709552048146,-1.9775785916034732,-0.8448435069592483,-0.36043516446194024,-0.014879013720512682,-0.5874085552098856,0.05259739231414684,0.6768181727335296,0.719676930886456,-0.029050342992042493
4a7aeead-7888-4bb1-a39e-eef6dfc4a6ff_95.png,-0.5988548866716062,-1.0926047682396534,1.3407971767231732,1.522086905959252,-1.4964656954846385,-0.637692398557745,-0.5319237694258355,-0.49690579810645963,-0.48041953564345763,-0.5940510718329535,-0.2107050057655205,1.809990675541397,-1.1371527105174852,-0.5478240613940751,-0.38526078674372677,-0.8493626625618984,-1.9291456476133664,0.6768181727335296,0.719676930886456,-0.029050342992042493
a653df7d-134c-48e9-9911-e3a0e5f096f4_81.png,-1.5546232467621326,-1.7937173391045638,-1.0469540281203815,-1.0068110329940612,0.8622352011502896,-0.4751704478170505,0.03387175002914794,0.864212215803061,1.7197668898685492,-1.0815802386177822,-1.7961547003769807,1.4721152156541621,2.591764697036241,0.3128823549329931,-0.3622405987678202,0.8432939320415317,0.2831101509878261,-1.6493637748225582,-0.839504437890823,-0.029050342992042493
519d608c-1d5a-448f-8835-1d3a5261bbba_83.png,-0.2352159328312718,-0.5883677361682621,1.0395616044451834,0.5314701331516767,-1.1229361704659033,-0.5204144699661785,-0.6108874625948355,-0.07431452017829748,-0.5475723215643546,0.5187822230851464,-0.10584587828108834,0.3131645824087337,-0.6907886564353125,-0.38252282911934016,-0.2751208659698805,-0.636927728116473,-0.09635555528200648,0.6768181727335296,0.719676930886456,-0.029050342992042493
89bc92b0-73f3-4d37-8aaf-292e4f4f1595_27.png,-0.04795405225959037,0.3822099723268944,-0.1345002731813179,0.24303925831291562,-0.1481835791258426,-0.0637471961563398,0.2594245839562979,-0.5399900844815655,0.6894490772319286,0.01745553526484188,0.4099229605508175,-0.06788634612642071,0.47054790905281824,-0.23752799822318257,-0.1219720547789182,0.3244374514253678,0.2474289084381019,-0.8153024455424841,-0.48901382788176806,-0.029050342992042493
a9e37804-c00a-4e4e-b99f-e267a0056a05_106.png,1.8224519837982214,1.6087347065914364,-0.8841609848061354,-0.7966177686283413,1.290143591332861,-0.17941822181032316,1.0937063764858224,-1.5164291130325922,-0.31296216343551814,-0.19168418845105775,1.6784693362911258,0.539053782873685,0.9840640774659373,-0.3501038374447693,-0.3339837484664214,0.01242259239574999,0.5071347713422991,0.10789644842023778,-0.16818335193366563,-0.029050342992042493
00367bac-0715-41b8-93dd-c21b8877a1f3_76.png,0.20143493273121432,1.1706667346409783,0.9565486596099998,0.18822300724898633,-1.0013987122812045,-0.5991266107190087,-0.5772238655556836,0.06135474267050258,-0.5958694222911044,0.9583995607328033,0.48401219239587445,-1.3172549608957764,-0.5485841790286027,-0.32623490950854683,-0.15233192017984404,-0.4809763297526908,0.45484519068342194,0.6768181727335296,0.719676930886456,-0.029050342992042493
22df8deb-bec0-46ea-b532-d6d7e8d8d57a_51.png,1.0097431569104762,1.5260667738690035,0.6146839435721483,1.229552295696223,-0.5076922662856811,-0.6026453891849911,1.3812470516914361,0.3600588755179411,-0.4071795143099491,-0.7862480012108214,0.49757697123219663,0.49068934093761846,-0.9040953725453774,-0.5093487745715075,-0.4632314108001126,-0.8000038464174047,1.2881084472523554,0.23470234644782936,-0.13092585249339891,-0.029050342992042493
19ef2be7-6425-4194-a4a4-1b4a7fbefc4e_87.png,-0.47256232143817745,-0.7526024784152413,-0.6263692221737218,0.6279979178679468,0.4465376724506915,-0.10564049458357311,0.09032468259756776,1.1058198617032353,2.1631889728843774,0.027807817428532968,-1.4767538373102072,0.1935420451286134,-0.6552375370836351,0.35670143159202844,0.9806036998267288,0.5748382593412487,-0.744640399585002,-2.0500769071299794,-2.6958370987028024,-0.029050342992042493
a7ab7384-2203-4096-ab14-1eae445ccdd9_17.png,0.24910519520302954,-0.3033097565036808,-2.278909187984465,-1.3737969760733624,1.7138509463818405,2.1975139948922435,0.365822680477611,1.0787324982966278,1.3381185962052897,0.14696721659540615,-0.8799003788481191,-0.3428115680882996,1.1223184305002385,1.8283811525552398,0.5001317720606054,2.8078268231926353,-1.0933892344158869,-1.3521573774608344,-2.9157264720072784,-0.029050342992042493
4a7aeead-7888-4bb1-a39e-eef6dfc4a6ff_27.png,-0.530322555546545,-1.1223642867678267,0.9478423954672968,1.7171512797453403,-0.9027155804725413,-0.6361118334823869,-0.6717145750037687,0.7213509484865698,-0.35384771736745346,0.45959096478477973,-0.8330966112897941,-1.4561855978165215,-1.2043048248484316,-0.5731179999533557,-0.5909320278769877,-0.8864854897350539,1.4094526352648202,0.6768181727335296,0.719676930886456,-0.029050342992042493
a5f7c55f-08cd-4cf8-8e07-7d416d70c470_28.png,1.3629283523710125,1.218476126278816,0.3032768856363273,-0.3136576869845634,-0.9738704188285233,-0.5406544086665801,0.746322517979222,-1.1462050960600583,-0.306659073192435,-0.3101312025813287,1.2871714634361826,1.4857590832984071,-0.8132425119799794,0.25908820391255133,1.3634749245794227,0.1577229311808502,0.20422206770201617,0.10643517686806322,0.1857720018095834,-0.029050342992042493
4a7aeead-7888-4bb1-a39e-eef6dfc4a6ff_16.png,0.016194603656477468,0.16129822310867048,1.2227491046005974,1.1867050624682636,-1.4517478372286379,-0.6516013712208957,-0.4371203550081312,-0.8237607900220625,-0.6074238651711236,0.34700182509886157,0.35946703826802834,0.9604475630214911,-0.9593971137590979,-0.5602929043458331,-0.5885436757072252,-0.8587765852421723,-0.8941549047489983,0.6768181727335296,0.719676930886456,-0.029050342992042493
273317d8-7414-4eb9-bb2a-b42c7082fe9b_41.png,0.3375785716901421,-0.7365305121488481,0.07609560404189623,0.352103411433608,0.5421270066644722,-0.20335311584935595,-0.6120441942523648,-0.07498817288803654,-0.5221535527856929,0.47270455886593843,-0.14078444319052721,-0.4648389551748653,-0.6117861689871404,-0.33514122590265966,-0.3393020671341543,-0.6466968931620402,0.08958317200428083,0.6768181727335296,0.719676930886456,-0.029050342992042493
89bc92b0-73f3-4d37-8aaf-292e4f4f1595_22.png,-0.43138946777491427,-0.2831234003821109,0.5754080656043574,0.5029096928850347,-0.629992602217621,-0.39296441604607163,-0.16690328913714367,-0.6570396000418742,-0.04003818566123315,-0.052130142943317005,0.3736818246063491,-0.6593372169585197,0.004433233108602481,-0.34867882682171125,-0.38049166447458194,-0.436713233216151,-0.18276324861248627,-0.15488888571248563,-0.2635106130921142,-0.029050342992042493
75769513-6d94-48cb-b36f-b1f9dc9210d3_32.png,-0.2683403010884679,0.7837453660810085,0.17216422253937175,-0.8226703228249751,-0.15792371738647204,-0.15726930028507097,-0.43440717049296923,0.706175354303901,0.30761640415701613,0.8358441510973295,-0.2234337087737198,0.6900202695794988,0.6957049982801089,-0.33229120465654355,-0.3845764858987516,-0.17752111030549983,0.30169713283851696,-0.5545466552322253,-0.4757162037205368,-0.029050342992042493
a9e37804-c00a-4e4e-b99f-e267a0056a05_31.png,-1.5035252107795785,-0.8138276886645264,0.5146707425817222,0.35895792580495584,-0.491866129435135,-0.6395890766481745,-0.6385180368130453,0.6939007483139932,-0.4017164123967303,0.4499753044686129,-0.599712084792971,-1.4818173084885964,-0.16542211490496767,-0.35758514321582413,-0.18809096226110575,-0.3045984953845407,-1.3208175539213114,0.6768181727335296,0.719676930886456,-0.029050342992042493
44341a17-f4a0-402e-8f84-ad64321de876_21.png,1.1069354182804452,1.1389264568470017,-1.361151258783207,-1.2649963843580494,1.4172651964347636,0.2920325830842193,-0.3165930364967092,-0.21927062532618863,-0.37332904052267596,0.8103500599643876,0.7211621708310788,-1.2230057769276492,1.0828171867761525,0.00044877582751344817,-0.08954609700262768,0.6741151978423666,-0.7441546108874,0.18501911367389462,-0.30540811882427094,-0.029050342992042493
268cf2e7-02be-4b54-8659-24b54163053b_93.png,-0.2916756853640314,-0.824597175782958,0.33694508105738735,0.8339955193925916,-0.2429785520221211,-0.2912325340392629,-0.6181196490160871,0.1511822808068154,-0.44971894698386994,0.2839759637911279,-0.3693309565041359,-1.1598310459099597,-0.5169831840493339,-0.1473960763147603,-0.025415015680413832,-0.36232537974471063,-0.876769599312675,0.6768181727335296,0.719676930886456,-0.029050342992042493
a5f7c55f-08cd-4cf8-8e07-7d416d70c470_23.png,1.0915290027625435,3.3436462549340806,0.2457796577357329,0.5079868379898587,-0.45974462013872014,-0.6521831963100101,0.7150172760206788,-1.539453989299849,-0.7218648876034469,0.4098284326921924,2.0340331552873736,0.5598618436935124,0.0004831087361938731,0.021467682517619834,-0.07725145439896924,-0.054716836963640256,0.05634779151215119,0.5606470843356528,0.5233174768008514,-0.029050342992042493
07a9fdc8-46e7-4ddb-b62f-fe041b4ea954_13.png,1.3351767731488355,0.99988306614841,1.0831653943139226,-0.5992449537847775,-1.2137665575720422,-0.48895893236638116,0.2100341100380092,0.13700917146082006,0.5880706825987169,0.48666511233585097,0.3589521396890952,0.6878088592471294,-0.6828884076904953,-0.4758610249296431,-0.29448975656606785,-0.6086085938594554,0.2696497764086949,-0.7022974455076522,-1.5167329893492048,-0.029050342992042493
48a4d49c-a4cf-463b-ae33-31db1940e1d3_94.png,-0.3458853997730308,0.01479533295446707,0.34547628626960714,0.5160123977479055,-0.0192571548093084,-0.16984513625176553,-0.5326933864749573,-0.1678989962245123,-0.6079293966163045,0.6016062601025424,0.3658896702308987,-2.7235482426861743,-0.7579407707662589,-0.4174355893842627,-0.21426518950070544,-0.6335529256461861,-0.550279226853303,0.6768181727335296,0.719676930886456,-0.029050342992042493
4af4cf7a-5d36-4d0a-9b11-fcbd77f87c6e_54.png,-0.5610689662709387,-0.43710531541613495,-0.7032685200162907,0.13238847620168764,0.6620079939238088,-0.28479535536421746,-0.6160291071395475,2.465147554460929,2.479567586177286,1.0397749856529461,-2.2064760278929634,0.7593176307276991,-0.7776913926283019,0.4888711668806635,1.7441940078165068,0.8781048926768876,0.34418117143679294,-2.3286926830779273,-1.2666255901114043,-0.029050342992042493
95815a0c-6ff2-4053-978b-a34ec048fcec_2.png,1.4169775704426208,3.294055112145455,1.5004835961171035,1.5274096318619461,-1.7438882775733386,-0.6850356584161884,0.2127162392907015,-1.5590905691553085,-0.7355704057189777,0.6284565013648262,1.8475957841294723,-0.16640055161191325,-1.1055517155382164,-0.5720492419860621,-0.6300343517726341,-0.8824766062961472,-0.7378258374385981,0.578263524714646,0.5142538126380543,-0.029050342992042493
580d287a-e8ba-4363-873d-175443ac329e_5.png,-0.9803738931353644,-0.025386336041721545,0.6870549416528956,0.7469466251334608,-0.459022143772184,-0.5782550177757337,0.04553346230323551,-1.22340451271646,-0.5796545133125718,-0.8136913349600213,0.9193181501442587,2.002357032391637,-0.24442460235313984,-0.5278739126712623,-0.5968617298157084,-0.7843530644724706,0.0835665395110833,0.12567525230502816,0.4017312463110829,-0.029050342992042493
372d139f-2c82-4ef1-b50b-d092a9b46c49_11.png,0.34412118216788906,0.5518862095440339,1.4117630461940351,0.530446173374501,-1.6080255206547092,-0.6484980244394114,0.7217236753248715,-1.972777685402767,-0.7545234396501016,-1.574204684279591,1.6586161888736748,0.25775688995764817,-0.5446340546561941,-0.5538803565420719,-0.5898217668683414,-0.8126607933119813,0.004794938092133225,0.6622054572117841,0.6892188079171702,-0.029050342992042493
00367bac-0715-41b8-93dd-c21b8877a1f3_40.png,0.007425182667420106,-0.10889514568612847,1.228786652662111,-0.39709721194917674,-1.4140082713197681,-0.632276098801849,-0.525652758751909,-0.22715324170436846,-0.5498432984963517,0.5416629096179846,0.15544479520747792,0.3043461117194975,-0.5248834327941511,-0.14703982365899576,-0.2281036224663329,-0.52095296333873,-0.7365642756242929,0.5069047639167887,0.3655166454713775,-0.029050342992042493
578fbdd2-3bf8-444c-8c21-8d2666ef631c_76.png,2.0581308150742506,2.3955968773261196,-0.6139067906388823,0.6035605089682775,0.4532537294977316,-0.32174795457556654,0.5460744958413741,-1.3582980506876048,-0.7698164572269286,0.29240122186075934,1.7837221609273375,-0.9663137739010551,0.39154542160464606,-0.24750307258458898,-0.29504801973674405,-0.1949063771543384,-0.0035473112575578137,0.6721908128183102,0.7100318586128501,-0.029050342992042493
16c36170-95cc-4260-985e-1bc7fbeac4a2_7.png,-0.635261566725912,-0.6406356962461897,-0.612732110921498,-0.5623324584113351,1.1388495051647822,0.04574394002707089,-0.5572571766548369,-0.26101108159132924,-0.512873345339074,0.1947033320693923,-0.07612850080487565,1.740156756373704,2.915674895573747,-0.4452232965338948,-0.5042850422799118,-0.053797385487433055,0.09654700641553228,0.6768181727335296,0.719676930886456,-0.029050342992042493
95815a0c-6ff2-4053-978b-a34ec048fcec_6.png,2.162088563180535,1.8699052963365892,1.1397653362538276,1.5782776406516403,-1.3029965568851911,-0.676258186396481,0.11471905248417287,-1.7536807549696432,-0.795337707813781,0.32343546544104756,1.843715481003769,-0.8188533685547212,-1.1608534567519369,-0.5741867579206492,-0.6382049294440107,-0.8873735956482872,8.636623766767892,0.6768181727335296,0.719676930886456,-0.029050342992042493
855258ad-52cd-446f-9db1-1bc38d82eebd_12.png,0.3612113376139973,-0.21585487599072106,0.5953962507252573,-0.23623287806385626,-0.38862534294454565,-0.42621279147483937,-0.3468377873635939,-0.971294334465876,-0.6294446952302267,-0.21076102966337182,0.5581919985507917,-1.1589704498148352,-0.4300804478563444,-0.545686545459488,-0.5431426634334224,-0.7591311017773866,0.9006138899957663,0.6768181727335296,0.719676930886456,-0.029050342992042493
4af4cf7a-5d36-4d0a-9b11-fcbd77f87c6e_12.png,0.27752781081167116,1.4544640348523186,-0.8390654729271222,0.5205611708652488,0.8277628961930584,-0.3170892378238233,0.37761230353573133,-1.3569381735788695,-0.4894907774078419,-0.003166428304306356,1.3919943103408157,0.6958877123410271,0.8181588538247758,0.3221449239828705,-0.03680728654299913,0.607477260257802,0.19155533045619172,0.2574332372594335,-0.15447119833203451,-0.029050342992042493
386822e1-0d1f-45b2-97d0-ac0273ee2394_45.png,-0.10773144032427182,-0.15451472095106517,0.5934732323019635,-0.5959239831301301,-1.4284013729453433,-0.5978928905618139,-0.4232457246747034,0.18040403028684446,0.5908043645705684,0.6945980668236011,-0.3246415564217648,0.8064247684170306,-1.0146988549728184,0.8843116147792751,3.535923398548066,0.42975702453329756,-1.22891966466046,-0.6992937206504044,-1.7242996234699552,-0.029050342992042493
273317d8-7414-4eb9-bb2a-b42c7082fe9b_40.png,0.5449728119066328,-0.1252737563172678,-0.5054339717310281,-0.9340388465394833,0.8773426338955599,0.7101132624349772,0.2923769847371123,-0.48821339371512207,-0.5653324626646251,-1.055031397189373,0.48122962342606507,-1.0445663019921383,0.7747074857282811,-0.41280430485932396,-0.375621389497706,-0.19406644745839688,-0.48683536598436894,0.4828749650588073,0.31542995436632926,-0.029050342992042493
00367bac-0715-41b8-93dd-c21b8877a1f3_79.png,1.078091869767852,-0.7975079136201182,0.019547753332252952,0.007314654365856558,-0.3443302829748051,0.9589709087294247,0.5896785441713998,1.184882903011581,1.2460883713393112,-0.090664020433269,-1.2059113771965155,0.26235936220166395,-1.0028484818555925,0.13760604829685172,2.257229855264121,0.13770811594326982,1.2148925424580044,-1.272193350855727,-1.4089799977437225,-0.029050342992042493
a6a04226-e7be-4c2a-8240-4e24256bfed9_95.png,-0.23403359518029826,-1.2846389590924248,-0.6444526673293396,-0.6341543114167862,0.9367539855689785,0.4560236179588853,0.270819405459855,1.544571249974647,1.0608701535843996,-0.5571240855295345,-1.6209980972558165,-0.21721420424214655,-0.6275866664767749,0.643484819482463,0.6720693762377773,0.21801007481097961,-0.7207381101371105,-1.1895503264049663,-0.7525550517222249,-0.029050342992042493
4af4cf7a-5d36-4d0a-9b11-fcbd77f87c6e_69.png,-0.7592724211194003,-0.5712029872725486,0.9273955123868466,0.8990553755359029,-0.9737885723240283,-0.6184095046383769,-0.7266866942647292,1.7386833866861562,-0.3046802885561167,1.0403145542279904,-1.0374338233801683,-1.3125697463301784,-0.8566938800764741,-0.5642116835592428,-0.49120705897728234,-0.8046021245349358,-0.9369200545234985,0.6768181727335296,0.719676930886456,-0.029050342992042493
90bae25d-a144-44fe-8481-52b9f3c73315_1.png,-0.4724254925568918,-0.3244884896312732,1.276980410934185,1.9927189611521425,-1.5801891354957278,-0.6448134375529704,-0.600784048045458,0.30607720391143695,-0.3299255503702647,0.7268316367908076,-0.4515802478880264,2.125736711430675,-0.9396464918970548,-0.437029485451311,-0.42442173425331137,-0.7954146187069048,0.394006565354673,0.2937214808051015,-0.0788335262916434,-0.029050342992042493
92da35e0-d1db-40c0-86e2-73b0de7f8784_2.png,-0.3052418844814138,-0.17906485399661867,1.1893420253666998,1.7090893869264743,-1.4403867270070247,-0.6794193165471971,-0.3927848168819167,-0.9054733144964163,-0.6369013952210968,-0.07729918606466434,0.5222539564654601,0.5435342299227405,-0.979147735621141,-0.47443601430658505,-0.44151671613664656,-0.8154370166763831,0.8755438256671325,0.6768181727335296,0.719676930886456,-0.029050342992042493
3dbb185d-309a-4682-8409-24f5556e96df_64.png,-0.4762320689793858,-0.7693632942390932,0.313630470993198,-0.2107820566914399,0.03716619143394609,-0.35712043099902924,-0.6461401051433207,0.3467514651031336,-0.4942304277219638,0.5664401745837362,-0.40617500749423,-1.298297487761668,-0.6275866664767749,-0.3529538586908854,-0.37254343557358377,-0.6749991626640003,-0.7297899573592259,0.6768181727335296,0.719676930886456,-0.029050342992042493
505d1bd8-e981-43ac-b532-853c95be827a_82.png,0.9254315216196937,-0.26817495350184134,-0.5110034150727405,0.4985468261258094,0.670333104759536,0.23000701512220906,0.39016447165251006,0.2399127757014852,1.1211530294059175,0.16820813024042688,-0.30158371163181946,-0.2897360437377342,-0.19307298551182792,0.18356264089047417,0.1542164158613918,0.26977884226969656,-0.10765357456759188,-1.2776325282999323,-2.036430843198703,-0.029050342992042493
92f1a624-99c9-48dc-9309-0fb5c6bc0e7f_17.png,-0.7880186953979136,-0.5771041523584007,0.4319790069933093,-0.9716851352704327,-0.642365821996595,-0.32348429602152307,-0.47438113537036547,0.6620278865916325,0.47153978996777063,0.6170687309830503,-0.6540308240363928,0.3690132304478373,-0.7737412682558933,-0.15345237146275703,0.4999243182587825,-0.18294759260521729,-0.7444454326937179,-0.5582810158655602,-0.05266757174648697,-0.029050342992042493
48a4d49c-a4cf-463b-ae33-31db1940e1d3_53.png,0.22488357197324477,0.04364541706815118,-0.5554748313283049,0.326228728338121,0.4337021027248404,0.0701304641311667,0.32173558445115275,0.10973998353661757,1.6941044223867716,0.17281011733137602,-0.3322284102843327,0.15343664806486357,-0.1298709955532902,-0.1666337197260441,0.20366450330585464,0.49405903086846514,-0.34628395634575343,-1.5655842058312173,-2.0780718158063487,-0.029050342992042493
19369012-66cc-4209-a974-c98c915c0a70_0.png,-0.6710863199026826,-0.5651611095545546,0.345533257079117,0.2529414308455919,-0.7402490485789958,-0.6028347497119168,-0.46561340458502515,0.3583924187891169,0.7807428077592456,0.6261182943714257,-0.673928351536971,1.4915658198759405,-0.8764445019385172,-0.12388340103430229,1.317716061531026,0.0870001639288039,-0.606549571679461,-0.8492364182540931,-0.004929333769569854,-0.029050342992042493
a5f7c55f-08cd-4cf8-8e07-7d416d70c470_60.png,-2.108290455094351,-1.4722734442361458,1.2983037115230207,2.2502441211346915,-1.6504837430860964,-0.6841488009275493,-0.6389583450888512,1.2256819381084514,-0.004012114716699916,-0.15948958934093466,-1.463366753607438,2.232158803152585,-0.9159457456626032,-0.0626079442428057,0.7132132393262868,-0.345480597545856,0.43857594442832143,0.29688756916814635,-0.07223426631496414,-0.029050342992042493
48a4d49c-a4cf-463b-ae33-31db1940e1d3_89.png,-1.0491558554204223,-0.4445307678988525,-0.33519951783094787,0.5997199281918382,0.5506478393306822,-0.1470849991666098,-0.562673398916235,0.14659278186470726,-0.542572951399151,0.426933118129763,-0.004585788311536176,-2.3826653942523035,-0.06666900559475247,0.15221240718319684,0.17881982730705148,0.21174628256934874,-0.6721477938806559,0.6768181727335296,0.719676930886456,-0.029050342992042493
92f1a624-99c9-48dc-9309-0fb5c6bc0e7f_13.png,-0.0010813081887213849,-0.13779881969957194,1.3838091559429213,-0.8386696848680608,-1.5199144985583168,-0.635163494437172,-0.5369387330978993,-0.3379743069554367,-0.5630134684079753,0.49955326387954413,0.1611395010106193,1.6614867737307422,-0.9159457456626032,-0.5709804840187687,-0.6218493779427043,-0.8664142960959794,1.9333326857466366,0.6768181727335296,0.719676930886456,-0.029050342992042493
16c36170-95cc-4260-985e-1bc7fbeac4a2_2.png,-1.8542991605418393,-1.1656450561774048,-0.534358065102059,0.1607771876192153,0.7970776156242563,-0.6683559150918623,-0.5875108443792624,0.3116731674120861,-0.35725560225054065,0.05486722339492711,-0.6910481470305786,1.7080316706814385,3.207984099131984,-0.09288941998278948,-0.49155974341455283,0.0890613700684935,0.27193425426137663,0.12323979971807056,0.17577077216651724,-0.029050342992042493
386822e1-0d1f-45b2-97d0-ac0273ee2394_76.png,0.4500801622412713,-0.227427056594126,0.7070954803573242,-1.136402389582105,-0.6988406099091563,-0.5230899870939724,-0.3443785795494206,-0.6495699794719423,-0.6176490724256948,-0.06261306799201963,0.4505226403162437,-0.5715409004326474,-0.5130330596769251,-0.18159633126815372,-0.3071017410082188,-0.581544710852398,0.40665362297062274,0.5921456044603042,0.5431890294588744,-0.029050342992042493
19369012-66cc-4209-a974-c98c915c0a70_2.png,2.086303178712137,3.174161632963706,0.6532918577210203,0.8855554678806936,-0.8819922555019704,-0.5835278570467137,-0.39392924942559676,-0.5283830546282561,-0.7494226886211295,1.0083165427885015,1.344382124686256,-1.7518697163053054,-0.8053422632351622,-0.4288356743687271,-0.1255846883130127,-0.6135585281888896,-1.032031693691921,0.6655339090806262,0.704611288946206,-0.029050342992042493
07a9fdc8-46e7-4ddb-b62f-fe041b4ea954_18.png,-0.8261774218155817,-0.3386887349641727,-0.2664002872296658,-0.6347694383483863,-0.00017746217279299929,-0.2652934415561811,-0.27329984826922543,0.8632172898891782,1.0419829590378953,0.39403129675550264,-0.8185711832840857,1.0606113152432648,0.05183472557750578,0.3246386925732221,0.24260287937012018,0.6696298830440084,0.46649803293932735,-1.3149761346332818,-2.732140234668777,-0.029050342992042493
19369012-66cc-4209-a974-c98c915c0a70_52.png,0.8436261671886649,0.5371275369498718,0.55538172465009,0.6345275366981736,-0.4217245423601344,-0.6143275827557536,-0.2992712720291607,-0.9956492955290387,-0.6070653805394052,0.4080894368318911,0.7361873596947349,0.5350932858059994,-0.44588094534597883,-0.5022237214562172,-0.5265147579268223,-0.7449006644122956,0.25136655215814563,0.5172960282878077,0.3871757551384244,-0.029050342992042493
a5f7c55f-08cd-4cf8-8e07-7d416d70c470_42.png,-0.5789775714833094,-0.1407745569709906,1.0578233898700093,-0.6609031123842026,-1.0453670054118775,-0.4954219203012501,-0.257657835275649,-1.0994397645843972,-0.667006230713003,-0.3442602953547929,0.7656452630361691,-0.84984481454296,-0.5248834327941511,-0.43845449607436904,-0.4315158056826306,-0.6863093788289747,0.22928204634546867,0.656928643273376,0.6782200412893739,-0.029050342992042493
a6a04226-e7be-4c2a-8240-4e24256bfed9_53.png,-0.5791188562857404,-0.5651743465498448,0.09905750042362317,-0.6303224159089891,-0.006905250091624321,-0.0446643822834089,-0.578404273007373,-0.1436833066966121,-0.5130555263575375,0.42160127692830845,-0.09135183252498334,-0.6580284672879506,0.10318634241881769,-0.16485245644722152,-0.26365250304397575,-0.2708504706816721,-0.4181748425462825,0.6768181727335296,0.719676930886456,-0.029050342992042493
a5f7c55f-08cd-4cf8-8e07-7d416d70c470_16.png,0.33316816391325266,0.5114666131765004,0.7309093688123842,0.1191503933242177,-0.5161075681056702,-0.627892895090525,-0.5577746618700474,-0.28734859393778256,-0.6509423165189616,0.8409129658438002,0.5698222689852069,0.8789346758249775,-0.797442014490345,-0.5207488595559719,-0.4469597904699829,-0.7697883727361873,-0.46662958563928314,0.6768181727335296,0.719676930886456,-0.029050342992042493
a3283dda-4e12-48f9-90f3-8f3223c77d46_42.png,-0.09247261045398149,-0.1862168999204894,-1.6055659288346917,-0.12683040184214303,1.276823447483743,1.253315459760065,0.9449341430194167,-0.37250576959484977,-0.42921602457202934,-1.9129502209396865,0.4402476761037519,0.27648570363046876,0.6957049982801089,1.2580206506762515,0.5173591044306725,1.7043860035587435,-0.144512685526005,0.42077092409138883,0.2256821225879454,-0.029050342992042493
4af4cf7a-5d36-4d0a-9b11-fcbd77f87c6e_14.png,0.8962321453892734,0.834472985212841,-0.6823031686477707,0.9187649536419069,0.9112076246862405,-0.3328742757037521,-0.07496526076848667,-1.1087906531698422,-0.5188713479881438,0.2894006662708586,1.1043142160033363,0.08072312521710344,-0.04296825936030082,0.15969371295425167,0.18555800639233155,0.28261551207778113,0.18161977265662682,0.19670928609129104,0.13570356849212947,-0.029050342992042493
22df8deb-bec0-46ea-b532-d6d7e8d8d57a_35.png,1.6506347299841428,3.2165250294941816,0.06584341656224618,1.4077600330954174,0.21962977357162727,-0.6228660821198851,-0.3990742762266173,-1.036729180960005,-0.7427766701271827,1.0299046216575656,1.3587566588194977,-0.030740618277885542,-0.8211427607247966,-0.5720492419860621,-0.6141509646230265,-0.8552444512009837,2.3556849413868552,0.6605818221538123,0.7044349773226753,-0.029050342992042493
a5f7c55f-08cd-4cf8-8e07-7d416d70c470_34.png,-0.6459820728789146,0.472075920485592,1.3938283620642493,0.20590928264233013,-1.5882132658208052,-0.6509691451907524,-0.09491473090994439,-0.9869341899310801,-0.6647985976979834,-0.18912770993511374,0.9186413588961332,0.7157644280670165,-0.836943258214431,-0.3497475847890048,0.13280322961968807,-0.5141914909076193,-1.1817080043643848,0.6768181727335296,0.719676930886456,-0.029050342992042493
a3283dda-4e12-48f9-90f3-8f3223c77d46_83.png,2.766062321276778,1.1505088655504994,-0.36899269950423647,-0.3928766759170679,0.6330439448758157,-0.41316387972766333,-0.24331706852733145,-0.2987107295009914,-0.6169965981372247,0.7363916173733001,0.9664393301414007,-2.15295301743023,-0.7144894026697642,-0.45270460230494963,-0.16499801134835942,-0.5758334440156149,1.005268055162333,0.44431363243197886,0.3706078836946297,-0.029050342992042493
44341a17-f4a0-402e-8f84-ad64321de876_17.png,0.646120309200883,-0.8700810435203263,-1.440228695777201,-1.4346430431150499,1.4891359045143329,1.775865192584386,0.6990831590731807,1.5834586602160554,3.010319700628701,0.1631779014143856,-1.9900940928201933,0.4811823676914622,0.7865578588455069,1.1800013190638226,-0.07183603732481683,1.1161353302405073,-0.6018040207208898,-2.841111907373803,-0.6445247276580529,2.127981876788839
81faa7e7-ef94-4bfb-ad32-94fd63e1848b_62.png,-0.5935567610354706,-0.31856136317739797,0.9803625094534122,0.963553116462256,-0.9469050149973042,-0.5646702920762036,-0.5322463136865342,-0.3388973149282722,-0.5993785879098237,0.378511493679662,0.23236696222890119,0.2690611923807832,-1.03839960120727,-0.5446177874921945,-0.5570174270663604,-0.8598423123380524,1.497361345767297,0.6768181727335296,0.719676930886456,-0.029050342992042493
2ec83b5a-f1ad-4dae-bb33-773f1eee7923_8.png,-0.18115587918688358,0.6942101499524168,0.08206006233271365,0.2250672058785598,0.09508055427541368,-0.385128925965805,0.03395999617101701,-1.4814426686517694,-0.7311077902975375,-0.19472161426083986,1.3307454802622396,-0.3402256300481805,0.36389455099778584,-0.14810858162628932,-0.31884404261908206,-0.2462768717344972,0.31363484933976776,0.6768181727335296,0.719676930886456,-0.029050342992042493
8b0863a2-01d3-4fdc-9994-7b50b25bc730_30.png,1.6434287130584218,0.23767690245122075,-1.5437646591307137,-1.6950198978736128,1.458993510649746,1.3896742275605487,7.80300304442368,0.010907212284795723,1.1459149231750188,-4.019443820286043,-0.07940099091301708,-0.02900763830626901,1.4501787534101531,-0.10357699965572494,-0.2869259490858287,0.5277439104803625,-0.6371298063646974,-1.2224289363288936,-2.0425296200452205,-0.029050342992042493
19ef2be7-6425-4194-a4a4-1b4a7fbefc4e_117.png,0.24300963913576076,-1.2753263556096845,-0.6321319611586661,1.2392890403259673,1.0919163911336414,0.8285248692454504,0.830097317008233,1.8645068813579684,2.6840448206893903,-0.3897069250574017,-2.1994178879923125,0.06181526662098446,-0.8329931338420224,0.022536440484913378,0.9556539494818883,0.19875806741535593,-0.4085043897581067,-2.522554708999751,-1.5087864280829122,-0.029050342992042493
855258ad-52cd-446f-9db1-1bc38d82eebd_26.png,0.5782795891192261,0.05262148996786104,-1.166835542422302,-0.1710286084456787,1.1665147819867414,0.4541122845320732,-0.0855000667361293,0.19069881587320606,0.9392242561997527,0.5486069673798516,-0.28485516880708683,0.2958466839252493,-0.24442460235313984,0.5590529400662729,0.6141151772252436,0.786449756275762,0.60443371040564,-1.0161461022135863,-0.9256449610895132,-0.029050342992042493
48a4d49c-a4cf-463b-ae33-31db1940e1d3_71.png,2.344633190546674,2.316568065636105,-0.6733802443759244,-0.46786488783025526,0.5609947542534839,-0.28168666627924993,0.2779679579069309,-0.9827386567702681,-0.7188570545458868,0.5362665922618042,1.6879611046684013,-0.6717457182324372,0.15058783488772098,0.0752618335380616,-0.17751554481848833,-0.10815077880407192,0.47797903713760925,0.4921296848892461,0.3347200989135435,-0.029050342992042493
19ef2be7-6425-4194-a4a4-1b4a7fbefc4e_75.png,0.3998280887396898,2.4220833670293187,-0.6306279074635152,-0.4132042820889072,0.9482269047967277,-0.05160322866628935,-0.29131097806802875,-0.5944099391405011,-0.6871169320671102,0.8304958950694971,1.1373998746430032,-0.5734747848798413,1.8293906931613795,-0.37931655521745955,-0.3397904161328789,0.26772341696767277,-0.47402212647200687,0.6234005793262599,0.6083355702542902,-0.029050342992042493
19ef2be7-6425-4194-a4a4-1b4a7fbefc4e_83.png,0.11580986963667166,-0.18096132933653503,0.07320129639123892,0.013389584522531837,0.3443644252487176,0.19716207424637097,-0.5979186619964106,0.06242274953106914,-0.5799339771714168,0.7028485890265386,0.1499853988770784,-0.49655298278576154,-0.01531738875344056,-0.4163668314169691,-0.4066770219275996,-0.5129481426290926,0.013274482937280367,0.6768181727335296,0.719676930886456,-0.029050342992042493
89bc92b0-73f3-4d37-8aaf-292e4f4f1595_23.png,-0.4116172440648352,0.008948966130805971,0.06089044584838854,0.4000796628784186,-0.20487344979197622,-0.4715826275407794,0.16247251434911586,-0.5127573045436818,0.45292727009124983,-0.25502032476833847,0.21387990792863518,0.3679468649993605,0.06763522306714022,-0.32944118341042744,-0.10098265394582906,0.05584362489988024,-0.22913711358869962,-0.6356472263779129,-1.1221088677127404,-0.029050342992042493
3dbb185d-309a-4682-8409-24f5556e96df_90.png,-1.0567122181306634,-0.8763391849617451,1.0873831322637266,-0.5907596526543022,-1.0934411369446597,-0.475162445743145,-0.3552005698254449,-0.5942167272452902,-0.5670964574176856,-1.0507840160960689,0.15207893800281874,-0.7491652488031949,-0.8487936313316569,-0.23182795573095033,0.0897483405053211,-0.5425817786626028,1.3197399286450475,0.6410170197052532,0.6450545296117072,-0.029050342992042493
10b42c78-10e5-441c-bc2d-1bc4a35bb63d_1.png,-0.6030955017145142,1.3847409196231724,0.23263977374861,0.5102433010654894,-0.07995395013468545,-0.5249279838130395,2.313813215335871,-0.10530412026697855,0.10312084119306025,-1.7022017296790393,0.17964841577442678,1.2260290325757133,0.5100491527769043,-0.5168300803425623,-0.5879730074896714,-0.673165000867154,-0.37104006571389486,-0.3432305524372055,-0.9356097654223728,-0.029050342992042493
578fbdd2-3bf8-444c-8c21-8d2666ef631c_86.png,-0.9603371944397036,-0.1787184548386184,0.8931763783343031,1.6880776357388478,-0.9956432073396698,-0.5421707967150389,-0.6043843061470029,0.31891904763389195,-0.46030128378211677,0.7942008022424427,-0.18936974393949452,-0.16510574434828798,-0.2246739804910968,-0.5243113861136172,-0.3857133166285238,-0.5531432154430393,-1.00425636822356,0.6724343580770059,0.7105394939956712,-0.029050342992042493
4af4cf7a-5d36-4d0a-9b11-fcbd77f87c6e_18.png,-0.7951773796285944,-1.082328106067225,-1.001916172986029,0.3357227025075663,1.3437931737899254,0.24273424790201056,-0.1491132359097819,0.30020573600063505,0.6914362518829433,-0.17944303183297872,-0.6788008125231174,1.885850662581531,2.4456100952571225,-0.12495215900159583,-0.41941183224595563,0.3528455836406671,0.49831867894063475,-0.7557962206678204,-0.37055592446576013,-0.029050342992042493
a9e37804-c00a-4e4e-b99f-e267a0056a05_29.png,-1.236778803857638,-1.24715486739868,0.6909550855784111,0.6157952108216356,-0.7137380435886154,-0.6468596759948215,-0.5439747486532542,-0.21583504511449597,-0.4414891853159008,-1.0528534131209704,-0.4265728672102684,-0.6535509424409328,-0.5801851740078715,-0.307709771408792,-0.17598297874632113,-0.5161453239167327,0.33395236019204844,0.6768181727335296,0.719676930886456,-0.029050342992042493
92da35e0-d1db-40c0-86e2-73b0de7f8784_5.png,-0.4791493998465541,-0.4739945494040324,1.1497553658867417,1.0491921059721612,-1.1601900435181698,-0.5634058400159171,-0.6170643850478147,0.26218776337500443,-0.5210267559225495,0.620056339022206,-0.1425053641087059,-0.09696982868183575,-0.927796118779829,-0.5203926069002075,-0.5098908962984562,-0.8266271511831238,-0.28083270771281027,0.6768181727335296,0.719676930886456,-0.029050342992042493
90bae25d-a144-44fe-8481-52b9f3c73315_2.png,-0.9453364191457897,-0.5480253904629252,1.8524769246328276,1.868093506563372,-2.031230511497314,-0.6917477241349899,-0.6782331053439131,0.704232094171357,-0.4653043853767929,0.7863122984185777,-0.4974616823223591,0.24722705675631299,-1.200354700476023,-0.5741867579206492,-0.6304026900509573,-0.889149807474754,-1.2928447934791976,0.6768181727335296,0.719676930886456,-0.029050342992042493
81faa7e7-ef94-4bfb-ad32-94fd63e1848b_15.png,-1.1610917185650187,-0.41579081264756135,1.6304696105151009,1.2176451578858036,-1.6908762102500534,-0.5413479804569512,-0.526773515501429,0.18226826764900064,0.037071485892726935,0.5731627641973285,-0.2621089949009346,0.7369448750230387,-0.9040953725453774,-0.48547984663528504,-0.37999479688370935,-0.7608207593477272,-0.13531636972600206,-0.18249068169800492,-1.0714299115018,-0.029050342992042493
a6a04226-e7be-4c2a-8240-4e24256bfed9_105.png,-1.8687516747965691,-1.3949828706670098,-0.5708942908110455,-1.412169452547702,0.6654419148690108,-0.6617181414938983,-0.6179640652258931,2.230088088705078,0.07964789829326652,0.3121982423190896,-1.7647876263180873,-0.4011143427287014,0.43894691407354935,-0.26780947396316634,0.03729264262012278,0.5036264595551063,-1.1510394751701956,0.03759305041006216,-0.6126967372255055,-0.029050342992042493
273317d8-7414-4eb9-bb2a-b42c7082fe9b_23.png,0.55805081191546,0.5463508152692473,-0.8680987532584288,-0.10883299342737449,1.1282907958287303,0.0179668491522664,0.24816044053739006,-0.09791862669528231,0.35623525603673395,0.12557287826589564,0.3183239683574446,0.3166766857069804,0.36784467537019444,0.5996657428234277,0.0628219662837199,0.5737419836870267,-0.15019556646837998,-0.5522735661510649,-0.2851479492004756,-0.029050342992042493
a653df7d-134c-48e9-9911-e3a0e5f096f4_78.png,1.1087522364497724,-0.03239946234256669,-1.7507035443010606,-2.1193308886112976,1.4608576983487858,1.9678539484143645,1.083214309938806,0.8552746839171174,2.9927147041754854,0.18371687286866506,-1.2606404641015034,1.024862982890071,1.6990365888718955,0.9288431967498395,-0.16392130289586676,1.5747529474067337,0.2825860697699876,-2.8396506358216285,-3.7429299627691215,-0.029050342992042493
19369012-66cc-4209-a974-c98c915c0a70_40.png,0.8654499929041396,-0.5455979054147567,0.8709337783887336,0.37215056951060377,-0.8061485728078271,-0.620555380746186,-0.47924359003069766,-0.7641416054159644,-0.5904866635661553,0.056301704623985656,0.3058380142267256,1.7034020270851435,-1.0344494768348615,-0.5709804840187687,-0.6072198066084827,-0.8719000442336692,0.02594346103016054,0.6664269083625106,0.6980178212194091,-0.029050342992042493
a3283dda-4e12-48f9-90f3-8f3223c77d46_57.png,-0.3457360846087582,-0.3866634120131726,-1.1954130407184997,0.13231019850504852,1.3113827721600146,0.9309065925819272,0.11804042817918411,-1.0419411632413214,-0.09578569605335129,-0.5264910325505074,0.6448197618153174,0.451056690751029,1.6792859670098523,0.05709294809407133,-0.18708977423097192,0.8052433178597087,0.06560200267263762,-0.14051971544943587,-0.542432048158133,-0.029050342992042493
6764beec-de30-41fd-ac4d-374023ed0a03_11.png,0.07110052969101838,-0.7986391281970847,0.2227599760008098,0.11269862714375649,-0.18148324029931961,0.08430972786580702,-0.2862268318805625,-1.2375498700009584,-0.6299419751319699,-1.1834964700816573,0.5391242669030427,-0.5479314219261583,0.37574492411501165,-0.16200243520110538,-0.33132157528050843,-0.26445610810639175,0.870150986034848,0.6768181727335296,0.719676930886456,-0.029050342992042493
44341a17-f4a0-402e-8f84-ad64321de876_57.png,-0.19094353401098235,-0.3478435297556737,-2.73985580187426,-2.4191915621140074,1.5540446797298202,4.006317277980069,0.06219076714507404,1.4260077295628912,0.9940566535356663,0.29013149927499887,-0.8617370413024382,-0.4248367143114376,-0.16937223927737627,7.6445620105667125,3.4336631537314237,4.80416906342268,-0.438370944162567,-0.9493335195780498,-0.10676063977900499,-0.029050342992042493
824faab9-9bc0-41fa-93a5-24d93dec52b5_34.png,1.0430177095401612,1.2057046364275008,0.5822002099495213,-0.1770172003370324,-0.4391315870752606,-0.6027585424296498,0.5184405393668555,-1.6268338137746332,-0.6293834449606004,-0.20286705450850698,1.6854946297424036,1.1380659295647195,0.26909156605997925,-0.5638554309034783,-0.6055309068686306,-0.744197430527735,0.5207229204441247,0.593363330753783,0.5457272063729823,-0.029050342992042493
19369012-66cc-4209-a974-c98c915c0a70_29.png,0.14265148583096202,1.265795469315132,1.1331306027885104,-0.6816403305542202,-1.0808604308660918,-0.5523418844884108,-0.2445445200894945,-0.7401068756432283,-0.691214041709333,0.5764107818754264,1.0830147015070255,0.13313692009670067,-0.8645941288212913,-0.546399050771017,-0.582756514680493,-0.8456326177263183,2.8473864449753297,0.6768181727335296,0.719676930886456,-0.029050342992042493
a3283dda-4e12-48f9-90f3-8f3223c77d46_60.png,1.4658698447713123,1.6031896914599344,-3.4894412968803223,-0.0470329510276694,1.7467560013805585,0.3436337469388185,1.0760860510295815,0.3007168852453427,1.383032966291711,0.3832725732146227,-0.27223779556233674,0.8095517607563211,0.6404032570663885,2.87148892863374,1.0145527716996001,3.380728163267553,-0.39185309579042055,-1.5055908904391622,-1.597034769182944,-0.029050342992042493
519d608c-1d5a-448f-8835-1d3a5261bbba_58.png,-0.6107487296443026,-0.08075262273313773,0.45827392893003693,0.2522814004475295,-0.23770176052784658,-0.44058950222514803,-0.6537003704265031,0.7356550119050621,-0.48596632238141046,0.9374746014740211,-0.22089463970351275,-1.5394058674726676,-0.4893323134424735,-0.5164738276867978,-0.36981142297395225,-0.6218313428119777,-0.6033547737506791,0.5162406655001262,0.3849760018128647,-0.029050342992042493
273317d8-7414-4eb9-bb2a-b42c7082fe9b_50.png,0.7394785899024116,-0.7208557930911594,-1.8872552356711163,-0.6902778954195382,1.6217662917156397,2.9556343559014677,2.1811220732274634,1.9844033166566593,4.033421897988416,-0.6734958220163838,-2.58929405778592,1.2454801226444352,1.1420690523622816,0.3356825249019221,-0.13166595476207188,1.5379601506483258,0.32209240239609266,-3.725018832933609,-2.553627571351361,5.2211619830273515
19ef2be7-6425-4194-a4a4-1b4a7fbefc4e_16.png,-0.9472719771332658,-0.7046006450372467,0.45753150767197115,0.17316888616124348,-0.19416540984902733,-0.5918560113723618,-0.6235875275556525,0.08210906753579178,-0.505050497501948,0.45385255802535424,-0.29237297011386554,0.20814430413771529,-0.24442460235313984,-0.4779985408642302,-0.5074220589066718,-0.6909245676410627,0.1585894061701668,0.6768181727335296,0.719676930886456,-0.029050342992042493
a3283dda-4e12-48f9-90f3-8f3223c77d46_63.png,1.6781299365269273,1.6291308644397475,-1.1179708641083321,-0.05594135044223246,0.9211103204806297,-0.06826023039445549,0.8168837640442064,0.23739618331329665,1.872702815741558,0.5121313001592334,0.0016995525077842545,0.9845215337540145,0.42314641658391494,-0.11070205277101523,-0.21112848981103688,0.2343615771364143,1.0994790943171833,-1.834376989678436,-1.158712644068147,-0.029050342992042493
3dbb185d-309a-4682-8409-24f5556e96df_93.png,-0.19495607049614003,0.1702263485413113,0.5137137537617468,-0.48935968297352883,-0.5325547567404473,-0.5785792647393543,-0.6209281516635813,0.15256982505475347,-0.5236354133134258,0.912065477977787,-0.01603389786516087,-1.01480899648294,-0.4814320646976563,-0.2777845483245728,-0.2182065012048002,-0.4974950997388317,-0.7560392452737066,0.6768181727335296,0.719676930886456,-0.029050342992042493
8b0863a2-01d3-4fdc-9994-7b50b25bc730_39.png,0.9640820138341861,2.62212612612912,0.3579860707728927,-1.1708660192005698,-0.19154039885668608,-0.5149587529110197,0.4006181034687472,-1.3961090866070343,-0.769391363714156,0.4164186172349677,1.8771114117834766,0.15218197028724387,0.735206242004195,-0.37682278662710794,-0.48545976840366517,-0.45128841844891127,0.80137544184302,0.6712978135364257,0.7081705288758362,-0.029050342992042493
48a4d49c-a4cf-463b-ae33-31db1940e1d3_67.png,-0.9149317622220722,-0.05216765193722648,0.1563367824777608,0.5820414479247696,-0.0018191716784602887,-0.5080860623783857,-0.5520641833098041,0.2489500662835472,-0.5291772458310144,0.5785093188526595,0.11423487964857094,-1.049636110577443,0.10713646679122629,-0.33193495200077905,-0.26181709888371707,-0.2664099411155052,-0.7297202293201759,0.6768181727335296,0.719676930886456,-0.029050342992042493
7483fa58-40a2-4a34-b0a6-a30645af78bb_32.png,0.5022436045870821,0.953541833464998,1.112951936282737,1.6918182602154914,-1.3928723879442526,-0.669778627439875,-0.2726197072733575,-0.9162462905950923,-0.623723915845358,0.4728823554797551,0.8989968248387781,0.48386268464522786,-0.7026390295525384,-0.5157613223752688,-0.46416817754255946,-0.752590021163137,0.20364155860488736,0.6768181727335296,0.719676930886456,-0.029050342992042493
3dbb185d-309a-4682-8409-24f5556e96df_126.png,-0.5281936486263584,-0.2607218271796011,-1.5357759221605358,-1.5400849697493115,1.4402331488570157,0.8200164140240864,3.5995724164357896,0.6158476327903651,0.6329137020703052,-4.79801596443529,-1.0636904149105788,1.2086459064698962,2.7458195475601768,0.3317637456885124,-0.2857954039091007,1.0841194714156044,-0.33991179385271675,-0.6551308470735736,-0.393510363248317,-0.029050342992042493
a9e37804-c00a-4e4e-b99f-e267a0056a05_102.png,0.8139026115942034,-0.09815193607454376,-0.04913571952817793,-1.0039315586536808,0.49007726913754684,-0.09713914278529578,-0.6430385761083661,0.48769718681950186,-0.5181835832916111,0.873831351313199,-0.09001660768223975,-2.015983916934293,-0.7026390295525384,-0.3091347820318501,0.09974647682977501,-0.41756556754782714,-1.0345039751715648,0.6768181727335296,0.719676930886456,-0.029050342992042493
48a4d49c-a4cf-463b-ae33-31db1940e1d3_58.png,0.8831797239002244,0.36547447236235026,-2.233740422011831,-0.5208453560032591,1.3716118476399504,2.2441844647469935,1.768779522492093,0.6154296856200677,2.7934134162550217,-0.23833570004432927,-0.85455104991439,0.6668686473465775,0.8932112169005393,1.6463360454595728,0.37584160779146025,2.6478436335419566,-0.6628808893969451,-2.6772059482715576,-2.316812024502315,3.6938274881853403
386822e1-0d1f-45b2-97d0-ac0273ee2394_78.png,1.4285688808611836,0.4369746980425262,-1.6633091591898261,-1.7231208604016215,1.4963022135172508,0.8491019336635535,0.1415714002735664,-0.2538482680303395,-0.15344708017333872,0.2529097799523331,0.5034915407296362,-0.0443509669925861,1.5449817383479596,1.6876613535282565,0.09310006161750871,1.6009799340458428,-0.9193981835965781,0.02022015528976472,-0.6066104686235353,-0.029050342992042493
3dbb185d-309a-4682-8409-24f5556e96df_132.png,-0.6697531844431719,-1.2723295134716028,0.6894028963947925,0.04824852310019629,-0.6194804605290689,-0.6895349330294885,-0.7171422744398038,1.5262871931348134,-0.18377524245364282,0.6800502225272956,-1.4502887920675402,-1.1595484261082694,-1.0265492280900443,-0.4092417783016788,-0.06890648220032987,-0.7310669549192117,-0.9532869964728634,0.6768181727335296,0.719676930886456,-0.029050342992042493
3dbb185d-309a-4682-8409-24f5556e96df_87.png,0.09144182225364286,-0.3221571042857975,0.7754910431087995,-1.263961380942636,-0.6649249014155216,-0.3244244006217817,-0.5182905092017007,-0.5994153676503523,-0.5967705856329895,0.2864182545815432,0.27662041848348606,-0.7989916770580349,-0.14962161741533322,-0.42491689515531744,-0.47382734991115966,-0.6326648197329527,-0.3910112792632349,0.6768181727335296,0.719676930886456,-0.029050342992042493
855258ad-52cd-446f-9db1-1bc38d82eebd_39.png,-0.39072803336678785,-1.3209775724417863,-0.2940436083315943,-0.34799086686755426,0.6655756156935988,0.7961693636602233,-0.04649896176421507,1.5006865979920794,-0.22607306951361242,-2.0181821560389603,-1.0992357451794665,-1.0588647008825793,-0.3313273385461292,-0.11212706339407329,-0.019686155775302378,-0.20344329635075106,0.788725782985177,0.5962858738581321,0.551818830966838,-0.029050342992042493
07a9fdc8-46e7-4ddb-b62f-fe041b4ea954_5.png,-0.13719813873079736,0.21167730043656371,1.1887879479385686,-0.3728281112018688,-1.1727326034083525,-0.5405429126240221,-0.06657910999032171,-1.2423371236124845,-0.675889218986592,-0.467550084619286,0.8792567474318976,0.6512823897294551,-0.0785193787119783,-0.5595803990343041,-0.5942899091453667,-0.7668608723243434,0.3373518709700446,0.6768181727335296,0.719676930886456,-0.029050342992042493
75769513-6d94-48cb-b36f-b1f9dc9210d3_42.png,-0.2848250443456204,0.4118555099704666,0.05960842301730714,-0.014594854056858337,0.05191443046124259,-0.45980730808298514,-0.4383671776746069,-0.04063489763785094,-0.3933247471939981,0.6385850175544016,0.18458765662938828,0.587181445984469,0.31649305852888254,-0.09288941998278948,-0.26611613278928953,-0.14956673660841424,0.1970897405331803,0.2592192358232024,-0.15074853885801143,-0.029050342992042493
a6a04226-e7be-4c2a-8240-4e24256bfed9_60.png,-0.9010229014490644,-1.062380312532349,0.06867894068708684,-1.0831811429933265,0.381618298300984,-0.3778475001688834,-0.6864990322842008,0.9078560284638711,-0.34174770299446783,0.6436859521875952,-0.8639466316896484,0.17195230594430516,0.5890516402250765,-0.5553053671651299,-0.5334395334853747,-0.5772470107471895,-0.5773046762885071,0.6768181727335296,0.719676930886456,-0.029050342992042493
a5f7c55f-08cd-4cf8-8e07-7d416d70c470_24.png,2.4897514567594987,2.9730539978836807,0.14794013515918406,-0.04533939050073175,-0.5624003555792776,-0.6119603729427434,0.9593646932988344,-1.4322534693148556,-0.487409486026557,0.322233123168214,1.9461760699018225,1.1369108686861888,-1.0344494768348615,-0.013445077747302636,2.7495504380213056,0.010510214302525413,0.19535557717306995,0.17730684714852896,0.5597506751759418,-0.029050342992042493
273317d8-7414-4eb9-bb2a-b42c7082fe9b_1.png,-0.03668700756570702,0.2699139700032667,-0.21862365686242186,-0.26502496527004127,0.6786949217955212,-0.31393867418711047,-0.06704862866151991,-0.8631785841457015,-0.6766355804581046,-0.3011463181881804,0.8473839118169656,-0.28798256657898624,0.33229355601851696,-0.2995159603262082,-0.37269414779475946,-0.34916334385311776,0.46734093923023595,0.6768181727335296,0.719676930886456,-0.029050342992042493
22df8deb-bec0-46ea-b532-d6d7e8d8d57a_10.png,1.330106703811367,1.0223654577930468,1.8351869375987597,1.289463881528846,-2.069607284978461,-0.6914316111199182,-0.30376321588478183,-1.2053402235739163,-0.7184182039382561,0.4751402339792358,1.138357422029042,0.16196322727433973,-1.2517063173173348,-0.5748992632321783,-0.6530291842908124,-0.8932350946756276,-2.2245895961933813,0.6768181727335296,0.719676930886456,-0.029050342992042493
a3283dda-4e12-48f9-90f3-8f3223c77d46_46.png,-0.7218355072183754,-0.5671877857396788,-0.9107126478593813,-0.020963608274922444,0.6526713061605202,0.9811663719318257,-0.15072226747912026,-0.588344710912992,-0.30118883599990304,-0.3359740276684345,0.34844557150831107,0.16785363467039893,-0.14172136867051602,1.127632178666439,1.1594554936683152,1.4259483869794336,-0.20747481340197474,0.12259034569488188,-0.19912191317431266,-0.029050342992042493
855258ad-52cd-446f-9db1-1bc38d82eebd_21.png,0.554203248956493,-0.30892043368033967,0.31564273116663144,0.16354493441890072,-0.045921725573538685,-0.3261247015164811,-0.4514125402567438,-0.33484292627786105,-0.39153350262316716,0.5364171429635697,0.2792411567540784,-0.37450629378573735,-0.33922758729094643,-0.2713720005208115,-0.41485907804538363,-0.60748671497753,0.5052624231326278,0.24590542834783424,0.4750961076120802,-0.029050342992042493
2ec83b5a-f1ad-4dae-bb33-773f1eee7923_2.png,0.6641603651857186,0.6268521869002259,0.685527543119388,-0.20050039664618788,-0.851975723922599,-0.47787788123915664,0.0219443768959154,-1.4954205186519614,-0.7108228979291207,-0.21393689614804698,1.312662908366513,-0.47361374805772055,-0.817192636352388,-0.24322804071541482,0.4039401862861447,-0.36121569818922117,-0.1599631402567784,0.564137899710292,0.4848109604344106,-0.029050342992042493
4af4cf7a-5d36-4d0a-9b11-fcbd77f87c6e_49.png,1.0739751223448997,0.6286594586610128,0.9783201552644403,0.6550601279950855,-1.2508147134254561,-0.5188339048908204,-0.5445933940798754,-0.3633847002239792,-0.635011302961016,0.7759786753231276,0.534361077320229,0.1506147282068077,-0.4300804478563444,-0.5474678087383106,-0.5099959066848496,-0.7298236066406849,0.25513432783731305,0.6768181727335296,0.719676930886456,-0.029050342992042493
258bd669-e070-417c-9e38-6240e5c933aa_76.png,1.8714231660986238,1.1865902123588505,-0.006333112685989301,1.0437236712752183,0.3201278929548741,-0.4914414656735657,-0.12164101278238226,-1.1085448776403228,-0.7342006163790642,0.4101931847839637,1.3163296550099688,-1.8407905014917727,-0.3313273385461292,-0.39641668269415625,-0.34616090634492763,-0.548474069393452,0.21490374104605767,0.6768181727335296,0.719676930886456,-0.029050342992042493
90bae25d-a144-44fe-8481-52b9f3c73315_6.png,-0.19887266119548347,-1.0982483320089675,1.8133629242651743,1.3423512149308225,-2.001638782547996,-0.6737292822759082,-0.6459679175494301,0.38652637465485723,-0.4054605262518505,0.27350964527307947,-0.598102480707324,0.5508394388089939,-1.2477561929449263,-0.5741867579206492,-0.640746230274891,-0.8927022311276875,8.636623766767892,0.6768181727335296,0.719676930886456,-0.029050342992042493
3dbb185d-309a-4682-8409-24f5556e96df_52.png,0.3589411839837936,-0.028245469861063577,-1.334860564897694,-1.4802296638913612,1.3423826448973954,1.2455097643109019,-0.10096374257889054,0.31471817500645205,-0.1080463028861942,0.1463930379681792,-0.2921279543714116,1.3321205309671118,1.774088951947659,1.7407429992371692,-0.04643104525712086,1.3227085009737884,0.2527178412870391,-0.003647280062419611,-0.6882028452212734,-0.029050342992042493
a7ab7384-2203-4096-ab14-1eae445ccdd9_18.png,0.6455598959405532,-0.24916170447773836,-2.169711724909087,-1.6137018387994289,1.628358872867949,2.193579246086919,1.5766163228431014,0.13215142874474445,1.4467329617611664,-0.6735806449258618,-0.3604461836326492,0.34238024784921633,2.1651512648161115,2.8907265720450237,0.08762871223066392,2.647689589128128,-0.173754565432818,-1.489354539859445,-0.47541908171843467,-0.029050342992042493
a6a04226-e7be-4c2a-8240-4e24256bfed9_62.png,-1.5047351738180934,-1.1894304068209618,-1.8928184260065806,-1.6183383307761434,1.4668837293034367,-0.32734372622164926,1.8424041703390996,1.7968998598013661,1.5956650681420868,-4.71876891126675,-2.07420724737406,0.3511544101041628,1.2961239028862173,1.0293064456754328,0.24276797283807616,2.2999722592897207,-0.9312441217874431,-1.6319096979493624,-3.354585526463637,-0.029050342992042493
a6a04226-e7be-4c2a-8240-4e24256bfed9_41.png,-0.7451372832094314,-0.6168466021759219,-1.0067277990706045,-1.6842962392458896,1.2748828775789485,1.020561254888121,-0.5304936899630048,-0.056258863507596645,-0.3659552644360573,0.4823923957679606,-0.2981073994077242,2.115887398133472,4.0375102173377915,0.16361249216766133,-0.45834208006150423,0.47334017706932113,0.4920944619639573,0.30914601385583285,0.26687799699173864,-0.029050342992042493
19369012-66cc-4209-a974-c98c915c0a70_50.png,-0.8534177857662203,0.015026649181952144,0.2880438275842235,0.4098223036282355,-0.49865456313588985,-0.5193350086240256,-0.4532678615809151,-0.24152010989869666,-0.5805155138516471,0.34360168507116656,0.33355888430754776,0.8732471048996698,-0.44983106971838743,0.05174915825760361,0.11503744745117934,-0.19085993931120504,0.9062335238351215,0.6768181727335296,0.719676930886456,-0.029050342992042493
a7ab7384-2203-4096-ab14-1eae445ccdd9_40.png,-1.2214970299095917,-0.3076502675834681,-2.1646500327145284,-0.7165450938702508,1.6266034418088868,2.7530451483696834,-0.5882109714351353,1.2000870504579026,-0.06893466206828042,0.8401677319597686,-0.5150609853040979,-0.7637434039177122,1.0591164405417008,0.9427370503246556,0.7570684850750499,2.914207147221381,-1.0449931614191068,-0.01907181311315098,-0.541140946981278,-0.029050342992042493
48a4d49c-a4cf-463b-ae33-31db1940e1d3_93.png,-0.4871286127545542,0.5501776930915125,0.25513420754485583,0.3942429979523326,-0.22237002650384605,-0.40471710644997005,-0.5681824794871958,0.1571466032429069,-0.5752837439561636,0.8210885096305813,0.30560643603834825,-1.509890161045508,0.29279231229443087,-0.35152884806782736,-0.25268841983485657,-0.16711970001601287,0.06400852484669371,0.6768181727335296,0.719676930886456,-0.029050342992042493
4a7aeead-7888-4bb1-a39e-eef6dfc4a6ff_29.png,-0.919932452930359,-0.19824537262748415,0.7635833323543417,1.891145529451606,-0.9375960382426335,-0.6169733139726572,-0.5290697600570987,-0.295082695938015,-0.5878196411251988,0.4089263733176616,0.17769525500945854,0.29814066758895963,-0.6433871639664093,-0.30129722360503075,-0.13392084019293587,-0.5203378128209553,0.3315960349946479,0.6279467574885808,0.6178114307336232,-0.029050342992042493
81faa7e7-ef94-4bfb-ad32-94fd63e1848b_64.png,-0.7815464663882148,-0.9810142523906984,0.5855409564430496,1.4591909630899977,-0.23389607895781428,-0.6147643024978108,-0.6598692984554803,0.6318884103215094,-0.3372905661275841,0.7260265357946912,-0.6699995640456805,1.004942071706414,-0.9317462431522376,-0.5488928193613687,-0.5388824219704398,-0.8360594513594971,0.863146828628819,0.6193414916813306,0.6052616050128946,-0.029050342992042493
8b0863a2-01d3-4fdc-9994-7b50b25bc730_32.png,2.168242203394884,0.4423415902941304,-1.7538821586029338,-1.598460346443838,1.516910035185401,0.35533011442010437,8.673293567525578,1.0984686631814908,2.862654380243255,-2.503022457036607,-1.136073879367923,0.4558747318836249,0.6838546251628831,-0.41031053626897235,-0.28189081365247887,0.3518052848805068,-0.11126813737947054,-3.0884727084557952,-2.1740391909812646,-0.029050342992042493
273317d8-7414-4eb9-bb2a-b42c7082fe9b_38.png,0.5143221726835232,0.481577614237343,-0.2662321345182082,0.18642666370511782,0.7163086790737392,-0.22137155770843758,-0.5117218599726204,-0.22426396131041396,-0.5992955032466166,0.714290180704603,0.426582129381233,-0.7923675394303101,0.42314641658391494,-0.4623234240105915,-0.3360004281380142,-0.2546869430608245,-0.6535065168436535,0.6768181727335296,0.719676930886456,-0.029050342992042493
4af4cf7a-5d36-4d0a-9b11-fcbd77f87c6e_68.png,-0.33893993623359,-0.2217643622275889,0.7208084685234974,0.7867397316618945,-0.6975550668194571,-0.6670909089594044,-0.6778183177293445,0.5296005619145573,-0.5142473816252181,0.9201494857913564,-0.23818869875035983,-0.4137785271870705,-0.9751976112487324,-0.38002906052898855,-0.20672158540966976,-0.7406584987821322,-0.25873533627466566,0.6768181727335296,0.719676930886456,-0.029050342992042493
3dbb185d-309a-4682-8409-24f5556e96df_99.png,0.8997231286096454,-0.5009123221086637,0.7004974525950375,-0.9413244101998379,-1.1369781725507746,-0.07864726939250972,0.2191855731754486,-0.8451652272418896,-0.12355048093584788,-0.5396812563676798,0.3554720460247354,0.35234667707993234,-0.9633472381315066,0.014698882058094049,1.3811212890041138,-0.16637112388024505,1.7200023895477223,-0.03409043739938942,0.26429840884855643,-0.029050342992042493
75769513-6d94-48cb-b36f-b1f9dc9210d3_40.png,-0.5779525256784626,-0.5393512707800706,0.3086263814028713,-0.8840295246635951,-0.08233773772582334,-0.2336999652962303,-0.5501814964573181,-0.2538445307177914,-0.5226741727079323,0.2904273620144136,-0.06316041963795234,0.8329594858011471,0.4507972871907752,-0.355447627281237,-0.4696562048860734,-0.48559448050150433,0.1421032141627517,0.6768181727335296,0.719676930886456,-0.029050342992042493
3dbb185d-309a-4682-8409-24f5556e96df_113.png,-0.2809258891691551,-0.7397512884754465,0.16984405780396647,-1.625678093605405,0.02064764120498367,0.40683938632495603,-0.5689849966658644,0.4844404076979787,0.2658079538908397,0.8339657080610233,-0.6146319906840128,0.838680371301227,-0.30367646793926895,-0.08932689342514433,-0.2842909102762625,-0.4303396168875228,1.485147590626677,-0.36717916954228846,-0.2900912070660932,-0.029050342992042493
a3283dda-4e12-48f9-90f3-8f3223c77d46_73.png,2.9858572271073767,1.1994079882380178,-1.967440923264696,-0.46241685512143266,1.5909529621177037,-0.28919025734387543,0.5227747470873592,-0.005119504138408014,1.2000858876825242,0.7107119851508403,0.20789067448614118,-0.57235329918182,0.0004831087361938731,0.5615467086566246,0.06542855633705844,0.3474856860164516,-0.44034481088859495,-1.2623703587549981,-1.1854580234821908,-0.029050342992042493
92da35e0-d1db-40c0-86e2-73b0de7f8784_9.png,-1.1717617085368766,-0.3335317365533148,0.8861613548243709,1.4389428615573563,-0.8272871206311071,-0.5965221941033286,-0.5964507627584932,0.8945429690756979,0.01769116389415373,0.7664180638171997,-0.4606040450075836,1.3833302922133524,-0.5722849252630543,-0.5510303352959558,-0.5643917998332226,-0.7895761301269894,0.7727456425522065,-0.07370713281389947,-0.8446861071748972,-0.029050342992042493
10b42c78-10e5-441c-bc2d-1bc4a35bb63d_4.png,0.5532513355066309,0.9327550838351966,-0.5307303105021326,0.5846285997631092,1.1520664331713186,-0.1994972783935436,-0.19064273121127198,-1.0630795211603743,-0.6995617042890694,0.4367921266101978,1.1934523661631158,0.24206560300679866,0.5258496502665387,-0.425985653122611,-0.3693495127586286,-0.2719970953677972,-0.7472874396913017,0.5587799040189854,0.47364298201233895,-0.029050342992042493
a7ab7384-2203-4096-ab14-1eae445ccdd9_29.png,-0.04607053217248826,-0.8094393098307907,-1.8483283061240299,-1.8696736198223158,1.6218909256199603,2.531613209281867,-0.030216472416934856,2.2910807664097987,0.7394369411404154,0.18834985769605614,-1.4475157767474978,-1.431326609263485,-0.1298709955532902,0.6217534074808276,1.4678769566410985,2.111759733967339,-1.1218821316033127,-0.7872135590395732,-0.30114340251572425,-0.029050342992042493
824faab9-9bc0-41fa-93a5-24d93dec52b5_35.png,0.8619629903851493,-0.09214185423807791,0.9258024761194485,0.3420598242905515,-0.9634843095648907,-0.6041844189601545,-0.14917780625749075,-1.3129179102008264,-0.6737816933015738,-0.6093986975220912,0.8521652230935677,-0.36377633436584894,-0.9001452481729688,-0.5446177874921945,-0.5552827291746382,-0.8390606339683911,0.855712961148348,0.6768181727335296,0.719676930886456,-0.029050342992042493
268cf2e7-02be-4b54-8659-24b54163053b_24.png,-0.15983432760643151,-0.395227418720792,0.644615014347684,0.3970789734272653,-0.8761914319346801,-0.4687878621849034,-0.4558368389861936,1.020839053185725,0.21657655277671176,0.6098685872304802,-0.6133480054524946,-0.6194278302990335,-0.8053422632351622,0.11159960442604212,0.3729587393920308,-0.3146810993783701,0.5680539667066852,-0.3129497586060329,-1.343353264899808,-0.029050342992042493
505d1bd8-e981-43ac-b532-853c95be827a_117.png,-1.1441686146474512,-0.608232374363181,0.41576639792330017,1.02170901285929,-0.0809052602086108,-0.5775839957507254,-0.6847005943615827,1.8765319110820973,-0.23596623213100973,0.9071956943532266,-1.0818403793917926,-2.1780737253472355,-1.2043048248484316,-0.32944118341042744,2.3109158583844343,-0.6674952981655037,-1.989370721521494,0.5280932014233197,0.5700110806960468,-0.029050342992042493
7728da31-7807-4ad4-af12-f6b9d4769e58_2.png,0.12496465893211312,-0.4035044975625163,0.8346990188879818,0.7388999118152003,-0.8429654573322483,-0.6524125559924474,-0.5843711880913749,-0.35229659891043497,-0.5361332438594295,0.537812901387833,0.005255962009463903,2.573054261771174,-0.8843447506833344,-0.5627866729361848,-0.5918005195750832,-0.8515294626021542,1.064734628238799,0.6768181727335296,0.719676930886456,-0.029050342992042493
22df8deb-bec0-46ea-b532-d6d7e8d8d57a_64.png,0.7695385055119263,3.5930135912619865,-0.4656949552344293,0.9678777778995299,0.4691568499468511,-0.5211808075574161,3.6460950444822635,-1.0509433541604865,-0.5764554681688382,-1.0471089378709841,1.645336440926594,0.6055160452984674,2.279704871615961,-0.25106559914223414,-0.4537928462892257,0.032886650769201796,0.014928974365773088,0.5375914665124544,0.4294787037068759,-0.029050342992042493
81faa7e7-ef94-4bfb-ad32-94fd63e1848b_66.png,-0.7075817502460539,-0.5806852144124435,0.4052705816250216,1.3234896077202032,-0.11265604930559336,-0.5004993500166671,-0.5997367785011877,0.07475909251054151,-0.5084522444765907,0.49344647683110965,-0.13058987656566387,-0.37727664385073667,-0.4932824378148821,-0.5289426706385558,-0.50842531655792,-0.7408361199647789,-0.6515342203375658,0.6768181727335296,0.719676930886456,-0.029050342992042493
a3283dda-4e12-48f9-90f3-8f3223c77d46_44.png,-0.5734316589198611,-0.5996725619131165,-1.0814433057207877,0.004120223995775297,1.0169130793877335,0.6292750537560706,0.12306000401894138,-0.35750679604453606,0.42888250277294,-0.48650150437350526,-0.08308951067518001,1.561878700109695,0.26514144168757064,0.6103533224963631,0.41434377231581043,1.133219940654471,-0.017513032538275707,-0.5301109476097509,-1.32430498246455,-0.029050342992042493
3dbb185d-309a-4682-8409-24f5556e96df_129.png,-0.2123125398681251,-1.2250663028706685,0.11137485087153257,-0.6789485856018784,0.21131642977138335,0.04313071374639229,-0.4886751654860555,0.13032766620003786,-0.4051496738864633,-0.1994967361053569,-0.5549291907120215,1.2365784667462711,-0.323427089801312,-0.2934596651782114,-0.26754319798616005,-0.45739475514510125,-0.01813498073689196,0.4248300117363181,0.4653991541486381,-0.029050342992042493
27bb6d3d-77c3-486b-a22a-3741dde393ee_1.png,0.4053980378273914,0.3064277081913658,1.0187937805274723,-0.935505337231354,-1.0314755230990826,-0.5086703014021436,0.4100979529459635,-1.5547859364057903,-0.7241898715989407,-1.208126037574423,1.2392453632136287,-0.3396485691976685,-0.3352774629185378,-0.5203926069002075,-0.4973246789713387,-0.698532173025565,0.7286768556930179,0.6586334600842463,0.681773488969124,-0.029050342992042493
258bd669-e070-417c-9e38-6240e5c933aa_77.png,-0.7804538944985069,-0.1950170204143688,0.554386927488131,1.3890581378528657,-0.4029158618425129,-0.41107268311286904,-0.11992528640040073,-0.9682746983558231,-0.6125083024967051,-0.6826983807159677,0.7073197041921159,-1.5683274690068756,-0.10222012494642994,-0.43560447482825293,-0.486278778256486,-0.6325665553421062,-0.3298113878650569,0.49562050026388527,0.34199620606731673,-0.029050342992042493
4a7aeead-7888-4bb1-a39e-eef6dfc4a6ff_11.png,-0.9099207552393912,-0.6207456328546552,1.2593643577188531,1.2500094130821537,-1.3176055702627916,-0.6289827084821017,-0.5068086714676597,-0.4188276715610673,-0.5649265069811412,0.032352014212695956,0.13005321040455545,0.6358456189335396,-1.0344494768348615,-0.5688429680841816,-0.5818484589690387,-0.8654482650340869,0.6246222451617279,0.6768181727335296,0.719676930886456,-0.029050342992042493
a7ab7384-2203-4096-ab14-1eae445ccdd9_48.png,0.019419149362799086,-1.3202120226384875,-2.308957527337864,-1.6040660036357752,1.7405015840998521,5.815446706804032,0.3097633195523699,0.916225937207953,0.9950658776137155,-0.29158334962550814,-1.2075468697251979,-0.3476340378570081,0.9287623362522168,3.9110341781545945,0.7828327314467189,3.175958726260707,-1.0127581433618529,-1.0292163644302585,-0.84707829778212,-0.029050342992042493
75769513-6d94-48cb-b36f-b1f9dc9210d3_26.png,-0.8385527994277293,-0.5385309099232932,0.6822663273287564,0.13094268712834972,-0.5290539495209967,-0.557083579714485,-0.5999347942341619,0.006226248345213157,-0.536131922082616,0.46870643380511584,-0.10609491368431498,-0.043919041939259724,-0.4063797016218928,-0.5531678512305429,-0.5471166217080723,-0.75895348059474,-0.23869044422591532,0.6768181727335296,0.719676930886456,-0.029050342992042493
258bd669-e070-417c-9e38-6240e5c933aa_51.png,-0.2091789701299218,-0.015642570545070823,0.6209450522194857,0.9641065495215105,-0.5077715445416904,-0.4572601131238298,0.04106088955192714,-1.5316304705312944,-0.707704470616432,-0.9217494950511718,1.1427061009772495,-1.9925444053472414,-0.3629283335253981,-0.5129113011291526,-0.42300295453810327,-0.632756780562123,1.020310680261754,0.6363084780371351,0.6352402455438259,-0.029050342992042493
3dbb185d-309a-4682-8409-24f5556e96df_89.png,-0.458719447306291,-0.5431108841675195,1.210017157997591,-0.650338010802021,-1.3697866844178768,-0.6024126532169967,-0.2208053854932125,-0.6314598919744475,-0.04905563961847868,-0.07191914607016388,0.22443688492941827,-0.4176786320793136,-0.9435966162694635,0.0008050284832779632,0.39818696357179084,-0.48381815735052924,1.7631110934881797,-0.2360706386110718,0.3440740806459294,-0.029050342992042493
268cf2e7-02be-4b54-8659-24b54163053b_8.png,-0.458411626845764,-0.22988632898503525,-0.25356466893793816,0.28569791067466943,0.45769914627182123,-0.4409891146717614,-0.6324244408563953,0.38944683921218504,-0.5386198424154188,0.7433370544289142,-0.11365311083239579,-0.4468750449742734,-0.2365243536083226,-0.04693282738916705,0.2277006515732372,0.11227792833706265,-0.8310700348865285,0.6448325620914866,0.6530074839425768,-0.029050342992042493
505d1bd8-e981-43ac-b532-853c95be827a_98.png,-1.6290570683270313,-0.4657643264855357,0.16840100536101443,0.782960791202393,-0.1584546797690986,-0.506759980694584,-0.5400470266454711,1.1329058675639796,-0.3581051630322841,0.385341848951066,-0.5179974354071112,-1.7621129382598832,-0.40242957724948414,0.05531168481524876,0.29684332977753164,0.029776161501842365,-0.28194629111663677,0.6705671777603385,0.7066476227273728,-0.029050342992042493
19369012-66cc-4209-a974-c98c915c0a70_8.png,3.3735166467841164,2.816209040959034,0.27234833570904754,-0.7092194873159663,0.24369970444791256,-0.6478080150400364,-0.42661875664788174,-0.7551573710304813,-0.6845732843342568,1.0020820491976659,0.9779219124502819,-0.011517939169352244,-0.5051328109321079,-0.556730377788188,-0.5904176135635004,-0.8092202752837495,-0.04602959802414723,0.6768181727335296,0.719676930886456,-0.029050342992042493
44341a17-f4a0-402e-8f84-ad64321de876_48.png,0.3179438944426985,0.5082069746047735,-1.2667560815638002,-0.4510354708364144,1.2399070309075961,0.9553947860138808,-0.14629151171489962,2.0629632068502444,1.6093405716730664,0.7405568462046302,-1.1087992916334561,-0.8187523465682328,-0.29577621919445174,0.7710232702461594,0.9634422338327097,1.2654652418701096,0.5666116282386263,-1.5862043710674583,-0.8932244002453719,2.717334942302752
95815a0c-6ff2-4053-978b-a34ec048fcec_1.png,2.8980909823116487,2.0855687366677276,1.4413654286823434,1.2438486577437078,-1.813603359110536,-0.6881630042168677,0.13815839618037748,-1.648356438393348,-0.7039088792300467,0.5011041933545033,1.7861925686906144,-0.6543979834775319,-1.200354700476023,-0.4641046872894141,0.1253222175602044,-0.8285348227549392,-1.309008636269956,0.4621736180696678,0.27228094682650844,-0.029050342992042493
81faa7e7-ef94-4bfb-ad32-94fd63e1848b_25.png,-0.22334767025419344,-0.42560714862625015,1.142058608243159,1.9529391254434874,-1.3567636715386395,-0.6487563540852512,-0.6146227034708767,0.09908394581395247,-0.5349493144857819,0.5918956904633726,-0.14357589162419493,1.61942328745323,-1.2438060685725176,-0.568486715428417,-0.49181541283184455,-0.887551216830934,-1.869171380826453,0.6768181727335296,0.719676930886456,-0.029050342992042493
580d287a-e8ba-4363-873d-175443ac329e_4.png,-1.2056396181261788,-0.019193618724068554,1.18026685055346,0.8418138175204594,-1.168697325575829,-0.6364680688407794,-0.14206830349688626,-0.9015798916268195,-0.5060665660112968,-0.3470998082105863,0.6637948615210901,2.257079491181975,-0.7302899001593987,-0.5617179149688912,-0.6343377325274538,-0.8579515408994621,0.08578469446830995,0.3188066424507646,-0.026547081861035358,-0.029050342992042493
07a9fdc8-46e7-4ddb-b62f-fe041b4ea954_0.png,0.02094981126989041,0.42446401641302467,-0.5214860167405619,0.026367668086402393,0.9562870562330298,-0.14231531006318668,0.3826801533973471,-1.1714268251609838,-0.1810489576674473,-0.4153008181570147,0.9444211457447333,1.6356558292604895,0.9208620875073996,-0.3835915870866337,-0.35062771658048947,-0.04533220160724426,-0.26500590177997363,-0.004459097591405473,0.30857555684242366,-0.029050342992042493
a653df7d-134c-48e9-9911-e3a0e5f096f4_63.png,-1.4891203685285546,-0.7964798323563893,-0.6730744628985934,-0.5284664037785164,0.896961015980481,-0.38527249059871926,-0.5056427154747435,0.06316927951099512,-0.5095890178526916,-0.01986592955386015,-0.10259187615306964,0.21411651776334595,2.812971661891123,-0.2571218942902309,-0.4190537447730369,0.3017390508777465,-0.2331278168616037,0.582566157618271,0.5232220377345661,-0.029050342992042493
386822e1-0d1f-45b2-97d0-ac0273ee2394_60.png,0.47721609429392053,1.1326601909339633,-0.55341275652992,-1.1757573919155622,0.8405943041001013,-0.0680320307407157,-0.24425825821465136,-0.49073421769982883,-0.37436052603627407,0.6583507224947037,0.7179080185696136,0.589958421084026,1.209221166693228,-0.11747085323054102,-0.3035020079299595,0.17498678901433665,-0.22058084244643014,0.17470903105577418,-0.27471233211353396,-0.029050342992042493
19369012-66cc-4209-a974-c98c915c0a70_20.png,3.524476719536652,2.5070299169306725,1.2254683533207713,0.2755266892812228,-1.488869604348095,-0.6838448987581996,0.34104488571675307,-1.7008050563373416,-0.7700624666920813,0.3657965318109769,1.7429210055025208,-0.8637151386043642,-1.0621003474417217,-0.5720492419860621,-0.6203883713040584,-0.8774268094200733,-0.07535774084570589,0.6768181727335296,0.719676930886456,-0.029050342992042493
268cf2e7-02be-4b54-8659-24b54163053b_35.png,0.5351650449779732,1.3071586456041788,0.9342646355393288,0.13588414257416187,-0.9824309767659687,-0.5968918089139016,-0.29315676757896675,-0.9347624715939234,-0.5705552636024822,0.6603663296465272,1.1263289507039806,-0.9676314439778441,-0.6710380345732695,-0.47158599306046894,-0.22705955024846763,-0.5887982418507364,-0.29452529179907927,0.36167060798121814,0.37594595110719325,-0.029050342992042493
4af4cf7a-5d36-4d0a-9b11-fcbd77f87c6e_27.png,0.37838890056942504,-0.18315044346289666,-0.23654836837711435,0.2891524348092452,0.6550355164515003,-0.04969924399101237,0.007146083112402808,-1.4625063654463488,-0.6486982894686246,-0.7690970533117658,0.9894885751002711,0.9181756403353721,0.35204417788056,-0.20190273264673106,-0.29449810420471945,-0.19953473934520344,-0.5725920293682879,0.505281128858817,0.5834364886201471,-0.029050342992042493
27bb6d3d-77c3-486b-a22a-3741dde393ee_3.png,0.5556145114116036,0.7487711286336075,0.07723626907667179,-1.012815394647048,-0.948852537046755,-0.3640802352857152,0.20474887333910638,1.390973044207472,2.8618454597316987,0.5700425665268594,-1.2907590424052284,0.9515556610881527,-0.7618908951386675,0.08345564462064545,1.2127515307276424,0.6047941871370829,0.4488217607636835,-2.75286734197304,-2.9737811118629165,5.4833653297813365
a6a04226-e7be-4c2a-8240-4e24256bfed9_82.png,0.7573106759037574,1.6693832747148598,-0.25050687086235957,-1.0783347751958072,0.5366247997546014,-0.3552131369630887,-0.3253558476365099,-0.9598674343684439,-0.7091875143813952,0.8016079367907788,1.2781513560262452,0.2716623423907683,0.5377000233837645,-0.30058471829350175,-0.32390488921060145,-0.18155355969389178,0.3665474703942295,0.5673039880733368,0.49141022041108984,-0.029050342992042493
268cf2e7-02be-4b54-8659-24b54163053b_40.png,-0.9111686797280598,0.21504607158112923,-0.6115303819583978,-0.12173350138577355,0.533750236242016,-0.3855310681026199,-0.4295948347215731,-0.11614855380847844,-0.4503686071667062,0.45557065244801775,0.2668344543445625,0.44500723909129614,1.1420690523622816,0.4742648079943184,-0.10033639394695215,0.662550118752245,-0.03494036873087823,0.3212420950377222,-0.02147072803282186,-0.029050342992042493
00367bac-0715-41b8-93dd-c21b8877a1f3_85.png,0.5458089281932541,-0.3552187601117639,1.294147883573243,0.6508937294546211,-1.4945814387866698,-0.5756334081312172,-0.5547398555277255,-0.13580802938948294,-0.5539773454812656,0.4192448654855044,0.1297115562516469,-2.005643754155023,-1.1371527105174852,-0.4395232540416626,0.028674763592823206,-0.7894146996380281,-1.6057791480301125,0.6672387258914965,0.6997099391621479,-0.029050342992042493
273317d8-7414-4eb9-bb2a-b42c7082fe9b_16.png,0.7433836180002551,0.15858120180711438,-0.10513537811394227,0.3497041544029708,0.34940341290568083,-0.4832763316895449,-0.2533359266689948,-0.8610268571749187,-0.36738668055894497,0.3670966445010971,0.627654206179659,-1.2122993109488334,-0.2207238561186882,-0.09538318857314108,-0.15421244123974379,-0.2679126514279628,-0.4689627231380328,0.19070183637679566,0.16077533929304566,-0.029050342992042493
90bae25d-a144-44fe-8481-52b9f3c73315_4.png,-1.1726523970859346,-0.1939800348228023,1.5633262538558688,1.5569761589168756,-1.7106094125687656,-0.6734131692608366,-0.5883348850071674,-0.02791576793353454,-0.5405784715364699,0.6185612983171357,-0.018166321916391268,0.8238374516755556,-1.18060407861398,-0.5734742526091202,-0.6333252788902719,-0.888084080378874,-1.2118459482121708,0.6768181727335296,0.719676930886456,-0.029050342992042493
19ef2be7-6425-4194-a4a4-1b4a7fbefc4e_73.png,0.5035158409943453,0.31452764810243544,-0.42513312571790485,-0.1560764607008594,0.6396211850778504,0.40484832514841723,-0.18004612219653654,-1.1667760491195716,-0.6737452036507895,0.05324588146903551,0.994304247143839,-1.4884870003789485,0.37179479974260304,-0.07293927125997664,-0.2459096424897162,-0.11880673833611677,0.03925935023099783,0.6768181727335296,0.719676930886456,-0.029050342992042493
a3283dda-4e12-48f9-90f3-8f3223c77d46_72.png,1.7416920050735176,1.21744064025083,-1.3457332264592803,-0.3945987372415712,1.1098583644321496,0.7720243833154462,0.8816223021350725,0.2559437533727875,0.49514336593332514,0.24897486055448514,0.26189550128042877,-1.1997785246787223,-0.4221801991115272,0.2541006667318481,0.6890257057682252,0.5169430402982306,-1.163857400409871,-0.6367025891655945,-0.28985691052345014,-1.1197372075947918
3dbb185d-309a-4682-8409-24f5556e96df_115.png,-0.5883553492498013,-0.9868759594941898,0.09553881592090872,-0.8085960876982429,0.27097957957306507,-0.25140229414024035,-0.6502929009345465,0.30862783740990035,-0.412750042263087,0.4582003209735433,-0.5038275071188169,1.4961702796540581,0.42314641658391494,-0.2528468624210567,-0.44607569162720717,-0.4502478651548157,0.3615777550104055,0.6768181727335296,0.719676930886456,-0.029050342992042493
19ef2be7-6425-4194-a4a4-1b4a7fbefc4e_121.png,1.2878767759344631,1.0298159057243987,-1.0375609707917752,-0.3342370686277653,1.0266745547486238,0.17459047343914713,0.5531378769250435,-1.0915002004657655,-0.06006250824901731,0.15404848502731278,1.2201346626370502,0.09091900522015293,0.22169007359107593,-0.1477523289705248,-0.028931966653351553,0.23703499681205042,0.7687132949041862,-0.137353627086391,-0.19483049152110282,-0.029050342992042493
a5f7c55f-08cd-4cf8-8e07-7d416d70c470_53.png,-1.7936182988507432,-0.4755773910466052,-0.4930989874061543,-0.74645200649418,0.6199300514647302,-0.5628619318344246,-0.578528186579405,0.4589277786314438,0.26039886494431524,0.7105502741079687,-0.7339585653965826,1.880463773951372,2.512762209588069,-0.017720109616476815,-0.4654227516023785,0.1164201442773301,0.31831588880982903,-0.3392526465451748,-0.2945994770210533,-0.029050342992042493
824faab9-9bc0-41fa-93a5-24d93dec52b5_30.png,-0.0989115311142843,1.5208695888675334,2.0229376405421053,0.9745485751360318,-2.013528316500847,-0.6478080150400364,0.46475582984807384,-1.3082759011449936,-0.6873733296306485,-0.22533601302930084,1.4216622760541666,1.1269284328517193,-0.7421402732766245,-0.521461364867501,-0.5660931653114579,-0.8218313792516635,1.1326874310484072,0.6768181727335296,0.719676930886456,-0.029050342992042493
a653df7d-134c-48e9-9911-e3a0e5f096f4_52.png,0.1395047630008926,1.3331126226983359,-0.1915928418578094,-0.8316713937231922,0.6369130134552565,-0.2741624312253961,-0.08789347429120879,-1.1319024182272694,-0.7321089345157622,0.40982904689863997,1.3340464718697749,0.2767372738487809,2.0426974092714447,-0.21544033356578265,-0.5286130959045423,-0.31330193333422784,0.5484187084232349,0.6768181727335296,0.719676930886456,-0.029050342992042493
4a7aeead-7888-4bb1-a39e-eef6dfc4a6ff_15.png,-0.1631404161381373,-0.6558584434965791,1.0772226156898252,2.176578699904267,-1.3377404172140779,-0.6357957204673153,-0.5679761618523733,-0.08325521661503883,-0.5023683883346078,0.15348428973351053,-0.1630155335572303,1.2935747265645756,-1.0858010936761733,-0.5253801440809107,-0.37269634836494053,-0.8301795748360573,-1.2280376677905713,0.6768181727335296,0.719676930886456,-0.029050342992042493
578fbdd2-3bf8-444c-8c21-8d2666ef631c_34.png,-0.39072411851202293,-0.18839345117479572,1.3033695773858425,2.075304419336544,-1.5271803248628368,-0.6743615083060513,-0.4153315523905064,-0.8041636851325269,-0.6235734814837369,0.010604397180659005,0.42898367174256724,0.7384411715824021,-1.141102834889894,-0.5713367366745331,-0.6277407495521508,-0.8847092779085871,-0.9305991162436607,0.6768181727335296,0.719676930886456,-0.029050342992042493
a9e37804-c00a-4e4e-b99f-e267a0056a05_3.png,-0.32082946248412014,-0.3894199482300313,-0.2602002261375037,0.2620148729832323,-0.02666019215167009,-0.10743628052571111,3.294349612726844,-0.797288925033867,-0.5235964680473615,-9.68965939138883,0.3823046833080074,0.8240928697446989,0.23354044670830176,0.7966734614612044,0.12349788242254064,0.42869076357687025,0.31022084299619673,0.49229204839504326,0.33505852250209167,-0.029050342992042493
92f1a624-99c9-48dc-9309-0fb5c6bc0e7f_11.png,0.679820066481635,-0.5049116500744915,0.18120098590407302,-1.0142566364677872,0.25750477442650066,0.058072347614863594,-0.5669820859755013,-0.21291945819712285,-0.5378356002600627,0.48018608353997816,0.04028544079391768,1.992038002174324,0.11503671553604351,-0.5478240613940751,-0.5473853113271706,-0.678135842490502,0.8884269103848149,0.6768181727335296,0.719676930886456,-0.029050342992042493
4af4cf7a-5d36-4d0a-9b11-fcbd77f87c6e_65.png,0.9389953983237213,-0.3577113313769588,-0.45584148028469507,-0.7932418996340004,0.24521851234215064,1.0203580593239203,1.2793685720319048,0.8569902236274558,1.9463309814840857,-0.38589594237655883,-1.092301469298664,0.5264746916474878,-0.3273772141737206,-0.007032529943541367,0.3552733929786655,0.4836454213990952,-0.03192942353695329,-2.418154974772169,-1.119402776868808,-0.029050342992042493
a653df7d-134c-48e9-9911-e3a0e5f096f4_73.png,-0.2887646446863691,-0.5881271827833717,-0.0436832440481033,-0.10445071286517689,0.3133208555248162,0.11938364485944905,-0.10312438940437135,0.1808309510784999,0.5997404936161812,0.10738119316531856,-0.3657985602900752,-1.0634352308854957,-0.39057920413225833,-0.23004669245212775,-0.10106393820034623,-0.261793571186233,0.45498173969762973,-0.7088731674924376,-0.45901479390436045,-0.029050342992042493
53345714-cf33-43b8-9e6c-89b5c2c7aad7_44.png,-0.3175078907746479,0.2125123716088555,0.7352099832045907,0.6399115992668982,-0.5928611150679637,-0.630421799211098,-0.6895332236708304,0.8850750516474559,-0.4454980757126863,1.0250158078385774,-0.38615925072669,-0.3284043534858742,-0.7026390295525384,-0.5695554733957106,-0.5703098422456592,-0.8189894403293168,-0.26235213700331483,0.6768181727335296,0.719676930886456,-0.029050342992042493
81faa7e7-ef94-4bfb-ad32-94fd63e1848b_68.png,-1.5744247262514168,0.22597300385591554,0.6906070178887317,1.4138804737502388,-0.5792303801627635,-0.5471395672952137,-0.6408853087511949,1.1805860404297797,-0.1131813690161593,0.943474989130537,-0.8193755311167094,0.5910584250843528,0.10713646679122629,-0.5335739551634945,-0.5346215075773305,-0.6484639468735593,0.3214294585955282,0.12608116106952108,-0.35615505476095627,-0.029050342992042493
855258ad-52cd-446f-9db1-1bc38d82eebd_13.png,-0.11449398984271061,-0.19743235038253126,0.1534658160178346,-0.11601211002162803,0.15974638414750364,-0.14423998203096533,-0.535994161154271,-0.08517842321508842,-0.5725212941135641,0.46422510344645973,0.14646102951218154,-1.8383032252710643,0.07553547181195742,-0.5061425006696268,-0.38716787697251454,-0.4578855760086228,-0.9785165939244183,0.6768181727335296,0.719676930886456,-0.029050342992042493
258bd669-e070-417c-9e38-6240e5c933aa_23.png,0.4972499204951116,1.0121590869576473,0.041467477203346384,1.0518536488929302,-0.04712313088197686,-0.40916571377560645,0.22700288993808204,-0.8121556805738298,-0.015333949663853187,0.21560866537472706,1.06035208770123,-0.23494204765498933,0.21773994921866732,-0.3337162152796016,-0.34299832644450096,-0.2950708972682933,0.6205045834155107,-0.27576851577848044,0.29432402286261894,-0.029050342992042493
a653df7d-134c-48e9-9911-e3a0e5f096f4_54.png,1.0973854352542043,1.3833358910758726,-0.32284102271045184,-0.8436053254243722,0.5993945344110883,-0.05282464151025414,0.2335998271290159,-0.576239586763045,-0.13557156547340315,0.39814736851617205,1.056902104421758,-0.21830019083424268,0.13478733739808654,-0.07543303985032825,-0.29236793647037634,-0.25468325111177864,0.5907536390472315,-0.010628910811698021,0.0255368373128113,-0.029050342992042493
92f1a624-99c9-48dc-9309-0fb5c6bc0e7f_7.png,0.6891294266574511,-0.28851665613645144,-1.1024207036289682,-0.8886018817657064,1.2428372681880369,0.6610111952691147,0.18233004861455,-0.0700999393076624,-0.4943657771884853,-1.0059636289160068,0.10414485737076966,1.344172529288749,1.1025678086381956,1.1572011490948937,-0.02138541527439118,0.8173789171941148,-0.36733913064740203,0.46590797870300277,0.2800646893631028,-0.029050342992042493
855258ad-52cd-446f-9db1-1bc38d82eebd_50.png,-0.4056295269177825,0.0960050242312488,0.45537590741152717,-0.5101384129587817,-1.1621419890014972,-0.5455764331292164,-0.19352687340893962,-0.27657405928032947,0.5975299101780769,0.3667244759775325,0.096188906439246,0.6919553917852718,-0.8132425119799794,0.033580272813613345,1.6225192752998159,0.39557662702355384,1.5899954450187772,-0.7181278873228765,-1.5986989485504246,-0.029050342992042493
505d1bd8-e981-43ac-b532-853c95be827a_67.png,-0.4157674741628688,-0.060955915672914196,-0.3048333810481504,0.6108690526858261,0.4220263355004559,-0.20766697413722277,-0.4415034517061859,0.770098870358851,0.5804173852365366,0.7353355034381736,-0.3845330218113438,-0.292744274862118,-0.33922758729094643,-0.33442872059113066,0.29783730233412103,0.22221525448997675,1.5276967848932523,-1.3524009227195302,-0.18808487557123774,-0.029050342992042493
505d1bd8-e981-43ac-b532-853c95be827a_84.png,-0.030690371058566875,-0.8289092165416018,-0.9331984307179888,-0.030065922088752958,0.8970204662367307,2.2339388825738404,0.9222567294261778,1.7889081458383234,2.0948910609927065,-0.6174636250348096,-1.659476756356353,-0.32294381857627813,-0.5169831840493339,0.2010190210229354,1.0833774791318207,0.997549637770528,-0.7653727197864273,-2.06095526201839,-4.134437160538696,-0.029050342992042493
a9e37804-c00a-4e4e-b99f-e267a0056a05_27.png,-0.8885471301662843,-0.5323063261456652,0.019202020212593717,-0.21553455424844833,0.08548694124181781,-0.2059389071509559,0.42800884496689523,-1.3396624428881594,-0.5649866639129685,-2.967031482507053,0.8132389630512511,1.318457885469033,2.1849018866781544,-0.44379828591083675,-0.4604560216713329,-0.019712990687303773,0.2651027147305941,0.4103796597203698,0.4995293458538478,-0.029050342992042493
855258ad-52cd-446f-9db1-1bc38d82eebd_5.png,-0.5464231118112973,-1.0095225560398513,-0.8210826720975779,-0.9866631083616477,0.8706360135266625,-0.020905871920975427,-0.15257359159129058,1.2363732332015693,0.8544764833431581,0.04236849462149978,-1.2015249701919732,0.9289557082099524,0.3954955459770547,0.47034602878090875,-0.03703758850653864,0.45834313090496276,-0.22049992432373386,-0.9177538177004998,-1.0619194210161895,-0.029050342992042493
a9e37804-c00a-4e4e-b99f-e267a0056a05_32.png,-0.9232171289083693,-1.1160483734878737,0.7249048474968068,0.5568337418009754,-0.7191543868338031,-0.6130355833821595,-0.5356710019378799,-0.29626783343668284,-0.5011361391261959,-0.7642930786928963,-0.2725910729162827,-1.348448626492917,-0.41427995036671,-0.30664101344149847,-0.3497303702187725,-0.5823980250439432,-1.1197530178072939,0.6768181727335296,0.719676930886456,-0.029050342992042493
89bc92b0-73f3-4d37-8aaf-292e4f4f1595_24.png,0.031141402976429776,-0.2992591285711732,0.19935181604631935,0.4089187469478186,-0.37037279971739706,-0.2636463318385241,-0.10036108600027341,-0.10832098827049388,0.47309542581118197,0.17801140826812878,-0.05967326231219705,-0.3775927825819714,-0.30762659231167755,-0.21080904904084394,0.15167977452369288,0.08082750840155366,-0.19650244236586303,-0.5032397874003188,-1.022453284568608,-0.029050342992042493
4af4cf7a-5d36-4d0a-9b11-fcbd77f87c6e_64.png,0.38402135629549705,-0.2176912840513538,-0.20279351749629548,-0.6883156397749076,-0.058959098400192755,0.053423466673629336,-0.2930645242250969,0.9855506920794611,1.8661845897925111,0.7807187131490322,-1.061594708251921,0.2986450453094713,-0.12592087118088158,-0.14703982365899576,0.051214617353998404,0.2793872650533134,-0.259943164339093,-1.8260152691298819,-1.4614212460528717,-0.029050342992042493
372d139f-2c82-4ef1-b50b-d092a9b46c49_19.png,-0.46038255393960753,0.7384620377588405,1.8590855150298253,1.0511931818369473,-1.9065868907611052,-0.6775131694832671,-0.07454647594191711,-0.8529020188170031,-0.4626597251172879,0.13503597508907647,0.9538061743059728,0.29790767371785937,-0.7421402732766245,-0.5724054946418267,-0.6272349808573776,-0.8543452261891618,2.283047227866685,0.3630506977804941,0.2414712005208385,-0.029050342992042493
41b05097-d935-4d5b-b15a-8c9cc622e21b_68.png,1.2722152294223308,1.7192194358752342,-0.019499611399339402,0.13554634962450027,-0.5127797246174486,-0.3778545322177491,-0.07650510982242267,-0.0633991167176224,0.8236283125388828,0.7893216309295856,0.352471439202311,0.03410925224115215,-0.8803946263109258,0.8850241200908042,1.8060182096966446,0.32206965108928903,0.13992773757106852,-0.931635897446158,-1.7491231066851225,-0.029050342992042493
a7ab7384-2203-4096-ab14-1eae445ccdd9_60.png,0.008104181174852322,-0.649865280460984,-1.542826566466815,-0.6933215787724071,1.6476680908791164,1.200206143162941,-0.4242911493518963,0.2898831856998666,-0.43071267014638825,0.2663004645561104,-0.1978679930783204,-0.4980873059469482,1.560782235837594,0.7752983021153336,-0.012844358129518214,1.181223667374041,-0.9383081105821356,0.42117683285588176,0.19178356983801925,-0.029050342992042493
268cf2e7-02be-4b54-8659-24b54163053b_104.png,-1.1123026832251133,-1.5015204898131207,-1.2702225063226564,-0.6282522358723984,1.381430824753496,-0.20726075970287333,-0.4913806630550616,2.3629087804136883,0.46651184392408535,0.23620597182373373,-1.9360343501357669,-0.5705626147391041,0.15058783488772098,0.15719994436390006,0.38838498480146755,0.9025383785767149,-1.2086391824842486,-0.39689169110317096,-0.5499849739466438,-0.029050342992042493
53345714-cf33-43b8-9e6c-89b5c2c7aad7_45.png,-0.026998058157361376,-0.3347666514198638,0.4716470927666084,0.5474284888873456,-0.037091455738584876,-0.41325215785690345,-0.6872747988902473,0.6738445905641752,-0.4631902483848249,0.9290876250518104,-0.4250898156716774,0.43917084567580017,-0.7816415170007105,-0.567061704805359,-0.5801175692523032,-0.8344424832195776,0.6789325867637189,0.6768181727335296,0.719676930886456,-0.029050342992042493
4a7aeead-7888-4bb1-a39e-eef6dfc4a6ff_98.png,-1.388634280338331,-0.7083972766277289,1.8623210718236722,1.320293605947361,-1.9497872039202846,-0.5725731174529938,-0.4870283141416304,-0.4999188079659137,-0.5620437639260175,-0.2539797391815439,0.013866475791235544,0.4501873548698722,-1.1450529592623024,-0.4783547935199947,0.132521556636522,-0.7813337496082212,-0.7005785305168595,0.6768181727335296,0.719676930886456,-0.029050342992042493
a653df7d-134c-48e9-9911-e3a0e5f096f4_64.png,-1.7694005980481704,-1.6568077133321941,-1.9933160606737,-1.092760836742388,1.463828970618631,-0.372188370522356,-0.11016255730464981,0.8194081882527234,1.2081463935484513,-1.0678098136503844,-1.4834625519854272,1.341543008143241,4.630028873199083,0.4215394149411702,-0.27937268550145616,2.2398933334686313,-0.17645839683725734,-1.223321935610778,-0.751266140124221,-0.029050342992042493
273317d8-7414-4eb9-bb2a-b42c7082fe9b_42.png,-0.008694476973023663,-0.5032857561524198,-0.7655464973669129,-0.5610859880102879,1.2746308506930428,0.7725798527707536,0.4537542725098492,-0.07396741071614113,-0.4552132864179589,-1.8599960736692156,0.09593495672026416,-0.6944620949436675,1.379076514706798,-0.4712297404047044,-0.3959188083012918,-0.033944280066897994,0.06423824410999186,0.3412128062507744,0.394590733428295,-0.029050342992042493
41b05097-d935-4d5b-b15a-8c9cc622e21b_21.png,1.092974552896906,0.704167826022376,1.238217885729066,1.0420584360322707,-1.5943382743560586,-0.5432359694554826,-0.5085037968339435,-0.45476551767574747,-0.6413689085181784,0.7096248967823956,0.6793716770502503,-0.7263987821502484,-0.979147735621141,-0.0718705132926831,0.6802445309573985,-0.467108816206904,-0.4554913541758847,0.6643973645400459,0.6937875263625626,-0.029050342992042493
7728da31-7807-4ad4-af12-f6b9d4769e58_1.png,0.36939102360276516,-0.3986679247017683,0.6138007796167354,0.9781048849678178,-0.40097724766222975,-0.5953332545381494,-0.6166016308892337,-0.1511100676980057,-0.5541379968941659,0.6316037821859055,-0.025387815892181764,1.449709826794649,-1.1213522130278508,-0.4623234240105915,-0.2760369802636875,-0.8266271511831238,3.657687005361606,0.6768181727335296,0.719676930886456,-0.029050342992042493
27bb6d3d-77c3-486b-a22a-3741dde393ee_0.png,0.8278441373100839,0.9556456824817567,0.5265339027708075,-0.7749427953178132,-0.48327924380252046,-0.494177089715235,0.6961036987431809,-1.9146702840146277,-0.7851994732394847,-0.929916083285215,1.8399781003325413,-0.15055992095940082,-0.26812534858759146,-0.3647101963311144,-0.27184817799671945,-0.44740592623246883,0.8616238133945076,0.6768181727335296,0.719676930886456,-0.029050342992042493
258bd669-e070-417c-9e38-6240e5c933aa_52.png,0.18973570984255972,0.490212797756553,0.23878545505380805,0.4425957456939388,0.09925863455892123,-0.4604159994810571,0.30418536394385304,-0.4330466190741666,0.8206598581383532,0.08685294534680771,0.30621289959161724,-0.8370503440675126,-0.5209333084217425,-0.2339654716655374,-0.3037045444243996,-0.529997052557579,0.35303180065061734,-0.9288757178476061,-2.627163148055187,-0.029050342992042493
6764beec-de30-41fd-ac4d-374023ed0a03_49.png,1.4380897653294555,-0.5750104814441624,0.9454424208540193,0.586272207045387,-1.6154248118896515,-0.44364904117568715,3.250304026209627,1.0038673605274866,2.9652925267074886,-1.3142483985544842,-1.510240079827749,0.6933730547169673,-0.9949482331107754,-0.41529807344967556,0.3496750618539794,-0.43915615439426076,-1.1755891460098875,-2.799546849889727,-1.5418345484383602,-0.029050342992042493
92f1a624-99c9-48dc-9309-0fb5c6bc0e7f_14.png,-0.08713806092044434,-0.452152823497499,0.24753664996188035,-0.4133909806706112,-0.023286385759996787,-0.44865681554492354,-0.5250295011575943,-0.5553417110585531,-0.579361059577929,0.23104925409099383,0.19499117147279765,1.2867620767625068,0.12293696428086073,-0.42741066374566905,-0.4423279462634608,-0.5232501712225999,0.6121564844458791,0.6768181727335296,0.719676930886456,-0.029050342992042493
22df8deb-bec0-46ea-b532-d6d7e8d8d57a_61.png,1.407837098555933,1.9084275312418322,0.800606164335471,1.4956856793902065,-0.8363323492357899,-0.6256801039850238,-0.37753576057582633,-0.7977309759372706,-0.7304001830774096,0.826227959205488,1.2313215286479624,-0.2489703987157776,-0.6868385320629039,-0.5656366941823009,-0.5892649901209119,-0.8285809841922372,1.6100193077359177,0.6768181727335296,0.719676930886456,-0.029050342992042493
4a7aeead-7888-4bb1-a39e-eef6dfc4a6ff_5.png,-0.49885499697260804,0.9517958991065665,0.1434853683464073,1.1376097583438594,-0.025269963208044362,-0.44788118037668445,-0.376115520404075,-0.6742536435016595,-0.4089499659578414,0.7376564247239705,0.777175682950126,1.0599912656013584,0.004433233108602481,-0.13706474929758936,-0.3336534247009065,-0.3874057875438471,1.0280023680633397,0.6703236325016427,0.7061399873445517,-0.029050342992042493
8b0863a2-01d3-4fdc-9994-7b50b25bc730_33.png,2.057480193911977,0.3916416394481785,-0.9339431148688109,-1.5104905261458743,0.8625423713384395,-0.03370157000538644,7.877629455093714,2.016464781639677,5.368554483297007,-2.1787542675083342,-2.719255936117819,0.27249546522969975,-0.16542211490496767,-0.49581117365245597,-0.34199943589120935,-0.03451256344190702,-0.5011496289250446,-4.908324063183401,-5.027030114349284,-0.029050342992042493
2ec83b5a-f1ad-4dae-bb33-773f1eee7923_6.png,-0.07431433281030969,0.7002815779459662,0.6331496365093546,0.4129800352219218,-1.0548855550671759,-0.6183484134904585,-0.2072283937149381,-0.8049724651016316,-0.5713589812756837,0.26839398693740424,0.8961036730317489,-0.2597931261830659,-0.28787597044963453,0.6210409021692985,0.060954366746664546,-0.0915398053885751,0.3282221340248971,0.6768181727335296,0.719676930886456,-0.029050342992042493
a3283dda-4e12-48f9-90f3-8f3223c77d46_80.png,1.9960160629320736,0.5561382880909568,0.05639496883018473,-0.19141784650094074,-0.02043139396654894,-0.36576903603170663,-0.2928394504416542,-0.5474452706037695,-0.6322676419063018,0.5357115554820407,0.8181975921637576,-1.3244643544513324,-0.6236365421043663,-0.3134098139010243,-0.03032063675637489,-0.43372495548799517,-0.29821003425321635,0.5146170304421545,0.41095524073944895,-0.029050342992042493
a5f7c55f-08cd-4cf8-8e07-7d416d70c470_29.png,1.4083023697515973,1.752229863602555,0.3299440901201806,-0.3489421438440911,-0.960751570338191,-0.665527727398598,0.7783361888954863,-1.0233531331781085,0.08156956350971616,0.14049397983593973,1.3697692828029377,1.3484530293153638,-1.0937013424209905,0.08024937071876481,4.0011423047854775,0.0859874436542036,0.007997838198493402,-0.2728459726741313,0.1873353090823259,-0.029050342992042493
3b88f35e-b058-4cd6-a43c-563cda6b239f_36.png,-0.23571178282969785,-0.19784759271876456,0.4083318369738735,1.0462002303849351,-0.3353365226560456,-0.13464674002394553,-0.6300863793136379,0.15536345139220456,-0.5645543662424755,0.8011562839973387,0.02352367264012752,-0.15690973663350505,-0.2167737317462796,0.057805453405600365,-0.26563489765060605,-0.4171097105402101,-0.10050240986413819,0.6768181727335296,0.719676930886456,-0.029050342992042493
3dbb185d-309a-4682-8409-24f5556e96df_100.png,1.4743255563871929,0.14839774001902814,0.8424637997419727,-1.2243584327936137,-1.2823470193758348,-0.4704365304728871,-0.15599858732048247,-1.314733667008709,-0.6239625770265907,-0.05590753724084335,0.8408358750775806,0.639967501919001,-0.8922449994281516,0.01719265064844565,0.6588409559663558,-0.34104742248860975,-0.4504985407750781,0.49399686520591357,0.570201997561415,-0.029050342992042493
48a4d49c-a4cf-463b-ae33-31db1940e1d3_10.png,-0.36203586279441297,-1.27084559247602,-0.7208071979949913,-0.28314522444083223,0.8995308156353147,0.49626450573890446,0.5274600945082608,0.09275317292663142,0.8967228070311795,-1.161074919246471,-0.777056653649752,0.5712929970273183,0.5495503965009904,-0.17874631002203759,-0.1132305763638441,0.42457764662126957,-0.2800652842421213,-1.4379664902746399,-0.04343282821053432,-0.029050342992042493
a5f7c55f-08cd-4cf8-8e07-7d416d70c470_33.png,-0.8291125160739828,-0.3714155133582007,1.0135819649386602,0.5623962755356371,-1.6681321506277742,-0.6699101860352396,-0.18710888832451342,-0.04465183167129255,0.33841740199719744,-0.0651829821922842,-0.08759967874865354,0.7287166706324111,-1.1371527105174852,0.2793946052911287,5.113817726184267,0.04718462736944601,-1.7054072878245323,-0.46922463293581124,-0.4327867160556143,-0.029050342992042493
855258ad-52cd-446f-9db1-1bc38d82eebd_0.png,0.28110088546325634,-0.7354934474912427,-0.43300494229197084,-1.2610104925848924,1.0117635978020862,0.6719638228839258,-0.6113409924180295,0.13706676360667228,-0.47512977832487346,0.4287293979232478,-0.27015577463089,0.9866315022350967,1.3830266390792068,-0.43596072748401743,-0.4416546940450572,-0.18701327247244065,-0.05755003882194408,0.6768181727335296,0.719676930886456,-0.029050342992042493
273317d8-7414-4eb9-bb2a-b42c7082fe9b_53.png,1.7368631659524574,0.6881263473688037,-0.5398666745121424,0.3869198447803697,1.2391648520618594,-0.4652659256567781,-0.0496029506219394,0.8437228674631908,-0.5409617245277757,0.267753228269573,0.09430164769293364,-0.9127110982588519,-0.6868385320629039,-0.41244805220355946,-0.3229557085877981,-0.6638524837541012,0.912783047972156,0.6438583810567036,0.6783377579200903,-0.029050342992042493
a5f7c55f-08cd-4cf8-8e07-7d416d70c470_49.png,-2.1906076372919974,-1.4987798274217154,-1.6129007305995016,-0.5571278729232101,1.232598709780853,-0.5601281560836575,-0.5302852199832587,1.4801893108041868,1.9801102459361843,0.3254890499972907,-1.9379983581378553,1.8804744053837852,5.001340564205492,0.047474126388429426,-0.4191931235868293,1.5120355873632376,0.6958570837279617,-1.9133668352487605,-1.001772852040448,-0.029050342992042493
07a9fdc8-46e7-4ddb-b62f-fe041b4ea954_17.png,-0.45948702570442085,-0.7212584194946629,0.7334885703881716,-0.0785833781485644,-0.7847449824736976,-0.4894353944891609,-0.39471208802210656,-0.8273394509284001,-0.5640700123361804,-0.8045308774184308,0.2080161716631467,-0.17173468846670986,-0.19702310988423655,-0.3721915021021692,-0.3527267059784786,-0.5070866436017523,0.6699038979042699,0.6768181727335296,0.719676930886456,-0.029050342992042493
372d139f-2c82-4ef1-b50b-d092a9b46c49_14.png,0.7826883764785038,1.077471258477547,1.5291314094347963,0.9804183052212762,-1.6842542789732793,-0.6576075185072562,0.05045433775435208,-1.2478383891308538,-0.714009172922907,0.04634672413464983,1.2981577025987647,0.39938606772079177,-0.8487936313316569,-0.5570866304439526,-0.5861553235374628,-0.8452773753610249,0.21006424709313873,0.6768181727335296,0.719676930886456,-0.029050342992042493
92da35e0-d1db-40c0-86e2-73b0de7f8784_0.png,-0.3022488790295689,-0.3685996400013299,1.0822818187807928,2.127174055697033,-1.2422938807592463,-0.630421799211098,-0.5555934140288689,-0.23830083258082638,-0.5578530332366288,0.35258581266433303,0.05735481133906727,0.9848886709868581,-1.0858010936761733,-0.5702679787072396,-0.6154126376170532,-0.8783149153333067,0.15881512502505485,0.6768181727335296,0.719676930886456,-0.029050342992042493
a9e37804-c00a-4e4e-b99f-e267a0056a05_44.png,-1.220529465807018,-1.3854720572490211,0.2690601778826213,0.34323578410912037,-0.09011833233074917,-0.458019053196361,-0.21844856780183472,-0.7861097150662999,-0.4836998442666734,-3.596624310063615,-0.1607810459816993,0.29516914769572883,0.5139992771493129,-0.3917853981692176,-0.46873064467443826,-0.4634746334401791,0.13782098767585474,0.5416505541573836,0.48347087572676106,-0.029050342992042493
a9e37804-c00a-4e4e-b99f-e267a0056a05_20.png,0.8318343195085582,0.9177290150253302,1.2140030553736694,-0.3983238116651377,-1.5925843813923717,-0.4977601567582257,0.4995457182379777,-1.4685076290311245,-0.639674108476498,-0.6287247956247202,1.4704335573936802,0.4159389950884817,-0.7421402732766245,-0.14917733959358284,0.5733100431432326,-0.16914087556274957,-0.5216379047152753,0.4082689341450066,0.24286256162246014,-0.029050342992042493
258bd669-e070-417c-9e38-6240e5c933aa_78.png,-0.0860330329789878,0.5498182096208034,0.006594256117428049,2.0461076579393245,-0.10821348106573589,-0.1922356288470643,-0.2249360428795095,-0.44768274346146264,-0.5552556460206673,0.2808026950306279,0.7870355270008649,-1.6673193166275713,-0.1772724880221935,-0.10713952621337008,0.07285805141987847,0.012364375041164699,-0.9142039917891588,0.4203650153268959,0.48615107847506983,-0.029050342992042493
00367bac-0715-41b8-93dd-c21b8877a1f3_77.png,0.504458063633528,0.5801578853718802,0.8632155292512665,-0.05572842075569635,-1.3061953254886542,-0.4263752921779228,-0.21184578853182237,-0.48355701138123436,-0.4975926582350541,0.3113133606911903,0.6340912338426575,-0.8914843441791834,-0.8566938800764741,-0.0718705132926831,0.9124680681157687,-0.16707388666055298,0.28101835402380243,0.3875675871558671,0.1167753078888796,-0.029050342992042493
19369012-66cc-4209-a974-c98c915c0a70_59.png,0.0690801593536652,0.8610043239435181,1.5998552287249013,-0.7726830553868191,-1.5813882170127402,-0.6568145665707832,-0.5306385120285807,-0.22423831178828058,-0.5815337820671328,0.8861747837138583,0.6102153060902079,-0.4662335492772041,-1.077900844931356,-0.5709804840187687,-0.6220761401706906,-0.8786892812330249,0.30792804274248986,0.4393615455051651,0.28244815924561456,-0.029050342992042493
7483fa58-40a2-4a34-b0a6-a30645af78bb_11.png,-0.08674257922014635,1.2484075852746894,0.3113268425227224,1.7255475886445844,-0.03181400567898525,-0.49133797003855123,-0.4922757310654466,0.43762645169422837,0.9663501562029809,0.9801714352038948,-0.1658523032678583,1.201083735579781,0.18218882986698984,-0.5549491145093655,-0.5894174630864066,-0.7002487089102568,0.24792423617707407,-1.0924569499382573,-2.9596697129626026,-0.029050342992042493
22df8deb-bec0-46ea-b532-d6d7e8d8d57a_31.png,1.7993725119826478,1.7587073793237935,0.7228838529202839,1.486029956494931,-0.5919640294264464,-0.6741379773446645,0.31713110370381054,-0.5389444442173863,-0.6644600170754879,0.1135144990286883,0.8842706337662806,-0.5122403203017585,-1.141102834889894,-0.5595803990343041,-0.5417600714407013,-0.8723798372416971,0.9050864472564681,0.5564256331849263,0.6601025425094307,-0.029050342992042493
855258ad-52cd-446f-9db1-1bc38d82eebd_18.png,0.00439807585590384,-0.4238764539146,0.6550504989362851,0.3231315254440218,-0.5795844688206134,-0.5823726209202136,-0.5556029458421022,-0.41042545436354116,-0.5865991651841606,0.3690789857776353,0.18453411551455012,-1.8709727260796591,-1.0542000986969045,-0.24892808320764706,0.657408472282798,-0.5811546767654164,-0.7884347284242544,0.6768181727335296,0.719676930886456,-0.029050342992042493
855258ad-52cd-446f-9db1-1bc38d82eebd_35.png,0.3192949647930048,-1.2874373676582735,-0.31404818853468125,-0.3230105380660492,0.6158377233651765,0.7699380446795075,-0.2036641105214026,1.3670569613522652,0.355715412478608,0.11120779723829745,-1.315455238326655,0.00921833022881267,-0.3866290797598497,-0.1737587728413344,0.09538485162596054,-0.07528791327799868,-0.6258984387350816,-0.4037921400995508,0.10562009538283772,-0.029050342992042493
3dbb185d-309a-4682-8409-24f5556e96df_68.png,-0.1587296918485703,-0.5659900754155998,-0.06464202284715344,-0.5682967167508117,0.5776336671350127,-0.2000406826684256,-0.3634308293355697,-0.9086615366743639,-0.6194556671589854,-0.5796721822348231,0.34194693472511406,1.4149522861248915,0.5021489040320871,-0.152739866151228,-0.4655913060078524,-0.464921966225561,1.1066247151691926,0.6768181727335296,0.719676930886456,-0.029050342992042493
a3283dda-4e12-48f9-90f3-8f3223c77d46_51.png,-1.1880211387492203,-1.0501728872109963,-0.3966993080622535,-0.03671660813743647,0.6320847140354543,0.07972645369434661,-0.6724371479424169,1.2483112694181613,-0.3517120005117116,0.6387332633645999,-0.8501241146363147,-1.5360052217830007,-0.09036975182920412,0.09058069773593574,0.20520128439163976,0.22390197807712578,-0.029102808198433014,0.6655339090806262,0.6961564914823977,-0.029050342992042493
4af4cf7a-5d36-4d0a-9b11-fcbd77f87c6e_76.png,-0.5653467932106866,-1.048667675517848,-0.8043548451505518,-0.1269841506631575,1.2573889210215097,0.5911249384214183,-0.5888019438555956,1.5778910374248996,-0.21524529371347226,0.4859375876469494,-1.154141356134239,0.38768464582569784,1.0038146993279804,-0.0626079442428057,-0.34963809133602686,-0.03705510413364375,-0.2522489481529139,0.2923413910058255,0.3242460854995043,-0.029050342992042493
92da35e0-d1db-40c0-86e2-73b0de7f8784_6.png,-0.4215021805670107,-0.13360336604398657,1.0118089286658967,0.712034705940705,-0.9976997461625398,-0.5795276037845691,-0.5495563939959259,-0.2894185349031182,-0.597709680910229,0.5485012918356235,0.23265460792347908,0.8486168467743289,-0.9830978599935496,-0.568486715428417,-0.6077150431239674,-0.8673024020092128,0.7149572634611037,0.6768181727335296,0.719676930886456,-0.029050342992042493
268cf2e7-02be-4b54-8659-24b54163053b_101.png,-1.3847812533161423,-1.6738736848491875,-0.7505533768339331,0.5266055717532588,1.1842184967629363,-0.5776263062522947,-0.6002890087130225,1.501988415328437,-0.1664527478355113,-0.6420891755739638,-1.5138063528132477,-0.49442198356408956,0.35994442662537723,0.23771304456668044,-0.11388464231660227,0.11803360341198356,-0.801542457412046,0.5253330218247678,0.40392772277153066,-0.029050342992042493
19ef2be7-6425-4194-a4a4-1b4a7fbefc4e_10.png,-0.33201362785140703,-0.7755508335080852,-0.4304176450266837,0.3689957019117238,0.8133582179180153,0.12917160494071514,-0.13720646379224663,0.33539004500166647,-0.2045538649622953,-0.6655392206572411,-0.3863656346291352,0.34907760809404603,0.47844815779763544,-0.30058471829350175,-0.2598225020716722,-0.04831738746444161,-0.39346664685943566,0.14385996495431144,-0.36803638859630183,-0.029050342992042493
258bd669-e070-417c-9e38-6240e5c933aa_75.png,1.1178135556329505,0.6764786471723971,-0.5054004642735673,0.8287459892000815,0.31377975761228205,-0.19257126284572507,0.35765453149242554,-1.2823649191109638,-0.18413377675589715,-0.038885649170101746,1.1494899723575258,-0.8879337690183092,0.024183854970645523,0.1254934580008582,0.2173618444331471,0.43634509170653696,-0.3829748994320269,-0.04099088639576925,-0.08224589240036007,-0.029050342992042493
22df8deb-bec0-46ea-b532-d6d7e8d8d57a_57.png,0.027595309208123173,-0.08668264903051641,1.4089884654441036,1.7571116954075685,-1.6480572533834885,-0.6225189738343078,-0.6522865872895227,0.28634175816124174,-0.5474516718793506,0.8799147779343485,-0.02614075943270283,-0.8753619507808252,-1.141102834889894,-0.4498545810588335,-0.09794804177718967,-0.8102860023796296,-0.17755551498199118,0.6768181727335296,0.719676930886456,-0.029050342992042493
3dbb185d-309a-4682-8409-24f5556e96df_112.png,0.2295997993563867,-0.23930497325748487,0.050402788344629725,-1.6003739133522372,0.22210038443356658,0.13362335821697782,-0.6826617087632103,0.871079668346507,-0.4637204680843654,0.963353175334105,-0.31363838176147185,-0.5475698784601781,0.1584880836325382,-0.4804923094545818,-0.3960345954452952,-0.44438636612747534,-0.43474158844813376,0.6768181727335296,0.719676930886456,-0.029050342992042493
a7ab7384-2203-4096-ab14-1eae445ccdd9_67.png,-0.7263319089525794,-0.45428194453363746,-1.4392545575894236,-0.9960559144601288,1.5142637048895342,1.6776315962012271,-0.339283671637336,1.2989422059754885,-0.3999094687621156,0.021204558118314724,-0.554612731121144,-1.0442845570472308,1.0196151968176148,0.15007489124860976,0.15646188157773996,1.201054831259078,-0.614985638542885,0.4210956511029832,0.25872508665536387,-0.029050342992042493
4a7aeead-7888-4bb1-a39e-eef6dfc4a6ff_24.png,-0.12997140836268356,-0.3655334774606707,0.6327771676811258,1.4547430778172998,-0.42601132192962154,-0.5131438706195315,-0.6572163795981799,0.6554618737929268,-0.5109764745321086,0.8207195517594911,-0.2484065905816046,-0.5663196621130524,-0.9040953725453774,-0.5706242313630041,-0.6004346205524257,-0.8571779945983522,3.7027563925463745,0.6768181727335296,0.719676930886456,-0.029050342992042493
386822e1-0d1f-45b2-97d0-ac0273ee2394_15.png,0.3682532424693508,0.08331816409097151,-1.333687833025972,-1.6595951274933691,1.2300165526150577,1.6468723782365655,0.2147640417466149,0.6001983661232796,1.0328608297530018,0.24999466166162013,-0.5614460462663061,1.4370768381246983,1.3316750222378948,1.1340447264702003,0.013646755459707283,1.430572031036613,-0.09410195963841564,-1.1319924635998686,-1.705709979738107,-0.029050342992042493
505d1bd8-e981-43ac-b532-853c95be827a_57.png,0.3645502071668473,0.04120846683226261,0.5258570082396054,0.4484581011965224,-0.4143199468759847,-0.47141695263007927,-0.5658800853746014,-0.07478517592798968,-0.6091421803072661,0.6962863046324209,0.3200076555828568,-1.9087182423047386,-0.5525343034010113,-0.5132675537849172,-0.3337730598278072,-0.620408958130332,0.06987463385440992,0.6768181727335296,0.719676930886456,-0.029050342992042493
48a4d49c-a4cf-463b-ae33-31db1940e1d3_50.png,0.19590673043891005,-0.1138268211514346,-0.17440868444954388,0.209716670306792,0.38578229066253344,0.259399611421758,0.6032675275856767,0.7014568584680114,2.9641742209063326,0.04588060739521118,-1.155194038019094,0.6854709459530972,0.3046426854116567,-0.23610298760012452,-0.3335034892591381,-0.008007453701471018,-0.06456061488178774,-2.729649360644044,-2.19790010901622,-0.029050342992042493
a6a04226-e7be-4c2a-8240-4e24256bfed9_86.png,-0.5956575652045379,-0.6106456952529179,0.17440869940132075,-0.3336936096327109,0.031603629322331926,-0.2216876707235092,-0.654989625035759,0.5734373911513504,-0.4626867965258929,0.7473837127876481,-0.33805513336782217,-0.8736699077457772,-0.24837472672554844,-0.26282193678246313,-0.19270186147874416,-0.3536219417950235,-1.0095457172077933,0.6768181727335296,0.719676930886456,-0.029050342992042493
a6a04226-e7be-4c2a-8240-4e24256bfed9_84.png,-0.4298088044616489,0.4334790182058126,0.22911721482254618,-0.3006685343766635,-0.24828341260480558,-0.429212660926244,-0.6329077960306739,0.7727097298254203,-0.5388195774309045,0.9517455310510172,-0.010434856586600257,-0.8989489813546868,-0.2246739804910968,0.17216255590600968,0.11223117446428825,-0.0022741946666673097,0.3655005135021679,0.6302198465697412,0.6225493609732909,-0.029050342992042493
a653df7d-134c-48e9-9911-e3a0e5f096f4_47.png,0.8475115618485993,1.6973496774179817,-0.9851137561798953,-1.1537659247224026,1.2343627263004493,0.25339112628808247,0.3273897945655354,-1.0592965689994762,-0.19042726634590446,0.3817569800424248,1.4200835226597583,-0.0002843368516867248,2.6510165626223703,-0.0016887401070736418,-0.44071572913532664,0.22714507639702014,0.011489525152626596,0.007312256578889521,0.42221674778566964,-0.029050342992042493
19369012-66cc-4209-a974-c98c915c0a70_31.png,3.239590381006076,2.347873357256395,0.467264784206843,0.1951468116316695,-0.23102296510286538,-0.6414857547386043,-0.09911426333379776,-1.4192458856338832,-0.778327656697072,0.7141577984037885,1.707584317401769,0.6989042325316844,-0.9751976112487324,-0.5581553884112461,-0.5760991038753049,-0.8566451310504122,0.5257126666165037,0.6768181727335296,0.719676930886456,-0.029050342992042493
48a4d49c-a4cf-463b-ae33-31db1940e1d3_59.png,2.940309378467487,1.1625909470557043,-3.035592155155793,-1.3447351296825134,1.6632060975256884,0.9838060325250104,2.859115028861564,1.3614589986296688,4.042587939321917,0.2286569949508394,-1.7025044077127374,0.6219993230533957,-0.232574229235914,-0.04230154286422835,0.21377981113957753,0.7989463510652101,-1.1221755369087762,-3.729970919860423,-4.161101112638119,5.747829050214242
268cf2e7-02be-4b54-8659-24b54163053b_67.png,-0.8313186390363917,-0.28176176543702874,0.11345898396976832,0.015856035232543454,0.03730767798921851,0.18715713754716148,-0.5882026695332871,0.519547574427851,-0.48507980496070024,0.6202264673069494,-0.22121881172512303,-1.2879131798420491,-0.11407049806365577,-0.059045417685160556,-0.21464470643685715,-0.3067568125266186,-0.8741833518832811,0.6768181727335296,0.719676930886456,-0.029050342992042493
81faa7e7-ef94-4bfb-ad32-94fd63e1848b_6.png,-1.1802216345992096,-1.0418486387653338,2.5481751153564476,1.247550989005442,-2.2795793348981293,-0.6888904478090321,-0.6998358838645669,1.365135029501747,-0.30431679865064454,0.7526450198665606,-0.9931039781541305,-0.16648539966582784,-1.271456939179378,-0.5741867579206492,-0.5670485061793629,-0.8937665805568612,8.636623766767892,0.6474303781842414,0.6697337215101052,-0.029050342992042493
07a9fdc8-46e7-4ddb-b62f-fe041b4ea954_20.png,-1.0186237411705936,-0.8171558990360728,0.13911098371820352,0.3829591196063736,0.1696543291082128,-0.4654108053437187,-0.46080598845916876,-0.6884279889213523,-0.5434466025651253,-0.5007721796490748,0.08130627983241709,0.8119446264963858,0.42709654095632354,-0.32267238295090167,-0.45722863773306827,-0.4690757105153634,0.6274815230863645,0.6768181727335296,0.719676930886456,-0.029050342992042493
19ef2be7-6425-4194-a4a4-1b4a7fbefc4e_37.png,1.366857569864813,-0.2129642923105229,-1.5598207500322296,-0.8077534572762152,1.623318113916005,0.9837732222303553,1.4665444810149941,0.8779403753939243,1.7594104814129208,-0.22080443914983355,-0.9112338042900323,0.7456827573042316,0.9090117143901738,0.3274887138193382,-0.09019002558656776,0.8967523909176438,-0.3389750165878631,-1.7560365981313004,-1.8135942744496047,-0.029050342992042493
505d1bd8-e981-43ac-b532-853c95be827a_6.png,1.030951169906986,-0.6512631471025375,-0.8655129576778173,0.17473009753442642,1.0914924080958932,0.7723081540041514,0.3670439824828491,0.1529660147438664,0.4965517610630432,-0.09225798347907517,-0.24851372118473342,-1.039052650506617,-0.03111788624307499,0.011136355500448898,0.18644248406399097,0.4120724441004769,-0.6217067125050941,-0.3374666479814059,-0.15932635949554572,-0.029050342992042493
44341a17-f4a0-402e-8f84-ad64321de876_2.png,0.13498826385311935,-0.718640180915532,-2.114579266578631,-1.954383500153832,1.666002902440826,3.3378189517335985,-0.4588012329017281,0.6143411316489522,-0.47789566224256724,0.08066208302834786,-0.2674953032877846,-1.4813236946394788,0.9801139530935287,2.302909690033574,0.8521597095831798,2.782698227149385,-0.8290274593513913,0.6768181727335296,0.719676930886456,-0.029050342992042493
505d1bd8-e981-43ac-b532-853c95be827a_115.png,-0.3708400700561128,-0.3601340671818061,0.08542123727453631,0.6750509507948788,0.1252456855567723,-0.19067197572429856,-0.29135740722281,-0.371367847448229,-0.26250302021542266,0.10222624743909557,0.19647803946898323,-0.5015859090135595,-0.5999357958699145,-0.04800158535646059,0.11124351003318349,-0.29132435428421777,1.1674709452005108,0.09985945488327774,0.17333663014152065,-0.029050342992042493
89bc92b0-73f3-4d37-8aaf-292e4f4f1595_20.png,-0.446621605887316,-0.20217066478183418,0.5411023832253957,1.1075222292693085,-0.48589221444434366,-0.4637039301946133,-0.4079600785049112,-0.5274555812758459,-0.6165188685815524,0.023311084215698614,0.3990947061166547,-0.7127667929534834,-0.04296825936030082,-0.5011549634889236,-0.41451547626049323,-0.5312213000863119,-0.40510858334874494,0.6768181727335296,0.719676930886456,-0.029050342992042493
19ef2be7-6425-4194-a4a4-1b4a7fbefc4e_24.png,1.5316814661254823,0.939962883973924,-0.12914370132486883,0.57936854124542,0.586402877122706,-0.3732323360252474,-0.4509424066298532,-0.4252100778988654,-0.6491768538786132,0.7727401314786353,0.7987089398981548,-1.1745326597883383,-0.33922758729094643,-0.05975792299668959,-0.148028745762805,-0.351495312924806,-0.231961797218883,0.5512300009994168,0.4579062851448749,-0.029050342992042493
505d1bd8-e981-43ac-b532-853c95be827a_50.png,0.14253456316338875,-0.5383113069454067,-0.3976449727609767,0.4011969885381643,0.6354695502860113,0.010053990748493793,0.17414099113582027,0.5026778715259757,1.7529112792885078,0.19597374121660988,-0.8576515942951328,0.6232034684766451,-0.06666900559475247,-0.07400802922727019,-0.12520335477330274,0.03917890741106446,0.11099631651869458,-1.739069611775496,-1.2496105853027433,0.8573491406216172
16c36170-95cc-4260-985e-1bc7fbeac4a2_42.png,0.28171383350892626,-0.647869598951316,-0.4356775086306826,-0.25275681351704987,1.2255109970877849,-0.017162549972179038,-0.596347450202159,-0.16819843426311765,-0.5418732513389177,0.4413826140612806,-0.07069806242105764,2.8318703012417457,0.6799045007904745,-0.4726547510277625,-0.5263162455386863,-0.5472290308799012,0.14907345634633298,0.6768181727335296,0.719676930886456,-0.029050342992042493
a9e37804-c00a-4e4e-b99f-e267a0056a05_1.png,-0.49603799851520125,-0.9184774942514308,-0.6146572691287282,-0.7342067280904024,0.555294815405894,0.46403934046913176,-0.3477057973235103,0.9414256808269951,1.568097545522354,0.5874314384911192,-1.2600848786615189,0.6580248020131053,0.20193945172903288,0.3381762934922737,-0.022887369575616743,0.4210597673891392,-0.1405978261438441,-1.5588461203406347,-1.089380355493392,-0.029050342992042493
a653df7d-134c-48e9-9911-e3a0e5f096f4_49.png,-0.36195783190223363,0.13747165970208797,-0.8210540538480112,-0.6085319523646082,0.8936729894064842,0.1654749917121822,0.2815703683533993,0.21736498283942327,0.9164456878425724,-0.0600588092938788,-0.13043668683511833,0.9406076529903009,1.6042336039340888,-0.09110815670396691,-0.3449612402207079,0.36059104200815645,0.8256454066370656,-1.0030758399969137,-1.4469973023742349,-0.029050342992042493
a3283dda-4e12-48f9-90f3-8f3223c77d46_65.png,1.3052549713106325,1.9001257646655942,-0.906162120230808,-0.27552553088731496,0.5588015640054147,-0.2095473978879389,0.6670796349258421,-0.8573819439540091,-0.20584856237238494,0.1997431739290565,1.2866376722446788,0.462235592683949,0.059734974322323,0.5376777807204021,0.37009000909454265,0.6978690954140794,-0.8145047923446148,-0.005270915120391334,-0.7020405646020762,-0.029050342992042493
07a9fdc8-46e7-4ddb-b62f-fe041b4ea954_1.png,-0.6195576523610424,0.007699190624380728,0.3559636682701942,0.1969850221610906,-0.2779803856819851,-0.4424054842181579,0.16725594720296608,-1.2273815446182186,-0.660124458991646,-1.1842092404260485,0.9646998762435264,0.40695897210203297,0.20193945172903288,-0.21935911277919232,-0.32175068921434513,-0.30726861507691183,0.5563814049082998,0.554720816374056,0.46518239229864816,-0.029050342992042493
6764beec-de30-41fd-ac4d-374023ed0a03_15.png,-0.19089344828748334,-0.4239057982306841,0.5872034927786385,0.2055177940782855,-0.3649123280052484,-0.3022964895667692,-0.579700292129246,-0.2027612937125668,-0.5879256514910504,0.5685198016905267,0.19094795223001365,-1.9596120077019428,-0.3668784578978067,-0.5492490720171332,-0.5053667153602796,-0.7131272154718973,-0.11096020345795607,0.6768181727335296,0.719676930886456,-0.029050342992042493
4a7aeead-7888-4bb1-a39e-eef6dfc4a6ff_18.png,-0.23709194215974472,-0.04472390862021115,1.1617228029037967,1.9551978449762262,-1.4099766719986848,-0.6388221809852188,-0.494507097795561,-0.041434027260646364,-0.22945617268024512,0.6279389760209872,-0.09995286677950482,0.9738223894198099,-0.8013921388627536,-0.5631429255919492,-0.6043068000276577,-0.8462163194408732,1.3537353382707231,0.08938700875936013,-0.504739612478817,-0.029050342992042493
19369012-66cc-4209-a974-c98c915c0a70_3.png,2.4790877430003473,2.7981304115304266,0.8218233067100477,-0.27887914779047046,-0.8963084427312827,-0.6595041965976859,-0.47433962586112405,-0.5770503361975337,-0.7414979474792297,1.0417253013295389,1.297981377676514,-0.22470149061955358,-1.0146988549728184,-0.43845449607436904,-0.3319043789200199,-0.7950105806720154,0.42514018437019363,0.6768181727335296,0.719676930886456,-0.029050342992042493
19ef2be7-6425-4194-a4a4-1b4a7fbefc4e_35.png,0.13641184125320174,-0.2991356212460811,-0.0031302325971651803,0.028927869564480315,0.51722503832989,-0.047509399419053376,-0.43120386629091156,-0.9690499072290402,-0.6456966586004733,0.11938623100753457,0.525555841127932,-0.21320399010306648,0.17823870549458123,-0.4658859505682367,-0.4891285166408617,-0.579733707304243,-0.17535605917550093,0.6768181727335296,0.719676930886456,-0.029050342992042493
505d1bd8-e981-43ac-b532-853c95be827a_90.png,0.15343719251749702,-0.12090692284847916,0.31586962788316203,0.7223353557750171,-0.12283661899911211,-0.29899553273272783,0.1277244429462994,-1.4122001139394804,-0.5456949257761657,-0.8665884776404058,0.9638706518538849,-1.1284926610575907,-0.5643846765182371,-0.2528468624210567,-0.2052131524603461,-0.5176926846719214,0.7606248223071864,0.3417810785210645,0.02133985591845074,-0.029050342992042493
578fbdd2-3bf8-444c-8c21-8d2666ef631c_104.png,-0.7369398480196934,-0.6074046283875302,1.3453545442134218,2.23251046317929,-1.5806171746842617,-0.6307379122261696,-0.3102755966680015,-1.0396513163231818,-0.6168262974359523,-0.9331739774086456,0.4461730933982758,0.3454300296865226,-1.0542000986969045,-0.5720492419860621,-0.5962205219671761,-0.8712100680274397,1.453929942729966,0.6768181727335296,0.719676930886456,-0.029050342992042493
a9e37804-c00a-4e4e-b99f-e267a0056a05_99.png,-0.005660844821814421,1.426565215790364,-0.10536566949614187,-0.3416914024718212,0.25160932821328824,-0.4360925814400362,-0.14878361965861983,-0.6012687599746894,-0.24627697528630563,0.6281938503029308,1.0049571753587148,0.3591908568533686,0.6838546251628831,-0.1363522439860603,-0.3213275158104522,-0.07758029538172144,-0.38197323527646027,-0.24191572481977,0.08414100642966664,-0.029050342992042493
81faa7e7-ef94-4bfb-ad32-94fd63e1848b_63.png,-0.586955240129807,-0.679959966274137,1.1137924262677878,1.4477465189227146,-1.1796096156411597,-0.6057649840355125,-0.6539235993428684,0.441064213060787,-0.4808576974455393,0.6442138154376963,-0.41267732099878524,0.6280387228792679,-1.2082549492208403,-0.5104175325388011,-0.18519314162557227,-0.858421342876879,-2.1496511316085285,0.6768181727335296,0.719676930886456,-0.029050342992042493
505d1bd8-e981-43ac-b532-853c95be827a_18.png,0.035760263948144494,0.8664673253436891,-0.024096457171382434,0.6182558723491816,0.42620405062417516,-0.42494833941455296,-0.3231398547987071,-0.7611759401823907,-0.6622420243197789,0.5060033536979883,0.8639681277923081,-1.2092572063002134,-0.05876875684993525,-0.38002906052898855,-0.2971026758749093,-0.38665948176730536,0.09854751644765093,0.6768181727335296,0.719676930886456,-0.029050342992042493
9229a83e-46a1-420b-bbda-57bc886c344b_3.png,-0.3731977754381335,-0.1760933851581051,1.2398523621088162,0.5233146988175079,-1.3549802414457117,-0.6146161484575176,-0.4723677704332304,-0.6194992068853634,-0.6128429966598686,0.31852185876215594,0.4093207486251154,-0.899844201224262,-0.9159457456626032,-0.5189675962771494,-0.4550846561111566,-0.8037140186217024,0.17364006431077508,0.6768181727335296,0.719676930886456,-0.029050342992042493
a6a04226-e7be-4c2a-8240-4e24256bfed9_78.png,-0.26815040269185253,-0.5143581629473004,-0.619152183712698,-2.585391762063008,0.7724510537745267,1.9187785277334573,-0.2176094607594643,0.6471649170109733,-0.3804960519113185,-0.34843673393570174,-0.49195337941336237,-1.208222958728761,0.26909156605997925,-0.05726415440633798,0.05141864775529643,0.3423791065383299,-0.8251766405967514,0.41784838098703975,0.3438849948310084,-0.029050342992042493
578fbdd2-3bf8-444c-8c21-8d2666ef631c_53.png,0.7348815897417172,1.3529071937598796,0.6017972752229576,1.5630270536894089,-0.5204526667595443,-0.5835950925004109,-0.5333138767686559,-0.4660309542192322,-0.6736265265671643,0.9294806429644458,0.8109660495392285,0.22081244966088337,-0.5841352983802801,-0.5610054096573622,-0.5867012326048371,-0.8152292320760365,0.2307717073897946,0.6768181727335296,0.719676930886456,-0.029050342992042493
505d1bd8-e981-43ac-b532-853c95be827a_106.png,0.49200434545005156,0.10867876550482479,-0.26115321444665773,0.9495105128161421,0.6674432147054037,0.07821993148726936,1.0903564053511114,-0.692362898023876,0.19826805086874824,-1.1403056456382814,0.6327550296771808,-0.5096431061979128,0.19008907861180707,-0.39071664020192404,-0.3110763795645488,-0.2391100790570817,-0.565540406154336,-0.36474371695533087,-0.25149241064602074,-0.029050342992042493
578fbdd2-3bf8-444c-8c21-8d2666ef631c_75.png,0.25349964922490686,0.7140054859555439,0.5709171769460083,1.136264532591566,-0.3517677876907076,-0.5599285968501294,-0.5237165707541783,-0.059497309992578754,-0.6368859014707207,0.7894078569547532,0.5731629521725252,-0.8023972481486672,-0.6196864177319577,-0.5631429255919492,-0.5970899479291465,-0.8264495300004772,1.844328407567664,0.6768181727335296,0.719676930886456,-0.029050342992042493
258bd669-e070-417c-9e38-6240e5c933aa_73.png,-0.17501673199828593,1.9825757453097002,-0.637591516151072,1.1527263225865427,0.7504794425185809,-0.4904269715815417,-0.5458986375371355,0.44405237179272383,-0.5640533980486857,1.0554108320399989,0.5685873201695629,-0.57290191745571,0.37969504848742025,0.010780102844684383,-0.2235362026982972,-0.07525548335903247,0.19543190950878944,0.6768181727335296,0.719676930886456,-0.029050342992042493
48a4d49c-a4cf-463b-ae33-31db1940e1d3_24.png,1.4937397876101435,0.09464452125766952,0.14588340106901673,0.06532908623139044,-0.4368786376854237,-0.0026574889852622016,0.5737625684168294,-0.007635802791201954,1.266416001158135,0.225181219371758,-0.16448748255064358,0.7804651167542572,-0.4103298259943014,0.06742427511124227,0.17183567740852768,0.07110732823595985,0.1896391464907844,-1.0736227832657852,-0.027879826456204192,-0.029050342992042493
a7ab7384-2203-4096-ab14-1eae445ccdd9_31.png,-0.12704129365893652,0.21689354232572547,-1.659443386245931,-1.5979768214704544,1.5451045411263358,1.6700577973335105,-0.6569654776756536,0.984290760489632,-0.5475719732678644,1.0020928020984652,-0.05514973829518498,-1.798164037279432,0.7115054957697433,0.6527473885323404,0.5804431283378553,1.7593218534983317,-1.2088500351762899,0.6730838121001946,0.7118931883498617,-0.029050342992042493
855258ad-52cd-446f-9db1-1bc38d82eebd_28.png,-0.6579996529025578,-1.202437252814805,0.08508504097118444,0.1385067704944316,0.21836490065371578,-0.44181093784798176,-0.6801985037370359,0.971236215310943,-0.3288600715967122,0.4357734919186677,-0.9632097719095374,-1.4915207644572468,-0.44588094534597883,-0.11390832667289587,-0.11032733268735358,-0.38570755027715503,-1.0950963031912235,0.6676446346559893,0.7005559981335147,-0.029050342992042493
a9e37804-c00a-4e4e-b99f-e267a0056a05_25.png,-0.7825074810492159,-0.06696617674704167,0.8552922971843029,0.056276058411341826,-1.0459977502636293,-0.626513309247463,-0.3976288228714749,-0.33974363102475724,-0.6021575682422201,0.09571212166701074,0.3622599340856287,-0.8605602619258779,-0.5051328109321079,0.05673669543830682,-0.04697563524369763,-0.3680031500285052,-0.7239751749415838,0.6627737294820742,0.6904032904770877,-0.029050342992042493
3dbb185d-309a-4682-8409-24f5556e96df_81.png,0.3169635117821347,-0.15185479489536943,1.0678998811688347,-0.8054507932474624,-1.2893495241348556,-0.5848635402546812,-0.23920178503334605,-1.1126292355885945,-0.5984506201608913,-0.11559021686197606,0.7412353687950864,-0.5007944080913038,-0.9633472381315066,-0.22648416589448261,0.3651344153707197,-0.5406215671662009,0.14034657709074516,0.45170117194575016,0.25045262536518625,-0.029050342992042493
519d608c-1d5a-448f-8835-1d3a5261bbba_5.png,-1.7744467317999046,-0.7008302666869158,0.8681732584843674,1.2835182135315788,-0.8557522800605117,-0.6856795999613011,-0.4767133548340445,-0.23231635238398074,-0.2888269987139912,-0.009338252324042964,-0.15575772441291175,0.8584440441857413,0.14268758614290378,-0.5086362692599785,-0.5517204744269039,-0.6696007640983191,0.4407977832579648,0.16788976381229295,0.2927365923998764,-0.029050342992042493
9229a83e-46a1-420b-bbda-57bc886c344b_8.png,-0.8852386886617185,-0.5121904261613341,1.024769124819344,1.1047072630540302,-0.9783462270059545,-0.6329507033316708,-0.6701043135230454,0.9476690430216423,-0.3926898718504181,0.7947141589874939,-0.5900509120446618,-1.540136965064226,-0.836943258214431,-0.5367802290653751,-0.5170867607902774,-0.812239835388743,-0.4369098717173515,0.6768181727335296,0.719676930886456,-0.029050342992042493
580d287a-e8ba-4363-873d-175443ac329e_10.png,1.0331868689902848,1.6779755132526337,0.891337824767423,0.2777374618497005,-0.8895052677360263,-0.6726033969058994,0.7503277244042555,-1.8102851382855554,-0.7822950683505273,-0.2767549040152841,1.9823786017653178,1.155712003299251,-0.5683348008906457,-0.5410552609345494,-0.5651271502439115,-0.79667348700498,-0.24638103397073927,0.5837027021588512,0.5255910028543987,-0.029050342992042493
4af4cf7a-5d36-4d0a-9b11-fcbd77f87c6e_62.png,2.200997086630097,0.2658029687212905,0.2393553056820654,-0.7914112856272998,-0.42165536642598356,-0.005983944454338842,0.09109891181438316,-0.6623817273953637,-0.20864977541269447,0.2843558835391977,0.6288016045926901,-0.145809737003749,-0.7026390295525384,0.006505070975510203,0.3452361370928103,-0.22910307090627724,-0.5075894553098398,-0.013307908657351365,-0.6982123431212334,-0.029050342992042493
3dbb185d-309a-4682-8409-24f5556e96df_85.png,0.7114640776323208,-0.2447248934605433,0.8354863015975684,-0.9114809968531496,-1.1756917012937518,0.11931128463170805,0.7604446679788676,-1.1574728780521146,-0.49757152981904434,-2.182787624274177,0.7549311096012901,0.12006324641299453,-0.7026390295525384,-0.09965822044231527,0.3920807824087035,-0.21913787746218044,-0.44555778754246617,0.34397298584932634,0.3066755895442153,-0.029050342992042493
a5f7c55f-08cd-4cf8-8e07-7d416d70c470_55.png,-2.709735127132967,-1.7980768749842162,0.3531112981912719,0.32468107579220334,-0.21401831240231195,-0.6926829476344848,-0.6901364952051398,1.2730577119749469,-0.0768873625410714,-0.26103875020532236,-1.6757455230972598,2.605496081932744,1.8807423100026914,-0.3942791667595692,-0.5248114396477684,-0.32129362258030736,0.9969142056948411,0.5361301949602798,0.5500125800522645,-0.029050342992042493
4a7aeead-7888-4bb1-a39e-eef6dfc4a6ff_12.png,-0.3650629236846811,-0.8314039430513502,1.1633516094876117,1.209802021621755,-1.2294796052767292,-0.5921721243874334,-0.5896235246607308,-0.04796752408733201,-0.4927732775581593,0.21017607482493136,-0.21680858818967205,0.30831059904552105,-1.0542000986969045,-0.5232426281463236,-0.4411482275161689,-0.835330589132811,-0.706792687615931,0.6768181727335296,0.719676930886456,-0.029050342992042493
a6a04226-e7be-4c2a-8240-4e24256bfed9_79.png,-0.4465507927630595,-0.4902261617062251,-0.12325115219816786,-2.1416836537187383,0.36436604951318763,0.24249997720922614,-0.5513778927570115,0.3235851054963816,-0.5022853933843967,0.4704102043484494,-0.07529387707038726,-0.2724383659334725,1.1381189279898731,-0.2713720005208115,-0.3891064972236707,-0.11200895918784108,-0.2292526745960888,0.5734738012936295,0.5876960023330737,-0.029050342992042493
578fbdd2-3bf8-444c-8c21-8d2666ef631c_84.png,-0.3542514680828957,-0.5418441067702363,1.02289015896549,1.8135354177630723,-1.102459750880438,-0.5826887339352852,-0.6705686050708576,0.6370172714722898,-0.4744465126389633,0.7905699090206717,-0.40110828909247953,0.0558042894346834,-1.089751218048582,-0.5724054946418267,-0.6219297900802881,-0.8799135059771268,1.0910840035049025,0.6768181727335296,0.719676930886456,-0.029050342992042493
8b0863a2-01d3-4fdc-9994-7b50b25bc730_35.png,1.2272197086804328,0.3256653627645506,-0.33444548976489524,-0.943728913165305,0.2792709297717911,0.16867785871456675,2.847625504181367,-1.3985155639061435,-0.4903315825122602,-3.560095813990954,1.367026032169698,-0.7753831087728594,1.0117149480727976,-0.3237411409181952,-0.41246148387535775,-0.1885702211676748,0.3558610627170103,0.3395891711928027,0.01677113747305835,-0.029050342992042493
75769513-6d94-48cb-b36f-b1f9dc9210d3_25.png,-0.6224417900209562,-0.47472762014589853,0.1398916129486755,0.035026220977533364,0.013937335174770235,-0.44808052989050673,-0.5063016404992212,-0.04202381787143846,-0.25443876019989864,0.48702349522662564,-0.1300077707907644,-0.3387386908487367,-0.4221801991115272,-0.2172215968446052,-0.03364985493240747,-0.2703902323766786,-0.15511741484262495,0.12608116106952108,0.27983698393856304,-0.029050342992042493
4af4cf7a-5d36-4d0a-9b11-fcbd77f87c6e_45.png,0.11361939699697343,-0.3698594594883262,0.44545827676630584,1.3353737107893544,-0.09092462335843794,-0.5842692990106432,-0.6772405668562723,0.5773471716974257,-0.4813936598466059,0.8789484707985039,-0.32143287825022115,0.13675463493803094,-0.927796118779829,-0.47443601430658505,-0.4273299042482574,-0.7966091713158354,0.6689741808275994,0.6768181727335296,0.719676930886456,-0.029050342992042493
372d139f-2c82-4ef1-b50b-d092a9b46c49_6.png,1.0434956337188066,1.5072172591168158,0.630325572262915,-0.2556962868918389,-0.4991095421965225,-0.6388653778604193,-0.05735600451470996,-1.321885083813073,-0.6714923813620799,0.49921158449986525,1.4056585067529819,1.1100259757526605,0.17428858112217263,-0.5581553884112461,-0.5909450434201472,-0.7318917833551953,0.8788835495170151,0.4722401554290925,0.31020165525346144,-0.029050342992042493
855258ad-52cd-446f-9db1-1bc38d82eebd_32.png,-0.3140244328191343,-1.2532999013924095,-0.33582220744190083,-0.0703343515806303,0.5359651370796474,0.37626513581060717,0.05997077709527006,0.9298600393220814,0.009682174090484781,-1.3395375637010176,-1.0067485297620404,-1.5212233171282679,-0.8448435069592483,0.1842751462020032,1.3485852258725195,0.09663101699944417,-1.007389549621912,-0.05097624200229534,-0.7973068047782298,-0.029050342992042493
a6a04226-e7be-4c2a-8240-4e24256bfed9_49.png,0.1778030842624664,-0.6652004960465469,-0.7589746958480728,-0.6379651058793756,0.7263779088794489,0.7221362308075445,-0.2974276348631462,-0.1940271643367043,-0.27888053710823274,-0.004589639368752689,-0.16526649924531048,-0.13499739958814974,-0.24442460235313984,0.7033352656509015,0.8521268244877811,0.8579947127097476,-0.6071697878059199,0.19614101382100094,-0.18291598096898076,-0.029050342992042493
a653df7d-134c-48e9-9911-e3a0e5f096f4_55.png,0.6231551182754341,0.978872156618501,-0.018816679589243025,-0.7101751588901539,0.2799496406020458,-0.30795355093681176,0.03322727646344327,-1.1412524874341345,-0.5616562740099086,0.23457066587078962,1.1858582492885141,-0.5036219725082337,0.34809405350815137,-0.4373857381070755,-0.3699833023326829,-0.3232907411736141,0.3445349156716525,0.38432031703992364,0.38833570871024714,-0.029050342992042493
855258ad-52cd-446f-9db1-1bc38d82eebd_40.png,-0.2869748999191737,-1.5326036909710063,-0.3964664045642803,-0.8235103102716972,0.6122346516889178,1.0054124355708667,0.47564946246227036,0.06811288631081464,-0.3126937858809433,-5.137625250815202,-0.6906092043222734,0.8414338244782101,0.1110865911636349,-0.12602091696888937,-0.060595366591266256,0.059281760422652895,-0.2320037819785258,0.4062393903225419,0.2550776170260564,-0.029050342992042493
4af4cf7a-5d36-4d0a-9b11-fcbd77f87c6e_47.png,-0.47091996067497416,-0.06618431460478631,0.14654718117376198,0.8890163603608963,-0.33277500756517786,-0.3363956444457569,-0.6733829497974303,1.007195206901288,-0.23057119393778205,1.0097028392185412,-0.6329404336291037,-0.3959729798302327,-0.7026390295525384,0.5241401798013505,0.8359189725219448,0.06784923173086467,-1.1533652721597103,0.18022939025287804,-0.117621798726641,-0.029050342992042493
19ef2be7-6425-4194-a4a4-1b4a7fbefc4e_93.png,-0.5908577400694799,-0.6935017927441095,0.30016519976284484,0.7245276949844655,0.02863124583411918,-0.2498217290648823,-0.6562708852210127,0.39613505141491284,-0.49470016515449344,0.6831503803636659,-0.33879817516909366,-1.1075585933289154,-0.5209333084217425,-0.5175425856540914,-0.3750550024383512,-0.6410130153173466,-0.9223718917220495,0.6768181727335296,0.719676930886456,-0.029050342992042493
a653df7d-134c-48e9-9911-e3a0e5f096f4_82.png,-1.8093825282849958,-0.7660274789736752,-0.088127937812614,-0.2022633503446718,0.37643469688319275,-0.46246016453809324,-0.6324250558120877,0.769253414746635,-0.37136977284869105,0.5751836372021302,-0.6119566267388864,-0.3370389117632329,1.3158745247482604,-0.4331107062379013,-0.4382740911725044,-0.19058401028955374,-0.855261985156496,0.6491351949951117,0.6619757090390886,-0.029050342992042493
22df8deb-bec0-46ea-b532-d6d7e8d8d57a_52.png,-0.1960158190400884,1.2733369817971396,1.0775805781701442,1.3905192843685013,-1.27327978109871,-0.5802765587538747,-0.5054173342134545,-0.27154819182589574,-0.6401812776957041,0.8754217868732517,0.7149934260682785,0.33975093817885577,-0.3708285822702153,-0.27885330629186633,-0.4315069131739774,-0.6428893776325235,2.011789536863731,0.6768181727335296,0.719676930886456,-0.029050342992042493
386822e1-0d1f-45b2-97d0-ac0273ee2394_44.png,-0.11138377488996952,-0.321075909196678,0.591480765980114,-0.44820574686604936,-0.44107139826989944,-0.3614096233851598,-0.45733979069858155,-0.6411772185886497,-0.6171960856498834,0.09917024209118916,0.39524176855495186,-0.3521527229830342,0.024183854970645523,-0.5004424581773946,-0.49073738761236213,-0.6152579438335785,0.516937848112281,0.6768181727335296,0.719676930886456,-0.029050342992042493
89bc92b0-73f3-4d37-8aaf-292e4f4f1595_10.png,-0.496850828895463,-0.5457226511448594,0.11160261477294268,0.3797768167131119,-0.14094476822818658,-0.2235258603370536,-0.19585171340430896,-0.2210627698382172,0.9393271816664883,0.272825373118062,-0.20993823722067467,0.04179182867818475,-0.12197074680847297,-0.10678327355760557,-0.1374395699992092,-0.09317675691175721,-0.42076519955570607,-0.9992602976106802,-0.13560047688356258,-0.029050342992042493
48a4d49c-a4cf-463b-ae33-31db1940e1d3_21.png,0.2489604385764231,0.556538944092632,-0.5210573286397298,0.06604025501857926,0.5066924497293147,0.2832507281007141,-0.17280317405066656,-0.9867762495782237,-0.6994399574104704,0.1228433559780528,1.0214128829201041,-0.1709906272824705,0.5297997746389473,-0.1242396536900668,0.029266065536696827,0.48154057321776794,-0.13475347459122092,0.6315187546161185,0.6252567496816718,-0.029050342992042493
a653df7d-134c-48e9-9911-e3a0e5f096f4_46.png,-1.2056426798775997,-1.6573870147265133,-1.8535169641715958,-1.2626817374319135,1.5300327927695045,0.3524734677116054,0.4370985050572416,1.3988899553879133,2.5304513247297153,-1.0441002366026486,-2.107951066575981,1.2458156577527746,3.326487830304242,1.3791465536361864,-0.26600542805352373,2.019219948398876,-0.35083233228307725,-2.7432067133781084,-1.7520453982003334,-0.029050342992042493
386822e1-0d1f-45b2-97d0-ac0273ee2394_50.png,-0.18696505093372487,-0.7146335053169244,0.7796499927711883,-0.7745049526865162,-0.8833762765713238,-0.4954829617156004,-0.3926587509649611,0.10582219180814997,0.2241800319065441,0.4483517814890219,-0.3153346062839839,1.1080530927724102,-0.44588094534597883,-0.3415537737064209,-0.37727686663337784,-0.5885433458031376,0.7626560344581716,-0.3396585553096677,0.22870625854267843,-0.029050342992042493
a7ab7384-2203-4096-ab14-1eae445ccdd9_22.png,0.6982755346698559,0.04015206385908776,-2.141157204862685,-1.6075952441148298,1.6173084460543563,1.5029579419732453,-0.1770411412052992,1.05447583321283,0.2309498652409212,0.5935344052203758,-0.36492215565581776,-1.7372930033041392,-0.2799757217048173,4.177867417322217,2.3725012250475954,2.6492729813163103,-1.0896743055621068,-0.3716441659517107,-0.31718817077573425,-0.029050342992042493
a7ab7384-2203-4096-ab14-1eae445ccdd9_15.png,-0.05997332460385273,-0.6647024614298738,-1.8332421233563685,-1.681433010533833,1.5732493882724492,2.837653843196709,0.2755075201813729,-0.4081769175198412,0.4371804576763738,-0.3321802321498827,0.03193263236055067,0.06833695320289108,3.338338203421468,0.3631139793957897,-0.14001604579878174,2.1459078447430935,-0.19722354505886824,-0.5644508290858529,0.1641625957162597,-0.029050342992042493
824faab9-9bc0-41fa-93a5-24d93dec52b5_29.png,0.6111225415223178,1.2356107216961778,1.4353781070922011,0.9097542569718524,-1.5917860967822384,-0.6160913940485045,1.4346399647341426,-1.8280871720944138,-0.7334152505267041,-1.6662734096869203,1.7007542507811462,1.4127666956975626,-0.5011826865596993,-0.567061704805359,-0.613767599132778,-0.8276022995363443,0.7625683825239197,0.6768181727335296,0.719676930886456,-0.029050342992042493
3dbb185d-309a-4682-8409-24f5556e96df_91.png,-0.8420645882232708,-0.44645310310538455,0.47748439514925467,-0.2779294966630141,-0.46899338829270754,-0.5696814978387084,-0.6029551491177109,0.14862942486978517,-0.5138218140516644,0.6189221061812326,-0.11805424564516677,0.4269248026481836,0.13873746177049515,-0.04907034332375414,-0.38848248892834963,-0.4357324468105261,0.6239894642414126,0.5894666066146509,0.5376050402478397,-0.029050342992042493
89bc92b0-73f3-4d37-8aaf-292e4f4f1595_30.png,0.7203899255295193,0.8277827987277563,1.28941154532864,0.33327991372922305,-1.3336451332969848,-0.5504452063979812,0.1417565019369988,-1.5136004094656383,-0.7525329206683221,-0.3192421507092001,1.503149416115624,-0.9644213148481778,-0.19702310988423655,-0.4234918845322594,-0.4916185706200509,-0.6637485266961212,1.8599239050430898,0.6768181727335296,0.719676930886456,-0.029050342992042493
a6a04226-e7be-4c2a-8240-4e24256bfed9_90.png,-1.6055866133671952,-1.5186850811455601,-0.8551664991783119,-1.8234852405079987,1.1152165161561265,-0.6729692980542855,-0.6639446098294554,1.2826302040397892,-0.09986068784592285,0.47032427764998624,-1.4165898306439082,0.5432828759264927,2.844572656870392,-0.05833291237363153,-0.41569613320465404,0.35979959481993,-0.7848027921733012,0.2774851302253843,-0.11267588514640411,-0.029050342992042493
4af4cf7a-5d36-4d0a-9b11-fcbd77f87c6e_15.png,-0.06601552912656544,0.9062953441702143,-0.5880731059058784,0.9579263242069442,0.7126036176099259,-0.4971468151018765,-0.28752162109105056,-0.5831195527875749,-0.5870378184019786,0.4764862906840971,0.7104038538887296,0.5279487346604705,0.18613895423939847,0.9480808401611234,0.3014725328518334,0.6621399864835341,-0.27166762925712157,0.4651773429269155,0.27854178321463946,-0.029050342992042493
855258ad-52cd-446f-9db1-1bc38d82eebd_49.png,0.591585917553227,0.0675949009702675,-0.7854956869839631,-0.9358510047315719,0.8359528130183062,0.7986691939594579,7.265219371716236,0.1760837817184456,0.28324522556864373,-7.092873982029964,-0.2763813141861659,-0.05347310009139474,-0.0864196274567955,-0.2243466499598955,-0.09529737693996448,-0.060934231816230124,-0.7286449865352006,-0.04253333970084238,-0.7797087781737542,-0.029050342992042493
855258ad-52cd-446f-9db1-1bc38d82eebd_25.png,0.14439907658004877,-0.9089809594338877,-0.3304279063782667,-0.28970602423071234,0.5784713910484759,0.3882063664866303,-0.20925559515515388,0.1340855031993341,-0.3165312602826238,-0.5642542998753033,-0.4147602611971385,1.5157202292512792,-0.4182300747391186,0.34031380942686074,0.20618326033904158,-0.05030767362157759,0.2062544601314196,0.32278454834279535,0.3292893377601363,-0.029050342992042493
48a4d49c-a4cf-463b-ae33-31db1940e1d3_62.png,0.1619281240979817,-0.1628407379849708,0.013824977208697027,0.0034503319104044793,0.18835376630266487,0.05969314525577616,0.050147167385965016,-1.6501612033874253,-0.714103887845417,-1.1099287006816083,1.145815986032489,-1.30687277413597,0.21378982484625872,-0.22220913402530842,-0.2672564600851974,-0.2227459669114138,0.44156744583673657,0.6199909457045193,0.6012286748947898,-0.029050342992042493
9229a83e-46a1-420b-bbda-57bc886c344b_12.png,-1.2578284048865012,-0.7942070941339286,0.6050781549761776,0.6145363020666952,-0.4714028224313434,-0.4352617907389333,-0.6204558656917671,0.3076174506224539,-0.47915973927097916,0.423928834629876,-0.2873684188514449,-1.0713271511042988,-0.1851727367670107,-0.49153614178328175,-0.45178455363865155,-0.6156632572268501,-0.27399750357285185,0.6719472675596144,0.7135841819098577,-0.029050342992042493
519d608c-1d5a-448f-8835-1d3a5261bbba_59.png,-1.010612188701554,-0.6511469432411016,0.7143109045042221,0.47859333031939244,-0.7334484321024681,-0.411256335984941,-0.5122670181939919,-0.2701558440141041,-0.5385695802452951,0.1801210562724557,0.09122393910079067,-0.33660091943808346,-0.29577621919445174,-0.3497475847890048,-0.3548703811623987,-0.5402584604227089,-0.06280447787994557,0.6768181727335296,0.719676930886456,-0.029050342992042493
3dbb185d-309a-4682-8409-24f5556e96df_50.png,1.371555186411124,1.0079721581690255,-1.104622690396272,-1.845672749790834,1.3870663142537902,0.05367542369856752,-0.17605229245181306,-0.40652822090793395,-0.45550096430372444,0.597687800994733,0.5755205495332845,0.23735716391297007,1.2013209179484108,0.4443395849100991,-0.17951836847129846,0.4955064957983145,-0.27564880206347825,0.31288037448916783,-0.03889954284302454,-0.029050342992042493
92f1a624-99c9-48dc-9309-0fb5c6bc0e7f_41.png,-1.1889427838155628,-1.171026556229456,-0.4434799786352063,-0.29749437325334593,0.2020380556832078,-0.44905112762579397,-0.469346800593989,2.170263512643543,2.5719545828931074,0.6592811262209703,-2.2943343105475065,1.2805024114484835,-0.5327836815389683,0.5797155941006148,0.596434712520252,0.5231842257383731,1.2543882621483398,-2.4158818856910087,-0.7392259641920909,5.747829050214242
19ef2be7-6425-4194-a4a4-1b4a7fbefc4e_71.png,1.7709765418822085,2.9844360240894185,-1.0154121149661206,-1.0649729138295385,1.0154195496794285,-0.17334833375626388,0.3507393547306403,-1.6071791406696427,-0.8018271478602377,0.5606288536907416,2.029079506012686,-0.49924242426317333,1.015665072445206,0.404795540120238,-0.1733162974483112,0.3612724886671092,-0.14300260467522222,0.6768181727335296,0.719676930886456,-0.029050342992042493
48a4d49c-a4cf-463b-ae33-31db1940e1d3_14.png,0.24381883694966042,0.6730743162372614,-0.261309701589698,0.10645478328474216,0.2321518760917338,-0.1219325249025206,0.3421422741499592,-1.4795789841850633,-0.7457315749130536,-0.7123010830232989,1.4048224584139553,-0.3931586559885844,1.4501787534101531,-0.33727874183724676,-0.2901658007248109,0.26694071723619583,0.17153869628894788,0.6702424507487441,0.7059707755502764,-0.029050342992042493
19369012-66cc-4209-a974-c98c915c0a70_44.png,-0.28520513435868344,-0.24075402724743145,0.7857989331177676,0.40246909298204564,-0.9191695916821014,-0.5911339479770914,-0.5211316045008957,-0.4087562103913575,-0.49973006637720474,0.5088517602011355,0.046161544017169265,1.4883422149612608,-0.6670879102008609,0.04391159983078428,0.029791395776088792,-0.4233595348169005,0.4944195473687684,0.4733766999696727,0.2956321744362939,-0.029050342992042493
855258ad-52cd-446f-9db1-1bc38d82eebd_58.png,1.2174684094210526,0.5966220541095334,0.825450142997566,0.12672203604417465,-1.3298123072990111,-0.5432046361129168,-0.1498877726044432,-1.3055450649218978,-0.6400551337592003,0.21203643463375502,1.1507525974629356,-0.257279550856057,-1.0858010936761733,0.0011612811390424782,2.599906470925695,-0.22676137903274302,0.3069356415280684,0.4462619945015449,0.2391154351488417,-0.029050342992042493
372d139f-2c82-4ef1-b50b-d092a9b46c49_8.png,-1.0257956545197446,0.22415864964734786,0.21633689898215758,0.3102786321748288,-0.009434456055062322,-0.3783484129597998,-0.28617363821316416,-0.6893914516560168,-0.6206556671636575,0.20208544526280636,0.6680628089570821,1.798796342331051,0.31649305852888254,0.31110109165417055,-0.33097500660040774,-0.28561737192444386,0.6211407043153621,0.6605006404009138,0.68566536023742,-0.029050342992042493
a7ab7384-2203-4096-ab14-1eae445ccdd9_73.png,0.3828050127001541,-0.7693786691379435,-0.7147717214875831,-1.042275538244857,1.0586210705337826,1.479576122626465,0.006689785988592552,1.404799318391202,1.570356473315071,0.4322607537435272,-1.3650151925841991,-0.3422840282615144,-0.41427995036671,-0.2214966287137794,0.22708954601056203,0.15760094705902747,-0.1330175614547211,-1.5227202403007638,0.11235988659026612,2.0057209412547063
268cf2e7-02be-4b54-8659-24b54163053b_4.png,-0.4330257983256648,-1.041581414404726,-0.018416012179744683,0.13256182164024968,0.296780314288658,0.11576564114808155,-0.3942302702370591,0.38924285622725296,-0.4308387946911318,-0.6378405692035386,-0.40386827760166266,-0.284313970959586,-0.4063797016218928,-0.11105830542677975,0.04165561272328557,-0.21246125509921981,-0.7560678048344667,0.5806989773016036,0.5193301664662677,-0.029050342992042493
578fbdd2-3bf8-444c-8c21-8d2666ef631c_79.png,-0.5401278028100361,-0.22099236961817822,1.0737447782708902,1.7158633516596447,-1.1637569037040252,-0.660136422627829,-0.6734306088635965,0.9369850790750951,-0.47676168836742866,0.8991515971954507,-0.3667894701075951,-1.874478761868737,-1.1648035811243456,-0.5079237639484494,-0.2200550552295844,-0.8392382551510379,-0.8698125781245621,0.6768181727335296,0.719676930886456,-0.029050342992042493
10b42c78-10e5-441c-bc2d-1bc4a35bb63d_2.png,-1.3778359025085685,0.20460596759936983,0.3970595717207761,1.2095936630423805,-0.29625262931691193,-0.4929942928073511,0.2850227296109061,-0.012170276204350341,-0.05511924154807143,-0.9437103152510157,-0.034793471436593934,0.6399249028494833,0.7075553713973347,-0.3860853556769853,-0.5241438052492471,-0.509477106985694,1.121041199713331,-0.15659370252335594,-1.0174513491284534,-0.029050342992042493
16c36170-95cc-4260-985e-1bc7fbeac4a2_5.png,-0.0030322379140198578,-1.3176042715256093,-0.8416975213982965,0.027440732696195725,1.6530718486255873,1.857703742417526,-0.6533802859885743,0.19909290639238003,-0.35010757778529533,0.09510831720593999,-0.8345533143953521,1.436144254085552,0.8932112169005393,-0.52217387017903,-0.53478617523044,-0.5285788067020001,0.6936158830546126,0.6768181727335296,0.719676930886456,-0.029050342992042493
44341a17-f4a0-402e-8f84-ad64321de876_40.png,0.22116747798387093,-0.11570693627834656,-2.7560336098863973,-2.045695083151562,1.7009557027676518,2.6187950850055834,-0.13112885668360072,0.8521215241692486,0.7162259089247217,0.5673896076395373,-0.5389818370324033,-0.9513823048130241,-0.20887348300146236,5.897855239353295,3.436785071210471,4.457434868646099,-0.9143259580563793,-0.8166013535888614,-2.393143236574511,-0.029050342992042493
855258ad-52cd-446f-9db1-1bc38d82eebd_41.png,0.2008408266664143,-0.7951595689598308,-0.4360630093195598,-0.9648301708510201,0.0838540705123976,0.9787822605754606,0.006263621693713408,0.8520481454887623,0.7021345980832567,0.07608453429104015,-0.8965596317455838,0.6585983833735368,-0.5051328109321079,0.30896357571958344,0.9144647166640751,0.6084728857205437,-0.3351552850818949,-0.7376926897714357,-1.9551644082079265,-0.029050342992042493
268cf2e7-02be-4b54-8659-24b54163053b_69.png,-0.605424383123473,-0.4978828974441323,0.1607307616328918,-0.10836422502049063,0.1917820728537966,-0.2014564377589263,-0.40586061977083066,-0.7152788510125292,-0.6157186287134871,-0.2491109203701423,0.4173866183073118,0.6282619369148453,0.5969518889698937,-0.4263419057783755,-0.5077327219126033,-0.5255592465970066,0.2465602598187593,0.6768181727335296,0.719676930886456,-0.029050342992042493
268cf2e7-02be-4b54-8659-24b54163053b_55.png,-0.5545078127667418,-0.1263521589338478,0.6715743485493246,-0.4880614649705811,-0.7537052054756286,-0.54630201320554,-0.3975817787610012,-0.7215104931887073,-0.6118235998178626,0.04640608879704228,0.4056506109122972,0.931324353281277,0.05183472557750578,-0.41814809469579167,-0.3920164114524835,-0.47217627516178123,0.10790104950639796,0.6740579931349777,0.713923729881146,-0.029050342992042493
19ef2be7-6425-4194-a4a4-1b4a7fbefc4e_28.png,-0.3591781978650534,-0.6512603080837742,-0.17528587226954884,0.1469381837133358,0.5257003737561045,0.15044533989543352,-0.4044210084947668,-0.0638859215141346,-0.2808765312707408,0.17170311060278112,-0.1921276813382669,-0.5484961263146596,-0.24442460235313984,0.011492608156213413,-0.09711962753575075,-0.21482617023130166,-0.10231071844299294,0.15027332343329974,0.298681763890139,-0.029050342992042493
53345714-cf33-43b8-9e6c-89b5c2c7aad7_14.png,0.9095397999237643,1.5974945991856626,0.2745540782331372,0.46159895184626837,0.2806233126681553,-0.5501290933829096,-0.575203121150239,-0.440181041627597,-0.6815942243200163,1.00586558322251,0.7462776848113827,1.0660867148857562,-0.05481863247752664,-0.5414115135903139,-0.5859698204563162,-0.7538024662979863,0.6697056195735214,0.6768181727335296,0.719676930886456,-0.029050342992042493
48a4d49c-a4cf-463b-ae33-31db1940e1d3_12.png,-0.8607250984519632,-0.4806258182383511,-0.1862449522561127,0.8440413562629914,0.5069385482904564,-0.17202275154076407,-0.39967139820400216,-0.5505575600192609,-0.5861035448483718,-0.2478770576923875,0.3152905307503095,-1.8345342869489825,0.24539081982552757,-0.41351681017085296,-0.2150860420140526,-0.12690936685145568,-0.6551861583246691,0.673002630347296,0.715784341262519,-0.029050342992042493
505d1bd8-e981-43ac-b532-853c95be827a_89.png,0.29716859286955494,0.7649530038544781,0.4424814423073404,0.9267546181756446,-0.4292281558804562,-0.4689704673823741,-0.0790694750600077,-1.1824620244194624,-0.7258229213102102,0.09317238916218847,1.2772892930410062,-1.253285499628271,0.3006925610392481,-0.36257268039652735,-0.40629265186572544,-0.4134712463566351,0.7741175647688604,0.6415852919755433,0.6624410942079817,-0.029050342992042493
27bb6d3d-77c3-486b-a22a-3741dde393ee_7.png,1.5094260856549813,1.9587175135026313,0.3946440775764277,-0.7676159426147278,-0.6005251270265384,-0.40504347545211644,-0.10868697112057672,-0.38917504549000076,0.032739613312590336,0.7811300540474543,0.73619208769669,0.6590087251451473,-0.2365243536083226,0.05174915825760361,-0.10870283807193992,-0.19735175409098463,0.19450985187450973,-0.21528810986903374,0.20822451679093404,-0.029050342992042493
4af4cf7a-5d36-4d0a-9b11-fcbd77f87c6e_80.png,-0.03375785363019245,-1.2204669692819134,0.5664095979575352,-0.46088035704949376,-0.6550178004423629,-0.21553715254426847,-0.5831354346273636,1.9126893355230334,-0.1275111105668667,0.4425868968327184,-1.3663670777804544,-1.9124371649743537,-0.9712474868763238,-0.14169603382252804,0.9364967285877386,-0.3573793752549056,-0.9973286168971504,0.32854845279859496,0.45055864804013046,-0.029050342992042493
89bc92b0-73f3-4d37-8aaf-292e4f4f1595_4.png,-1.2212500155051866,-1.2376924181178877,-1.1291673961230455,0.8673815938990841,0.8780705553155971,-0.21923602707448173,-0.29507020221607627,1.250533774663142,1.709411965583856,0.17563293975785235,-1.5326717709617965,0.34520320111107916,0.42709654095632354,0.1561311863966065,0.13456180685536565,1.0110167248051494,-0.6804801962860304,-1.718449446539255,-1.730425634644945,3.9430578032432364
268cf2e7-02be-4b54-8659-24b54163053b_109.png,0.23663802201110046,0.17970935071832242,-0.6853477886355924,0.11256937671539474,0.6516705971069633,0.2516780385292581,-0.3823702347521512,-0.7954539358490162,-0.6369511666535206,0.473004911372184,0.6962872546313223,-0.5404410661922902,-0.10222012494642994,1.5768667775854923,0.5304355029805873,0.6169789203661048,0.21455013211847065,0.6298951195581468,0.6218725137961945,-0.029050342992042493
a5f7c55f-08cd-4cf8-8e07-7d416d70c470_35.png,-0.10569829817031438,-0.7537584818706003,0.8351598610019345,-0.664869958989844,-1.0222381209205407,-0.45545110583567133,-0.2797956252487484,-1.1108327962276643,-0.6255321851613677,-0.9461203626488525,0.4372318157198797,0.17270469986645337,-0.8724943775661085,-0.2147278282542536,0.18359653164657644,-0.521872156401954,0.6988973755437236,0.6229946705617669,0.607489511282921,-0.029050342992042493
268cf2e7-02be-4b54-8659-24b54163053b_91.png,-1.0697038620676314,-1.7025045586934333,-0.9496592289014312,-0.22835645627505294,1.0645629407112687,-0.463882591231042,-0.053320050305052796,2.2901773714241296,2.5367320096497585,-0.15818404985038315,-2.683225809252804,0.3535625713598307,-0.24837472672554844,0.11729964691827437,0.2942464020562922,0.6012252756094433,-1.1012554901718223,-2.4130405243395585,-4.004615577206512,-0.029050342992042493
4af4cf7a-5d36-4d0a-9b11-fcbd77f87c6e_10.png,-1.1477266535531696,-0.9167884680220783,-0.042416541793892745,0.9365458346007205,0.29317480230255755,-0.42393826461656575,-0.5068145135467381,0.43170036847634025,-0.4220360189856859,-0.13505937776249627,-0.42274589983241667,-1.7294122297955776,-0.3668784578978067,-0.2499968411749406,-0.037893506758681056,-0.25679555503367524,-0.6951954494492888,0.4953769550051895,0.3414885706844956,-0.029050342992042493
a7ab7384-2203-4096-ab14-1eae445ccdd9_52.png,0.19956541744396591,-0.5747660188388626,-1.118957853605947,-0.7825700873438448,1.4929933156965864,1.390122470108451,-0.3245868455430806,0.7090777663049421,-0.10952159482413186,0.33539627487165224,-0.4391214081384818,-0.4142924929676627,0.7786576101006897,-0.029832699912470326,-0.12408266644749115,0.41828140980695433,-0.7669491248966501,-0.015337452479816018,-0.7230228270920291,-0.029050342992042493
8b0863a2-01d3-4fdc-9994-7b50b25bc730_37.png,1.2771198245660915,0.8089053264456403,-0.8825853180652776,-0.9188692485828663,0.89683307994572,0.23172211634556586,0.5490508813929112,0.9303140668180914,2.208082735784991,0.5017873980537801,-0.7916883940334898,-0.3556676737193774,-0.2246739804910968,-0.19264016359685368,0.11998882963223857,0.32448062357892166,0.8751351739374013,-2.1548825501220543,-2.6677718034359383,0.6331216032648006
505d1bd8-e981-43ac-b532-853c95be827a_83.png,0.03202090985234623,0.0852841983638068,-0.7092683129534942,1.0652242498690132,0.8227326643800847,0.02444164823325922,-0.11020837150373859,0.07349607000310367,1.1998413050000236,0.4747715709192541,-0.19379411379149275,-0.6622119745111334,-0.4182300747391186,0.8921491732060945,0.6014170226255434,0.5263616775861761,-0.5947061837291022,-1.2678095361992032,-1.5934415031309606,-0.029050342992042493
8b0863a2-01d3-4fdc-9994-7b50b25bc730_23.png,-0.126631573237708,0.4500734524819978,-0.28618979707941944,-1.0169159532380603,0.4294101751217551,-0.208715121914799,-0.25399239187070277,-0.05815194319686167,-0.44826293000296846,0.396845673075374,0.5132082225467316,-0.9449910846310376,0.4863484065424527,0.23557552863209336,-0.18707559909939192,0.07909679060890773,0.1743123024279342,0.6521389198523594,0.6682365454272173,-0.029050342992042493
48a4d49c-a4cf-463b-ae33-31db1940e1d3_86.png,-0.07729325000853127,-0.07146819302338525,-0.48445952927991554,0.21668959397450363,0.6994387253480642,0.23417836291599578,0.585461792988157,-0.5127941750422933,1.3750426894144696,-0.28868436653094026,0.17696462607032562,0.06900099560911396,0.9682635799763029,-0.35722889056005963,-0.34520927418582537,0.1308967301627792,0.19035470830499637,-1.4151544177101372,-0.8413266327776289,-0.029050342992042493
19ef2be7-6425-4194-a4a4-1b4a7fbefc4e_115.png,-0.824917072881985,-0.833532738316376,-0.5799450159594303,0.5237713222830508,1.122807396021317,0.03365706747684366,-0.47451673310055437,1.3956193477592682,-0.3363350672574757,-0.1603427976078047,-0.8298945647057872,-0.5870236439319142,0.36389455099778584,-0.4341794642051949,-0.267980774001345,-0.15465936237194527,-0.41765446178816207,0.614551768260314,0.6191999039510093,-0.029050342992042493
268cf2e7-02be-4b54-8659-24b54163053b_62.png,-0.6543482620913404,0.010616332462528811,0.7521124396135124,0.3749856087930807,-0.7686946287663264,-0.5851947358702252,-0.5728638296960966,0.1656911476579748,-0.5398584639796875,0.6990914501075612,0.1253003679822003,0.44539738795314776,-0.6038859202423231,-0.283484590816805,-0.26156421453633044,-0.5836490326427606,0.9308136262835008,0.48595987166895355,0.3218600025487332,-0.029050342992042493
4a7aeead-7888-4bb1-a39e-eef6dfc4a6ff_31.png,-0.46608022025209733,-0.49557116044731386,1.1442176683857863,1.7763959716873334,-1.260326340587737,-0.6152483744876608,-0.6498166177507313,0.5607150104001463,-0.46171117516277493,0.7042209585274212,-0.38486854904089046,0.24370659532415204,-1.101601591165808,-0.5738305052648848,-0.6276258021215205,-0.8818673389862403,2.0125374450808193,0.6768181727335296,0.719676930886456,-0.029050342992042493
a653df7d-134c-48e9-9911-e3a0e5f096f4_40.png,0.49452872978289864,1.4097354742252493,1.0933965844658649,-0.02674993468807326,-1.4269214716869283,-0.6172694665358294,0.31277875479037903,-1.5515793858332123,-0.6080926529401671,-0.05543214210510641,1.462661536475496,-0.026841503355159866,-0.5169831840493339,0.1276309739354453,0.31022310017652066,-0.0736310375448957,0.6984303725662013,0.37896232134861696,0.09883885769585582,-0.029050342992042493
4af4cf7a-5d36-4d0a-9b11-fcbd77f87c6e_30.png,0.0801038846314388,-1.1393621434963586,0.4377556838250404,0.6378285683011298,-0.03755382650341797,-0.44992126760520995,-0.7011389749769033,1.0013390407332599,-0.344990084935634,0.7083217849296684,-0.9014095724213081,-0.8750674969153279,-0.9633472381315066,-0.5189675962771494,-0.4402542150403265,-0.8108188659275696,-0.8892086701810635,0.6768181727335296,0.719676930886456,-0.029050342992042493
19ef2be7-6425-4194-a4a4-1b4a7fbefc4e_89.png,-0.40119810857968924,-1.0196636013230014,-0.8878094743479334,0.6205185473223288,0.6798411620849107,0.7427322530232915,0.47483464616975235,1.2028649148702513,2.5235502888226606,-0.38876572488737,-1.718881112675929,0.8972591884152761,-0.4103298259943014,0.12335594206627112,0.623332388952669,0.7876949311650938,-0.5683389898089993,-2.3621395652721446,-2.3010429933298506,-0.683462461753692
16c36170-95cc-4260-985e-1bc7fbeac4a2_0.png,-1.1174574888437223,-0.5967771085293824,-1.722984069200667,-0.035392782288802244,1.7521812116983788,0.5668645129735412,-0.631596095538643,0.4671740589030443,-0.41279588478585855,0.6510923868083704,-0.5305393234816884,1.3296821496517923,4.543126137006094,0.13012474252579692,-0.3214519663599984,1.391322958563225,-0.2403258372335427,0.6462126518907626,0.6558840844452305,-0.029050342992042493
3dbb185d-309a-4682-8409-24f5556e96df_98.png,0.0730526332351735,-0.5573401697914848,0.7686463133075069,-0.8411049643623225,-1.1521788121554648,-0.5538426590661846,-0.399440482341481,0.36002498286161366,0.3317095078473348,0.5733095126799919,-0.4968069246923887,0.8522142274851229,-0.9317462431522376,0.011848860811977929,0.9316836588322832,-0.24087938871499934,-1.0169753071326169,-0.43910620261043576,0.07268488137322088,-0.029050342992042493
4a7aeead-7888-4bb1-a39e-eef6dfc4a6ff_22.png,-0.06455249463574307,-0.4640952807211228,0.3389349175672143,1.55008699953986,0.05670375655612845,-0.5039765931824549,-0.6385709230025973,0.39387506623805757,-0.45853139954156924,0.65759715499999,-0.4179162078182307,-0.7869353718587034,-0.7381901489042159,-0.5592241463785396,-0.4621015020139171,-0.7628611466129668,-0.39901331088254804,0.6768181727335296,0.719676930886456,-0.029050342992042493
a653df7d-134c-48e9-9911-e3a0e5f096f4_76.png,-0.8250399087795232,0.018807881138397705,-0.7124452883369992,-0.9716477048957514,0.4460715683248535,-0.0743909136787581,-0.2487317533994985,0.15719504738001114,-0.16341090342719147,0.1945618462080324,0.07985552830776901,-0.7433253970213985,0.8853109681557221,0.857236412941172,-0.019805853811882854,0.7389721639485307,-0.6779065682657045,0.1553065921130121,-0.36540921728653436,-0.029050342992042493
8b0863a2-01d3-4fdc-9994-7b50b25bc730_36.png,1.527396198782484,3.0977837762290594,-0.2471015320159707,-1.307571830372419,0.44311271418422893,-0.46607127688168304,1.275020220330475,-1.5123646645875497,-0.7836358353880148,0.05320380942938813,2.161813540595116,0.6266442391427467,1.4462286290377444,-0.2660282106843438,-0.4003283523957684,-0.04795658622234167,0.1229059230554312,0.6768181727335296,0.719676930886456,-0.029050342992042493
a9e37804-c00a-4e4e-b99f-e267a0056a05_9.png,-0.017365438814028432,0.1761321681987573,0.8021516969685092,-0.8563543179924799,-0.7806763807957711,-0.1833414188190829,-0.49074356895766635,-0.414650968710828,-0.6434176000369901,0.5930200281665315,0.5601737258508885,-0.34884364342141044,-0.11802062243606437,-0.42206687390920133,-0.3349300202197841,-0.4568212946634009,0.058841181889561896,0.6768181727335296,0.719676930886456,-0.029050342992042493
a5f7c55f-08cd-4cf8-8e07-7d416d70c470_21.png,1.553150301906365,3.2499857010323594,0.5148985987403748,0.16101347508973854,-0.35610665712469824,-0.6707236230302164,-0.07343924821763123,-1.0596126170982059,-0.5464758297454505,0.8539314007190816,1.5511307021581822,1.1133900248492175,-0.35502808478058084,-0.4071042623670917,-0.4866030648562041,-0.6854772213916454,-0.16177558746242673,0.31685828038119856,-0.030608164923606643,-0.029050342992042493
519d608c-1d5a-448f-8835-1d3a5261bbba_82.png,-0.27982599697015514,-0.7441704310715883,0.6743069812894487,0.5829976500811972,-0.6868544862618912,-0.426528904489911,-0.5631961112548316,-0.3895107628148043,-0.5564997256877905,0.2038943918023458,0.015427755306458485,-1.3285919769340053,-0.8527437557040655,-0.09110815670396691,0.10994888923088221,-0.537992729382274,-0.07310567136655542,0.6768181727335296,0.719676930886456,-0.029050342992042493
48a4d49c-a4cf-463b-ae33-31db1940e1d3_75.png,1.4041465725304987,2.3457980852273472,-0.019705097596453423,-0.5867929254248921,0.2375663202515871,-0.44230550681161407,-0.16973147036679684,-1.192826908295926,-0.7769424744419715,0.7980310341377972,1.6819850772845106,-0.9562125436232608,0.5614007696182163,-0.39819794597297886,-0.45462645824009124,-0.4298941483688544,0.5742153707563977,0.6668328171270035,0.6988638801907785,-0.029050342992042493
48a4d49c-a4cf-463b-ae33-31db1940e1d3_51.png,0.1129619471467933,-0.02479335630802774,-0.06299693631230727,0.4618786904382443,0.17629502610615747,-0.07515326580336429,0.14733322763413056,2.045122020843402,3.976607685459957,0.4764682990174728,-2.294111471462857,-0.27613011535204174,-0.797442014490345,-0.3223161302951371,0.2700195832031789,-0.07830767995675132,0.20968350816569972,-3.6565014334872026,-1.0118208785233171,-0.7389211158860333
a7ab7384-2203-4096-ab14-1eae445ccdd9_74.png,0.6622435015806802,-0.17893062394213,-0.9695110533069584,-1.0262250161058615,1.3389912511395285,0.8144723566779015,0.2313398649592016,0.6893132249257589,1.408894645260763,0.355173557053702,-0.7378925583785948,0.12428973625657962,0.06763522306714022,0.441489563663983,-0.05103799533697233,0.23637569384434745,0.5536470836124281,-1.4392653983210173,-1.0122663592504058,-0.029050342992042493
a6a04226-e7be-4c2a-8240-4e24256bfed9_67.png,0.27746055833518896,1.2860377230989746,-2.4858705359725706,-2.132995932315201,1.537578819643074,1.9609989788085873,8.593036315057475,2.3281195981870635,3.8220161801130734,-3.763052192187556,-2.5811374201659363,0.252928198167626,0.5258496502665387,0.7731607861807465,0.3062398944197127,2.229699516286443,-0.6565839299726295,-3.710974389682154,-4.108387760981409,5.4833653297813365
268cf2e7-02be-4b54-8659-24b54163053b_89.png,-0.4403976301262039,-1.5914749520804892,-1.7881127778972263,-0.4693463274255393,1.618152479423854,2.489379368886747,0.10044162617217917,1.5618540264467777,2.692245235167179,0.10255374668803331,-2.3429896402093457,1.4621480440056445,1.7187872107339384,1.7610494006157467,-0.10453371066559572,1.7551890922977018,-0.2752674039165502,-2.4555797628584175,-1.864704472209497,0.8573491406216172
a7ab7384-2203-4096-ab14-1eae445ccdd9_62.png,-0.7620091515855166,-1.0689414373910315,-1.4422893068613631,-0.4150396675779257,1.5962893597676393,0.7197942537381907,-0.0036903586223945434,1.3182492424901207,0.7968141435187669,-0.33398191393912324,-1.1455002708132282,-0.7011574958985508,0.4468471628183666,0.5383902860319311,0.20056569003352084,0.9907557318643175,-1.057310918560754,-0.8542696869338054,-2.204616410173047,-0.029050342992042493
3dbb185d-309a-4682-8409-24f5556e96df_53.png,0.5816602698876072,1.0953032108430336,-0.5748010557241998,-1.178494870651427,0.9159026547700642,-0.2940944140319973,-0.2071103222219847,-0.524243010026621,-0.40555011703465216,0.6082363058674723,0.6687215340173918,0.5394398631530702,1.0828171867761525,-0.22078412340225037,-0.31623552304520985,0.0850478238801998,-0.07164282475865962,0.2278830792043481,-0.023794189762194533,-0.029050342992042493
07a9fdc8-46e7-4ddb-b62f-fe041b4ea954_16.png,-0.5641949904410047,-0.4483985339009587,0.44502572548436,0.42852044311695997,-0.7214168336339445,-0.3674923638301244,0.21026195112206802,0.1746405494955713,-0.04435908402875438,-1.0895426872007459,-0.1649708436969587,0.23610798876140937,-0.26022509984277425,-0.32623490950854683,-0.06588486489161426,-0.17368699885507005,0.41181395038489016,-0.0441569747588141,0.03193464254388701,-0.029050342992042493
505d1bd8-e981-43ac-b532-853c95be827a_112.png,-0.08148213795381046,-0.6749793643005986,-0.5318404009757238,0.6764249862074457,0.8076666493786723,0.41318297035668855,-0.39238232838119746,0.7841038886039062,1.5161685715919717,0.7527093161621361,-1.0174855482133296,-0.23372490778409902,-0.3668784578978067,0.03536153609243592,0.16677789005009552,0.1383494781959161,0.48772693763649766,-1.512328975929745,0.025238279905254898,-3.08297356387974
3dbb185d-309a-4682-8409-24f5556e96df_61.png,-0.05105034442595414,-0.8270727375324572,-0.11098987496561263,-1.1323839800425466,0.6890288039485867,0.25817188615519127,-0.6258865394119383,0.36881597659591864,-0.476629817749607,0.536772716579874,-0.2717647231305459,1.180853020662825,0.6878047495352917,-0.4028292304979175,-0.5090937231464945,-0.5104614460720391,0.17573939038971154,0.6768181727335296,0.719676930886456,-0.029050342992042493
2ec83b5a-f1ad-4dae-bb33-773f1eee7923_12.png,0.5447949496477419,0.7560004011275372,0.5582297862764135,0.17101846428478087,-1.1737393059725691,0.17030549288127844,0.8729311333334443,0.2553244786475532,1.1390676094945837,-0.2214513917083707,-0.10102067193100193,0.42717723348252795,-0.6038859202423231,-0.08042057703103146,0.5537349214381204,0.17006217076783553,-0.6180415798887932,-1.1656017092998834,-0.36761616387444557,-0.029050342992042493
8b0863a2-01d3-4fdc-9994-7b50b25bc730_34.png,1.8994899476194753,0.4147797866763307,-0.7249094848658699,-0.970426441361093,0.6386004995494775,-0.10134976998111538,5.841466265571768,0.7548807952470259,3.484000979316903,-1.5937044120677506,-1.1164608936455758,0.4899754756037546,-0.33922758729094643,-0.3426225316737145,-0.27518582457319773,-0.2410789985810363,0.04431889801958516,-2.723398365670853,-1.2669137945183409,-0.029050342992042493
3dbb185d-309a-4682-8409-24f5556e96df_71.png,-0.6845598482670515,-1.0405018965475092,-0.2856238571051711,-0.9704816108138671,0.6729419157477481,-0.23294097143031725,0.19181543269299836,0.6059896832539846,-0.34973884332136423,-3.5215498121463997,-0.7228838728235284,-0.5673791984095452,0.442897038445958,-0.3219598776393726,-0.3221518161101997,-0.20708159164146406,-0.3644509318089291,0.2858468507739386,0.29370777684824956,-0.029050342992042493
81faa7e7-ef94-4bfb-ad32-94fd63e1848b_71.png,-1.2228492511116569,0.8750138275448417,0.7656345822890557,1.484189077419774,-0.6921820694568882,-0.6084456553307132,-0.4721411592605565,0.6203823247256046,-0.31015189643579166,0.7630685439342939,0.06694171878572368,1.1029213794065957,-0.14962161741533322,-0.5007987108331592,-0.5411034594509957,-0.7044745723632573,0.055699667170185166,0.3670286036725248,0.07396472393760456,-0.029050342992042493
a6a04226-e7be-4c2a-8240-4e24256bfed9_81.png,0.45950956548674193,0.8339110544185803,-1.3559396863537367,-2.121354123883331,1.0560051422190373,1.011131794138626,3.069451091656478,0.42889410818906154,0.25046814830858444,-2.118763319409334,-0.06798578265269375,-1.1195800046542252,0.36784467537019444,0.6032282693810729,0.3878330632314468,1.172018692655092,-1.058478244191263,-0.34704609482343907,-1.1858284278633524,-0.029050342992042493
81faa7e7-ef94-4bfb-ad32-94fd63e1848b_26.png,-0.5345520036096346,0.16606843266774068,0.4581184997218027,0.9281612155552283,-0.3455723777066713,-0.563688663217844,-0.3486961834662274,-0.5762522185904194,-0.4606651280223426,0.32930031465600407,0.5658996059334979,1.1999559383810627,0.05578484994991439,-0.37967280787322405,-0.5091327378372292,-0.624159959159176,0.9752932573905426,0.27699803970799275,0.358993830756996,-0.029050342992042493
855258ad-52cd-446f-9db1-1bc38d82eebd_14.png,-0.12184360198906648,-0.8413213183930299,0.5809597242580673,0.24739061405336907,-0.4631330890490785,-0.2918647600694061,-0.6965566326344895,1.152632916445929,-0.3802307249403451,0.8109537883443204,-0.7975587713761236,-2.2155877285019385,-0.9001452481729688,-0.4477170651242464,0.04974972679908828,-0.6015811127697843,1.1711774641381252,0.6768181727335296,0.719676930886456,-0.029050342992042493
00367bac-0715-41b8-93dd-c21b8877a1f3_3.png,0.8509445802910166,0.0681899257296057,1.4408283490103782,0.6442148828508372,-1.7299357996215219,-0.3799695640038319,-0.40307025831626425,0.4727172244257249,-0.47149732171226694,0.4154648131105996,-0.01647609380951425,-2.1128372635432093,-1.1253023374002595,-0.19869645874485042,0.6004785965971624,-0.6858551395233317,0.03484413368792954,0.42304401317254925,0.3467517610065419,-0.029050342992042493
16c36170-95cc-4260-985e-1bc7fbeac4a2_10.png,-0.45471854110567317,-0.43728338319589516,-0.45927349746296137,0.12629465036288395,0.9752042655157895,0.021318389750439738,-0.41309465105915966,-0.5766162663843671,-0.5409432011229148,0.15220716310566715,0.3447421581623968,1.4313085584570042,1.9004929318647343,-0.08220184030985403,-0.4917084716899149,-0.2000376688216044,0.4602319787060826,0.4357895483776273,0.21728711368752196,-0.029050342992042493
a9e37804-c00a-4e4e-b99f-e267a0056a05_10.png,-0.08898058843546106,0.23332319893005707,1.0509957265836658,-0.6156973164508014,-1.0202245301656083,-0.38877611477968615,0.19551500613887626,-1.0567128302114392,-0.6899477690748903,-0.9066191996446571,0.9688726895102848,1.3725969878784774,0.32044318290129115,-0.5182550909656204,-0.5384237507189916,-0.6305798800051863,0.7111646078481266,0.6660209995980176,0.6971717622480398,-0.029050342992042493
a3283dda-4e12-48f9-90f3-8f3223c77d46_78.png,0.6390126373801415,-0.22029800950253692,0.16065442376412276,-0.13711751886652568,-0.3415657912852062,0.00467769041273396,-0.4836780355290732,-0.19050453211163726,-0.5870433613045953,0.46197696742630073,0.32801283083966426,-2.0828363804370125,-0.6591876614560437,-0.07329552391574115,0.780533275759702,0.06481337994383363,-0.5355976075754418,0.5871123357805919,0.5326978982138991,-0.029050342992042493
3dbb185d-309a-4682-8409-24f5556e96df_83.png,0.47666605144790347,-0.265989581244257,0.596829987018368,-1.3486662913601344,-0.5444991807436997,-0.3297176555397712,-0.3472657965255506,-0.17167760003613958,-0.4823018575335221,0.20426315297001607,0.16902427616582075,-0.4355471145349721,-0.4814320646976563,-0.28419709612833405,-0.2543526071770265,-0.5162647529741177,0.029778964027041152,0.3593975189000577,0.1793758795091588,-0.029050342992042493
578fbdd2-3bf8-444c-8c21-8d2666ef631c_25.png,0.18713212451533223,0.9765894894384213,1.0788616932554007,1.5787920741076895,-1.3590320147242634,-0.6418558087317687,-0.4237795062157642,-0.23496053378219128,-0.21918759839261898,0.789484130351306,0.3580937272462202,0.6687115979550579,-0.6947387808077212,-0.3903603875461595,-0.41029461683331886,-0.7096886465241834,0.6030650317122425,0.08930582700646154,-0.007503260978442391,-0.029050342992042493
a3283dda-4e12-48f9-90f3-8f3223c77d46_59.png,-0.9069737051422212,-0.5543775659151061,-0.9886101410419679,0.49478397856118167,1.098893298981062,1.4717837795021294,-0.24319499982237677,-0.2997943925082798,-0.5781423476529703,-0.5934453703008444,0.29171131080969076,0.49212243585877785,1.7582884544580246,0.7774358180499207,-0.055026850785203446,1.1637254328990034,0.46642860781304335,0.5496063659414451,0.45452204925940004,-0.029050342992042493
8b0863a2-01d3-4fdc-9994-7b50b25bc730_29.png,-0.565146048010937,0.6878298265565076,-0.003559386441245597,-1.3553770794727003,0.2799704788772993,-0.3269504853651374,0.3319143310728578,-1.2833868777440012,-0.6833496137659743,-0.656620153769055,1.2347889110023043,-0.2266866351234769,2.279704871615961,-0.5100612798830365,-0.5333727405857118,-0.28897421144910596,0.28984380485189426,0.6669139988799021,0.6990330919850514,-0.029050342992042493
519d608c-1d5a-448f-8835-1d3a5261bbba_85.png,-1.952100422613707,-0.9344876215493856,1.148942621593915,1.3538960849914978,-1.1958955382054792,-0.6628635700990287,-0.6374200334241464,0.6102470918728281,-0.38554123833010445,0.4350874083522888,-0.637890325552651,-0.5918211380347512,-0.3866290797598497,-0.4986611948985721,-0.5257777806858671,-0.7337771047080217,-0.6336043333072955,0.5223292969675202,0.3976668863833996,-0.029050342992042493
3dbb185d-309a-4682-8409-24f5556e96df_62.png,-0.691729005127583,-0.9453823372971372,0.05231093068689775,-0.8576941236053183,0.515507661203367,-0.3411783904205769,-0.6345494202517131,0.2502793203862305,-0.44312558609825126,0.36919559181618666,-0.4767067680935106,2.318965805947595,0.8655603462936791,-0.5310801865731429,-0.5864814085200503,-0.649005968536447,0.465861615632434,0.6768181727335296,0.719676930886456,-0.029050342992042493
258bd669-e070-417c-9e38-6240e5c933aa_61.png,0.13995273854798845,-0.7936367913129798,-0.08385115538955064,0.7386107361160116,0.34570478215575823,-0.2176791693671293,-0.47209688245069886,0.0010436803517217918,-0.13883000352899758,0.5231470570369557,-0.2114146180807102,-0.1955747230651303,-0.6196864177319577,0.07633059150535515,0.0910144549085687,-0.31910443516604436,-0.06243114022809983,0.0065816208028022455,-0.6773356426381003,-0.029050342992042493
386822e1-0d1f-45b2-97d0-ac0273ee2394_40.png,-0.1188192125725007,-0.5647489038056085,-0.17511396120164754,0.06040892008954727,0.8226539549853508,-0.05920558097670286,-0.3749185091486891,-0.932472316149425,-0.6289050446453662,-0.5108937340182498,0.44334197833274863,0.9268878107038839,0.7786576101006897,-0.4755047722738786,-0.5594425231156578,-0.6008706280391976,0.5294288243717443,0.6768181727335296,0.719676930886456,-0.029050342992042493
578fbdd2-3bf8-444c-8c21-8d2666ef631c_74.png,0.37362785884007615,0.633428285106187,0.4802191450626076,1.259019582798384,-0.31253232564629935,-0.5305300864484699,-0.3180990629875595,-0.8315345316279459,-0.6818633223645788,0.3806615157105429,0.9405227112802871,-0.8199833998898739,-0.5288335571665597,-0.4566233815183593,-0.5092731298822513,-0.748473830818586,1.0931362073873845,0.6768181727335296,0.719676930886456,-0.029050342992042493
92da35e0-d1db-40c0-86e2-73b0de7f8784_13.png,-0.8035952066375873,-0.2384137127903353,1.3883028548587417,2.100448957500388,-1.6142843017935864,-0.6926513630846021,-0.6359238462243756,0.5611995503894568,-0.22012090918682556,0.846042916274238,-0.6059832807440423,-0.031429956766869944,-0.927796118779829,-0.5724054946418267,-0.6085732654945515,-0.8610080063360758,0.381463011824889,0.19963182919564013,0.41126415992184906,-0.029050342992042493
7728da31-7807-4ad4-af12-f6b9d4769e58_7.png,-1.2825856738026562,-0.3924746360103742,0.38778307012962254,0.7068252067904659,-0.5915421107568986,-0.621221369140468,-0.5518467964725171,-0.01670020116678188,-0.5146472128628756,0.3450497322001688,-0.04917549932638074,2.040611900868783,-0.05876875684993525,0.23771304456668044,-0.10001709552853474,-0.13551102546686,0.29575347438501176,0.6768181727335296,0.719676930886456,-0.029050342992042493
a7ab7384-2203-4096-ab14-1eae445ccdd9_53.png,0.1735349831999525,0.30680627537483,-1.169978717342694,-1.071890773208521,1.3776110427983987,0.37016530860763175,-0.4209774606030408,-0.17546610110418345,-0.590274825156216,0.519881917817751,0.3450172914264418,-0.41820063344081737,0.9011114656453565,0.5654654878700343,0.11104411947091658,0.9647129097973568,-0.5599655268632218,0.5919020592016084,0.5426813940760532,-0.029050342992042493
3dbb185d-309a-4682-8409-24f5556e96df_56.png,0.677320878107336,-0.04689591024794439,-0.8391941786923852,-0.6885416156832195,1.2379289547718737,0.4415174348967237,-0.5615501823439452,-0.1821654938051085,-0.6008240935412774,0.6904520033974216,0.3319151256695259,-0.5607015851016325,0.7154556201421519,-0.10001447309807979,-0.1424336097123036,0.25846065360542475,-0.9104073593393281,0.6768181727335296,0.719676930886456,-0.029050342992042493
48a4d49c-a4cf-463b-ae33-31db1940e1d3_20.png,-0.5149851205311295,-0.4285349442013497,-0.05366212849245941,0.5106430753775533,0.13352925459736717,0.06619512781146085,-0.0866694049853541,-1.210965076552911,-0.6512601253870602,-1.1722575607107002,0.7585288083702482,-0.546979248073044,0.42709654095632354,0.02966149360020368,-0.14692018111506425,0.09158208337717183,-0.0622616557403901,0.5840274291704456,0.5262678500314928,-0.029050342992042493
a5f7c55f-08cd-4cf8-8e07-7d416d70c470_40.png,-2.395705101622927,-1.6468498504099622,0.9991859232511424,0.3434872461972827,-1.2342968872918314,-0.6936444022254195,-0.6565974266937126,1.5498977076426579,0.8396254371158363,0.44538791478732787,-1.8635278955118666,2.4219118585976385,-0.6552375370836351,-0.07935181906373791,0.15283430514229573,-0.25275261276156785,0.9609011929491726,-0.8243948018671257,-0.08278727722283069,-0.029050342992042493
92f1a624-99c9-48dc-9309-0fb5c6bc0e7f_16.png,1.0023100935844653,0.6663436235064782,1.2151507921780067,-0.11693120527890205,-1.5850741478326429,-0.6121273973949919,-0.06746341627608865,-1.0983545190475572,-0.6962665410443253,-0.07116719281345496,1.0899963535185522,-0.2538818966734141,-0.6631377858284523,-0.1502460975608764,-0.14712996856409,-0.5402167235003635,1.1120050183886454,0.6730838121001946,0.7118931883498617,-0.029050342992042493
4af4cf7a-5d36-4d0a-9b11-fcbd77f87c6e_31.png,-0.46586464460853616,-0.8609385623994344,-1.3645033880632946,-0.3413573401863828,1.4291351423190592,1.070397981127411,-0.11234196027875092,0.31778339674499845,0.8703352442936878,0.10135326131957613,-0.6792701413422354,0.7905299260748665,2.465360717119166,0.2793946052911287,-0.27024720021703075,1.0698798227560895,0.1234802860819344,-0.9413777077939883,-0.5015465346727169,-0.029050342992042493
a6a04226-e7be-4c2a-8240-4e24256bfed9_71.png,0.6751124717735115,0.7943287148409709,-1.1693144745001205,-2.31863330472916,1.371554105808638,2.3650651316074565,-0.3044642653741937,-0.7197800475599899,-0.5933304402418298,0.5989820815217244,0.5465887272101617,-0.013155157687777991,3.286986586580156,-0.37931655521745955,-0.42739504112561455,0.3875912533895588,-0.15198787969564512,0.6768181727335296,0.719676930886456,-0.029050342992042493
a7ab7384-2203-4096-ab14-1eae445ccdd9_70.png,-0.5734760910084159,-1.0179018883017643,-0.882588513937821,-0.5658699882180789,1.2566344093025241,0.6743633084309706,0.4605544525571425,1.1296866946998905,0.5639599957935043,-1.3319189796443502,-1.0289317954773873,-0.4661502465820831,0.22169007359107593,-0.09502693591737657,-0.06375527559822623,0.23589606200742233,-0.6558587304069328,-0.642304130115597,-0.29853506706823335,-0.029050342992042493
81faa7e7-ef94-4bfb-ad32-94fd63e1848b_31.png,0.15003442661273486,1.121559327877815,0.38154895845424014,0.9214914028758333,-0.3360111157179573,-0.5785493846994889,-0.05636162115999191,-1.2419098696775615,-0.6918903932609003,0.24599556579715567,1.271826469477513,0.2858508568008871,0.7628571126110553,-0.5424802715576074,-0.5596335058383561,-0.5994087242606876,0.8787066094519617,0.5288238371994071,0.4112038299253039,-0.029050342992042493
4a7aeead-7888-4bb1-a39e-eef6dfc4a6ff_9.png,-1.1441423068488332,-1.0348939242953705,0.6191634181872073,1.6708144507899778,-0.4262094808288357,-0.5008154630317387,-0.6704191708375883,0.6113622772786856,-0.40204873168878064,0.5506090990595698,-0.6514216649351845,0.0038970772184933316,-0.706589153924947,-0.5271614073597333,-0.47838093187693054,-0.7648149796220802,-0.281096338604044,0.6768181727335296,0.719676930886456,-0.029050342992042493
3dbb185d-309a-4682-8409-24f5556e96df_104.png,1.3426488731303705,0.4340270386480518,-0.4315931112393176,-1.3068630038989577,0.8280684772824256,-0.22460077433652031,0.02303899802850567,-1.4258445365976469,-0.6962495974350934,-0.1935306543475837,1.1990358114370963,-0.16308060042388192,0.6325030083215711,-0.34832257416594675,-0.3506727002901974,-0.20102616277017946,0.23916451838296512,0.6179614018820546,0.6509771119752558,-0.029050342992042493
a9e37804-c00a-4e4e-b99f-e267a0056a05_7.png,0.022956166260194172,0.5846967272701964,0.387214479540274,-0.7135438623145669,-0.6887029225935412,-0.2796210961410342,3.174881247917848,-0.7579899461490296,-0.35053802863991573,-3.7618167654322505,0.7465453390776,0.4256927396573201,-0.2286241048635054,0.05459917950371973,-0.17721535617594167,-0.2972138620247277,1.0919737145459876,0.267337411113061,-0.13382735943062987,-0.029050342992042493
4af4cf7a-5d36-4d0a-9b11-fcbd77f87c6e_36.png,-0.38687944471157315,-0.30272487858596087,0.24908480325425247,0.3192169634038762,0.021274148302046204,-0.43560675358377426,-0.3002081570266332,-0.728143720500291,-0.6101900994490234,-0.30471892215891233,0.44199680808835845,-1.1083482298995626,-0.6473372883388179,-0.38181032380781116,-0.10496995620305076,-0.5020406150306114,-0.24146685638132562,0.6530319191342439,0.6700978751642312,-0.029050342992042493
89bc92b0-73f3-4d37-8aaf-292e4f4f1595_21.png,-0.43017053403701816,0.24258465957730924,0.7310575807060732,0.5863045041318711,-0.6943704186940625,-0.4172561933183575,0.08135401643371347,-1.2539420367256524,-0.7024251137747022,-0.7161564650512156,1.127231234961885,-0.1539941052783174,0.8774107194109049,-0.4658859505682367,-0.5370735908744538,-0.5362575560717898,0.7823021736132068,0.6768181727335296,0.719676930886456,-0.029050342992042493
3dbb185d-309a-4682-8409-24f5556e96df_86.png,0.4585830081546931,0.5227538265766736,0.7487800257739639,-1.0704387652060336,-1.1353124881094405,-0.5967517251752377,-0.1556560569997787,-0.9684291558079168,-0.3680463782448926,0.28627282492806766,0.7474100599252126,0.6183589390731108,-0.6117861689871404,0.3666765059534349,0.32218618559827744,-0.15241952365375167,0.24073949212230178,0.16667203751881415,-0.34364998433015115,-0.029050342992042493
578fbdd2-3bf8-444c-8c21-8d2666ef631c_83.png,-0.4286487576762952,-0.5012549350105642,1.2932044888224452,2.030842751312944,-1.484708267464597,-0.519150017905892,-0.6522810526882905,0.7262686810227327,-0.4803140172421,0.7412826507133409,-0.3560861751322323,-1.5794226085057737,-1.1727038298691628,-0.5634991782477138,-0.3107599464240806,-0.8529150862148319,-0.37109245692932546,0.6768181727335296,0.719676930886456,-0.029050342992042493
07a9fdc8-46e7-4ddb-b62f-fe041b4ea954_15.png,-0.30660362639735994,-0.5248863209921656,0.3205193775812097,0.006611823483918111,-0.7248033454940721,-0.3017648554956272,0.29791343083638766,-0.26779000458525176,1.036140721639,-0.4547676524358696,-0.2607328708683702,0.8156936712018185,-0.3747787066426239,0.15043114390437426,0.1769860460745404,0.09454208616310238,-0.08882656498992667,-1.0996821259462315,-0.45617911926935306,-0.029050342992042493
505d1bd8-e981-43ac-b532-853c95be827a_109.png,1.0345415766217538,-0.004738452770250172,-0.400210459669249,0.35962386007436437,0.7802178178959767,0.12479840089229527,0.30022320441729167,0.9356726902365553,1.7165046507153907,0.42621573873643903,-0.8812108197785904,0.5039133881666068,-0.5683348008906457,0.1771500930867129,0.11263115598656494,-0.12395137784849382,0.010795436135728514,-1.697666917797217,-0.7079342066559272,-0.029050342992042493
273317d8-7414-4eb9-bb2a-b42c7082fe9b_4.png,1.4433505342634965,1.574435879767942,-0.6584282265097332,0.11009465034021983,1.052490571766146,-0.36353614864008743,0.27400456846898497,-0.39698393753215355,0.7458334032666701,0.5588904709577642,0.5224260402746624,0.10934813155160485,0.07948559618436604,0.13546853236226464,-0.09227473258436167,0.10400217380457458,0.34648192964338026,-1.2013216805752613,-0.8843881072563357,-0.029050342992042493
a7ab7384-2203-4096-ab14-1eae445ccdd9_23.png,0.45354234404704036,-0.14990506076756316,-2.246367294573365,-1.6763964451052804,1.6942293155327874,2.1138816569478083,0.01132993416609809,1.4631926127740027,1.0309223863222636,0.5033696464769387,-0.8997352727521489,-1.3675447516104309,-0.40242957724948414,1.7567743687465724,3.0270216494476547,3.182426942076399,-1.2972607403726788,-1.0862871367179647,-0.8456566505921005,-1.7741493263564412
75769513-6d94-48cb-b36f-b1f9dc9210d3_15.png,-0.10814738358926919,1.5974008885791602,0.13567982868073072,-0.047587357702844786,0.05478822053039135,-0.49133207257959055,-0.2870477977300052,-0.6509954280309184,-0.6643206081133748,0.6320528602558476,0.9537612318529132,0.08165996178174581,1.26057278353454,-0.43881074873013354,-0.49184889440431784,-0.3527338358817901,0.30334555092588605,0.6768181727335296,0.719676930886456,-0.029050342992042493
22df8deb-bec0-46ea-b532-d6d7e8d8d57a_45.png,1.0207600874708276,0.5545679485292543,1.409268559732877,1.4808965925958213,-1.6314119058494971,-0.6854254638335576,-0.5549455582068556,-0.3233140328589109,-0.6448346738987492,0.7764896103997825,0.5462903850771753,0.09057753883915941,-1.1885043273587972,-0.5745430105764138,-0.6413045463665238,-0.8893274286574007,-2.2245895961933813,0.6768181727335296,0.719676930886456,-0.029050342992042493
3dbb185d-309a-4682-8409-24f5556e96df_84.png,-0.46593156473520553,-0.5336918003193365,0.595049232933649,-0.5716158281843914,-1.000023307391309,-0.2424464807458666,-0.14141552802933313,0.0065087661491660875,-0.2574844894916264,-0.5300027948835376,-0.051686406794841516,0.629309743105011,-0.6947387808077212,-0.023776404764473572,0.7899254612938542,0.05707038023533816,0.9441476435675418,0.1441035102130072,-0.16707536437304327,-0.029050342992042493
9229a83e-46a1-420b-bbda-57bc886c344b_1.png,0.10987765981536028,-0.35386571090127195,0.5540356607497349,0.715961717333135,-0.5276668372264974,-0.48121645609729913,-0.6099711786130605,-0.02814425682916838,-0.5663370477764655,0.7246661537703174,0.11077605511941523,-0.42506376385586225,-0.16937223927737627,-0.5492490720171332,-0.5609070291714022,-0.7379941810424321,0.6626777635395678,0.6768181727335296,0.719676930886456,-0.029050342992042493
19369012-66cc-4209-a974-c98c915c0a70_43.png,-0.5988804263644308,-0.06790618824113369,0.7484575847372176,0.5595459579337663,-0.9287628037123459,-0.5740010592693514,-0.4819404782200093,-0.03435775920360636,-0.1964606343024929,0.6261965681286021,0.060813507674716064,1.1185085206622973,-1.01074873060041,0.34458884129603495,1.4842964783154444,-0.2526270381380211,-1.282303700594471,0.037755413915859334,-0.6123583136369597,-0.029050342992042493
505d1bd8-e981-43ac-b532-853c95be827a_20.png,-0.1333843706000982,1.0498515649368376,0.16765312310830377,0.6570768888256565,0.03066637917551155,-0.5427396306412229,-0.4752989567413717,0.186689040045708,-0.2246129368995273,0.8722482157594103,0.1432785856063372,-0.5682490692682355,-0.1338211199256988,-0.20404024858131817,-0.27504146269705243,-0.3622351419299622,-1.1247667248436979,0.1001030001419735,0.16790422385069298,-0.029050342992042493
4af4cf7a-5d36-4d0a-9b11-fcbd77f87c6e_71.png,0.20153761419379929,1.1654532001813933,-0.19297723499322422,0.7214934008037485,0.2610185692695291,-0.35467844697355266,-0.5537922088056347,0.7115132934855113,-0.5094732006764106,0.9582939654633057,0.2469005669021687,-1.427209524936308,-0.6236365421043663,0.654528651811163,0.8808140037155616,0.2076842117898519,0.014225804766687614,0.41208447653124014,0.25733186677491976,-0.029050342992042493
19ef2be7-6425-4194-a4a4-1b4a7fbefc4e_91.png,-0.5659561652861971,-1.1526022446475253,0.21990068013624914,0.5649649246311768,-0.15750601349440346,-0.16225842389004697,-0.6727932072883549,0.900117530571592,-0.2670621339685924,0.5390448113972897,-0.9163739199592106,-1.894998706669153,-0.7618908951386675,-0.15843990864346025,0.6171699873479478,-0.1889671054815541,-0.8549965056865046,0.6768181727335296,0.719676930886456,-0.029050342992042493
4af4cf7a-5d36-4d0a-9b11-fcbd77f87c6e_81.png,-0.21656206915247722,-1.2444319818497747,0.4389827049434383,-0.20298434973723534,-0.41500022682585713,-0.35187896324289464,-0.6265593009394966,0.8529102403384242,-0.27654600914233957,0.19113513722406314,-1.0080884227485778,-1.4788832477032745,-0.7737412682558933,-0.07543303985032825,0.29005022208122855,-0.3729605361262063,-0.8382216543282691,0.5932009672479859,0.545388782784434,-0.029050342992042493
92da35e0-d1db-40c0-86e2-73b0de7f8784_7.png,-0.7900841830800014,-0.9721102387632471,0.7478295014652968,1.385930987637897,-0.49850121172747297,-0.5976568549435641,-0.614915729858337,0.15171239985473217,-0.47818699944031356,0.2780946927361578,-0.3673801638239896,0.7089788888566905,-0.8803946263109258,-0.5421240189018429,-0.5201890366086229,-0.8212569744746921,1.35866293977727,0.6179614018820546,0.5969983800379457,-0.029050342992042493
a9e37804-c00a-4e4e-b99f-e267a0056a05_6.png,0.5578467047959493,0.3490558244041125,0.7258789665291764,-1.811979415338725,-0.7328121242159029,-0.22537853989087134,1.0182682243017325,-1.8320207959240933,-0.7523328670722792,-2.199671965802919,1.5255346003192722,0.9087632560539348,0.8932112169005393,-0.31483482452408235,-0.4806762949253293,-0.4020797097346863,0.29473921100291545,0.648891649736416,0.6639998287592864,-0.029050342992042493
a6a04226-e7be-4c2a-8240-4e24256bfed9_51.png,0.9116698906351675,-0.7488042342349767,-1.6442331829397823,-1.4362626002847099,1.5779695141552843,2.411504916734639,0.304354169281435,1.0425073767894655,1.5297982345101608,0.34033352766336233,-1.1171257815815212,1.299026696374681,1.7819892006924762,1.0684942378095295,-0.13220178206144398,1.375761347844882,-0.6098743447885324,-1.6378359659109591,-2.5176729347750744,-0.029050342992042493
92f1a624-99c9-48dc-9309-0fb5c6bc0e7f_12.png,0.37711083843501153,-0.3687591924767293,0.7513737577858827,-0.9314342859186633,-0.6947808422304586,-0.42558056544469614,-0.5449589852390468,-0.17143374625836652,-0.541690555603603,0.45258092605910616,0.11459831321522466,1.3715799184498667,-0.35107796040817224,-0.48405483601222693,-0.493744466507422,-0.6987398996775165,-0.11117665539068822,0.6768181727335296,0.719676930886456,-0.029050342992042493
3dbb185d-309a-4682-8409-24f5556e96df_69.png,0.1335571814417588,-0.4217842847153924,-0.4729767314189923,-0.47093546895946375,1.2490919060942727,0.3488963214807427,-0.6240948660019373,0.044208281965167746,-0.5337460652366977,0.6721647936401473,-0.0762252947273995,0.8166138097742623,0.28489206354961366,-0.4088855256459143,-0.4466755568233335,-0.48737069232797114,-0.3464309122790999,0.6768181727335296,0.719676930886456,-0.029050342992042493
4af4cf7a-5d36-4d0a-9b11-fcbd77f87c6e_83.png,-0.9096286337847723,-1.3358921007838178,-0.6250957453703325,0.03188068412407421,0.7601758274416283,-0.1367005248251161,-0.20786825511294962,1.1046698832705402,0.2336827154149414,-0.672117732018894,-1.242854877196325,0.3704016530835273,-0.4735318159528391,0.1824938829231806,0.7887354870952673,0.47525982903590186,0.10110282534273597,-0.29492740946254675,-1.305788246571022,-0.029050342992042493
22df8deb-bec0-46ea-b532-d6d7e8d8d57a_6.png,1.281794903765696,3.067879425226132,0.7140246842452916,1.5104050686340758,-0.77721714654845,-0.6160039861533325,-0.13151658624770074,-1.026665969389758,-0.6819521068941896,0.827662583690914,1.5729379546812823,-0.14871728056193928,-0.4261303234839358,-0.5164738276867978,-0.5322563248040322,-0.7460465917550424,0.10123455042420634,0.45900752970662295,0.4848159655105906,-0.029050342992042493
7483fa58-40a2-4a34-b0a6-a30645af78bb_37.png,0.1473834191239709,-0.3651513389917095,1.3833014850445198,1.5376199942503501,-1.6573707216465552,-0.6816321076526983,-0.24533566058785264,-1.3554264460452425,-0.6641181717040183,-0.8039283004509566,0.7285523071121182,0.6902082605423683,-1.1964045761036144,-0.5627866729361848,-0.5734970570377216,-0.8841764143606471,-2.013233423162652,0.6768181727335296,0.719676930886456,-0.029050342992042493
580d287a-e8ba-4363-873d-175443ac329e_13.png,0.7750441393572177,1.4574398812054863,1.4828341576196447,1.4711119768701306,-1.6846505967717078,-0.6870060289089157,-0.2146918034765572,-1.2059140103168162,-0.7170164505986816,0.5439272247109092,1.2800346464188797,0.18005201580428873,-1.0225991037176356,-0.5745430105764138,-0.6476553919088468,-0.881512096620947,-2.2245895961933813,0.6768181727335296,0.719676930886456,-0.029050342992042493
07a9fdc8-46e7-4ddb-b62f-fe041b4ea954_2.png,-0.16549945841193286,0.427014222806476,0.7374366129338145,0.0355896887961588,-0.531208133726518,-0.5336179623084526,0.4275030439098417,-1.4065523818526224,-0.7267404974206446,-1.1903148654780547,1.3205426721341784,0.642326165173489,0.20193945172903288,-0.5634991782477138,-0.5971647330044962,-0.7414766473401266,0.36358057080336526,0.6768181727335296,0.719676930886456,-0.029050342992042493
19ef2be7-6425-4194-a4a4-1b4a7fbefc4e_118.png,0.23961096677932037,0.0011662398494060927,-1.3622884617343711,-1.4042794658699,1.2628078486035255,1.2769941068479784,0.8535440401727474,0.3159815172247963,0.6071691639769402,-0.5614237843165765,-0.11224405465981926,0.051751780028766674,1.2724231566517656,0.8344362429722431,0.04941296037319272,1.3897038649167435,-0.22555199416478044,-0.6805407357308311,-1.722326182921139,-0.029050342992042493
a5f7c55f-08cd-4cf8-8e07-7d416d70c470_44.png,0.7406959327866993,2.1306173855969037,-0.08669807166858613,0.03805282724717013,0.41661669058879597,-0.45643681721040397,-0.020788586695731682,-0.9755948649823413,-0.5483632057536063,0.6640246160164636,1.4247927536297982,0.5482781818885532,0.23749057108071037,-0.10642702090184106,-0.4285365521460356,-0.45681057650769336,0.6130277330439273,0.3317957229145384,0.4610594818497094,-0.029050342992042493
4af4cf7a-5d36-4d0a-9b11-fcbd77f87c6e_77.png,-0.7125160780870583,-1.5341581168236649,0.49572936630342845,0.2518442295319476,-0.30804072393077786,-0.6256801039850238,-0.7381454711603027,2.1638303391134732,-0.05441697403341292,0.8001629750289965,-1.797978452123616,-1.6155786516518915,-0.9554469893866893,-0.3501038374447693,0.041185179720150525,-0.6475849990752736,-0.7557008762804397,0.6768181727335296,0.719676930886456,-0.029050342992042493
a5f7c55f-08cd-4cf8-8e07-7d416d70c470_18.png,0.5556554947099223,1.3111784941245528,0.6423353852855143,-0.42004108950851976,-0.5987398290779844,-0.5396973638855466,-0.567961402915754,-0.05729754610746941,-0.6491712737037111,0.983389837609123,0.6672971579319672,-0.2953527325133096,-0.4419308209735702,-0.5414115135903139,-0.5358754167218942,-0.7546905722112197,0.5450454292573893,0.6768181727335296,0.719676930886456,-0.029050342992042493
a653df7d-134c-48e9-9911-e3a0e5f096f4_79.png,-0.8872006018044281,-1.3835286222241712,-1.9323526058963878,-1.4381995553258666,1.4776845894405402,1.339199069957347,0.41331632356248676,1.2341547087315863,2.02333782620581,-0.7486110252493369,-1.7710273614263337,1.0498180986462446,1.8688919368854655,0.9192243750441976,0.030711635364307703,2.279995845565592,-0.37670606276195934,-1.9891094107031413,-3.749676089275882,-0.029050342992042493
519d608c-1d5a-448f-8835-1d3a5261bbba_55.png,-0.2517668110425121,0.05136175721058129,0.40826992463396894,0.7031976311200249,-0.3221100057749849,-0.4116715927815454,-0.5366340225522823,-0.39032340161680135,-0.6154148752779125,0.6542726180644661,0.4373696655282314,-0.06970878056010199,0.33624368039092556,-0.5538803565420719,-0.5649411366178078,-0.6733400705590418,0.5127833719613408,0.6768181727335296,0.719676930886456,-0.029050342992042493
268cf2e7-02be-4b54-8659-24b54163053b_102.png,-1.1199877719448126,-1.4741374611870723,-0.8346876315912942,0.22868860680953856,1.2875742969020318,-0.5251816178926698,-0.6847491758612876,1.8699485595885448,-0.10624153271182299,0.333383657870983,-1.6087211384870173,-1.1185698199165264,-0.09431987620161272,-0.10642702090184106,0.13690032330835772,0.14228248621305306,-0.9458903541371022,0.6768181727335296,0.719676930886456,-0.029050342992042493
855258ad-52cd-446f-9db1-1bc38d82eebd_42.png,-0.09745053906650876,-0.2326172998658181,0.13190001962110642,-0.8702109463820423,0.002711204833226248,-0.22981168235845464,-0.0643914051143724,-0.7947191556471161,-0.5672068003114705,-0.6159111225637987,0.4912441037804038,0.4960969059510213,0.0636850986947316,-0.28205958019374694,-0.29325457691296236,-0.31667305039531285,0.5119422139209582,0.5294732912225957,0.5710465186461494,-0.029050342992042493
19ef2be7-6425-4194-a4a4-1b4a7fbefc4e_74.png,1.2572424222269418,1.3484142374100596,-0.3979185029236982,-0.06278755619730039,0.4217622612842212,-0.07486968362922992,1.39691704516902,-1.2477328035980593,-0.7026053050402794,-1.213972259356687,1.4179983875360476,-1.8521478549833796,-0.09827000057402133,-0.3401287630833629,0.15094786120433573,0.1622488025567706,-0.31495598738743513,0.5887359708385637,0.6296103125767636,-0.029050342992042493
48a4d49c-a4cf-463b-ae33-31db1940e1d3_77.png,-0.4627444053937629,-0.18540027018462668,0.2863292448426775,0.8228355662474194,-0.26252724494162066,-0.23158258193548661,0.21268795132884807,-0.14093020760465527,0.40938059026037427,-0.5014802248397685,0.062134035912343316,0.2203907836443399,0.24934094419793618,-0.42669815843414005,-0.37013938843189814,-0.30768061539420716,-0.45323365440149654,-0.5435059368380176,-0.500528952693442,-0.029050342992042493
92f1a624-99c9-48dc-9309-0fb5c6bc0e7f_9.png,0.7510426191897007,0.4854826918505107,-1.006711066183196,-1.3448559846796675,1.4024120624103122,0.3167284900901332,-0.09570402654122498,-0.18190644028790634,-0.5839439483147021,0.10518649833244212,0.30609788248876174,0.6292486994152252,1.631884474540949,-0.2214966287137794,-0.35805471115030957,0.14061630245784218,-0.13590779144627535,0.5976659636574081,0.5546954314694942,-0.029050342992042493
a6a04226-e7be-4c2a-8240-4e24256bfed9_80.png,-0.35367608369538406,0.567180406986299,-0.27552454034394963,-1.5727685435268506,0.237019586458881,-0.01797178051874112,0.270521766904701,0.5091266736804915,-0.4759993866658397,-0.3094328639392283,-0.04025255847640913,-0.5515797880845397,0.33624368039092556,0.03571778874820043,-0.16053691775537723,0.0205426280520344,-0.7946647708621846,0.5871123357805919,0.5326978982138991,-0.029050342992042493
a653df7d-134c-48e9-9911-e3a0e5f096f4_58.png,0.8484094784033089,2.2009309285721175,-0.648837511249927,-1.1089473754475243,0.9729622840156569,-0.24982404347362555,0.5131417736427182,-1.2614846674458107,-0.45884179965319566,0.3283203601882503,1.5234374927582786,0.436093545961282,1.1934206692035936,-0.10464575762301848,-0.3968755480611819,-0.08854407948719754,0.6714970211384905,0.23778725305797563,0.08659349799353874,-0.029050342992042493
4a7aeead-7888-4bb1-a39e-eef6dfc4a6ff_10.png,-0.6551538764463061,-1.1159349928813418,0.7932420186598066,1.1286331039681208,-0.622386791050877,-0.6256801039850238,-0.6765167640062393,0.48529613078751527,-0.4156118963811806,0.5031020780749432,-0.7368688992221275,1.3437675728943503,-1.0621003474417217,-0.567061704805359,-0.5853592061475419,-0.8696114773836195,0.3300393596742961,0.6768181727335296,0.719676930886456,-0.029050342992042493
a6a04226-e7be-4c2a-8240-4e24256bfed9_89.png,-1.5740817069226494,-1.682757021613054,-0.009401076717188884,-0.04030832255234596,-0.019182578879496377,-0.6640624449186029,-0.632594168627516,1.9382032684724735,0.13822718770102302,0.2817309464283326,-1.799583150507942,-0.5675219552893314,-0.5367338059113769,-0.07151426063691858,0.44954657031483464,0.046911277252023785,-0.414788653864252,0.03799895917455509,-0.0561609362337327,-0.029050342992042493
48a4d49c-a4cf-463b-ae33-31db1940e1d3_85.png,0.05666801744798542,1.1804122716318157,-0.10113115162624577,0.3540817532576571,0.06347173271328864,0.019110022162948912,-0.2136980350775314,-0.6327958738944265,-0.6916309463502339,0.5570557082003088,1.1227884105542432,-0.746990226674284,0.18613895423939847,-0.025201415387531633,0.0034449121006603807,0.1777104158505198,0.01294964249223333,0.6768181727335296,0.719676930886456,-0.029050342992042493
19ef2be7-6425-4194-a4a4-1b4a7fbefc4e_45.png,1.158704971739646,-0.2924190802941302,-0.6787350700951708,-1.0465899295035286,0.7496851030624139,0.7506232935366597,1.2144092648474434,0.0710557079087058,1.6243125991162355,-0.2718183162047916,-0.5054194677361868,0.9843675781852471,0.036034228087871344,0.31110109165417055,0.10150306172638095,0.5030045918190701,-0.09491930090488733,-1.5994369967899278,-0.8802279748465197,-0.029050342992042493
a653df7d-134c-48e9-9911-e3a0e5f096f4_72.png,-1.0130741976764261,-0.28631591084308433,-0.12582071349655663,-0.024175621726747514,0.030615490089785945,-0.12745439141534007,-0.5560263428363653,0.7548931525081576,0.04621759943680433,0.7714627467325461,-0.30387860629110275,-0.5906325102828155,-0.011367264381031951,-0.06795173407927343,0.10830285142416345,0.26145644840856763,0.2826637070071762,-0.18297777221539643,-0.8117307284109663,-0.029050342992042493
a7ab7384-2203-4096-ab14-1eae445ccdd9_54.png,0.7451563981382474,0.5249307311604042,-1.002898434310984,-0.7865415864091835,1.3940140148806284,0.04934761266649039,-0.5309552142102009,-0.04370790581115357,-0.5368501904352041,0.8402603201473229,0.23420301255404702,-1.0306145490810554,0.059734974322323,0.47533356596161197,0.3106921146003904,0.5386396297550812,-0.680800854212696,0.49521459149939234,0.5524004853420333,-0.029050342992042493
19369012-66cc-4209-a974-c98c915c0a70_56.png,3.0873369235004704,0.8166747818347702,0.4718701814044774,-0.16262287547066367,-0.3630478338326541,-0.6346340435875771,2.4060101400510563,-1.3989840787664145,-0.7311844020769684,-2.9792391475653908,1.4146581941699523,-2.2470141783937985,-0.9001452481729688,-0.5428365242133719,-0.5344663544739714,-0.8303159767900157,1.8279310360804304,0.6034298681132078,0.5667094688629327,-0.029050342992042493
00367bac-0715-41b8-93dd-c21b8877a1f3_70.png,1.6835663077687397,1.0057922500979148,1.162941174303318,-0.34930991661651845,-1.3480617672470536,-0.35353401586098127,-0.3079649006535588,0.007112892712488114,-0.32766083537781143,0.7517352179601535,0.5663083806029152,-1.6200866203756923,-1.03839960120727,-0.35402261665817897,0.24403589067197776,-0.6489682484305133,1.459777241122336,0.1424798751550355,0.407105268085717,-0.029050342992042493
00367bac-0715-41b8-93dd-c21b8877a1f3_86.png,0.041180722997783685,-0.1937389810163062,1.5222982758482646,0.4958108949430891,-1.783333728580371,-0.6082938881560854,-0.616105054167567,0.13952143643541642,-0.5417056310354971,0.679903147760826,-0.08018389554223754,-0.8604763855658507,-0.9435966162694635,-0.23610298760012452,0.09827816968304416,-0.6186327463038652,-1.020762039761119,0.6768181727335296,0.719676930886456,-0.029050342992042493
a7ab7384-2203-4096-ab14-1eae445ccdd9_21.png,-0.14299433318106963,-0.8439546020192256,-1.6114233723834304,-1.6923332768481552,1.4081263623940352,2.9461316031262217,0.44799429001636215,0.674965150505336,0.5264642906825545,-0.6876944287938619,-0.6117156842370762,-0.9875477544496513,0.5969518889698937,1.0998444715168068,0.4773265027376638,1.7279211368231322,-1.1691782909626405,-0.5621777400046924,-0.8229050697734221,-0.029050342992042493
10b42c78-10e5-441c-bc2d-1bc4a35bb63d_0.png,-0.25807616991069027,0.5398884832354365,-0.33465391178792364,0.617703020094845,0.832525060228985,-0.19827613049770687,0.1491209038321306,-1.5318137290470226,-0.7272454719948925,-0.4133045949135376,1.3697726731922397,0.6585880104107487,0.7707573613558725,-0.4088855256459143,-0.41791020640496634,-0.29792744697484397,-0.3537324020353427,0.6768181727335296,0.719676930886456,-0.029050342992042493
2ec83b5a-f1ad-4dae-bb33-773f1eee7923_10.png,-0.005203750698797439,0.2003011526276295,-0.3169473579351479,-0.031449275293013994,0.18941763149891935,-0.14660896802473108,0.053660716734872195,-1.1172904437646347,-0.43328014848011615,-0.3255761861540154,0.9222860020873961,0.19671089435696576,0.9248122118798082,0.5195088952764118,-0.20614576753561245,0.28165214265827326,0.24131153398231825,0.24785379041740033,-0.17443819005634517,-0.029050342992042493
a3283dda-4e12-48f9-90f3-8f3223c77d46_49.png,-0.4740318921298322,-0.5648079005963906,-0.3354971180127695,-0.18670784246192684,0.7254900414039963,0.264810259471695,-0.4701007362729528,-0.5828605725395278,-0.6007333032736231,0.009660059822998446,0.2781943607161158,-0.7415962632391923,0.35994442662537723,0.3289137244423963,-0.19405020210167362,-0.03568002485747203,-0.25806526257738716,0.6768181727335296,0.719676930886456,-0.029050342992042493
19369012-66cc-4209-a974-c98c915c0a70_39.png,0.3808925195465087,-0.017405989308701596,0.9183586706983629,1.376889250205776,-0.9919108002707906,-0.592968380208471,-0.43400252964732633,-0.8511684501198201,-0.629855173702266,0.27650484898042915,0.5450066819286742,0.6061924543725724,-0.8013921388627536,-0.546399050771017,-0.5846028946271171,-0.8389770607820821,0.5892339952991268,0.6589581870958406,0.682450336146218,-0.029050342992042493
a5f7c55f-08cd-4cf8-8e07-7d416d70c470_15.png,-0.9948412597319226,-0.976657107937132,-0.13566761017063894,-0.11058344710657994,0.71452815974597,-0.4395681208002074,-0.613018591547078,0.3124131198015132,-0.13556332942108126,0.691979035944547,-0.6589739543668356,2.2940510715013676,0.8616102219212705,-0.4199293579746142,-0.554334173002069,-0.558043330428791,0.8903999280942333,-0.09375902577985025,0.43286938113834844,-0.029050342992042493
a653df7d-134c-48e9-9911-e3a0e5f096f4_80.png,-1.6642185229773987,-1.7637869786255054,-1.6945060405588035,-1.7603195187664735,1.2750600210364653,-0.4503968541420269,-0.20873380525009613,2.0758241563279065,1.6170986303749673,-0.4858770380030795,-2.30146431226448,1.2773818991254395,2.753719796304994,0.6577349257130436,-0.15206529211792558,2.002210429033171,-0.0995639631440541,-1.5562483042478799,-2.4879111590116296,-0.029050342992042493
3dbb185d-309a-4682-8409-24f5556e96df_116.png,0.7411982778815505,-0.3410640119302738,-0.8682283912954256,-0.609429691941094,1.2216517519790908,0.8833449177808559,3.725015383274942,1.1742562871452888,2.615890547211618,-1.9197386080501397,-1.487023645762076,0.5645439860544992,0.11503671553604351,-0.2667407159958728,-0.2189733178020459,0.09092372020233373,-0.9474154437779175,-2.4787165624345144,-1.3421135983650767,-0.029050342992042493
824faab9-9bc0-41fa-93a5-24d93dec52b5_31.png,-0.08170997868612773,0.737127360339133,1.9238965071002185,0.86355270123693,-1.9532660282342424,-0.6779632661856172,0.29109695446324346,-1.0573108019816222,-0.32662073870383035,-0.2681114025200889,1.0964903475178598,0.3220386283394983,-0.9119956212901946,-0.5720492419860621,-0.6175154259404311,-0.8628058425185053,0.8923713950226765,0.11203671781806566,0.3158634163797398,-0.029050342992042493
90bae25d-a144-44fe-8481-52b9f3c73315_5.png,-0.7605943905721304,-1.0098109386379293,1.7099264375402716,1.3675450630523496,-1.8583698984161416,-0.6813159946376268,-0.6790042597822661,0.9256103214939614,-0.3947129577116773,0.6211085708685614,-0.7294201885835881,-0.2538319980324487,-1.271456939179378,-0.5748992632321783,-0.6530291842908124,-0.894123200588861,-2.2245895961933813,0.6768181727335296,0.719676930886456,-0.029050342992042493
48a4d49c-a4cf-463b-ae33-31db1940e1d3_60.png,1.5401890421853246,0.6548372693912924,-0.21215059559423227,0.43278470063247004,-0.07163715716825746,0.09727036148374295,1.1481179636330994,-2.283282737345036,-0.7814950998519223,-1.781631447500029,1.918599037767764,0.09236097426509253,0.6838546251628831,-0.11747085323054102,-0.1637540553199126,0.19647086086173454,0.19523696469752938,0.6768181727335296,0.719676930886456,-0.029050342992042493
a5f7c55f-08cd-4cf8-8e07-7d416d70c470_37.png,-0.5411506832730645,-0.8294629973696563,0.8062494348644214,-0.36245495274189377,-0.9954751655728724,-0.3567861492866734,-0.5237817560575799,-0.3120264178561055,-0.542397674647103,0.05778135017996139,-0.06166373150018816,-0.3026319014749248,-0.8250928850972052,-0.2685219792746954,0.36817992240131625,-0.38848470461238865,-1.4502584913368208,0.575909253880587,0.5093466706041136,-0.029050342992042493
19369012-66cc-4209-a974-c98c915c0a70_51.png,3.4481124879910556,2.817849710563129,0.7768506674688864,-0.1428689184152032,-0.8227914911228208,-0.6775226384567675,-0.5785589343640283,0.19458629339608838,-0.6598511183906584,1.112634099609973,0.7814111596821368,-1.961695239885679,-1.2122050735932488,-0.5260926493924397,-0.19894372801471955,-0.8614409029818725,-0.44618927572218975,0.6768181727335296,0.719676930886456,-0.029050342992042493
386822e1-0d1f-45b2-97d0-ac0273ee2394_73.png,-0.4462519594392969,-0.7071129224974289,0.7887546747417512,-1.001515069508361,-0.7235138826165151,-0.4062976715253281,-0.5400264256297734,-0.48416308314468315,-0.5803848384445742,0.08742455811496852,0.08049431418673184,0.1259439266643084,-0.2365243536083226,-0.3501038374447693,-0.4840101326420694,-0.6639261478787678,0.19506604920023446,0.6768181727335296,0.719676930886456,-0.029050342992042493
81faa7e7-ef94-4bfb-ad32-94fd63e1848b_24.png,-0.3045405489432648,0.35095620785462855,1.148699177006159,1.4158228784502431,-1.2604584465205464,-0.6446468848893203,-0.5575139206564416,-0.4343898325668308,-0.5880084051452493,0.7323944868606229,0.190977704671029,2.2475089185059796,-0.9198958700350118,-0.5642116835592428,-0.6291456625931875,-0.8694338562009729,6.251847992091679,0.6768181727335296,0.719676930886456,-0.029050342992042493
824faab9-9bc0-41fa-93a5-24d93dec52b5_32.png,-0.6624965293016215,1.4995134814707574,1.2865767810835007,0.2567955955120362,-1.23851384090096,-0.6784951361242658,0.22526809992963423,-1.039006009206811,-0.5432582679539556,0.08380270911396188,1.0918303387330517,2.162863535394733,-0.12592087118088158,-0.5731179999533557,-0.6449038624761566,-0.8316362299246561,0.14009743181481968,0.5239529320254919,0.4010511222688769,-0.029050342992042493
95815a0c-6ff2-4053-978b-a34ec048fcec_0.png,1.738728486432779,3.179071212491125,1.328408839742638,1.739885332464463,-1.6086236324398662,-0.6765742994115527,-0.2112252982381239,-1.03606063855821,-0.7467790188664845,0.86974276949652,1.549024282931176,-0.33857814442321316,-1.1134519642830336,-0.5741867579206492,-0.6404466460306003,-0.8848868990912337,3.055297619186994,0.6768181727335296,0.719676930886456,-0.029050342992042493
3dbb185d-309a-4682-8409-24f5556e96df_57.png,0.08768634688803748,0.7610749572134557,-0.7510831978978392,-0.46748353895089606,1.0533857032722882,-0.24441226509807412,-0.3024361415004392,0.062204270611052485,-0.28591390780576903,0.6092033332479091,0.396605550300485,0.8686760539226247,0.4863484065424527,0.9484370928168878,-0.05058609214220301,0.3623550307168804,0.08006221121003447,0.08378546780935768,-0.5164152262837097,-0.029050342992042493
855258ad-52cd-446f-9db1-1bc38d82eebd_3.png,0.7724299333179465,-0.6415189678754485,0.11960711089804947,-0.4080183170163666,-0.052271787545695524,0.14754729836286645,0.7661637559188055,0.5230370535727578,0.5379373860138864,-0.7353500376756671,-0.6017110378433054,0.40448962237561414,-0.7105392782973556,-0.10108323106537333,0.19475232715774593,-0.29323353790279527,-0.016495553624366742,-0.23168682395454815,0.3877972434639392,-0.029050342992042493
a3283dda-4e12-48f9-90f3-8f3223c77d46_55.png,-0.16707938707111772,0.15855486267419686,-2.8841485708322288,-0.8444321147486888,1.587569877758529,3.15737844980963,0.10329871031937853,-0.9146394088266367,-0.4219122392664491,-0.1692694353505954,0.8748915041098208,-0.6888512069005319,1.2724231566517656,5.759985461572428,1.2895342758318207,4.643610523121853,-0.7597607548726119,0.27992058281234183,0.18529270602649353,-0.029050342992042493
a6a04226-e7be-4c2a-8240-4e24256bfed9_45.png,0.24536787473246496,-1.6931602767835847,-2.4814222972114295,-1.6413737939329192,1.7801873640451378,9.277017152043058,0.6984230041373181,1.3745111734707742,1.8236794170250927,-0.3485762433965453,-2.0045641295076178,1.589388611995076,1.7345877082235728,3.4806809699910604,0.39115086196030824,3.5458902308170512,-1.1612275872773703,-1.8780527727378755,0.18092173536238673,-0.029050342992042493
855258ad-52cd-446f-9db1-1bc38d82eebd_57.png,1.8081945569824305,0.7053983673716773,0.7400012175804005,-0.06612587912908746,-1.1923957773320175,-0.5744095569437492,0.15888947500696032,-0.828454307680335,0.5534070574891254,0.5219146614717173,0.6751656665003248,0.40568387736017725,-1.1490030836347112,0.32570745054051564,3.5962971417484826,-0.24367613563091517,-0.8891713860624093,-0.6782676466496707,0.28877649614411516,-0.029050342992042493
92f1a624-99c9-48dc-9309-0fb5c6bc0e7f_10.png,0.6303869673374679,-0.44209985398989876,0.1518320960388159,-0.9354560560033222,0.2803498593888184,-0.2699609151381281,-0.6287946648816121,0.1708361548800404,-0.4792843653681328,0.7797273888409274,-0.26181845630525735,1.8521076920886415,-0.2799757217048173,-0.29844720235891464,-0.46213160729336794,-0.648528315675356,0.3080120126630302,0.5798059780197191,0.6327525237396585,-0.029050342992042493
268cf2e7-02be-4b54-8659-24b54163053b_92.png,-0.44620904667120925,-1.005803754439352,0.47578431882369715,0.7496539853449408,-0.4332771482341416,-0.12938267032259976,-0.5800412850607187,-0.011414323524223988,-0.4521038946045535,-0.07442439914418923,-0.3152718236489174,-1.6644216969738315,-0.7895417657455278,-0.2777845483245728,0.15050568960440094,-0.46410231740125646,-0.30554007564929175,0.6768181727335296,0.719676930886456,-0.029050342992042493
268cf2e7-02be-4b54-8659-24b54163053b_31.png,0.29736930799200917,0.3461543328556431,0.6852948468261175,0.35227836871222973,-0.623575744446162,-0.32663719172728295,-0.10183513479511556,-1.5242432645885955,-0.719294936337871,-0.2876858452552241,1.1267486110059861,0.08653853820932854,-0.3826789553874411,-0.39677293534992075,-0.42057699700720325,-0.6371053492991197,-0.4536976876256736,0.6768181727335296,0.719676930886456,-0.029050342992042493
a9e37804-c00a-4e4e-b99f-e267a0056a05_40.png,-0.8119459858573489,-0.4598134732082313,0.08725192906068838,-0.28860591520802387,-0.3326344220110132,-0.36555516653276154,-0.4163213235775311,0.367298152483307,-0.08375333084621048,0.3113672728521055,-0.2839354066625133,-0.6891126098824901,-0.07061912996716108,0.06564301183241969,0.132636880943974,0.22648169631984216,-1.1578814923638479,-0.02507926282764636,-0.6457198827394883,-0.029050342992042493
a7ab7384-2203-4096-ab14-1eae445ccdd9_58.png,1.0902435448736525,-0.7092318415385204,-0.5247416571629058,-0.2924469981350704,1.2975747834353428,-0.16225842389004697,-0.6849662552207283,0.8090769931395009,-0.45207541241866855,0.8701573711227373,-0.4620705134912823,-2.005203854756013,-0.5525343034010113,-0.4516358443376561,-0.16885930017142034,-0.4957188879123649,-1.3115440071223858,0.6768181727335296,0.719676930886456,-0.029050342992042493
372d139f-2c82-4ef1-b50b-d092a9b46c49_12.png,-0.45271097545009314,-0.3468556551160036,1.7623507730357861,0.6134967483301413,-1.883704909736618,-0.652580413016831,-0.042576159401971486,-1.2642839004166782,-0.537147700035254,-0.785121575296149,0.8196302170947464,0.22617764772900453,-0.9593971137590979,-0.49438616302939786,-0.4816052073061099,-0.8212347316847156,-1.084169639138028,0.4657456151972056,0.5334088910562441,-0.029050342992042493
48a4d49c-a4cf-463b-ae33-31db1940e1d3_7.png,0.003834947788727874,0.37905262973131015,-0.32674451309689545,0.13196398026321746,0.48245962852958485,-0.026402751032539595,-0.03406486514038978,-0.3323795724499642,-0.1161608603756691,0.1640302461386467,0.47700156948131156,-0.3858410975233497,0.6799045007904745,-0.2147278282542536,-0.20653760229994167,0.18213022060816345,-0.2358552183810856,-0.022806173746485945,0.31096623940889,-0.029050342992042493
44341a17-f4a0-402e-8f84-ad64321de876_46.png,-0.05058381637581129,-0.6693190245579391,-2.2784052722026678,-1.4948155240337788,1.763049304745778,2.6649747949280016,-0.4125430358030173,0.12026685312542353,-0.5119538644674749,0.14929740261349814,-0.08402013672214113,0.729431811937535,2.643116313877553,3.731482839649279,0.2973520006810062,3.2408604560704055,-1.0974016924699506,0.5132369406428785,0.5898228579609966,-0.029050342992042493
4af4cf7a-5d36-4d0a-9b11-fcbd77f87c6e_40.png,0.7626101780554155,0.4400135197739271,0.43951580916270155,0.2546568219174124,-0.6651865116376927,-0.45479510719695754,-0.26778953778687975,0.4523004543319622,0.7001700560926024,0.7244563039076405,-0.2650745607168387,0.5767933917980407,-0.6117861689871404,-0.21330281763119555,0.05068172287134901,-0.29273847752159426,-0.3005609084070724,-0.8124610841910336,-1.5482444678973661,-0.029050342992042493
273317d8-7414-4eb9-bb2a-b42c7082fe9b_22.png,-0.9528531199079067,0.052834458320925745,-0.9027878421684515,-0.8639750682922831,0.8918845765326511,-0.2540786578262914,-0.4536777295499439,0.14685420652487846,-0.41822092872720545,0.5077331791215226,0.11266100313182945,1.1094093847144002,2.2955053691055953,0.23094424410715467,-0.24081650847773464,0.8634472337234749,-0.12388807083486031,0.6315187546161185,0.6252567496816718,-0.029050342992042493
75769513-6d94-48cb-b36f-b1f9dc9210d3_57.png,0.5162967827355592,-1.0138174082876479,-1.572922096315485,-1.4768066874045715,1.555779454714257,2.722690362051514,0.3494221196373766,3.059739454171655,4.992264951993426,0.4542039099706035,-3.5613543600098025,0.1423369709881102,0.22564019796348453,0.5195088952764118,0.059592251793425303,1.4249953424013908,0.6308539896907747,-4.522954282173813,-2.579082119201808,13.863640100182097
44341a17-f4a0-402e-8f84-ad64321de876_42.png,-0.3876829030903117,-1.5398196484436302,-3.184720409551253,-1.6690793773581107,1.8016112258341657,7.455037248742759,0.10237996651483364,2.021172691746871,0.4800442581554281,-0.6509890715765461,-1.6793466598672293,-0.9084938005824786,-0.6394370395940007,10.295081769454704,8.414461086853917,5.915331770626043,-1.1709079123338157,-0.49731351943872204,-0.6726176211203263,-0.029050342992042493
a6a04226-e7be-4c2a-8240-4e24256bfed9_47.png,-0.89661853855776,-1.323435278406601,-1.5924587831037667,-0.810975612810843,1.4199486248195097,0.09362332604398318,-0.3028561562383939,1.5296393167537568,1.4769556983842915,0.3400470355379723,-1.7864915932247232,0.1707411500368465,0.24144069545311897,0.9965312013450974,0.6369048953968458,1.7456619809934293,-0.7926429871597085,-1.4409702151318875,-0.5988241426291325,-0.029050342992042493
4af4cf7a-5d36-4d0a-9b11-fcbd77f87c6e_39.png,2.349191802170242,0.8188767274542732,-0.02528667049422899,0.20838266885872275,-0.4116408280612828,0.011014287066808124,0.8758463307935817,0.6530227244334825,2.7515375766281465,0.5069423508067503,-0.9218789559579572,1.1304379730521912,-0.9238459944074204,-0.12922719087077,1.4423875665376602,0.2431642647179232,-0.5950503055288464,-2.9874014260970556,-1.75482430027659,-0.029050342992042493
19369012-66cc-4209-a974-c98c915c0a70_21.png,3.795956981218829,2.8693538000863272,0.03694075659046351,-0.477769196327411,-0.06562633722542724,-0.5760503606187815,0.5302855084372978,-1.5204709907487821,-0.7331008684854151,0.44195297005012407,1.8612845264143834,-0.05419764361480289,-0.817192636352388,-0.4085292729901498,-0.4469720419202696,-0.7749393870329409,-0.6729210838343693,0.6768181727335296,0.719676930886456,-0.029050342992042493
578fbdd2-3bf8-444c-8c21-8d2666ef631c_109.png,-0.8619328960112523,-0.4275890492240222,0.5059694048971884,1.5605132148878385,-0.28134787268466377,-0.485782647945724,-0.5645198033828657,-0.2646965017879953,-0.5804120826417574,0.42251265655816334,0.09382109962599325,-1.0836658209585377,-0.8764445019385172,-0.39819794597297886,-0.13544252793673997,-0.6598191487357137,0.9746057614016904,0.6485669227248216,0.6607912264791711,-0.029050342992042493
855258ad-52cd-446f-9db1-1bc38d82eebd_23.png,0.6029801327591781,-0.5951078632626751,-0.4525468499325318,-0.6412689800272185,0.6750008381375567,0.38854789842647963,-0.31566875809093214,-0.06883638201605306,-0.13615825386246508,0.32617658918202375,-0.2570857797048715,1.2771951480572619,-0.3273772141737206,0.35919520018238005,0.18438679523215967,0.037044259286244705,1.2108130888487376,0.019327156007880274,-0.6507693909371128,-0.029050342992042493
4af4cf7a-5d36-4d0a-9b11-fcbd77f87c6e_1.png,-0.5457438726980357,-1.1416414074552754,-1.2163750700272289,0.8337147254539761,1.4840034529097688,0.6903818224535614,-0.15755780747873122,1.1636772524047025,1.826874491631725,0.2771687369102999,-1.5039646236308044,0.8182395635390152,0.8063084807075499,0.4621522176983249,-0.22116797943121677,0.4513683764799466,0.11969914781832564,-1.9061416592407863,-0.6736254360988466,-0.029050342992042493
3dbb185d-309a-4682-8409-24f5556e96df_107.png,-1.3605723120005981,-1.1265245203752843,0.0714471605756979,-1.0183054456419611,-0.10406359173079421,-0.4971224126774817,-0.6461112022257746,1.6749659824489438,0.5442281099440305,0.8352176548297707,-1.3966313355512778,0.6938220601266477,-0.39452932850466693,0.14864988062555168,0.14161735197688935,-0.020362126784515412,-0.9348804673232396,-0.56461319259165,0.28545198655783527,-0.029050342992042493
3b88f35e-b058-4cd6-a43c-563cda6b239f_30.png,-0.3486830477113218,0.006210033556950749,-0.21795863244039404,0.8886610984770662,0.6587206275668013,-0.231543308424714,-0.38511631939686025,-0.6106011915971009,-0.594962088194121,0.36408329453250887,0.5434879696509013,0.31891286924921586,0.5890516402250765,-0.4673109611912947,-0.4109352834219216,-0.32913638181417887,-0.6161858325043471,0.5075542179399775,0.366870339825568,-0.029050342992042493
268cf2e7-02be-4b54-8659-24b54163053b_95.png,-0.5175678560883723,-0.94514038005355,0.38990040752858734,0.34015867960453827,-0.1778503271470596,-0.3247405136368533,-0.46044377955630605,-0.3721673576086503,-0.5057285065686409,-0.7836367957076189,-0.08453872550737027,-0.6601682331157352,-0.6631377858284523,-0.29595343376856303,-0.1981636613786278,-0.5754707989207228,0.14301559616861367,0.6768181727335296,0.719676930886456,-0.029050342992042493
824faab9-9bc0-41fa-93a5-24d93dec52b5_25.png,0.9727747914176257,2.016861839791266,1.558510760424248,1.2441558452944275,-1.6580428982141922,-0.6784450019644269,1.3702940758529158,-1.8471684639261685,-0.7846214579311501,-0.739151563651207,2.049599382836366,1.993159778383659,-1.0581502230693132,-0.5642116835592428,-0.5498523705570729,-0.8610287992499651,-0.4578548038844126,0.6768181727335296,0.719676930886456,-0.029050342992042493
a5f7c55f-08cd-4cf8-8e07-7d416d70c470_26.png,-0.2976572128441898,-0.14230179646403504,0.7156500653719228,-0.24545191407202235,-0.7906897494501232,-0.5052410452427413,-0.45259202527489445,-0.394647463162093,-0.5677460596615781,0.3325656262330262,0.34646822223855445,0.8747713116689262,-0.5406839302837855,-0.2428717880596503,-0.35440811945212214,-0.6317767138197193,0.5822420683781809,0.6768181727335296,0.719676930886456,-0.029050342992042493
a5f7c55f-08cd-4cf8-8e07-7d416d70c470_25.png,0.8846584332407179,0.9361402547789459,1.1339291516028125,0.6661621990521681,-1.5134856027155896,-0.6690898020216166,0.6967518620430407,-1.3423453024623855,-0.3794297526856648,-0.5936398932264872,1.3398092493142388,1.3963196176934924,-0.927796118779829,-0.2051090065486117,0.6166513975936043,-0.3933198920492262,0.8314265910670082,0.1723547602217152,0.026272565323176154,-0.029050342992042493
855258ad-52cd-446f-9db1-1bc38d82eebd_48.png,0.30580235879321394,-0.3717525357391746,-0.15692639716179363,-0.7941488674729363,0.30498521043237103,0.0873112153345981,4.709148963988998,0.2638069617853183,0.2694428494917445,-6.081804521944767,-0.44030240126455966,0.04128906253595724,-0.6433871639664093,-0.3689852282002886,-0.052776575225255334,-0.42109518947994073,0.40922076185914363,-0.4031426860763621,-0.5288270465372751,-0.029050342992042493
273317d8-7414-4eb9-bb2a-b42c7082fe9b_18.png,0.2915655811239053,0.6634382481928001,-0.7636441344151552,-0.11726751400142031,1.2656022027363276,-0.18007884268837096,0.26372250929094615,-0.3508473042348571,-0.6307917318567718,-0.5254967968274173,0.598062846465669,0.5457940063539573,1.4185777584308843,-0.3497475847890048,-0.3326818190691214,0.13688724045167103,0.2465503661556443,0.6410170197052532,0.6450545296117072,-0.029050342992042493
19369012-66cc-4209-a974-c98c915c0a70_32.png,0.4454772828894056,-0.37767651353314535,1.3971778229341631,0.8576736485161585,-1.7159597028475486,-0.6857415768486292,-0.4086260755198523,-0.9793866224829944,-0.6122580460979093,-0.15303032066915487,0.37163270869381715,0.9063465230530926,-1.18060407861398,-0.5745430105764138,-0.644072863654203,-0.889149807474754,-2.2245895961933813,0.6768181727335296,0.719676930886456,-0.029050342992042493
268cf2e7-02be-4b54-8659-24b54163053b_30.png,-0.21106933977235554,-0.09630563631629198,0.11245272458454368,0.26589558687881276,0.15797373533135683,-0.29863842701535676,-0.5415327595984699,-0.2570575897513301,-0.602354510689153,0.5228300886515289,0.22839366386520296,0.3773064614288673,0.10318634241881769,0.011136355500448898,-0.2964187786566485,-0.31783381961406576,0.41598539706374704,0.6768181727335296,0.719676930886456,-0.029050342992042493
4a7aeead-7888-4bb1-a39e-eef6dfc4a6ff_94.png,-1.282628035287856,-0.43741880194683075,1.3049484557489175,2.0461940525738482,-1.471609489834615,-0.6758584252876346,-0.41703774695925455,-0.4839314527291941,-0.5059728607488533,-0.1259101209822671,0.04636354391469706,1.6113766682984745,-0.8803946263109258,-0.568486715428417,-0.6336835317157363,-0.8679535641538465,1.0111325294646447,0.47061652037112073,0.2913722391163496,-0.029050342992042493
44341a17-f4a0-402e-8f84-ad64321de876_12.png,1.4657529750939455,-0.058259042398102985,-0.6264880598526832,-0.8241979857412672,1.080299782827693,0.10358640410992628,-0.28498861859378144,1.4768521861866004,0.6029465869810132,0.8153243923064464,-0.7453885002458196,-0.8794562463467421,-0.6749881589456781,-0.2118778070081375,0.4661337870480225,-0.058778423693755126,-0.4553868374905508,-0.6275290510880542,-1.2921422781484364,-0.029050342992042493
75769513-6d94-48cb-b36f-b1f9dc9210d3_7.png,0.6041304222300066,0.7980939938439687,0.16991571845644304,0.5604104917742062,0.083402443281429,-0.515397884397169,-0.5367717726273947,0.047640021222045546,-0.5309540323369094,0.8814983774150432,0.4467990413620491,-0.8208058704099581,-0.3787288310150325,-0.22541540792718906,-0.18638515154497173,-0.4042688198069145,-0.15520690867173512,0.40664529908703484,0.15654007954322313,-0.029050342992042493
6764beec-de30-41fd-ac4d-374023ed0a03_7.png,1.9966671295543104,0.3825893550144902,0.13310624267935517,0.2252609446513266,-0.7935822829811227,-0.21770808199096967,3.6731650865867898,0.7245062792654127,1.5088575740304098,-1.3254192080812934,-0.41553798715041046,0.9735726068903986,-0.5722849252630543,-0.31554732983561135,0.16861763294275872,-0.09247520199126119,-0.6541373960522384,-1.3858478049137477,-3.0777120991706495,-0.029050342992042493
a7ab7384-2203-4096-ab14-1eae445ccdd9_66.png,-0.2821628574074962,-1.0177974486186396,-1.9317730264110402,-0.7683637511390392,1.640348827183653,4.267258104461794,0.3326516629481248,0.4944210841641078,0.8497929358448887,-0.5130174727399296,-0.7990829716590633,-0.22248875423595094,1.1934206692035936,1.2865208631374125,0.24942401316696194,1.9851541902402217,0.6132228511344229,-0.930661716411375,-0.5254230708693136,-0.029050342992042493
92da35e0-d1db-40c0-86e2-73b0de7f8784_18.png,-0.4429002801049282,-1.1193510700838345,1.369145052866103,1.431674700793484,-1.5748705666070504,-0.6712003781553353,-0.6875127867432318,0.8110386125469065,-0.37617912709617907,0.5885558560681735,-0.8411886154222139,0.6083197035299012,-1.231955695455292,-0.5741867579206492,-0.6373963337250943,-0.8916365040318075,8.636623766767892,0.6768181727335296,0.719676930886456,-0.029050342992042493
a7ab7384-2203-4096-ab14-1eae445ccdd9_56.png,0.1308606079744591,-0.047473124044511684,-1.0082505557700028,-0.4552131274607551,1.3904650052465926,0.27009731744518245,-0.310306651930471,1.6868018464010133,0.7193167635581926,0.6775674181336028,-0.9749390165645322,-0.8957437992244577,-0.019267513125849168,0.20956908476128375,0.07753620016559214,0.2838615415076362,-0.8868363482117408,-0.8121363571794392,-1.4422144719938297,-0.029050342992042493
4a7aeead-7888-4bb1-a39e-eef6dfc4a6ff_17.png,-0.3956084081378498,0.1730871381100645,1.3217219556962168,1.7409278013656053,-1.5728426776269913,-0.6803422838150484,-0.45581285571418734,-0.57757274679313,-0.603462268932956,0.3909127999663316,0.38310361297504236,1.1339020278203304,-1.0700005961865389,-0.5727617472975912,-0.6340142266315496,-0.8809537756027448,1.4237248347962363,0.6768181727335296,0.719676930886456,-0.029050342992042493
00367bac-0715-41b8-93dd-c21b8877a1f3_31.png,0.6895939297804053,1.3281683446826404,1.1323603434943839,-0.1011450719644906,-1.165738492696167,-0.5725731174529938,-0.017790677694957787,-1.165974147201083,-0.7366856299339248,0.26121598788509526,1.3236599245267864,-0.7140386324970819,-0.6275866664767749,-0.41351681017085296,-0.4540677980512081,-0.7303564701886249,0.44939458683547534,0.6768181727335296,0.719676930886456,-0.029050342992042493
19ef2be7-6425-4194-a4a4-1b4a7fbefc4e_92.png,-0.5917922136312693,-0.11434924436683307,-0.09128990998855796,0.3942940993356924,0.2974668191013609,0.2192899853013835,-0.5411797750309942,-0.3113083618333686,-0.5962565904090307,0.5954062194625428,0.342899999993617,0.3868815928064984,1.027515445562432,-0.4117355468920304,-0.39796300454166667,-0.17635600151364006,-0.5008726707063689,0.6768181727335296,0.719676930886456,-0.029050342992042493
824faab9-9bc0-41fa-93a5-24d93dec52b5_28.png,0.12877651870700899,0.1462224569653101,1.5117496871604619,0.6040821048719037,-1.7056310193260038,-0.6564046105737978,0.359312452039315,-1.7374556383836877,-0.7226833903083208,-1.4493184165235427,1.3344322309619436,0.23122981321095804,-0.9949482331107754,-0.5638554309034783,-0.5815804517756642,-0.8604993535269578,0.08698582957362612,0.6012379607849458,0.5621407504175403,-0.029050342992042493
89bc92b0-73f3-4d37-8aaf-292e4f4f1595_18.png,-0.9107611196855891,0.1233474615485501,0.4204731085974543,0.9067906066359224,-0.44293092626910274,-0.4424334744667516,-0.29818526027626485,-0.868055713354116,-0.6335545589756846,-0.00490045743817573,0.6370906643059321,0.11666803119624972,0.6720042520456573,-0.3828790817751047,-0.4150562932500966,-0.31788029150032765,0.4319291732667425,0.6768181727335296,0.719676930886456,-0.029050342992042493
a5f7c55f-08cd-4cf8-8e07-7d416d70c470_56.png,-2.3488191767720608,-1.435448689905177,0.8452846712406777,0.7688713965049163,-0.7453653523230515,-0.611304502677115,-0.5758193067540903,0.13885654465030486,-0.3793292185810768,-0.8060171910852602,-0.7362506752260186,1.9641446248487269,0.19798932735662428,-0.4398795066974271,-0.5418075296292189,-0.6543627741832305,-0.2827186088318245,0.6583899148255505,0.6839688491435266,-0.029050342992042493
16c36170-95cc-4260-985e-1bc7fbeac4a2_11.png,-0.4746384352847428,-0.6664323784105056,-0.08646995410258428,0.3048744735823032,0.7757563488379942,-0.12653765318695528,-0.4192952493062988,-0.8414785184158982,-0.6158291033550162,-0.3667482841383765,0.3508530497311894,1.6608863039342783,0.8379094756868188,-0.5656366941823009,-0.6031282486765973,-0.6889707346319492,0.5450428223351855,0.6768181727335296,0.719676930886456,-0.029050342992042493
a7ab7384-2203-4096-ab14-1eae445ccdd9_37.png,-0.7162966439794393,-1.3480783230750273,-2.8799819703740535,-0.9955448749242322,1.765242930005067,5.130636355874508,-0.2369061554333689,2.371851447316571,2.007910905382027,0.4488120037794747,-2.2352717475366233,-0.4354844189181085,-0.34712783603576364,6.208507555179953,3.8106485729844404,4.897425255861637,-1.3083935661852455,-1.907602930792961,-0.8107524224275302,-0.029050342992042493
92da35e0-d1db-40c0-86e2-73b0de7f8784_3.png,-1.2623125413588687,-0.9097335625741254,1.1365325813375693,1.116898840548482,-1.1772317088505897,-0.6307379122261696,-0.6446383833423175,0.34942960975508147,-0.4647676033331842,0.46772685770273975,-0.488112852284097,1.0421664065998824,-0.9554469893866893,-0.4897548785044592,-0.3871259760572555,-0.7909252934711417,1.2981430430046088,0.6768181727335296,0.719676930886456,-0.029050342992042493
89bc92b0-73f3-4d37-8aaf-292e4f4f1595_16.png,-1.0481650188199505,-0.6098923570275679,0.6816127739882853,0.8916144944436297,-0.6610938293640474,-0.5555030146391269,-0.4002522238555368,-0.614230930472338,-0.5820951179519283,-0.5071332009499222,0.2994942330118174,-0.9200941081635508,0.10318634241881769,-0.2970221917358566,-0.37488538604489113,-0.4312423986116212,0.36020523671464594,0.6768181727335296,0.719676930886456,-0.029050342992042493
81faa7e7-ef94-4bfb-ad32-94fd63e1848b_69.png,-0.9187229931906632,-0.7188755509797191,0.4916346606757344,0.7577940748856248,-0.14107689181936978,-0.6169930036001045,-0.6450799215295084,0.17395759511689557,-0.46927189907888306,0.6278837693406008,-0.47506944612994556,-0.2500085425566135,-0.8803946263109258,-0.4950986683409269,-0.3430688396990368,-0.7481839872442368,-0.00821890612019776,0.6768181727335296,0.719676930886456,-0.029050342992042493
a7ab7384-2203-4096-ab14-1eae445ccdd9_38.png,-0.603220729613941,-0.39547615240938405,-2.334279724669742,-0.9511847347945791,1.6816979754982395,3.2707411781405655,-0.4993424944054246,1.0275796874586844,0.2906159230949784,0.7634007131252223,-0.5953359985066208,-0.23741450874808379,1.8214904444165623,1.423678135606751,0.38082266845999724,2.9885953428143743,-1.0117269799104045,-0.40768886423868295,-0.34437083871748453,-0.029050342992042493
855258ad-52cd-446f-9db1-1bc38d82eebd_2.png,0.7079855735958832,-0.14484829652119033,-0.25189480811162546,-0.4739521828279758,0.8117552155285707,0.055859556509362335,-0.6028702852321505,-0.13969786070938708,-0.5815931179298887,0.7555416767200313,0.23173412815402114,-0.4709859668945986,0.42709654095632354,-0.367203964921466,-0.4821650292967138,-0.5134810061770326,-0.1958545535531678,0.6768181727335296,0.719676930886456,-0.029050342992042493
19ef2be7-6425-4194-a4a4-1b4a7fbefc4e_82.png,1.0824307676956701,0.4459361455919179,-0.7796271336020737,-0.7904788563932696,0.9395778361336212,0.021712795777035585,-0.3828480553251977,-0.9182514784840441,-0.7038226686719206,0.6334747088915355,1.0303118077494602,-1.5233780623269908,1.3988271365688412,-0.318753603737492,-0.37076617527648953,0.019504565639819085,-0.8201653258424402,0.6301386648168426,0.6711745747104214,-0.029050342992042493
3dbb185d-309a-4682-8409-24f5556e96df_125.png,-0.25977088768240786,-0.26244372424731593,-1.8539785225560657,-1.5694077727293518,1.5139670701921661,2.9079290893704357,4.2352810186559,1.5598611009996612,1.977817228994037,-3.614758266095338,-1.626125430248867,0.2694609527999539,1.0986176842657869,0.5045462837343022,0.11464522294053228,1.7681689320740652,-1.0539238186830695,-1.8380301685588725,-1.2856029816446333,-0.029050342992042493
4af4cf7a-5d36-4d0a-9b11-fcbd77f87c6e_11.png,0.4209828023877215,0.21144786466243914,-0.14843147097908976,1.0671582048748223,0.5948724836895755,-0.4646399335953853,0.21645117268889655,-1.6484537735125695,-0.7327441650426484,-1.0382973290490258,1.321106717567744,0.03735819762226627,-0.26417522421518286,-0.13742100195335386,-0.2155688981964256,-0.382282732416714,0.4267401242935346,0.6768181727335296,0.719676930886456,-0.029050342992042493
00367bac-0715-41b8-93dd-c21b8877a1f3_84.png,1.1279594757341778,-0.010630114053212892,0.9829732373113198,-0.3542956975797196,-1.4367557650951956,0.15027485612760758,0.36168187632238774,0.2659613916722664,1.1290600863939062,0.22688694406266646,-0.36545023831065154,0.7841482327177326,-1.0067986062280012,0.3406700620826253,1.4408532120703703,-0.16742305621788164,-0.6735702272599563,-1.1381622768201611,-0.027108697560948303,-0.029050342992042493
a7ab7384-2203-4096-ab14-1eae445ccdd9_68.png,-0.6500164277573163,-0.7243942722387738,-0.7063962687150854,-0.748697043731481,0.9098870828290043,0.5569907895124776,-0.3054657207193752,0.49354213584796075,0.33955223099123055,0.22047687954995937,-0.61608027177733,-0.11691114425039915,0.23749057108071037,0.6880164014530274,0.06444926804389445,0.4513565548335641,-0.420072890306316,-0.4391873843633344,-1.1968092126456251,-0.029050342992042493
48a4d49c-a4cf-463b-ae33-31db1940e1d3_11.png,0.1854730275174593,2.2421640050781853,-0.18220839472549072,0.48330233088329494,0.30813396380865643,-0.23991364977061777,0.047084380559635895,-1.262331868299247,-0.714395995567112,0.5734850715754058,1.5686442602631137,-0.3758141507985852,0.9208620875073996,-0.22648416589448261,-0.27825549111977294,0.06695586265762764,0.01729015698770276,0.6768181727335296,0.719676930886456,-0.029050342992042493
a5f7c55f-08cd-4cf8-8e07-7d416d70c470_22.png,0.9782134237176229,4.000581782737217,0.11975164712541027,0.390660902776826,-0.046995921714403505,-0.6463364874028982,1.5025107796445865,-1.1845727129717316,-0.14782963478537012,0.25339352010902993,1.7469034766611284,0.8286861728440497,0.6364531326939797,-0.4306169376475497,-0.3777666621137648,-0.20909949628577504,-0.3679410000049277,0.09458264094486965,-0.4939100576452936,-0.029050342992042493
19369012-66cc-4209-a974-c98c915c0a70_26.png,-0.34001211666797676,0.948810569239711,0.38352856398056195,0.2310683238804726,-0.5501694136538451,-0.644612469164821,-0.41310971747362507,-0.7253206023083647,-0.6900350500973923,0.6738526956609967,0.9081361426209528,1.5018037440339231,-0.5327836815389683,-0.08718937749055725,0.2054055647261598,-0.19362631333012195,0.1434341419079733,0.6685376339378738,0.7024173278705287,-0.029050342992042493
505d1bd8-e981-43ac-b532-853c95be827a_128.png,-0.6938569366286704,0.49524936866355124,-0.8771624079340957,0.3874836477025207,0.6574209969485776,0.08685061620307494,-0.395418057157058,-0.34101200811032745,-0.46178960880980996,0.5554149401484834,0.40983059740865574,-0.41346434110009855,0.12688708865326934,0.5740155516083826,0.5721349290240255,1.0288698476481706,-0.1844472740806755,0.35907279188846336,0.05738196809877365,-0.029050342992042493
7483fa58-40a2-4a34-b0a6-a30645af78bb_34.png,0.5520270678167873,1.8462112528515098,0.745587725554647,1.8766062583698235,-0.8322476663603914,-0.678546141862865,-0.23690953768967732,-0.8237714379831753,-0.4841340702966442,0.717018203819878,0.9536758318593631,1.276799930200209,-0.6354869152215921,-0.1976277007775569,-0.3207828602305197,-0.6335228709196316,-0.3447928797412783,0.26936695493552565,0.10828524781837162,-0.029050342992042493
a653df7d-134c-48e9-9911-e3a0e5f096f4_43.png,-1.784886412303123,-1.130656216680827,-0.46394342264122285,-0.01795127160140759,0.5909527532526527,-0.6383337676320383,-0.6746678997168389,2.0222255500728097,0.830127184010863,0.8980726489952393,-1.5956890010584681,-0.12101657608334025,0.42709654095632354,-0.09930196778655075,-0.13135987277934943,0.27860439362468886,0.40332451520202744,-0.8399005166707557,-0.10738300234012906,-0.029050342992042493
a653df7d-134c-48e9-9911-e3a0e5f096f4_59.png,0.6629519434446786,1.2042846385352934,-0.4697002503699977,-0.8423876638578233,0.7501832651562829,0.08577706419010737,0.2250165830514154,-0.9027583804264442,-0.598922494070568,0.12085297468825484,1.2096757268500224,-0.15313234618855473,1.1539194254795075,-0.33763499449301126,-0.38711820905832944,-0.08893170137576924,0.11184970947696635,0.39925775957326354,0.49622827924058793,-0.029050342992042493
8b0863a2-01d3-4fdc-9994-7b50b25bc730_22.png,0.14689676847703026,-0.19630331654238234,-0.442426627132056,-1.4256954185855504,0.6835341048905152,0.6680186400627918,-0.12012791430106874,0.3849487074956853,0.6247240366955361,0.4237267755900697,-0.2184282781419586,0.06641590441896805,1.027515445562432,-0.07365177657150568,-0.3725964923029543,0.002481161797318796,0.5895080763250506,-0.4537189181321813,0.21837486880458765,1.3111856762318168
a3283dda-4e12-48f9-90f3-8f3223c77d46_76.png,0.07629527220714542,-0.1423322068984605,0.5081637909525331,-0.042473779069564725,-0.6732752687407171,-0.24978606343920146,-0.4980440154607817,0.8758800829691227,-0.07137766776226755,0.736062735697646,-0.3576274604209848,-1.7142320996372504,-0.8487936313316569,-0.048714090667989624,0.6868363829459427,-0.23190309428109182,-0.9061090887236706,-0.058282599763168096,-0.6963263075899404,-0.029050342992042493
258bd669-e070-417c-9e38-6240e5c933aa_9.png,-0.06658958328700099,-0.6568207181831469,-0.39925616855987245,0.9953236041973416,0.6188026671186568,0.04985470949762799,-0.2661762015276941,-0.19636205288643793,0.35792432971482807,0.3033808519679663,-0.15134703680670072,-0.7948806483727345,-0.20097323425664515,-0.33514122590265966,0.09535043125645506,0.1046261702322728,-0.9742547924742059,-0.5018596976010429,-0.516980463622805,-0.029050342992042493
a9e37804-c00a-4e4e-b99f-e267a0056a05_18.png,0.2771428053811646,-0.1073625494394606,1.558751220081187,-0.19343541100457282,-1.8095657976252801,-0.5753171701101395,0.07164478848320693,-1.5781285076468978,-0.7015210372108611,-1.5343622318154926,1.032209497498611,-0.15155561027433836,-0.9396464918970548,0.23806929722244496,1.1161497100259552,-0.25563296046966943,-0.8692777900151945,0.6768181727335296,0.719676930886456,-0.029050342992042493
a6a04226-e7be-4c2a-8240-4e24256bfed9_77.png,0.5288043339832794,0.1987890302278675,0.17104403082761696,-1.1310064524133892,0.10019176855521503,-0.3288710979058249,-0.4907801588213681,-0.2659944156206375,-0.6120368174283021,0.6068669871109681,0.48249080842349434,0.17930044381080001,0.06763522306714022,-0.19691519546602787,-0.4049496395045419,-0.4850859207544976,0.8476594845467784,0.6684564521849752,0.7113821087502357,-0.029050342992042493
a6a04226-e7be-4c2a-8240-4e24256bfed9_59.png,-1.0065758815443706,-0.7151140977065871,-1.277966622035399,-1.770156684024384,1.3610194933308701,0.235886492734268,-0.657509098507794,0.9068727955297436,-0.3104747916707495,0.8113751249554904,-0.8105107615445011,1.859104632394518,4.163914197254867,-0.10464575762301848,-0.3966169441567038,0.8460789501551832,0.11626623171449561,0.4419593615979198,0.30069299406700206,-0.029050342992042493
8b0863a2-01d3-4fdc-9994-7b50b25bc730_26.png,0.5841057305967245,1.4368647189413883,-0.3294833854100545,-1.4730513127547926,0.5685824853607145,-0.24305256218381902,-0.15088307839270038,-0.8189091101320665,-0.7015997264591405,0.5524187992326373,1.2268912713430122,-0.8022258787526342,1.351425644099938,-0.32053486701631456,-0.396767975242853,-0.07127607383361065,0.6259956694629271,0.6768181727335296,0.719676930886456,-0.029050342992042493
a5f7c55f-08cd-4cf8-8e07-7d416d70c470_45.png,1.3541297999046404,1.8121102952573689,0.14672008237908699,-0.9685335257147282,-0.00976103354237136,-0.44250082349436765,-0.3844979814480851,0.20177886289206284,0.6866337279209558,1.0049226964144493,0.3847919997227471,0.25087908397434583,-0.25232485109795705,-0.3191098563932565,-0.33085062017049666,-0.44174409566258455,-0.14990695318167196,-0.773737388058408,-0.34367790159185535,-0.029050342992042493
19ef2be7-6425-4194-a4a4-1b4a7fbefc4e_116.png,-0.5423719511670454,-0.9742684085730602,-1.8096775455308238,-0.6891720028383205,1.6622929536595605,1.3672482127023435,0.9771553614818885,0.7873605676980967,0.6127044355226906,-2.1867528525923685,-0.9048106720874313,0.7973934331577667,1.6042336039340888,0.9776498105895781,0.141142140899099,2.002428184152368,-0.6668940534554189,-0.7031904447895365,-0.7639813191111356,-0.029050342992042493
19369012-66cc-4209-a974-c98c915c0a70_14.png,2.0501431416135545,1.8924457696947412,0.3557880503965359,-0.4301202484180475,-0.19269339640375271,-0.4291805720943425,1.4174504157404746,-1.4934205037696477,-0.25154237661282197,-0.2639702663784679,1.727383299725154,0.7399449594886557,-0.8132425119799794,-0.4616109186990625,-0.11326159392449034,-0.5940721327186216,0.11938618856065138,0.019895428278170375,-0.2818245929915942,-0.029050342992042493
a7ab7384-2203-4096-ab14-1eae445ccdd9_30.png,0.15381000386422042,-0.19310045946700666,-2.3422965256660366,-2.0696736078020534,1.6783915982274678,2.612445367576554,-0.3181012153324832,1.0498136443527002,-0.3462454647850999,0.3848880478139592,-0.3274525707740022,-1.7845755027839543,-0.3352774629185378,2.911032973423601,3.659190833681109,3.5571126118784133,-1.4327894965064523,0.3054928349753965,-0.05429781612194036,-0.029050342992042493
a7ab7384-2203-4096-ab14-1eae445ccdd9_26.png,-0.22405470033156769,-0.08413664033450151,-1.7011088085435428,-1.8097465936964126,1.4622916140548317,2.1271549338532867,-0.004579277075854906,1.1867273002673258,0.9419242692495694,0.3220849749955465,-0.6937472288222721,-1.0479700464691513,0.24144069545311897,0.48708990360184096,0.7476274092669285,1.826822080271547,-1.372435078698221,-1.051703709983167,-2.8831805927914584,-0.029050342992042493
a9e37804-c00a-4e4e-b99f-e267a0056a05_36.png,-0.6432846886466106,-0.07649273809094148,1.3131740347320413,-0.10840455988409681,-1.3953013392363456,-0.5984144645446327,-0.3638250159344407,-0.6319887699321546,-0.6389520106042003,0.003436764812723589,0.5643081811640127,-0.22850451275428954,-0.28392584607722593,-0.4177918420400272,-0.31869794191322376,-0.5026726889920825,0.26270381385213487,0.6721096310654116,0.7098626468185748,-0.029050342992042493
07a9fdc8-46e7-4ddb-b62f-fe041b4ea954_4.png,0.23511312932203648,-0.49003216723225523,1.2500874742444068,-0.365677012739959,-1.3586131545979718,-0.5298978604183266,-0.5483775239334677,-0.10577022510348003,-0.5293048480585186,0.2994535674384168,0.026278350425884167,-1.6235285490521691,-1.0186489793452271,-0.45769213948565285,-0.34151457359471454,-0.7990958678728889,-0.4612267960717434,0.6768181727335296,0.719676930886456,-0.029050342992042493
268cf2e7-02be-4b54-8659-24b54163053b_44.png,-0.1337521918398413,0.034335710448491145,0.24974910236347728,-0.45249006458081753,-0.14194304088718224,-0.3101882673520581,-0.00300529798098712,-1.1904139040026667,-0.4902575512495834,-0.36787668824406794,0.8317111364351224,0.6310240349395229,0.7628571126110553,-0.39926670394027236,-0.44557580396376845,-0.3412052876095946,-0.08232148747301503,0.308334196326847,0.3275614897983416,-0.029050342992042493
07a9fdc8-46e7-4ddb-b62f-fe041b4ea954_14.png,-0.31236303614845956,0.19575184743956636,-0.3691516610183039,0.20414923187805112,-0.007252378942595177,-0.23650020966819374,2.6795070721078136,-1.0847106935079298,-0.5839921303002032,-5.3078372435828545,0.7884306750512102,0.6544924182244831,0.48239828217004405,1.0464065731521295,0.06737296927893946,0.5361081227829583,-0.1874791364576586,0.5251706583189707,0.4035892991829824,-0.029050342992042493
9229a83e-46a1-420b-bbda-57bc886c344b_4.png,0.3773318071662092,-0.3937429034479381,0.8640300148495726,-0.03401084610682793,-0.8871270804010256,-0.5378006857951169,-0.5504696031992385,-0.18865906830867826,-0.5597801891163536,0.46809368503580334,0.14013190164731942,-1.0981354565686845,-0.72633977578699,-0.48832986788140115,-0.3607567353148418,-0.70175945978251,-0.1755818579794966,0.6768181727335296,0.719676930886456,-0.029050342992042493
4af4cf7a-5d36-4d0a-9b11-fcbd77f87c6e_37.png,0.9253183973828587,-0.32372375632642186,0.6750442429552732,0.1646008850021455,-0.6779462450570111,-0.38900004262082283,-0.1629362099650426,-1.1198092735719063,-0.611288642181874,-0.4444887505974638,0.6892163709277433,-1.3219217545756905,-0.9159457456626032,-0.33763499449301126,0.15622851683508351,-0.5678701800282979,0.35159169528682527,0.47329551821677407,0.29546296264202104,-0.029050342992042493
92f1a624-99c9-48dc-9309-0fb5c6bc0e7f_3.png,1.6282348249691054,-0.12583336468832487,0.7617607242559762,-0.5200145570562043,-0.892252824576266,-0.6107106585537557,1.9856534867314641,-0.4733169279411917,-0.3067554882181493,-2.6381309287746384,0.4149200865069689,-0.27170724650609646,-1.0344494768348615,-0.49331740506210436,-0.18436401261774735,-0.7584316512630337,0.6307372814225519,0.12916606767966735,0.28202692531468293,-0.029050342992042493
27bb6d3d-77c3-486b-a22a-3741dde393ee_8.png,1.0959004260669911,2.879294467418887,1.0539293325602506,-0.39348194188853913,-1.2519911775093948,-0.6572692038330096,-0.24277068039457508,-0.9878277061435281,-0.745603009753627,0.8587739088106208,1.4746254337488363,0.6354264113452536,-0.11407049806365577,-0.45733588682988835,-0.44582744809366276,-0.5902053731308167,0.6572526075887203,0.6768181727335296,0.719676930886456,-0.029050342992042493
258bd669-e070-417c-9e38-6240e5c933aa_50.png,-0.36221523983143494,-0.12209874406492068,-0.028384312974367786,1.0919906325257691,0.21456544076181858,-0.08884395757485801,0.05388548304046855,1.1555039861611285,1.840570789463443,0.23390627860924965,-1.057744248038715,-0.37245284091041964,-0.3826789553874411,-0.3501038374447693,-0.1027147998296985,-0.1727647277496906,0.11910414042697944,-1.7903764796074024,-3.824532588502058,-0.029050342992042493
273317d8-7414-4eb9-bb2a-b42c7082fe9b_43.png,0.5824387837698793,0.22899182017430153,-1.2126723883808754,-0.5204500216506726,1.4215909775150952,1.1330999817418161,5.228467362118753,-0.8847051786204604,0.15502979925590676,-5.292843362391398,0.6912862332039963,0.5250441766756583,1.1736700473415504,0.047474126388429426,-0.26264916996221493,0.3374963509437085,0.3390845266146313,-0.27633678804877054,-1.0075705881512558,-0.029050342992042493
578fbdd2-3bf8-444c-8c21-8d2666ef631c_51.png,-0.6832319267498204,-0.9015374924658964,0.6406887806909491,1.5836942944448786,-0.3524704138763875,-0.5237772386323233,-0.5375426195879015,-0.3412825402980212,-0.535928733316996,-0.015859602617780865,-0.06982767579619358,-0.4527866157872496,-0.8448435069592483,-0.5485365667056041,-0.5520610485269084,-0.8289384999687662,0.7323552068426826,0.5850016102052287,0.5282983915627796,-0.029050342992042493
268cf2e7-02be-4b54-8659-24b54163053b_94.png,-0.20286867254024288,-0.19033022413696424,0.40196196783888716,0.5685558794686304,-0.21853895445237184,-0.4556113018764989,-0.4049286544188978,-0.4267313377534983,-0.5505817057442877,0.16659974770615107,0.10997972181273254,-1.2935310914234155,-0.6986889051801298,-0.5121987958176236,-0.28083885164398975,-0.6438549542396934,0.6189097166083511,0.6768181727335296,0.719676930886456,-0.029050342992042493
258bd669-e070-417c-9e38-6240e5c933aa_7.png,-0.5473543891132383,0.27186380319280257,0.03309883033962064,0.5779992777982462,0.23315617787507342,-0.392084057944562,-0.34741000363543395,-0.701409838378476,-0.6453602634293437,0.2862283672681213,0.7357878807756977,-1.0623322004883056,0.38759529723223746,-0.28669086471868566,-0.370783822889332,-0.32561835968706304,-0.20505977984639973,0.6768181727335296,0.719676930886456,-0.029050342992042493
81faa7e7-ef94-4bfb-ad32-94fd63e1848b_76.png,-1.7771837758090112,-1.018379152046504,1.4282332772019015,1.2943678820811042,-1.4098702565280405,-0.6032360799149397,-0.6227158278615812,0.33489411774308925,-0.3650938752683284,0.19696977426414003,-0.6667755518834794,0.7684420212228348,-0.9159457456626032,-0.5716929893302977,-0.6199596927094856,-0.8657038113653927,3.4978009299404564,0.6768181727335296,0.719676930886456,-0.029050342992042493
258bd669-e070-417c-9e38-6240e5c933aa_49.png,-0.4710279558624951,-0.29272393813660674,0.12206488129686484,1.1424647501948964,0.02835317837337742,-0.2925509432782364,0.22654198064657852,0.19920679235440553,1.7253741097386222,-0.1234177889018076,-0.591079078945269,-0.07947832073223801,-0.21282360737387096,-0.4088855256459143,-0.2880108407842126,-0.3101667428029182,-0.42908787519670993,-1.7273794393580997,-3.5923428700740323,-0.029050342992042493
855258ad-52cd-446f-9db1-1bc38d82eebd_34.png,0.2082718027966209,-0.8336803545129755,-1.1634721456105748,-0.4408496141097181,1.2100380670294193,2.0570204949601396,1.1711434421482743,1.1788812721243502,1.8289429907305308,-0.799060037205402,-1.342713275571547,0.2928881898093108,0.03208410371546274,1.0293064456754328,0.2657431978245864,0.821331374176803,-0.6256660891546375,-1.8341334444197404,-2.549767729198577,-0.029050342992042493
a653df7d-134c-48e9-9911-e3a0e5f096f4_68.png,-0.026456915856950685,0.6759631121432712,-0.10163517774917209,-1.1906021022275097,0.36318773151134875,-0.2384248850389175,-0.3657864171155624,-0.158821617811231,-0.6401991842360472,0.573626508490027,0.627228727387096,-1.1072010633811658,0.9998645749555718,-0.30628476078573397,-0.4081484508848524,-0.20488180416475624,0.18846552307834624,0.6058653207001653,0.5717858226911486,-0.029050342992042493
a653df7d-134c-48e9-9911-e3a0e5f096f4_67.png,-0.05018630233091796,1.1465787684062185,-0.15435559331855822,-0.8167496475793169,0.4748218781102552,-0.30097522307638824,-0.03788220260137525,-1.2717631295238752,-0.7290702377634974,0.27633544733758053,1.3461179298069552,0.20642672530060285,1.1104680573830128,-0.4028292304979175,-0.4338069255298318,-0.23879412748778017,0.789782891143279,0.6768181727335296,0.719676930886456,-0.029050342992042493
a7ab7384-2203-4096-ab14-1eae445ccdd9_59.png,-0.45968886981020185,-0.8025688994370423,-1.0230988584907492,-0.6300124897116273,1.3903499974458928,1.1807389332227718,-0.5540378836047751,0.9075802696926593,-0.3574781139162488,0.4935310205145135,-0.4815824450801469,-0.9227795102520349,0.8695104706660877,0.07454932822653257,-0.10199279418428504,0.48166271410832506,-0.4464112002497894,0.3323639951848285,0.0017112877826907509,-0.029050342992042493
258bd669-e070-417c-9e38-6240e5c933aa_48.png,-0.23497961880098195,0.17864061032412104,0.6216291729282306,1.445822727796987,-0.9325941207662901,-0.5993656929124074,-0.2487431300798091,-0.16461440558573368,0.21321074107682456,0.38689781478203145,0.19735478257687444,-0.8774882961251781,-1.0146988549728184,-0.19442142687567626,1.116088404729619,-0.34643923084366934,-0.6150639666783562,-0.3828472478517156,-1.4890446197695557,-0.029050342992042493
48a4d49c-a4cf-463b-ae33-31db1940e1d3_96.png,-0.8851820369120708,-0.36419594615389406,-0.4983486985018614,0.5697610818129264,0.4876816043363278,-0.13073806992983258,-0.5219021439835562,0.6351464717997755,-0.38337605968231686,0.5125786894996954,-0.18233035980277223,-1.8062130911278604,-0.04296825936030082,1.5544228602723278,0.48897059165100454,0.6844067367824009,0.21224583663964108,0.3076035605507597,-0.02390273966084729,-0.029050342992042493
19369012-66cc-4209-a974-c98c915c0a70_33.png,-0.3741903606985137,0.38794347638474547,0.9665831470251645,0.6429655092991179,-1.1532787310233823,-0.6166109257781869,-0.47263035651391355,-0.5647367562433054,-0.499368867472514,0.6607991931772065,0.43942976503559916,1.4651187825563552,-0.4577313184632047,-0.29844720235891464,-0.32364426766095983,-0.5654490663373177,0.714200218247944,0.33747844561743945,0.47316056569501175,-0.029050342992042493
268cf2e7-02be-4b54-8659-24b54163053b_103.png,-0.8561993449484088,-0.5723546574817695,-1.0075360697831064,0.5051380094519302,1.1520135668521252,0.45332022638242586,2.1262855516966916,2.2364283251959804,3.055418537936993,-2.414755148684886,-2.5355146866687646,0.07745059240596242,-0.4656315672080219,-0.25890315756905347,0.3240049116146592,0.3983589348855599,-0.6377301025559527,-2.7692660560585542,-1.4023863642119558,-4.828072547244139
a6a04226-e7be-4c2a-8240-4e24256bfed9_64.png,-1.2691314479029037,-1.564672290403558,-2.6820052965527506,-2.179399663124773,1.6977394224224969,0.5977806077631406,0.7120239791875984,3.0719436371466435,3.7762039565864103,-1.2033953456897695,-3.443563539829375,-0.1357629645432471,-0.0824695030843869,3.659519803184847,1.8508021854149588,4.323720060363197,-1.077066568901983,-3.6444053523053133,-0.6867695599702218,-6.31140668310388
3dbb185d-309a-4682-8409-24f5556e96df_77.png,0.6010434909723148,-0.6453955696727187,-1.0840034223114687,-0.6181797696225328,1.3877609068296277,1.818565194272159,0.4189905197368746,0.7927760094110514,2.5814028494624384,0.3075981588805695,-1.2912909076517654,-0.27646977244566256,0.19008907861180707,0.08381189727640996,-0.09855809970417359,0.40166652782489376,0.23881059226365348,-2.441372956101165,-0.9438584644041952,-0.029050342992042493
372d139f-2c82-4ef1-b50b-d092a9b46c49_17.png,0.26332603133566784,2.175847471916128,1.0217935903600852,0.3201763417145442,-1.2121028855781226,-0.5707844613522921,0.20901174619928373,-0.9647210871782274,-0.6883006352775465,0.36359655110187333,1.3930366495649993,1.177014148150314,0.19008907861180707,-0.19264016359685368,-0.4581241969815697,-0.529025858246255,0.6168211257756718,0.6567662797675788,0.6778816177008257,-0.029050342992042493
9229a83e-46a1-420b-bbda-57bc886c344b_2.png,-0.016224391411056183,-0.3822797031758595,1.1935551102936648,0.19110980234624464,-1.2712911330109218,-0.567515309211848,-0.5910941911992643,0.11204924101843168,-0.5536516241636728,0.5743908318893639,-0.008213082916511608,-0.9009226428293072,-0.9001452481729688,-0.5079237639484494,-0.35571704997911585,-0.7607296924212067,0.4061501045454679,0.6768181727335296,0.719676930886456,-0.029050342992042493
19369012-66cc-4209-a974-c98c915c0a70_60.png,4.120738103311254,0.9201473228530195,0.5707654592062561,-0.06250289876791695,-0.5848026531665869,-0.6708842651402637,-0.4691189595099301,-0.4835429255578489,-0.6340160765868927,0.7811968853304876,0.5980560834618228,-1.6577105894203423,-1.1529532080071196,-0.5667054521495944,-0.5393128035627662,-0.8742296281324332,-0.6263717502798347,0.6768181727335296,0.719676930886456,-0.029050342992042493
a9e37804-c00a-4e4e-b99f-e267a0056a05_23.png,-0.20314473935330069,-0.7696588517879044,0.40505195866431,0.03991958898053789,-0.7322091041263769,-0.1886801884238008,0.026610968168196827,-0.25546742248810844,0.7330968800777775,-0.19331539638614986,-0.38331564433346177,0.706951071231346,-0.6315367908491835,-0.02805143663364775,0.4204105700453826,-0.018899619576142085,0.29784643342908684,-0.8055606351946537,-0.303111223764191,-0.029050342992042493
505d1bd8-e981-43ac-b532-853c95be827a_95.png,-0.17176310874688902,0.1796895975602441,-0.06631241628833295,0.609463399876218,0.03188243897417682,-0.3326455225258355,0.12727398790156763,-0.3765452336880773,0.5310949866730077,-0.026449506753824997,0.2616530827247565,-0.43433461904756704,-0.1891228611394193,-0.07293927125997664,-0.020680378907515385,-0.017145519346444454,0.04401565713621908,-0.640518131551828,-2.026122854794622,-0.029050342992042493
19ef2be7-6425-4194-a4a4-1b4a7fbefc4e_90.png,-0.5775464556043196,-0.9294349015107712,0.3240782496668644,0.4654480119759461,-0.18036033987043926,-0.42210332227890845,-0.6463338161864475,0.5845313060827413,-0.43237327298919764,0.3939023833731495,-0.5504690923009861,-0.6979890162176784,-0.2286241048635054,-0.2909658965878598,-0.2868812776916773,-0.4463401991365888,-0.4676163147734376,0.6768181727335296,0.719676930886456,-0.029050342992042493
258bd669-e070-417c-9e38-6240e5c933aa_47.png,-0.6554316266465989,-0.21551023613449607,0.44698864485477424,0.8708143514316528,-0.47862216440421285,-0.31019964348309936,-0.45610772696872504,-0.3767657224814021,-0.5978915554773616,0.15696875770380478,0.36554983890541787,-1.158051111572579,-0.14567149304292462,-0.29239090721091787,-0.18945503866894114,-0.29472937295153917,-0.02184844990261759,0.6717037223009187,0.7090165878472054,-0.029050342992042493
19ef2be7-6425-4194-a4a4-1b4a7fbefc4e_77.png,2.3726417077938944,1.3458541692596717,-0.9295170489491967,0.16097168156470054,1.177862529179681,0.1663122657255501,0.5215122430507251,-0.37660198236081976,0.3331255583766494,0.4421514508229905,0.7963677029745264,-0.7664150083802177,-0.21282360737387096,0.06421800120936164,0.0834001181953575,0.07949148281473473,-0.40328549546260056,-0.47742398997856844,-1.040103418871829,-0.029050342992042493
268cf2e7-02be-4b54-8659-24b54163053b_63.png,0.8298941355163671,0.20178097687436145,-1.923612067642284,-1.0137222849887122,1.5969460903943544,2.692131018668545,4.722629715201401,1.4445449054567867,2.4758104386983746,-2.0865862141342,-1.5449009889269376,0.5218505879405497,0.41919629221150634,1.3752277744227768,0.27031110489205007,1.5053342748009872,-0.07688817417455307,-2.3688776507627276,-2.2766207990359413,-0.029050342992042493
a9e37804-c00a-4e4e-b99f-e267a0056a05_16.png,-0.4995291827640284,-0.10151340649223807,0.44585898238633626,0.28173769788465736,-0.3370703767456841,-0.39564658551732074,0.6200115411801532,-1.559776909015426,-0.6851006095644618,-2.560943415351226,1.2091395963706908,0.42560906741471916,0.36784467537019444,-0.2257716605829536,-0.4059380768815867,-0.38836880787653616,0.6110920062877397,0.5176207552994021,0.3878526023155184,-0.029050342992042493
a6a04226-e7be-4c2a-8240-4e24256bfed9_68.png,0.2316788578119122,-1.4242924181115242,-1.9683158077518175,-2.9061814729504434,1.5157332487740407,6.277011911159312,1.0071110831733137,2.1951623860299865,3.4778558188759097,-0.2141499081551689,-2.6846964513255895,-0.001106180066703903,0.28884218792202226,-0.06830798673503795,0.6302758611074767,2.541293422984223,-1.1541540132565145,-3.234843408931946,-1.5319095091343276,-4.391797801403039
4af4cf7a-5d36-4d0a-9b11-fcbd77f87c6e_75.png,-0.8780067897381225,-0.3673073812433116,-0.9557678996453572,0.42136959405262575,0.8618313284428119,0.17861997414878686,-0.560892179753006,1.372605014359489,-0.13451385224347842,0.7248526056475881,-0.6041798676488859,0.6886169648846666,0.5100491527769043,0.8825303515004526,0.26042040927374654,1.0027834975850711,0.11117420615428927,0.05699548935282425,-0.3546494714669179,-0.029050342992042493
a7ab7384-2203-4096-ab14-1eae445ccdd9_78.png,-0.2277657792219498,-0.5913478534787178,-0.9503327861467732,-1.3520399841417532,1.2795726036061645,0.6164720824618313,-0.25128412700108055,1.277275843077001,0.5950710610647386,0.39945695418654054,-0.9308192551322011,-0.44520814018700033,0.5456002721285818,-0.17945881533356664,-0.07466457946737419,0.461024404191569,-0.42979125767974835,-0.668769381560536,0.08974478441445834,-0.029050342992042493
81faa7e7-ef94-4bfb-ad32-94fd63e1848b_48.png,-0.7242670499152658,0.2730842269505461,1.2489196239474138,1.4588824786995127,-1.2792477153315456,-0.5806333222376018,-0.12465091341915918,-0.7472930584429396,-0.5959029149890448,-0.07471454318947764,0.7224303661875083,0.492987218022562,-0.5880854227526887,-0.5624304202804202,-0.5836022574249581,-0.8126836502179073,1.631015783414967,0.6510023753117792,0.6658675803073847,-0.029050342992042493
3dbb185d-309a-4682-8409-24f5556e96df_76.png,0.20625818379120434,0.0007518701253143212,-0.9920636750365008,-0.5594718588322576,1.2334623301287913,1.6332059248580504,1.2081754589929115,0.8439064721136512,1.5338978523845463,-0.5693313642706375,-0.9541132123494402,-0.5874113063586989,-0.0785193787119783,-0.08754563014632176,0.17357713695886584,0.4787770460333609,-0.3498800568509712,-1.523288512571054,0.00973275968013694,-0.029050342992042493
855258ad-52cd-446f-9db1-1bc38d82eebd_20.png,0.18201021566570552,-0.41614157014198566,-0.016744694720358187,0.22188462967800654,-0.09180373812116886,-0.21421519701519615,-0.1542305897046414,0.601016948574324,1.4239373196896272,0.5086536699870855,-0.7590173948703782,0.10778618703041805,-0.7460903976490331,0.35705768424779294,0.696674968003472,0.06738469933180304,-0.21058247880306905,-1.4452728480355126,-2.1988294733462084,-0.029050342992042493
a6a04226-e7be-4c2a-8240-4e24256bfed9_74.png,-0.35897536714474404,-0.4650115237420168,-1.3860036172358794,-2.4743642187957278,1.2060662894390959,1.8273094325001602,-0.03974029122616242,1.8548020120123456,0.9088927846012755,0.21878143247479484,-1.2966165846469533,-1.094343887795021,0.261191317315162,0.5786468361333212,0.5536842145509838,1.4744965164502701,-0.9999748781805005,-0.9929281208845906,-2.0159350823573026,-0.029050342992042493
505d1bd8-e981-43ac-b532-853c95be827a_22.png,-0.09698807439756087,-0.588304824273107,0.36069167150686327,0.6743353170515014,-0.17127736159366566,-0.26956350613976415,-0.5801937940724504,0.5785188432285151,-0.45062484049247137,0.4847393900149864,-0.39457158412217225,-1.9610256891570967,-0.7144894026697642,-0.20190273264673106,-0.17347497961286856,-0.5848320012986447,-0.8123904929026483,0.5661674435327566,0.4890412552912572,-0.029050342992042493
386822e1-0d1f-45b2-97d0-ac0273ee2394_4.png,-0.1576546272027527,-0.042057325788266466,0.5849627384684521,-0.5849773002408636,-0.7307797089210352,-0.536852346749902,-0.32853363117733025,-1.1085696155373064,-0.6582412053322049,-0.12631483439139202,0.6311239468252868,-0.16790943770690675,-0.5367338059113769,-0.05868916502939604,0.05228825005658644,-0.3161438722565747,0.5349626650752598,0.6768181727335296,0.719676930886456,-0.029050342992042493
4af4cf7a-5d36-4d0a-9b11-fcbd77f87c6e_57.png,-0.45502578218475637,0.2155443275052294,-0.1959598572551385,0.4638413329988083,0.48112644352282175,-0.48022275235818274,-0.48339730825546223,-0.6239875850022887,-0.629311062441261,0.5299569522490407,0.494198848831853,0.5452185335844908,0.18218882986698984,-0.12067712713242165,-0.14704803925283774,-0.05592983875592545,0.33926109635873397,0.6567662797675788,0.6778816177008257,-0.029050342992042493
a6a04226-e7be-4c2a-8240-4e24256bfed9_50.png,1.0451999619785037,0.888659760173468,-1.2939122716557787,-1.5472652583406366,1.3966858622029301,0.346178860256963,1.2156711539283847,1.0731947784274842,0.4798989320304997,-0.25639892878421144,-0.2722528288521337,1.4124145008097058,1.2645229079069484,-0.16983999362792473,-0.19290552428848295,0.6233432102487094,-0.22410261330477563,-0.5996837098438392,-1.192412898138848,-0.029050342992042493
19369012-66cc-4209-a974-c98c915c0a70_27.png,3.4213803954287503,2.7453944112641095,1.0698117876326987,0.3452878726936363,-1.255966844805025,-0.6904832720747034,1.0911838282353252,-1.978954834387782,-0.7874897503380702,-0.09160490660552942,1.9847441449016492,-0.021804418116128696,-1.2082549492208403,-0.5745430105764138,-0.6429138103953478,-0.8905707769359275,-2.2245895961933813,0.6768181727335296,0.719676930886456,-0.029050342992042493
92f1a624-99c9-48dc-9309-0fb5c6bc0e7f_42.png,-1.1206841122683489,-0.9255019945488584,0.16373610262871877,-0.43535848220113404,-0.2019186342816856,-0.41829040379481736,-0.5841224385137722,0.7448412492062366,-0.3005287082038777,0.42249998738122063,-0.5451028237895319,0.8432305629013819,-0.44983106971838743,-0.08540811421173466,0.21685667153052748,-0.07686855000314233,0.46764132225802424,0.2910424829594482,-0.08441751550267801,-0.029050342992042493
a7ab7384-2203-4096-ab14-1eae445ccdd9_63.png,-0.7371309609157045,-0.9631958264163749,-0.7121311655598879,-0.3945822143275834,1.0882801213051587,0.12488663836220398,-0.6308732151221487,1.3963943716243312,-0.07137935480799534,0.7723591128057098,-0.9964612659568707,-1.227960005681747,-0.07456925433956968,0.35883894752661555,0.1285747761071836,0.20435786984910467,-0.6340751129728766,0.05943094193978184,-0.49331203442699917,-0.029050342992042493
505d1bd8-e981-43ac-b532-853c95be827a_38.png,0.4221436535194385,0.7388824324197364,-0.10294000875973569,0.525712141617268,0.2234918384478343,-0.43540682364284145,-0.31520077680896524,-0.48644486595753256,-0.665603824241945,0.5037920567570923,0.8467971917984228,-0.9336664008455433,-0.2246739804910968,-0.13706474929758936,0.05162449346467619,-0.06458584778398421,-0.4187966797380175,0.6768181727335296,0.719676930886456,-0.029050342992042493
22df8deb-bec0-46ea-b532-d6d7e8d8d57a_32.png,1.1511440417639378,0.7742481449365703,0.7863929089647551,1.4315552993382992,-0.7565332367335097,-0.5966425255704543,0.9056636874542022,-0.6927352177288646,-0.4838155812873529,-0.8621695291228734,0.9233868514044017,-0.28792719474284656,-0.8645941288212913,-0.545686545459488,-0.4951223619899772,-0.8048102928409471,0.7428258320979811,0.2973746596855379,-0.07121899554932194,-0.029050342992042493
268cf2e7-02be-4b54-8659-24b54163053b_108.png,-0.5300611879112248,0.3388378385154442,0.40832878774386877,0.26615335799063233,-0.42702750218847374,-0.08951908730232831,-0.5328877124737766,-0.2473136261071887,-0.6004174436666142,0.7173813511226254,0.3798967731053622,-0.6071529741979316,-0.04296825936030082,-0.28241583284951144,-0.22781063837425272,-0.2859354914857558,-0.7825169400536843,0.6768181727335296,0.719676930886456,-0.029050342992042493
4af4cf7a-5d36-4d0a-9b11-fcbd77f87c6e_67.png,-0.2748013174093506,-0.6923338827823441,0.3280146235995929,0.6729402132509934,-0.32667950311113436,-0.4453817265250223,-0.6347495883296109,0.6195174201043708,-0.4294324194520698,0.6686679996933056,-0.471939630527237,-0.8130341528073755,-0.8724943775661085,0.13831855360838075,0.626565613485466,-0.32874459197995926,-1.3346924217446743,0.5214362976856357,0.39580555664638806,-0.029050342992042493
505d1bd8-e981-43ac-b532-853c95be827a_113.png,-0.6923573269751181,-0.4458536067487836,0.4352681710629915,0.8924758694626986,-0.1999193742947918,-0.48576465974177685,-0.6562324504902337,0.4490781154131111,-0.5174500721549036,0.7844686680009222,-0.2263006594891067,-2.256848813986632,-0.908045496917786,-0.48013605679881727,-0.1625695096873288,-0.6891350115061203,-0.5648892336616395,0.6665892718683077,0.6983562448079573,-0.029050342992042493
16c36170-95cc-4260-985e-1bc7fbeac4a2_4.png,-1.2244782004850525,-0.6700446495634164,-0.16453589728790513,0.005262218228115317,0.4078945440222761,-0.4324363882852957,-0.5264328300478026,-0.27518866269987924,-0.5364839282476556,0.12638271467911685,-0.09569857635872055,1.8993652121050515,0.8655603462936791,-0.15380862411852156,-0.3907246616759013,-0.20705046977570102,0.7651905468592547,0.6617183666943925,0.6882035371515279,-0.029050342992042493
578fbdd2-3bf8-444c-8c21-8d2666ef631c_55.png,-1.3760126690258772,1.0993172085288156,0.8543865616965458,1.4492754726180872,-0.7610338058990306,-0.5905184608795689,-0.48742895777527223,0.8463580614451512,-0.24895780932347267,0.8323576195961813,-0.05245881080339627,1.0702372671131213,0.28884218792202226,-0.5064987533253914,-0.5536954463211453,-0.6515958570175769,1.0629748781075334,0.3523347063978807,0.043337389174045816,-0.029050342992042493
386822e1-0d1f-45b2-97d0-ac0273ee2394_41.png,0.561871324655315,-0.4399051695899224,0.8174930753421538,-0.8050654633843369,-1.219377169539006,0.13814316509259628,0.8050698502362336,-1.0767650150717614,-0.25248166281066886,-1.9005547963228242,0.6018889682246883,0.36583603234205864,-0.6986889051801298,-0.09110815670396691,0.42408492711905876,-0.17654073122885858,0.251072018172758,0.08711391967819972,0.055030216847592545,-0.029050342992042493
48a4d49c-a4cf-463b-ae33-31db1940e1d3_81.png,0.9156026958800653,-0.09868249463837982,0.4309184216909149,0.3024588963381719,-0.6081052873422267,-0.21132689481673114,0.7273960266321823,-0.025652729072318168,1.7521617327306327,0.0044829983810180446,-0.3161296458302739,1.3937669764272071,-0.25627497547036565,-0.43631698013978193,-0.211961635916768,-0.22767574628243414,-0.34103626352072436,-1.8095353732914687,-1.8308634870488745,3.9430578032432364
92da35e0-d1db-40c0-86e2-73b0de7f8784_12.png,-0.3971828414720159,0.26591197805409267,1.0789484836454262,1.699934669380579,-1.2826662085153413,-0.6459449229026228,-0.5322254051929903,0.2041351287329282,0.08008781251027947,0.8228317619370256,-0.24950282846697,1.22256956902559,-0.4735318159528391,-0.5656366941823009,-0.6110977205812878,-0.8164198602091916,1.2346977023506245,-0.2548236235306452,-1.2055215271445832,-0.029050342992042493
a653df7d-134c-48e9-9911-e3a0e5f096f4_65.png,-0.9825430910193872,-0.27337948510439086,-1.1737524640111279,-1.5431087273557327,1.0297594892600093,1.2428015634766918,-0.06609513986035048,-0.14888658924529174,0.09147889815343627,-0.16427966407077846,0.05840113512040341,0.03940855242227568,2.137500394209251,1.1661074654890065,-0.1884449299351386,1.0927070128754788,-0.026048465597766288,-0.03433398265808518,0.0627815922205253,-0.029050342992042493
855258ad-52cd-446f-9db1-1bc38d82eebd_7.png,-0.12130751263250876,-0.9519902839473006,0.4945506361715076,-0.03954798413766275,-0.15380704737573872,-0.3784797261990266,-0.624476753486959,0.2284830306057941,-0.46201364552917534,0.339337214510687,-0.36639506506747993,-1.3301234218021358,-0.7697911438834847,-0.5624304202804202,-0.544209888556009,-0.8140160472152097,-0.2647660381598458,0.6768181727335296,0.719676930886456,-0.029050342992042493
27bb6d3d-77c3-486b-a22a-3741dde393ee_6.png,1.59259234933187,0.5718828347306075,0.4934963220509749,-0.7116639654453537,-0.43659739754757154,-0.16053396931334285,0.1937005793682543,-1.00662506141547,-0.5261476545885404,-0.10664421732193675,0.964132767056338,-0.2990836276193589,-0.7816415170007105,-0.3832353344308692,-0.03362437917592999,-0.5405708301849721,0.4686248557271706,0.2804076733297334,0.15690103185927845,-0.029050342992042493
92f1a624-99c9-48dc-9309-0fb5c6bc0e7f_43.png,-1.4978382169210596,-1.1821370046183466,0.5511208399716787,-0.3886030014712644,-0.9140575596203018,-0.6490953228056816,-0.6200991913901366,1.405643897998773,0.7134134089886467,0.7338957025859956,-1.3181882402433276,0.7702982093211007,-0.6907886564353125,0.10661206724533892,0.7180140612701398,0.10450681260364574,-0.5157195888445611,-0.7467850460960773,0.30837326159023665,-0.029050342992042493
92f1a624-99c9-48dc-9309-0fb5c6bc0e7f_1.png,0.38831505389991877,0.7060042878156789,1.1080468165502193,-0.43607993225269676,-1.275772753901698,-0.45537944888215076,0.4589672519148869,-0.4690023708331277,-0.5712409452590376,-0.7236456026766397,0.6476462966849463,-1.00856269730015,-0.8329931338420224,-0.12780218024771195,0.2655054707123069,-0.4398740440324292,-1.0779331499416647,0.46598916045590133,0.2802339011573781,-0.029050342992042493
855258ad-52cd-446f-9db1-1bc38d82eebd_24.png,0.5229201983736231,-1.2105085171609908,-0.226798400337852,-0.20806574415018675,0.7858885485095267,0.5429569945873324,-0.5426181563956732,0.11599408562165894,-0.40218324412927614,0.1564752828634684,-0.5462443087951651,0.9022204115140656,-0.3826789553874411,-0.09039565139243788,-0.1769016681117014,-0.3997242496650467,0.5969666313694177,0.4661515239616985,0.28057232474592386,-0.029050342992042493
268cf2e7-02be-4b54-8659-24b54163053b_90.png,-0.9967583892979768,-0.8294452347810101,-0.457424030558252,-0.3539999821754874,0.7852038682528983,-0.5846015530405203,-0.5454051355939312,1.50417342025463,0.051998630937531695,0.498842083295432,-1.0931116763247353,0.9009130878173304,1.197370793576002,-0.3240973935739597,-0.41541485021284486,-0.11439367356108805,0.36266864436200485,-0.07143404373273905,-0.30182214813422537,-0.029050342992042493
4af4cf7a-5d36-4d0a-9b11-fcbd77f87c6e_3.png,-0.9601493953815465,-1.3216472798380368,-0.7871872677155044,0.7325925429847968,0.9875564839411219,0.08311969671561095,0.04098248270113767,1.1438672643072212,1.165633776922568,-0.6255526337632367,-1.4099247102317607,0.2282162451279147,-0.27207547296000006,0.45609592255032816,0.3531817042378637,0.44377896496184516,-0.598939472965513,-1.3036918709803784,-2.7448859777715895,-0.029050342992042493
22df8deb-bec0-46ea-b532-d6d7e8d8d57a_46.png,0.834209518383276,2.969000614604529,0.5791947795746951,0.9307974607156557,-0.3389851535371064,-0.5596054438437772,-0.38381169089529255,-0.573704346067048,-0.6451174103091539,0.9845982613684715,1.1922694755037266,-0.12776438181396105,-0.5248834327941511,-0.5577991357554816,-0.6129802894862688,-0.8289563093955209,1.746077621223452,0.6490540132422131,0.6618064972448133,-0.029050342992042493
3dbb185d-309a-4682-8409-24f5556e96df_133.png,-1.4543073245736822,-0.885856145589789,0.4946538232283735,-0.9653532930383025,-0.435196839738169,-0.6438360015365957,-0.658686431181021,0.6092291032614472,-0.39482583818853056,0.6199298806682727,-0.7444896795604142,2.1903059442231703,0.5060990284044957,-0.32338488826243067,-0.3821233226580635,-0.30352582057252353,-0.08351276248707333,0.5686840778726129,0.4942868209137436,-0.029050342992042493
855258ad-52cd-446f-9db1-1bc38d82eebd_17.png,0.042359963785147635,-0.048403653789114764,0.11388083874307897,0.06393698984674219,-0.2699666372249049,-0.32210642028297093,-0.2594651900558078,-0.5449114393844424,-0.18618851688386298,0.2658187088644876,0.4232628367020724,-0.4312701592685449,-0.5999357958699145,0.4938587040613667,0.46874211902289464,-0.016620616073169506,-0.46285947140699507,-0.0029166442863323354,-0.6971334225681356,-0.029050342992042493
268cf2e7-02be-4b54-8659-24b54163053b_106.png,-0.2282429282615658,-1.089406966625449,0.4648139591800767,0.28405802192688573,-0.38796481328049837,-0.36393852750573263,-0.637013547711426,0.28053100346319776,-0.40731394001072113,0.3360647231130675,-0.5414948249524055,-1.3929405148797163,-0.4300804478563444,-0.497236184275514,-0.3062940197572566,-0.5497157274369546,-0.548218893720799,0.6768181727335296,0.719676930886456,-0.029050342992042493
a9e37804-c00a-4e4e-b99f-e267a0056a05_0.png,0.09335202019539875,0.5015863371962401,-0.6170242733155741,0.0342200012755056,0.9410315595452234,-0.14655527308197253,1.0882249689210228,-1.3967800510659762,-0.10549207775822005,-1.2323001708169095,1.1969134992533343,2.09702404401931,1.4501787534101531,-0.0982332098192572,-0.36605309488404675,0.12003883550244644,-0.21860687421535402,-0.0946520250617347,0.18775511548415985,-0.029050342992042493
44341a17-f4a0-402e-8f84-ad64321de876_9.png,0.46304328629661173,-0.3338053983445263,-1.892136710351664,-1.257878807394,1.611621932113747,2.342591368682296,0.7495138305452766,2.448009555108829,2.6481982911621196,0.10428300570360473,-2.060833592201266,0.101630598106556,0.23354044670830176,1.4464783055756798,0.48441415821235567,1.7646291166476378,0.8532292313331267,-2.496657729825102,-0.37902527595271734,-1.1326702534201205
a7ab7384-2203-4096-ab14-1eae445ccdd9_35.png,0.03310796926641041,-0.18585798834092176,-1.242368251059914,-1.5996535814102715,1.3790208846525578,1.8551401188879504,-0.6754448962342703,1.2837669012680952,-0.47429111044959427,1.000921385483476,-0.32370188708896125,-2.385410389135426,-0.3826789553874411,0.47034602878090875,1.2670791450387708,0.949242361378816,-1.3297764180906737,0.613171678461038,0.5870148841757916,-0.029050342992042493
00367bac-0715-41b8-93dd-c21b8877a1f3_78.png,0.3354397815920326,0.4195402832399279,-0.01220451655481274,-0.09996548398475442,-0.2757384323012584,0.037609393797603766,0.5665497530998903,-0.22195582171053926,0.6581441235936518,-0.277031034610966,0.17499291283194454,0.487178081403849,-0.28787597044963453,-0.200477722023673,0.18339085237736863,0.157910989912234,0.07097458241795532,-0.7995531854801583,-2.1638105017850418,-0.029050342992042493
3dbb185d-309a-4682-8409-24f5556e96df_95.png,-0.06152298130656981,0.8658084202353559,1.1035981612159766,-0.5813248505183498,-1.1755143317240666,-0.514408322679818,-0.47286957427828297,-0.4910866623310326,-0.6211023538397636,0.8097751230172517,0.5983010945439183,-0.4741276148650956,-0.4893323134424735,-0.5232426281463236,-0.5033191090867055,-0.735862726850672,-0.48070778648761503,0.6768181727335296,0.719676930886456,-0.029050342992042493
6764beec-de30-41fd-ac4d-374023ed0a03_67.png,1.6616062305699248,1.0005737126173273,-1.0964971590944406,-0.4979143126002453,0.8883045878715644,0.2944142591201445,0.7872988606353383,1.4765876827631867,2.9920215865076747,0.5520810934730606,-1.4114068041983157,0.07753681920188774,-0.6078360446147318,0.25837569860102233,0.42427309914702416,0.26944026515774,0.2731283468679966,-2.9480282759412413,-0.7548102457651883,7.948545009530919
3dbb185d-309a-4682-8409-24f5556e96df_63.png,0.22035562052341465,-0.41282456654329897,-0.03336874518931486,0.07178893832623406,0.6837445666362084,-0.0443482692683373,-0.16383189293112002,-1.3703806484889858,-0.6701467850706873,-1.0389121560493058,0.7644490222828465,0.508641757903036,0.38364517285982885,-0.5360677237538461,-0.5674579379798936,-0.6712086163672816,-0.22372728785787788,0.6768181727335296,0.719676930886456,-0.029050342992042493
19ef2be7-6425-4194-a4a4-1b4a7fbefc4e_85.png,0.5273471034062903,-0.4866441300275686,-0.3710135527123972,0.28761489935119705,0.8127844488127006,-0.06228316887317873,-0.43884684311473077,0.20829561015265377,-0.45224157901268475,0.21044427249298145,-0.25594696513933807,-1.7980367743363752,-0.817192636352388,0.12406844737780015,1.099197738601142,-0.015752656167170608,-1.1875461006925387,0.44277117912690567,0.23183932799506846,-0.029050342992042493
00367bac-0715-41b8-93dd-c21b8877a1f3_19.png,0.6602947570017518,0.8964749327951211,1.3602987415790135,0.2668333912340636,-1.5686615877650059,-0.6440146588591771,-0.09626209883213828,-1.3754574094417684,-0.7327152109233244,0.10908504435150165,1.248497234121109,-0.3888897811614334,-0.7421402732766245,-0.5424802715576074,-0.5272426366833214,-0.8001615949687689,0.18408126926661497,0.6768181727335296,0.719676930886456,-0.029050342992042493
3dbb185d-309a-4682-8409-24f5556e96df_109.png,-0.3874414652924962,-0.6377914785038546,-0.16326181305162601,-0.9893779131331636,0.2786404178902177,0.17483145556569488,-0.3102497685289179,0.9477126597142768,0.32661136873171587,0.31378838983518426,-0.812945353012216,-0.7313081841067322,-0.6473372883388179,0.27583207873348353,0.4963540315952629,-0.020201725032880914,0.3655896936127245,-0.4315562995908673,-0.7166990416063694,-0.029050342992042493
7483fa58-40a2-4a34-b0a6-a30645af78bb_19.png,0.9939120384378058,0.08948071822298577,1.765852479807968,1.656013755022504,-2.1063138146360862,-0.6923756523368361,-0.23109267179463724,-1.3626114084582097,-0.659144021269376,-0.24195417771387104,0.7183229234559372,0.20224179566377398,-1.1608534567519369,-0.5731179999533557,-0.6352400784746505,-0.886993600427489,1.5365663884139864,0.6768181727335296,0.719676930886456,-0.029050342992042493
a7ab7384-2203-4096-ab14-1eae445ccdd9_69.png,0.6342922568122265,-0.8469048493261259,-1.7350863229568538,-1.1094507040015193,1.5809253592017687,2.7822645579617538,0.9388230208255314,1.451037400681196,2.3209789772742226,-0.12497799195694358,-1.6320367792400374,0.5951615916885539,1.2131712910656365,1.5152350681382312,-0.0035338713822595166,1.5844247457120548,-0.8763866459417516,-2.2184478626416473,-1.729255240458618,-0.029050342992042493
a653df7d-134c-48e9-9911-e3a0e5f096f4_45.png,-0.6173045322723231,0.03467802332788138,-1.0280944779590713,-0.4690007943817585,1.170185935974267,1.1839676173475893,0.26187702725785417,-0.6170174732933774,-0.1498144117330232,-0.5940715836984366,0.5399881166087908,1.1664478263482279,4.2192159384685874,-0.19869645874485042,-0.4767409787021322,0.4570847309568221,0.5781107291003726,0.031098510178175266,-0.07277305552134554,-0.029050342992042493
4a7aeead-7888-4bb1-a39e-eef6dfc4a6ff_20.png,-0.9522921305104455,-1.0935840535031875,1.6723062733794094,2.152166096660546,-1.978586297272746,-0.6892188200144169,-0.6831573630513382,0.769503187691103,-0.3724965603445037,0.5104273387928461,-0.8522337245730652,-0.0006995940557368887,-1.271456939179378,-0.5748992632321783,-0.6530291842908124,-0.894123200588861,-2.2245895961933813,0.6768181727335296,0.719676930886456,-0.029050342992042493
16c36170-95cc-4260-985e-1bc7fbeac4a2_9.png,-0.44488771770755503,-0.8028027148561966,-0.456351968320761,0.27873308455576534,1.0642757060938446,0.03847334068042391,-0.5323447065973289,-0.4104926932507993,-0.5604879462293778,-0.08961288030259551,0.019856923506421004,1.3966708233238694,1.7385378325959815,-0.3525976060351209,-0.5163954068201275,-0.328044491493902,0.19675501840392162,0.6768181727335296,0.719676930886456,-0.029050342992042493
a7ab7384-2203-4096-ab14-1eae445ccdd9_16.png,-0.2908553103990135,-0.398143956737278,-1.6638397920231978,-1.3910784920762975,1.5367275263596147,1.1650527520940503,-0.5376324031190015,0.8198593573321743,-0.43107551650259346,0.6480681077831634,-0.26958289088296117,-1.0974236734699145,1.027515445562432,0.750716868867582,0.41944335640637626,1.8522961940429796,-1.13494380215159,0.4373320016827004,0.22050213777872393,-0.029050342992042493
75769513-6d94-48cb-b36f-b1f9dc9210d3_43.png,-0.23919593194913283,-0.3366747123088434,0.265876990578848,0.1623310622632557,0.17857147957285105,-0.11642203670466385,-0.34173150277119885,-1.0855164217419575,-0.6521925116509343,-0.273321468616925,0.5787404935818844,0.11716238770051472,-0.0350680106154836,-0.5488928193613687,-0.5533573153972849,-0.7092195494536704,0.18834943966230117,0.6768181727335296,0.719676930886456,-0.029050342992042493
519d608c-1d5a-448f-8835-1d3a5261bbba_24.png,0.11917499924163494,-0.37408701888436985,0.7570631730265901,0.01611528034343551,-0.7768846794715351,-0.5378006857951169,-0.6403616739790597,0.299377210564488,-0.5333075140161764,0.7876724832479539,-0.08717307560430379,-0.2628704194892463,-0.9356963675246462,-0.24714681992882448,0.1422920882400958,-0.5964300984730306,-0.8339169799961753,0.6768181727335296,0.719676930886456,-0.029050342992042493
268cf2e7-02be-4b54-8659-24b54163053b_26.png,-0.37534027643422213,-0.9907990165150772,-0.9758382024693704,-0.23088620710865151,1.3215343522336676,0.5699342893117432,-0.4759812500821632,0.5051788746800027,-0.2110543945500223,0.23323313697909936,-0.6089351918834806,0.524441762779382,1.130218679245056,-0.06367670221009925,-0.19270077545274805,0.43542262566908563,-0.4633145683669566,0.17568321209055723,0.1029172072680457,-0.029050342992042493
505d1bd8-e981-43ac-b532-853c95be827a_49.png,-0.631454203194426,-0.4798341773846823,-2.129282871689029,-0.9657525888840559,1.7486848822699466,2.7396591288293477,-0.17605874948658404,1.6383128189721918,1.7125443189939102,0.45215039726996736,-1.4317351038200306,1.1720079999927306,2.816921786263532,0.797029714116969,-0.10083570763586117,2.3786715206058044,-0.9225511320537068,-1.670795757587785,0.0026896627435649477,1.3111856762318168
75769513-6d94-48cb-b36f-b1f9dc9210d3_11.png,1.4478023359161345,1.8754158370157714,-0.4525298483385422,-1.1335826972386478,0.7501938508393645,-0.2950258902201222,-0.16338389770915812,-1.3314616352484423,-0.7587902380117109,0.6429781502475628,1.4986831971501893,-0.25257940937295237,0.37969504848742025,-0.2428717880596503,-0.19511538189057462,-0.02715420809043154,0.21202436288393908,0.6768181727335296,0.719676930886456,-0.029050342992042493
505d1bd8-e981-43ac-b532-853c95be827a_86.png,-1.2278721627676836,0.4862507487201471,0.1259757286342728,1.0981532941068493,0.016477500015649283,-0.511879418559245,-0.3384989881737489,-0.42161503847899334,-0.5465734025529426,0.29726021326315694,0.5026545799797406,-0.6339029723327728,0.8616102219212705,-0.3444037949525371,-0.3840415730086898,-0.19696005870065456,-0.4087500936733391,0.6768181727335296,0.719676930886456,-0.029050342992042493
3dbb185d-309a-4682-8409-24f5556e96df_117.png,-1.0568527642523002,-1.4938923356955738,-0.7721614251055824,-1.260669228933006,0.9739793907655994,-0.2573216670096854,0.3345346572784569,1.7153467323713423,1.772991103876024,-1.0146157836034149,-2.2403868072945885,0.5829200000822511,0.6483035058112057,-0.081489334998325,-0.22330234543399893,0.3303856293939206,-0.8063880876459555,-2.245237841098181,-1.2813320200207592,-0.029050342992042493
89bc92b0-73f3-4d37-8aaf-292e4f4f1595_9.png,-1.1856070137613268,-0.9715744159305548,0.9741203387909734,1.0537674486820137,-0.9578850123715159,-0.552205797786924,-0.1614495545785049,-1.2248805898995483,-0.5923563506919916,-2.4445028632625987,0.38350218109796796,-0.49608794822447255,0.059734974322323,-0.5079237639484494,-0.5455533366515005,-0.6830272976831634,0.4022030016403099,0.6123598609320522,0.615636889144563,-0.029050342992042493
48a4d49c-a4cf-463b-ae33-31db1940e1d3_90.png,-1.0173078096218544,-0.3230651189717008,-0.2019775918963389,0.696456827595819,0.2574888581360434,-0.2333002123285146,0.11064374111019774,-0.9413853806706137,-0.5554292093884247,-1.5274000988219452,0.603701981539226,-0.6385649402969766,0.8063084807075499,-0.20404024858131817,-0.1771171576283868,0.26195928526884793,0.2312646980384463,0.6104926806153848,0.5814308949647545,-0.029050342992042493
a7ab7384-2203-4096-ab14-1eae445ccdd9_25.png,-0.49350907459408894,-0.7545228158469196,-1.3593988305070193,-1.4247142484691928,1.2769327173114104,2.3024753000750464,-0.5311055708770089,2.0290685964501303,1.3357610183049173,0.8920558149092825,-1.4945270140346865,-1.1847715447222995,-0.3629283335253981,0.8294487057915398,1.2819082839445572,1.4260432205033673,-1.1486343041012124,-1.8841414042052695,-1.4760555616934665,-0.029050342992042493
a3283dda-4e12-48f9-90f3-8f3223c77d46_50.png,-0.7768704480357111,-0.8877167250281637,-0.20251142431909375,-0.10520228249598956,0.3895544230303671,0.12133039015191503,-0.5139584538261209,0.019850212952630647,-0.4416252894047054,0.16539511379953933,-0.18859241824048362,-0.6262138990279387,-0.0824695030843869,0.274050815454661,-0.020701084669854108,-0.029144622770656877,-0.46864535777496724,0.6690247244552653,0.7034325986361709,-0.029050342992042493
7728da31-7807-4ad4-af12-f6b9d4769e58_8.png,-0.0494509570665576,-0.13851831020250538,0.5381735056533059,-0.07600530571363234,-0.8257594948486833,-0.5692423681554034,-0.23203416895980344,-0.4563386717016909,0.19239239352269122,0.3146600735504406,0.23747677312230986,0.9614075082895921,-0.8250928850972052,-0.08255809296561854,0.560128015202754,-0.2402605407192765,-0.6769627337776862,-0.33754782973430447,-0.08956981311152418,-0.029050342992042493
268cf2e7-02be-4b54-8659-24b54163053b_111.png,-0.37574440912426627,-0.7892377098940055,-0.9811427885324944,-0.16270054564556635,1.0288922923197703,1.2038599466933815,0.2988081913689264,0.7516933747173169,0.3434500943262266,-0.9125536541533716,-0.6838207604876173,-0.7809958587941452,-0.4893323134424735,0.34815136785368006,1.1091426532848003,0.7678437738794305,-0.19528465764972563,-0.2171552901857012,-0.6349010608844334,-0.029050342992042493
27bb6d3d-77c3-486b-a22a-3741dde393ee_2.png,0.8181182298968325,1.1691319909745366,0.46439383767142406,-0.8976215124344727,-0.7414068940452383,-0.472591158072405,0.17929216749376553,-1.2303342690208896,-0.5281618231654792,0.166763960147886,1.401351732797937,-0.24335634234296363,-0.2207238561186882,0.25267565610879006,0.022418277652129098,-0.07324049759649484,0.5302490019107878,0.3024079283652502,-0.060727864304344285,-0.029050342992042493
22df8deb-bec0-46ea-b532-d6d7e8d8d57a_15.png,0.9008887768804618,1.5897665819838946,0.9241294106759946,1.0348212841465372,-0.9861876361996009,-0.6578696381833262,-0.4962074502852308,-0.5117202999776392,-0.6901304404535674,0.9514171238278475,1.0361742498627058,-0.6964317215389313,-1.0225991037176356,-0.5645679362150073,-0.5885436757072252,-0.8655843474406739,0.3003859997766355,0.5618648106291316,0.541839748009237,-0.029050342992042493
81faa7e7-ef94-4bfb-ad32-94fd63e1848b_16.png,-0.27248663264901424,-0.456610595425142,1.2311869450498927,2.010551171493392,-1.4915777759706887,-0.6838448987581996,-0.5324129666791926,-0.5270190871902305,-0.5646041264168019,0.20160778169860277,0.09708146712320022,1.6602824695231226,-1.2043048248484316,-0.5624304202804202,-0.5551067453305504,-0.8838211719953537,-1.710982808684593,0.6768181727335296,0.719676930886456,-0.029050342992042493
2ec83b5a-f1ad-4dae-bb33-773f1eee7923_14.png,0.8089524143283706,0.8581100309381664,1.2362772083796256,0.3405346137556933,-1.4791602657258511,-0.44694800305600263,0.2310809686126732,-1.480653914088091,-0.7318929116143581,-0.4503386929320883,1.3684939123985729,-1.9015462316690757,-0.8092923876075708,-0.23432172432130194,-0.06391580926448236,-0.5847773050206558,1.318839132594889,0.6298951195581468,0.6218725137961945,-0.029050342992042493
07a9fdc8-46e7-4ddb-b62f-fe041b4ea954_9.png,1.6125745626297747,2.054158448902561,1.1519778772657943,-0.797640867003246,-1.3663660409197071,-0.5044128606516807,0.30589709311383334,-1.0375299026213065,-0.5971291225027402,0.3584387387860537,1.4760869268728987,1.0610078301953576,-0.7342400245318073,-0.27920955894763083,-0.1569143956258427,-0.5798932946604628,0.438305714867045,0.39682230698630594,0.2606584974938475,-0.029050342992042493
81faa7e7-ef94-4bfb-ad32-94fd63e1848b_78.png,-0.6120878945230205,-0.7044620941774324,1.0307634308020186,1.868977115145754,-1.0891081547781776,-0.6539460397325918,-0.5785318763135597,-0.09743067436335344,-0.4908627476815589,0.34625887054931753,-0.24555489403631942,1.1528485301174685,-1.1095018399106251,-0.5724054946418267,-0.5834257782005914,-0.8745130918865968,-0.019232082245986295,0.5375102847595558,0.42930949191260304,-0.029050342992042493
578fbdd2-3bf8-444c-8c21-8d2666ef631c_60.png,-0.9956460610115626,0.07502215316529631,0.4319371723537539,1.0571757650944997,-0.2164294961608344,-0.22143573543691486,-0.4215859592607364,1.2852218077071713,2.751989740070614,0.7602323778629366,-1.6237601537876396,1.2784572573706188,0.14268758614290378,-0.5335739551634945,-0.5820172871876236,-0.6495390517766352,1.0656031461378788,-2.6515525143556045,-6.203920563167067,-0.029050342992042493
824faab9-9bc0-41fa-93a5-24d93dec52b5_26.png,0.531464420377543,-0.5005120218670321,1.0312538990303723,0.39497199014967077,-1.085639741901516,-0.6468114268461093,-0.18620859319074273,-1.0342717581301795,-0.3408072031933892,-0.0348433448215022,0.5370646510598464,0.4058560015159957,-0.9040953725453774,-0.5528115985747784,-0.5423519284239465,-0.8315926274934125,-0.7994013710842022,-0.21553165512772948,0.3024372384198466,-0.029050342992042493
19ef2be7-6425-4194-a4a4-1b4a7fbefc4e_88.png,-0.5122575862266127,-1.3358054336795162,-0.7796279102150879,0.16481871974559476,1.0899396260284195,0.3943980905028277,-0.17893551221594206,0.48393958642116386,0.09334737750791833,-0.6186308902864813,-0.8942117410552398,-0.16327563699814554,0.33229355601851696,-0.05334537519292832,-0.06785356176325662,0.25371563100408867,-0.6461528330829063,-0.15699961128784887,-0.05885873707766654,-0.029050342992042493
505d1bd8-e981-43ac-b532-853c95be827a_56.png,1.5621558960226725,2.3860440184206664,0.010308457966269925,0.606066027105013,0.4439722985870469,-0.5991266107190087,0.015863080053114563,-1.0920875696209928,-0.7560679325519439,0.6211407281198364,1.6481507065868968,-0.9091268686439561,0.039984352460279954,-0.5385614923441977,-0.5334824756854036,-0.6706757528193416,0.574307283030502,0.6768181727335296,0.719676930886456,-0.029050342992042493
a9e37804-c00a-4e4e-b99f-e267a0056a05_11.png,0.9525989178069357,1.8212210436083724,1.0991668530896437,-0.6120395198821725,-1.2246633814295689,-0.599188561488263,0.7541954882320235,-1.670729688436804,-0.7655655257611635,-0.16363575235085198,1.9213549372297767,0.8472421479500598,-0.5762350496354629,-0.08718937749055725,-0.22385444354806858,-0.5457342397778077,0.5360995681478534,0.6768181727335296,0.719676930886456,-0.029050342992042493
89bc92b0-73f3-4d37-8aaf-292e4f4f1595_13.png,-1.4417077671266214,-0.30878132243352313,0.7897758518362372,0.9214100654429647,-0.8802575718949339,-0.6051327580053694,-0.42684844259901794,-0.36516771110710317,-0.5329180146674969,-0.05320365450399124,0.14919196132882726,-0.45260017421805304,-0.027167761870666385,-0.37896030256169505,-0.2865229393030829,-0.3596610620050105,-0.42932540720686135,0.6768181727335296,0.719676930886456,-0.029050342992042493
19369012-66cc-4209-a974-c98c915c0a70_41.png,-0.662384357624538,-0.8234572553825306,1.2608827749575442,0.6315690819021241,-1.369710052953966,-0.6512852582058241,-0.6310297213458814,0.10156972430917455,-0.505644284364893,0.4634151750176395,-0.30620957286062117,2.157002828270926,-1.0937013424209905,-0.569199220739946,-0.6212537162931028,-0.8800911271597736,0.5395771625823313,0.6768181727335296,0.719676930886456,-0.029050342992042493
4af4cf7a-5d36-4d0a-9b11-fcbd77f87c6e_51.png,0.14683003656236293,-0.5804223869413027,0.9305173966471322,1.2665999100384695,-1.0617711235751255,-0.6389568506180313,-0.7113260235004562,1.3889979824564798,-0.3255999361437153,0.9656828101776325,-0.8195467020348597,-1.647519645261475,-1.0818509693037648,-0.47977980414305277,-0.1634657313705181,-0.7864847639049748,-0.34640825353660254,0.6768181727335296,0.719676930886456,-0.029050342992042493
3dbb185d-309a-4682-8409-24f5556e96df_96.png,-0.32590278109292997,-0.8452906284207617,0.9830700875782206,-1.1488862623671978,-0.9595871845470119,-0.4417023292133481,-0.5484116539743996,-0.3506573969180875,-0.5392499030250613,-0.0013331539272320129,-0.05199740554658744,0.0748425933069424,-0.5209333084217425,-0.506855005981156,-0.5571449725749027,-0.7847085520785081,0.09991786433441584,0.6768181727335296,0.719676930886456,-0.029050342992042493
4af4cf7a-5d36-4d0a-9b11-fcbd77f87c6e_25.png,-0.4768120918489042,0.18863984219082625,-0.2670618156277217,0.8049176663940385,0.5864996363453753,-0.33853035912067614,-0.1766617135430474,-1.2299353580262236,-0.695551056861464,-0.29345057118492035,0.9103677255260607,0.6321800091248633,0.9840640774659373,-0.2742220217669276,-0.351345231546618,-0.07727411102100722,0.07760384190330587,0.6413417467168474,0.6457313767888011,-0.029050342992042493
81faa7e7-ef94-4bfb-ad32-94fd63e1848b_8.png,-1.2003292110352444,0.0030040576869507897,1.1954340761475188,1.633602250202337,-1.3022039212883343,-0.6743615083060513,-0.5188562684387699,-0.33655445368147474,-0.569964343447181,0.4682577352421969,0.16732635282889263,2.206112396836728,-0.7618908951386675,-0.5695554733957106,-0.6321954045945766,-0.860019933520699,0.35410951679833613,0.6768181727335296,0.719676930886456,-0.029050342992042493
a7ab7384-2203-4096-ab14-1eae445ccdd9_41.png,-0.3998061613754167,-1.1195368500775036,-1.869135157119329,-0.7259856436343727,1.7420929435050962,2.4363815336100827,-0.5661023918574281,1.5524276310177951,0.8787903561060174,0.8824978992540451,-1.3910199484020378,-0.809195823104811,0.004433233108602481,1.2070765209019259,0.9251408549955775,1.6556243924648057,-0.7039657635305473,-0.8977831064874476,0.06984767770367073,-0.029050342992042493
8b0863a2-01d3-4fdc-9994-7b50b25bc730_17.png,0.19090059893921135,1.1559809892349353,-0.5794828258583004,-1.7550529836571582,0.33527932381861064,0.15727475599188376,-0.04571427830062789,-0.5083051188571412,-0.6212814117059068,0.3843359103309337,1.1252661520906375,-0.6631070512611643,1.4620291265273788,0.7172291192257176,-0.13515999174075413,0.7455779554891422,0.4465425778619879,0.4814136935066327,0.3123841420694002,-0.029050342992042493
89bc92b0-73f3-4d37-8aaf-292e4f4f1595_28.png,1.1594586373536606,0.20110501555628635,0.9477782071927862,0.040360721434810294,-1.0232622441611694,-0.5273689562977538,0.5646031108553881,-1.9056744235857683,-0.7570902978983916,-1.9508697168084792,1.5169538279239576,-0.006186987258443049,-0.29577621919445174,-0.45769213948565285,-0.4878284055807087,-0.6809777814128488,1.1731810811231047,0.6768181727335296,0.719676930886456,-0.029050342992042493
578fbdd2-3bf8-444c-8c21-8d2666ef631c_59.png,-1.4326181159706535,0.047136206301227106,-0.16863883015013886,1.5629139003854846,0.49018795383462577,-0.07771363251745748,-0.5406927301225608,2.147395238462006,3.2806696107827604,0.8781756436136585,-2.2586635067898397,0.7217930948764544,0.7668072369834639,-0.4641046872894141,-0.5279663797650676,-0.3391895459288978,0.9878510076863869,-3.1440822091913265,-5.944553900929145,-0.029050342992042493
505d1bd8-e981-43ac-b532-853c95be827a_103.png,-0.43800995194664616,-0.7095322813469549,-0.5672684624696759,0.12294626501371433,0.7165569882672639,0.2867244581096494,0.3219720349149064,1.7941686837628472,3.692605892843686,0.01028933650303163,-2.2524807542178267,0.08538073551160204,-0.28392584607722593,-0.36542270164264345,0.08739804972471814,0.42695634413786154,0.593316342209353,-3.431140887440727,-1.9152881733875584,-1.4251295296835627
258bd669-e070-417c-9e38-6240e5c933aa_74.png,-1.3108110146777543,-0.29778012858514213,0.2617747763078559,0.991025739831574,-0.04832046002738859,-0.5893271072517889,-0.5708990462586663,0.13901287720896185,-0.513408989636406,0.5001082658523202,-0.052081045217587066,-0.9012364674385579,0.1110865911636349,-0.38857912426733693,-0.4085599057858933,-0.4774239060997572,-0.41553186755332044,0.6768181727335296,0.719676930886456,-0.029050342992042493
00367bac-0715-41b8-93dd-c21b8877a1f3_36.png,0.5665300528704453,0.3312339536750465,0.6503479262997137,0.5084978821096737,-1.1547477947374662,0.0691922064946712,0.49092680673021416,-0.22664609946594544,0.013178310174266478,-0.5053932424533821,0.3793202743247839,-0.14717784141107432,-0.797442014490345,-0.20546525920437622,0.8491456382513721,-0.05271272520301811,-0.8217310931736391,-0.1475013461987143,-0.46339619846798863,-0.029050342992042493
824faab9-9bc0-41fa-93a5-24d93dec52b5_24.png,0.43346915251396173,0.983079029186952,2.071888199816675,1.106650912814114,-2.0720271212898544,-0.6876113743828758,0.05309557245349534,-1.2844931063705052,-0.6809209330995192,0.0089554433552112,1.165372820897963,0.3500875602328174,-1.0146988549728184,-0.5588678937227751,-0.5559752370286459,-0.8559413543480586,-0.5860723799554587,0.6282714845001751,0.6184882779107197,-0.029050342992042493
505d1bd8-e981-43ac-b532-853c95be827a_34.png,0.6526819038451867,0.10709827388716353,0.3501445244158286,0.8568439006304178,-0.21021628068537615,-0.35477125006865606,0.02790452746730017,-1.5334442019327639,-0.7114836505179499,-0.7355090431924962,1.1963232552548222,-1.6810039223125672,0.08738584492918325,-0.49153614178328175,-0.464370131159313,-0.5641030432313355,-0.13849010052420688,0.6768181727335296,0.719676930886456,-0.029050342992042493
a3283dda-4e12-48f9-90f3-8f3223c77d46_70.png,0.5425003733970878,-0.8124050358955747,-0.20542797374632807,-0.2120789610571358,0.19894271847449427,0.6409747370283687,0.34246082119865684,0.8189369101150772,1.6078837561200763,0.10294820690790435,-1.0953682055151788,-0.6656257955059748,-0.7460903976490331,-0.09752070450772818,0.833666570815371,0.18397893938573376,-0.7564337204036434,-1.5951343638863027,-1.1287214823517813,-0.029050342992042493
a6a04226-e7be-4c2a-8240-4e24256bfed9_63.png,-0.8055144245137453,-0.875124382739752,-2.7907709270700938,-2.3471415770946105,1.6589392200477588,0.6639007903142502,0.809116566170509,3.866650044734918,6.559331143353998,-0.7082311391974144,-4.948195182420558,-0.6570483521326379,-0.20097323425664515,1.3438775407154995,1.0975627104930388,4.361421409496228,-0.7989242071412505,-6.4119724903710145,-2.078944641155621,-12.103248714378154
4af4cf7a-5d36-4d0a-9b11-fcbd77f87c6e_53.png,-0.834904052898466,-0.8019713598834939,-0.08979195141928538,0.656706654891348,0.010578864174731714,-0.5877809479122749,-0.6188225433725763,1.933230359433646,1.2577980865641718,0.9383033761958405,-1.6627739936058388,0.13580703806218208,-0.8764445019385172,0.11729964691827437,1.4096557965412888,0.17966333885677696,0.33818514085346413,-1.2487318242680356,0.07656636686102747,-0.029050342992042493
81faa7e7-ef94-4bfb-ad32-94fd63e1848b_75.png,-1.9954566884860274,-1.59907172814047,1.5248833127217347,2.5060163265478255,-1.751760410638911,-0.6917477241349899,-0.7076648847853572,1.4361834654585268,0.02436054850613281,0.16532896535979572,-1.7540571160461413,-0.4939881872761251,-1.18060407861398,-0.5613616623131267,-0.4971892052138101,-0.8745848704977265,-0.2870479324090971,0.6768181727335296,0.719676930886456,-0.029050342992042493
2ec83b5a-f1ad-4dae-bb33-773f1eee7923_5.png,0.5684891058922196,1.093607916566367,0.31059971161640904,0.2995265262391869,-0.8984571098848316,-0.39553757467141404,0.5171974064345346,-0.7672578286438261,0.6253985634986662,0.03120639678439287,0.7299604592804667,-0.2487848246456427,-0.5643846765182371,0.36168896877273166,0.7025995072663752,0.30631293331702053,0.35333783086370907,-0.7493016804359335,-1.2437248454528473,-0.029050342992042493
a6a04226-e7be-4c2a-8240-4e24256bfed9_65.png,-0.7211761620865769,-1.0483780226941108,-2.3398604766445645,-2.8280194602864652,1.6160471657306155,2.1343927655865564,0.9918149827567498,1.932417241211587,2.3921688200148306,-1.0420408566268369,-2.10538905976182,0.204490592476224,1.0433159430520664,0.4033705294971799,0.5672519559928095,3.3440661287817837,-1.0135249507947697,-2.2906184409684904,-4.265773028558827,-0.029050342992042493
4a7aeead-7888-4bb1-a39e-eef6dfc4a6ff_32.png,-0.717444562976962,0.6356250768137073,-0.009784277781435763,1.7031694889429032,-0.32098804796025704,-0.09687661158620195,1.4277496936779024,-0.6543398809353805,-0.5738792589918371,-2.6481907223965964,0.5269195829662265,0.12407391483202099,-0.19702310988423655,0.36204522142849616,0.26535783905346166,0.21284930048372053,0.10477873580556926,0.58435215618204,0.5269446972085892,-0.029050342992042493
a9e37804-c00a-4e4e-b99f-e267a0056a05_38.png,1.7676976730160228,1.8454463209299188,1.4096133042249348,0.01658116107725483,-1.706805757690455,-0.6626111392933057,0.2274155252077271,-1.475566926955427,-0.7434661128312878,0.2754633104297417,1.7557583539256951,-0.3107850663660078,-1.01074873060041,-0.11675834791901199,0.8067174030490959,-0.47328833395092246,0.3305882370943486,0.5503370017175323,0.5934983121174586,-0.029050342992042493
273317d8-7414-4eb9-bb2a-b42c7082fe9b_11.png,0.981169978883911,0.5564459262564526,-0.09706498867847338,-0.06765958377331976,0.5593826951190363,-0.4745389999471663,-0.44431410669860366,-0.7474220937688587,-0.6625960871286874,0.6481493396405772,0.8278212592779285,-1.3363511451124057,-0.15357174178774186,-0.22327789199260198,-0.2867030557173831,-0.4097320569375132,-0.2175213474179871,0.5803742502900092,0.5186533192891712,-0.029050342992042493
75769513-6d94-48cb-b36f-b1f9dc9210d3_61.png,2.7093877454651953,0.3667181248693015,-0.37608821917382607,-1.7841433880348523,0.48364398969784805,-0.5583735630581883,2.7334399162485052,0.6218381555368363,0.4184174729066314,-0.9087941816692326,-0.09546665724275816,0.46810456324067834,-0.7776913926283019,-0.27065949520928245,-0.26133942844976454,-0.6388032467208884,1.3051401342373627,-0.46240536569233004,-1.0946923913114142,-0.029050342992042493
a7ab7384-2203-4096-ab14-1eae445ccdd9_75.png,0.902785682416926,-0.0815735617252282,-0.9608657763823981,-0.9668679708220699,1.286897028314336,0.559388323971513,0.28534281404883477,0.5803222678416524,0.983607501834761,0.2992279329644441,-0.49804752401331037,0.14930540131114486,0.08343572055677465,-0.012020067124244577,-0.14264387991994043,0.04558897464412298,0.17618507822805252,-0.985784126629515,-0.2568488822703289,-0.029050342992042493
a7ab7384-2203-4096-ab14-1eae445ccdd9_61.png,0.5806842915766303,-0.2215256462834789,-2.3572398285364047,-1.3199962704375547,1.7578282108435097,2.3119973024222675,0.25462393234305863,1.089066014060837,1.2253548248766344,0.349892032221542,-0.7923174884432678,-0.41351017827897274,0.5377000233837645,3.440068167233906,0.9841628128640217,3.0013113970070373,-0.9769457825945325,-1.2591230886390545,-0.842087197205758,-0.029050342992042493
7728da31-7807-4ad4-af12-f6b9d4769e58_6.png,-0.267540776004643,-0.1828986699381148,0.8288781816085249,0.3284348096865999,-0.7832257642463889,-0.6054488710204409,-0.5635902978537025,-0.14098584767735467,-0.578981828304116,0.5535440442462152,0.16311596757114835,1.8185720382066644,-0.7421402732766245,-0.49687993161974947,-0.5122756297528098,-0.7918133993843751,0.848080985320714,0.6768181727335296,0.719676930886456,-0.029050342992042493
92f1a624-99c9-48dc-9309-0fb5c6bc0e7f_4.png,2.31721950079556,1.2368305748868333,1.0187704388014494,-0.7117944773622156,-1.0889188927674687,-0.6468596759948215,0.34947654321616034,-1.645755153507625,-0.7727551224831212,-0.32272454229952474,1.6627631034721781,-0.7451770594091015,-0.9040953725453774,-0.5538803565420719,-0.5533281852041316,-0.8388830127857445,-0.1011180114490845,0.6768181727335296,0.719676930886456,-0.029050342992042493
855258ad-52cd-446f-9db1-1bc38d82eebd_16.png,-0.2380705345449068,-0.06875634160272864,-0.01574606035309009,-0.49776009525139714,-0.04820653930695277,-0.038467900708003044,-0.5431894502339746,0.18706665494492325,-0.5594837565682372,0.5618205302720509,0.059821174967859145,-1.871193151064218,-0.3866290797598497,0.3891204232665993,0.5910156938950719,0.30714192123354966,-0.8837996691593936,0.6363084780371351,0.6352402455438259,-0.029050342992042493
3dbb185d-309a-4682-8409-24f5556e96df_79.png,-0.015941303581692903,-0.8824062262307202,-0.6089841634657509,-0.7755014205326757,1.2139268735364825,1.0121156926346608,-0.2732263610639755,-1.0556732960779274,-0.6036758541047729,-1.6025773673861579,0.22711877712791687,0.26675124388618815,1.1223184305002385,-0.1221021377554797,-0.45132162970975126,-0.27947509320274305,1.11948438824773,0.6768181727335296,0.719676930886456,-0.029050342992042493
3dbb185d-309a-4682-8409-24f5556e96df_92.png,-0.6473944002196287,-1.001182494346262,0.7665533018197114,-0.9703530429469015,-0.8565441819910828,-0.506651601335531,-0.6445107800361308,0.7620992210317928,-0.3100781368352171,0.6762984886352065,-0.7548734195100879,-1.0966969565706082,-0.836943258214431,-0.15808365598769572,0.31677089675004183,-0.41562987567974,-0.9249506064855137,0.21879072287970647,0.5014628801498737,-0.029050342992042493
a3283dda-4e12-48f9-90f3-8f3223c77d46_69.png,-1.3355983644335931,-0.10327215849688315,-0.5348341197459217,0.26356605769534003,0.38842806705258337,-0.23626784365300355,-0.4743795979811343,0.07494937447327635,-0.23040984675729995,0.504104759659661,0.05053433741480908,0.5749517411327507,0.6759543764180659,0.11658714160674534,0.041952288784122806,0.6999388804783798,-0.43493039632039493,0.07306947642674431,-0.5387511831278531,-0.029050342992042493
a9e37804-c00a-4e4e-b99f-e267a0056a05_104.png,0.04157778737533368,1.6227435021343763,0.18330630078431676,-0.5497919761776457,-0.18370403778326014,-0.4025894887919968,-0.16959249038029942,-0.7906043854209645,-0.6628458628599632,0.5549234232772862,1.0255446636583176,0.14861803825162428,0.9959144505831632,-0.36577895429840795,-0.3929937073589676,-0.17383050626688254,0.2874946154612821,0.6680505434204823,0.701402057104884,-0.029050342992042493
19369012-66cc-4209-a974-c98c915c0a70_18.png,-0.7132252723205921,-0.15275521538425693,0.9283160480421135,1.0265878188164026,-1.0920039708123725,-0.5727994267952752,-0.5407333171982636,-0.3040670760498634,-0.5887788589516711,0.5042957844147213,0.1980313181479811,0.9914414619790329,-0.4537811940907961,-0.378247797250166,-0.22973969204983005,-0.49011519698422723,-0.22938258356748678,0.5831344298885611,0.5244065202944812,-0.029050342992042493
505d1bd8-e981-43ac-b532-853c95be827a_91.png,-0.8907287161125559,-0.5882062351009326,-0.2738266938843158,0.2647673433081202,0.5973920870084121,-0.0942525395750654,-0.6775409727120422,1.5475963365544019,-0.3358835067417473,0.8799635671804438,-0.7875770363425251,-1.904269333771501,-0.26812534858759146,-0.35794139587158863,0.12180845610177986,-0.01827751371070883,-0.7057480267247493,0.5011408594609892,0.5144308499371049,-0.029050342992042493
48a4d49c-a4cf-463b-ae33-31db1940e1d3_61.png,0.4972550602770792,-0.15063414446980913,0.3996745311472386,-0.044341120671784424,-0.08015798983446733,-0.17427071846276806,-0.46987197275535525,-0.7729337565539738,-0.6431519320605266,0.32147457160626464,0.5636777810628962,-2.268919544117009,-0.4182300747391186,-0.48904237319293015,-0.40974744991095063,-0.6376382128470597,-1.1468220918644667,0.6768181727335296,0.719676930886456,-0.029050342992042493
95815a0c-6ff2-4053-978b-a34ec048fcec_4.png,1.1326637768619137,3.027568234608653,0.593704014397252,1.0943397451079808,-0.5580512017726722,-0.5722570044379222,-0.0628537084053601,-1.1816055485412689,-0.738742243768145,0.767119936557076,1.6231718638173198,-0.4143484982798613,-0.2365243536083226,-0.5592241463785396,-0.5897696359464569,-0.7788470530511677,0.33887264369257153,0.6768181727335296,0.719676930886456,-0.029050342992042493
4af4cf7a-5d36-4d0a-9b11-fcbd77f87c6e_0.png,-0.42048643997719665,-0.4470744998355705,-1.1081516929501163,0.32333350068779004,1.446122386310219,0.30626553797632755,0.028327309505870823,-1.0941438955285865,-0.5513159374624061,-1.2457299405120095,0.5569009915801034,1.2417347197736406,2.3231562397124557,-0.08576436686749918,-0.3419037118491073,0.4754370886248781,-0.3992216724882277,0.4400921812812523,0.38875588456653326,-0.029050342992042493
268cf2e7-02be-4b54-8659-24b54163053b_48.png,0.5188822364914135,1.728174465336492,0.5885203012867466,-0.44205424855668457,-1.0300809637951596,-0.600909172220442,-0.08648061358776693,-0.5979767111573419,-0.297002138847652,0.5988590333976054,1.0352848147252944,0.25244520578239593,-0.6828884076904953,0.006148818319745689,0.64613886197319,-0.0133705735395396,0.45196864871937337,0.09060473505283892,-0.4040927159548399,-0.029050342992042493
a7ab7384-2203-4096-ab14-1eae445ccdd9_33.png,0.4624344615375675,-0.31704568943593664,-1.9028592539326206,-2.0109801950733637,1.5505271133305312,2.3599297159552948,0.09805621304110201,2.274080736215058,2.7867334051376487,0.6146636299409004,-1.9564002009342951,-0.8175179658951977,-0.4893323134424735,2.3791477583671803,1.9618203831991001,2.2766777940386267,-1.3182593545787256,-2.6444085201005287,-3.3602814261335006,-2.86483619095919
3b88f35e-b058-4cd6-a43c-563cda6b239f_33.png,-0.511577413413178,-0.1758228220587122,0.9123351715448534,1.1034979931861213,-0.7260487111669373,-0.5901019064450672,-0.6593287524018021,0.688263033841113,-0.513503900557036,0.9063416049445285,-0.208884199192512,-0.6272520196088818,-1.1332025861450767,-0.5734742526091202,-0.6160097256594939,-0.8823068657794816,0.49671927536844135,0.6768181727335296,0.719676930886456,-0.029050342992042493
855258ad-52cd-446f-9db1-1bc38d82eebd_22.png,0.16985989793091333,0.190470326169918,-0.2206100636775577,-0.04937682528823589,0.49180077219896695,-0.3191753985122214,-0.524286942158941,0.6883184717057693,-0.3786258431652631,0.7778225914956679,-0.08933426528769978,-0.19338560140632668,-0.1772724880221935,-0.015226341026125212,-0.021318626583489857,-0.08831065297230781,0.24479519863783017,0.2994853852609011,0.33162892460544635,-0.029050342992042493
855258ad-52cd-446f-9db1-1bc38d82eebd_44.png,-0.7686804612913737,-0.9971023970983457,-0.22834797093147258,0.05638582616415547,0.4258134204835036,-0.15845092995934856,-0.5084263124166927,1.5338527751418436,-0.3157102630369097,-0.15178228328403665,-0.9999276598029997,-1.0325012444274448,-0.6670879102008609,0.19033144134999994,0.7017248120561504,0.011115939952267609,-1.1275289744715948,0.610817407626979,0.663628878767075,-0.029050342992042493
258bd669-e070-417c-9e38-6240e5c933aa_1.png,1.1171932582249302,0.511900975421359,0.155299236994005,1.0770415688521617,-0.09957087193805532,-0.4762016934042205,-0.009529362922363536,-0.5558229934623211,0.41190582046854707,0.5053699557040778,0.5528130362394268,-1.1816728126780225,-0.7855916413731192,-0.08255809296561854,0.23451329944027954,-0.3549440171587515,0.07296342087768952,-0.5482144785061356,-0.2198480005790459,-0.029050342992042493
a653df7d-134c-48e9-9911-e3a0e5f096f4_77.png,-0.8430297594400188,-0.5378581305838576,-0.3801420998550043,-0.5782333991434865,0.27173207209115036,-0.07156917782379589,-0.33315594563975415,0.15649857581517507,-0.009476457126442878,0.14963692732670766,-0.19725167561547313,-1.2120348466801727,0.06763522306714022,0.17821885105400642,0.12509595261780593,0.3549586249011035,-1.3200984552998376,-0.1873615868719201,-0.28211471538878785,-0.029050342992042493
386822e1-0d1f-45b2-97d0-ac0273ee2394_11.png,0.2859669880096928,-0.39073350197723467,1.0338000588977132,-0.521379247096942,-1.1684972286688846,-0.5782835398724827,-0.21043385026191957,-1.3269842758880834,-0.6702626919073317,-0.8127293257752698,0.7785663533427971,-0.4649837639094772,-0.8448435069592483,-0.33229120465654355,-0.20971596320242125,-0.6747310415828082,0.1640087660492643,0.6473491964313428,0.6582530495650631,-0.029050342992042493
a5f7c55f-08cd-4cf8-8e07-7d416d70c470_13.png,-1.5753595169599504,-0.9353460954268374,0.19523897907460167,0.3940783950201262,0.09350219207440673,-0.5935991855775421,-0.47992742076072037,-0.5069544868044344,-0.5031324773194337,-0.25060147292088614,-0.05935399180068516,1.9750635312605465,0.7747074857282811,-0.3853728503654563,-0.5011134196892725,-0.4676142821734295,1.6962465001983131,0.47946533143706666,0.3083230590068289,-0.029050342992042493
4af4cf7a-5d36-4d0a-9b11-fcbd77f87c6e_2.png,-0.8409558759373448,-1.0295885571675916,-1.6958837124982151,0.02106690375597406,1.5681515041813128,0.5022981646882804,-0.30874128221529773,1.5660667676364421,2.620947692274513,0.5439241489064177,-1.9461630842574056,0.9063853139085352,1.5963333551892716,1.5754417669624343,-0.14098881856382375,1.4768633133516202,0.33730023617732974,-2.490569098357708,-1.5482669438443555,-0.029050342992042493
a9e37804-c00a-4e4e-b99f-e267a0056a05_17.png,-0.10043889870430268,0.24723401007150494,1.1116213060704863,-0.3280184575103921,-1.118027099805138,-0.48301671648490563,0.38210732216981474,-1.5431949317411773,-0.7092763053301078,-1.474854914872322,1.1797748083924953,0.836534793585748,0.3046426854116567,-0.45270460230494963,-0.5444785781751074,-0.6437402567154062,0.9194394165786317,0.6768181727335296,0.719676930886456,-0.029050342992042493
a5f7c55f-08cd-4cf8-8e07-7d416d70c470_38.png,-1.3732458672216596,-0.03478234578280074,-0.21177474194312315,-0.6926249330448023,0.23555092969280111,0.03236366376243256,-0.34879057916502104,0.49242313484822603,1.343632192188488,0.525487099510962,-0.7138882741096769,1.8099943707788502,1.4501787534101531,-0.13955851788794094,-0.4309747373421123,0.03819080009346164,0.26698476194635057,-1.338518842973872,-1.1683264507158317,-0.029050342992042493
19ef2be7-6425-4194-a4a4-1b4a7fbefc4e_84.png,0.6562936217443849,0.06293419771699432,-0.29642396472889565,-0.027287116631875535,0.8487448767152183,0.05491121746414752,-0.581708122465149,-0.055043116132517146,-0.6055192776186142,0.781506864251575,0.3554521892297321,-0.7854933268630936,0.48239828217004405,-0.4334669588936658,-0.48135765057840135,-0.4996265539305918,-0.2564873981418554,0.6768181727335296,0.719676930886456,-0.029050342992042493
19ef2be7-6425-4194-a4a4-1b4a7fbefc4e_95.png,2.189176496656911,0.97117382763266,-1.7672910850799,-0.892682666607893,1.119280358859812,0.8569784413051472,0.6804893587557661,2.764733325743722,5.870706266779036,0.6788493985686048,-3.421672753919553,-0.3114478299528205,-0.4537811940907961,-0.008813793222363942,0.5292051397416186,1.506888163687763,-0.09902281631424453,-5.288660575513277,-4.407266976828823,-15.95307856619218
44341a17-f4a0-402e-8f84-ad64321de876_25.png,-0.3786172618894889,-1.0833228968889193,-1.110202996354509,-0.9730567719853827,1.289192745433174,0.7695196529854241,-0.01474726197294127,1.101809744284456,0.686643086716497,-0.19523781113797464,-1.1107542878237817,-0.6661292696508565,0.31649305852888254,0.2797508579468932,0.15173289470766815,0.7354175470723952,-1.1449385655333517,-0.6242005992192122,0.4623716194416504,-0.029050342992042493
81faa7e7-ef94-4bfb-ad32-94fd63e1848b_77.png,-0.31827839913299794,-0.5366087795641552,1.220216585406272,1.247258469499353,-1.3753906080647726,-0.665826456899118,-0.6526487961923854,0.6273277438490666,-0.49925111152280116,0.7391594456740496,-0.30527846737877,0.5737819610143271,-1.2161551979656575,-0.5741867579206492,-0.6444311164796674,-0.8911036404838675,8.636623766767892,0.6768181727335296,0.719676930886456,-0.029050342992042493
92da35e0-d1db-40c0-86e2-73b0de7f8784_15.png,-1.0860563359607662,-0.4336146253938653,1.3221515112148992,1.6930148485858827,-1.4223117585445977,-0.6593897286179489,-0.5416136262720294,-0.1937512696153262,-0.5644663503547673,0.3275187656248676,0.0805237161209478,0.7586888842593583,-1.1253023374002595,-0.5531678512305429,-0.5727051297393266,-0.8748751987479968,-1.65846362907047,0.6768181727335296,0.719676930886456,-0.029050342992042493
44341a17-f4a0-402e-8f84-ad64321de876_37.png,1.29901111303178,0.12893566231454856,-1.7049161119897924,-0.9414511991378831,1.5638195366480063,1.0010458297335065,0.6861595577181522,1.1011889278073599,0.5486206503906219,0.013437545788627684,-0.3718515723776371,-1.4771009740852503,-0.1733223636497849,0.08844318180134865,0.7861456070370345,1.062443085112888,-1.0552230508924596,-0.6764816480859017,-0.44569227208094336,-0.029050342992042493
258bd669-e070-417c-9e38-6240e5c933aa_46.png,-0.3853575550299805,-0.31779744351705014,0.12577042923354112,0.7689443303831512,0.1567764175023116,-0.2883339594074436,-0.41550527737362813,-0.8335833318054894,-0.6394185626812044,0.024897022952021883,0.5467075622700122,-0.8618635412494228,0.18613895423939847,-0.36506644898687896,-0.36243773029522414,-0.3830867240835503,-0.0438867538737968,0.6768181727335296,0.719676930886456,-0.029050342992042493
268cf2e7-02be-4b54-8659-24b54163053b_9.png,-0.06982761450300634,-0.6416245232989504,1.2511236120947242,0.28667478690392384,-1.4483630004941148,-0.6213395184592545,-0.5742022807607498,0.8510034352566996,-0.45122895582597783,0.33899550159926817,-0.5044921731823343,-1.6012119747703242,-1.0660504718141304,-0.07472053453879922,0.6756156340729077,-0.5916528533266731,2.91917940992515,0.6019685965610332,0.563663656566006,-0.029050342992042493
19ef2be7-6425-4194-a4a4-1b4a7fbefc4e_112.png,1.02512456639499,0.38447459314926624,-1.0978740456300928,-0.426355718383902,1.3965618846177328,0.24035191930635533,-0.3305353119563084,-0.5990767988206921,-0.6684963296841713,0.46282238543679083,0.8152309452494729,-1.0207021988636642,1.57263260895482,-0.21544033356578265,-0.32395334344678334,0.22070770680043936,-0.48343190581417994,0.6768181727335296,0.719676930886456,-0.029050342992042493
41b05097-d935-4d5b-b15a-8c9cc622e21b_22.png,1.9839711131192728,1.1804413002121164,1.1944012284576673,0.6814059225550626,-1.5296903375862165,-0.5608769358953443,-0.22828263175791183,-1.161640591968839,-0.7385566129307829,0.4245953397256188,1.3105740302842475,-1.2402787942613211,-0.9159457456626032,-0.43845449607436904,0.061744255174149984,-0.6093964448062381,-0.2666302289648818,0.6768181727335296,0.719676930886456,-0.029050342992042493
a6a04226-e7be-4c2a-8240-4e24256bfed9_96.png,-1.7419612566144427,-1.6810499956207259,-0.9942912951679382,-0.7430869418673514,1.215221876028404,-0.6546760636478989,-0.7270501330789768,2.2983022702694726,0.02644894339119109,0.6737858986728079,-1.964233021122297,-0.21023633135203407,1.0828171867761525,-0.03553274240470257,-0.0981873711846829,0.5957022667573402,-0.838688268919189,0.5679534420965255,0.6374048472645274,-0.029050342992042493
92f1a624-99c9-48dc-9309-0fb5c6bc0e7f_5.png,3.19844500113894,0.5772347711995949,0.7670582623110841,-0.8210783049163998,-0.8770432955043257,-0.4442034835307097,5.0048617853918005,-0.7326926314720817,0.6409223952438914,-1.9891515409366651,0.676021296328223,0.1491286700351387,-1.0225991037176356,-0.38430409239816277,0.049594169651189256,-0.665848306225172,-0.11713897927183119,-0.7527113140576741,-0.23550185984344693,-0.029050342992042493
505d1bd8-e981-43ac-b532-853c95be827a_3.png,-0.27155403238757037,1.0798795589904453,-0.0427398346198318,0.4855910948156749,0.19471580949978598,-0.5419332122975674,-0.5888941872094655,1.0209243892261943,-0.1777555208480823,1.0094101463829739,-0.17886282251797847,-1.125024980356985,-0.1851727367670107,-0.17803380471050856,0.019240030797985003,-0.030181586984612433,-0.9233442211949677,-0.13264508541827302,0.11044849838463071,-0.029050342992042493
7728da31-7807-4ad4-af12-f6b9d4769e58_5.png,1.0489817521491702,1.547805260187458,0.2727888806528038,-0.12376053581523923,-0.4107909820132596,-0.56013998337138,-0.24866134097271114,-1.0741581596493264,-0.6448477848074415,0.6930671750504381,1.3007347145774344,0.5953747878307265,-0.8685442531936999,-0.08505186155597015,0.8203290377160656,-0.23442325071899905,-0.9349899762380393,0.43960509076386084,0.22524006801838922,-0.029050342992042493
8b0863a2-01d3-4fdc-9994-7b50b25bc730_28.png,-0.855683938930729,-0.25104470641431126,-0.40910085349361996,-0.7051951961790807,-0.08162298556367416,-0.04254034290095975,0.14372528258643008,0.29080922240570745,0.5808064178570685,-0.38265415352442556,-0.27258851407664847,-0.293052112659787,0.30859280978406534,1.140813526929726,0.24837423411450893,0.9001148804708645,-0.3769748841659312,-0.6937733614533006,-2.13712579183824,-0.029050342992042493
519d608c-1d5a-448f-8835-1d3a5261bbba_78.png,-1.7531795262211136,-0.36982525614314693,0.696160171111448,1.0079039204677196,-0.646892441587031,-0.3822730823798859,-0.5950203758178163,0.5184521618845179,-0.35614463158661386,0.6332350743446798,-0.39781099738328285,-0.636722403619649,-0.09036975182920412,-0.43774199076284,-0.3774611109436167,-0.49944893274794516,0.36822267452172613,0.6768181727335296,0.719676930886456,-0.029050342992042493
92f1a624-99c9-48dc-9309-0fb5c6bc0e7f_8.png,-0.22265417249747962,0.31565695121372267,-0.46162337927286595,-0.587186345290729,0.9146709389170724,-0.21967234864852017,-0.4245826383501252,-0.315796776680203,-0.5834236612759583,0.5414134233616296,0.3865313817536285,1.4246657761264643,1.26057278353454,-0.31768484577019845,-0.3997745701027266,-0.0966005522785576,-0.1673756137957258,0.5129122136312841,0.3780383182476372,-0.029050342992042493
a3283dda-4e12-48f9-90f3-8f3223c77d46_62.png,0.3487294201890577,1.370778858845365,-0.9185010954365067,0.2313678855539069,0.4809475034166211,0.17861331967474586,0.18845562226720794,0.3732489852521318,0.9788467588366809,0.5444425523903932,0.13852829470039002,0.25266240761038616,-0.1298709955532902,0.029305240944439162,0.4095734031279294,0.690125277507696,-0.010711874421618462,-1.2116317631933817,-2.6490255292780978,-0.029050342992042493
8b0863a2-01d3-4fdc-9994-7b50b25bc730_27.png,-1.042527667198764,-1.471767485048346,-0.35716046552335795,-1.9697353066041068,0.2107608077335889,0.4029647397873579,-0.053709317258384126,-0.19617194514762423,-0.3432600184278567,-2.8463540151126345,-0.440966886540295,0.41631963421438156,0.9406127093694426,0.07169930698041645,0.011366964752206662,0.8030771650730874,-0.36249851628989566,0.4389556367406721,0.6085833917307866,-0.029050342992042493
3dbb185d-309a-4682-8409-24f5556e96df_102.png,-0.26918570638613565,-0.4977299203870304,-0.8040818396146504,-0.5904890459357999,0.5832648651578032,0.3657883456602646,0.06613509295655379,1.9238908262884296,3.1551469001822015,0.360246947051189,-2.0998185731194488,1.1610179418062994,-0.5722849252630543,0.5227151691782924,0.7465720226076427,0.7167749074565547,1.1511725766655767,-2.9576889045361727,-3.4831146686824237,-0.029050342992042493
19369012-66cc-4209-a974-c98c915c0a70_5.png,0.7017465695071989,1.253128645875193,1.3126243595107265,0.4029553507526091,-1.4258550743979845,-0.667407021974476,-0.38831285908630075,-0.8450835501114393,-0.6837405812389205,0.7161293589089479,0.92558904821646,0.5346917289161315,-1.0225991037176356,-0.53321770250773,-0.3971023220997009,-0.8152593954937365,-1.812448493833069,0.6768181727335296,0.719676930886456,-0.029050342992042493
505d1bd8-e981-43ac-b532-853c95be827a_126.png,-0.4814616272840249,-1.402135872262412,-0.5762415185316541,0.40226634025085634,0.9379393878453617,0.4642729858673899,-0.19787461015467742,2.1702827304598586,1.5876928112942033,0.26913708012489346,-2.01622994295517,-0.4998998648947313,-0.6789382833180867,0.4603709544195023,0.649777382060158,0.16585042750470846,-0.45153327056689563,-1.5475618566877312,-2.947988709998326,-0.029050342992042493
4af4cf7a-5d36-4d0a-9b11-fcbd77f87c6e_74.png,-1.2820066665624001,-1.315711725675947,0.06997268512041546,0.17203255509046375,0.016039669383426953,-0.6126144421873511,-0.33122559972110205,1.4192477080367758,0.7955597972395148,-0.12595573543537292,-1.4936544560033034,0.9132175779711939,-0.3787288310150325,0.04177408389619719,-0.06517890927332486,-0.20493466780451342,-0.47579076951238386,-0.8603583184011994,-2.4843483936880935,-0.029050342992042493
3dbb185d-309a-4682-8409-24f5556e96df_110.png,-0.22035881743466829,-1.3958226164283005,0.3398246157430601,-1.5633390852995463,-0.25854244607486365,0.11333347844971778,-0.6330390890710155,2.4371929186124626,0.7218270395847811,0.9642496719045524,-1.927937639847294,-0.8668222245103302,-1.0423497255796788,-0.08968314608090884,1.5890262949374099,-0.2555008251641394,0.7633138029054437,-0.6814337350127154,0.38801766665375315,-0.029050342992042493
44341a17-f4a0-402e-8f84-ad64321de876_11.png,0.09543651254173276,-0.10832866787842826,-2.6988762428352815,-2.1304199077222603,1.71865428473551,2.9178905993501356,-0.05749129476705259,0.4494581086294277,0.2073448029925584,0.33449382868316035,-0.16611602355362387,-0.8918228755414638,0.43104666532873215,5.437220555449777,1.8856896574929711,4.200626283490074,-0.8601141229302158,-0.2836431458096433,0.19774537260609912,-0.029050342992042493
48a4d49c-a4cf-463b-ae33-31db1940e1d3_2.png,-0.2907777342928835,0.1682057479204308,-0.5496028974007119,0.3197430101843534,0.6427449162573476,0.2055518366894634,0.3858447153907795,-1.399486924975419,-0.46568651673603073,-0.9632744066676154,1.142763529412413,-0.5891237537786531,0.8695104706660877,-0.10428950496725396,-0.11093921833400303,0.47439497771683764,0.011330035856543835,0.3081718328210498,-0.04871382691090576,-0.029050342992042493
a653df7d-134c-48e9-9911-e3a0e5f096f4_60.png,-0.7936213303033117,-0.7756547269678735,-0.38709466151694355,-0.807269410337213,0.21525571977911961,-0.04543468521250076,0.041587906580370974,-0.20589352404671651,0.08955632890428009,-0.8723656164989116,-0.06111276352771875,0.29542934899567636,0.7589069882386467,0.36382648470731876,-0.14757966393661148,0.38193818692898884,0.49767644940709005,-0.27146588287485535,-1.2568860380258913,-0.029050342992042493
578fbdd2-3bf8-444c-8c21-8d2666ef631c_52.png,-0.6043582560400013,-0.11336087294890394,0.25205966358176984,0.8097204237423411,0.09321353572935805,-0.08109733040389909,-0.4335717531847536,-0.49340551316073517,-0.40480406066033625,0.4430620747055914,0.19275208681965741,0.8941432744306237,0.5337498990113559,-0.5556616198208945,-0.5751209279234509,-0.6563458098396704,0.48036137888853875,0.24899033495798054,-0.17206922493651008,-0.029050342992042493
a6a04226-e7be-4c2a-8240-4e24256bfed9_66.png,-0.738671995856444,-0.9208308143339068,-1.6966666930723147,-2.7353618810222047,1.5036945864245703,1.285959264211278,1.398136194829334,0.7145030648493302,0.46551610466908183,-3.136954278536942,-0.9686708072343614,0.46854305850167227,2.6865676819740476,0.11729964691827437,-0.1256581656052316,1.7741095547605379,-0.6615033342598936,-0.5473214792242511,-0.6510311387062497,-0.029050342992042493
48a4d49c-a4cf-463b-ae33-31db1940e1d3_55.png,0.08993481530232356,0.4807299751795043,-0.8690012027329919,0.13452217227874763,0.6005685998235745,0.07708423116926623,1.0773694635597588,0.15998081839739905,2.3636104146020043,-0.35534133714087873,-0.426940760400905,0.7853990640685963,0.13873746177049515,0.1821376302674161,0.18456191882002634,0.9110837202128801,-0.15164131941996248,-2.150417553712632,-1.2239059968866453,-2.210424072197541
81faa7e7-ef94-4bfb-ad32-94fd63e1848b_67.png,-1.686503827380808,-0.05443950824603127,0.18319361691731972,1.363086576209822,0.18241842633133848,-0.35163482111390565,-0.5897256073056802,1.8360358679425584,1.9478324715242559,0.8977346604914697,-1.691266999012056,1.1492439264979344,0.7470566151214209,-0.5367802290653751,-0.5782159184731351,-0.5658992955246305,0.40696720272138603,-1.9192119214574588,-3.7647062529316866,-0.029050342992042493
a653df7d-134c-48e9-9911-e3a0e5f096f4_70.png,-0.3788931018865303,0.15358313317309494,-0.4137451019200323,-0.5994566439879657,0.36521204449065275,-0.17909144807272792,-0.3012560415265961,-0.7126159264156484,-0.6261572569713778,0.22155172768495682,0.7250879736975127,-0.7470550913948205,0.3954955459770547,0.9014117422559719,0.09965746120965484,0.5195299096271553,-0.3750578852941061,0.506661218658093,0.365009010088554,-0.029050342992042493
53345714-cf33-43b8-9e6c-89b5c2c7aad7_9.png,-1.1573891741283635,-0.08426056116491673,1.0262190425405424,1.1254546226949207,-1.1014482844748215,-0.6207994680733875,-0.6290163564087462,0.2849626941651801,-0.506311670465434,0.8023236402093362,-0.15466574385960985,0.8360285517509735,-0.5880854227526887,-0.42135436859767234,-0.4464779000920428,-0.7145606000321681,1.209601243789553,0.6768181727335296,0.719676930886456,-0.029050342992042493
8b0863a2-01d3-4fdc-9994-7b50b25bc730_42.png,-0.4089455118920281,0.03637176814248327,0.47957202948418237,-0.7378587028996052,-0.38645260952749816,-0.380766494588291,0.03784251893540415,-1.2374499104535703,-0.6746958663061912,-0.7799191778948243,0.9998954528372702,-0.9199476783568208,0.4981987796596785,-0.4060355043997982,-0.4199813329285984,-0.3786942982316276,-0.04766862649933559,0.6044040491479907,0.6476720120674011,-0.029050342992042493
372d139f-2c82-4ef1-b50b-d092a9b46c49_16.png,-0.11956730381319296,0.46256053170102135,1.0495691399711458,0.6671590300993764,-1.1197656280784765,-0.5969138196135075,-0.274507006293537,-0.5421731541774126,-0.6539791180453041,0.2293308735483331,0.7420848671498727,0.7741858115462927,-0.41427995036671,-0.5531678512305429,-0.6084612181137767,-0.8154370166763831,3.5380242555430534,0.6768181727335296,0.719676930886456,-0.029050342992042493
10b42c78-10e5-441c-bc2d-1bc4a35bb63d_7.png,-0.6083290550041915,-0.367322679065366,0.08053679073471025,1.192667085198313,0.4632168855728957,-0.27928970031986966,-0.5675785929971937,0.05844355270173129,-0.5442049865403782,0.5125907025040736,0.04884715118318621,0.39870580581159293,-0.24837472672554844,-0.4138730628266175,-0.46155682803493053,-0.6413183853503321,0.37467740380675213,0.6254301231487246,0.6125658651111369,-0.029050342992042493
44341a17-f4a0-402e-8f84-ad64321de876_20.png,2.6873380934305025,0.46500461947935706,-1.447863961527232,-1.7233136228107757,1.406533652754128,-0.378181703392956,0.8387223780729213,0.9896318471272012,1.086815285413703,0.45572876028440407,-0.47501013266549624,-0.7616064774582654,-0.4103298259943014,-0.19976521671214398,0.4792460470946691,0.38892811197657806,-0.8013226538293774,-1.1471734513919043,-0.6835022535514629,-0.029050342992042493
3dbb185d-309a-4682-8409-24f5556e96df_88.png,-0.06630640328752467,0.04833693644690556,0.3798518786040127,-0.7644586959614162,-1.2986507656429047,-0.5727434270571115,-0.18234882378697712,0.02701914457758197,1.088352134294275,0.4836886048394181,-0.2754551925115018,1.1339222098121804,-0.927796118779829,1.1500760959796033,2.9581592963900682,0.7086659496708224,-0.6995588614226883,-1.161136712890461,-2.4736284907692645,-0.029050342992042493
10b42c78-10e5-441c-bc2d-1bc4a35bb63d_5.png,0.19479818492637427,0.1302553538570107,-0.4691954585205529,1.1885031382624154,1.2042419419054626,-0.06299893715756215,-0.4478061325982743,-0.7616596875360193,-0.6505930913312318,0.42304265498311744,0.654782667711053,0.9453213870325745,0.5535005208733991,-0.3020097289165598,-0.43557049299813977,-0.39607340444757927,0.184141859623727,0.6768181727335296,0.719676930886456,-0.029050342992042493
855258ad-52cd-446f-9db1-1bc38d82eebd_15.png,-0.3922971596825197,-1.2470213499267988,0.5764315332562324,0.12651245702859687,-0.37343316067145826,-0.40598155851025647,-0.7029610886936813,1.2841900366855288,-0.3073810122555406,0.643783426536219,-1.0384445050190454,-2.3750412162856196,-0.9633472381315066,-0.4687359718143528,-0.10612676972114922,-0.70175945978251,-1.0821087835690493,0.6768181727335296,0.719676930886456,-0.029050342992042493
4af4cf7a-5d36-4d0a-9b11-fcbd77f87c6e_55.png,-0.488540324002967,0.1708299175106311,-0.5841591980463464,0.3487128487297079,0.5519191981993983,-0.37401715708737326,-0.626479356699476,0.8098802990299545,-0.46695587613359735,0.8913954907898128,-0.27188654827026804,0.46236707468673777,-0.39057920413225833,0.0895119397686422,0.9842502018002055,0.6827916696173597,-0.46122943928419097,0.5330452883501335,0.4200028432275429,-0.029050342992042493
a5f7c55f-08cd-4cf8-8e07-7d416d70c470_62.png,-1.78819598523403,-0.9772060290538882,0.35291323819026993,0.6978451907364612,-0.14671698649560241,-0.6926869615329974,-0.5300622985447396,-0.15961405478605858,-0.4659679915434361,-0.17691818972485526,-0.39574538754305044,2.072283910670135,0.047884601205097174,-0.164496203791457,-0.3777626849638583,-0.44957260202642,1.2838771624294685,0.5732302560349336,0.5037626813930766,-0.029050342992042493
372d139f-2c82-4ef1-b50b-d092a9b46c49_15.png,-0.8640712802326244,0.8375542422880125,0.2726706374943742,0.47290587408325857,-0.2652472586012466,-0.4737463330233184,0.6008842667995233,-0.9484974458982607,-0.3784816012147498,-0.7665140507398779,0.9839513072149438,2.046038185111596,0.6759543764180659,-0.049782848635283164,-0.357492359527166,-0.17043958859039227,0.16061010889955887,0.18566856769708331,-0.3040544244700805,-0.029050342992042493
48a4d49c-a4cf-463b-ae33-31db1940e1d3_82.png,-0.25296068268005517,0.13634935083375063,0.10500366876237278,0.47075216234366585,-0.03768593243622743,0.1121276731921085,-0.054863281615297285,-1.4042994709827263,-0.6907912896192937,-0.5742937583447996,1.0558378587101835,-0.420782765402974,0.6443533814387971,-0.04443905879881544,-0.27416576417626676,-0.04722540172950602,0.29818930612173866,0.6768181727335296,0.719676930886456,-0.029050342992042493
44341a17-f4a0-402e-8f84-ad64321de876_56.png,-0.10737903414483957,-0.5222669693710886,-2.476746078463703,-2.1228701617748675,1.6529848263936024,4.120165074150438,-0.48804637329050854,1.0444810711268806,0.10185233295748793,0.7780469190118592,-0.5358479126336939,-1.353740128913665,-0.2286241048635054,6.145450835109633,3.3306340830766494,3.9211336126791405,-0.7422707043967954,-0.21480101935164223,-1.1387762056227733,-0.029050342992042493
07a9fdc8-46e7-4ddb-b62f-fe041b4ea954_12.png,0.2614537027884201,1.0354333395249509,1.1377589737232443,-1.1293667954846183,-1.1104235331980075,-0.4693183208225664,1.7572730865303534,-2.0208024972219856,-0.7779875199113994,-2.2993661742802676,1.9531904526915673,0.7024821432881619,0.7747074857282811,-0.44130451732048515,-0.5428612633965659,-0.5655833210285078,0.4565406310753198,0.6768181727335296,0.719676930886456,-0.029050342992042493
a3283dda-4e12-48f9-90f3-8f3223c77d46_82.png,1.187200303876081,1.4599386560205698,-0.869241994125731,-0.13628527273713878,0.4857657852617174,0.46475740827123907,0.7785996974097078,1.1564573830678408,1.7732077215129907,0.41627806903895836,-0.7450899703969812,-0.07260117457038337,-0.5406839302837855,0.3210761660155769,0.853481729500661,0.6497921849766567,-0.08494381264005091,-1.7366341591885384,-1.3341866585187105,-1.3378745805153416
3dbb185d-309a-4682-8409-24f5556e96df_131.png,-0.6252200889160622,-0.7274111236226755,0.190054281379375,-0.8832635336111228,-0.14141605603429389,-0.3112520328737731,-0.4797948978089938,-0.2850524527500106,-0.510829001361986,0.013897729241821661,-0.08354111961579933,1.84569657235636,0.12293696428086073,-0.15345237146275703,-0.22349011864081667,-0.1905702993405113,-0.010816235425830455,0.4883141425030125,0.3267671445826738,-0.029050342992042493
81faa7e7-ef94-4bfb-ad32-94fd63e1848b_79.png,-0.613731627061488,-0.34689836884895514,0.3303340464500219,0.6077548180643151,-0.005050032820618923,-0.3981402336633988,-0.4426789395123354,-0.568506894095064,-0.5908345717042882,0.09010242879229474,0.2721916407308243,1.1798779192011313,-0.16147199053255906,-0.5018674688004527,-0.5409798963264234,-0.7125312303917312,1.0059373947880965,0.6048099579124837,0.5695860693655889,-0.029050342992042493
268cf2e7-02be-4b54-8659-24b54163053b_56.png,-0.019628756480006247,-0.07306453816574657,-0.7965011320537903,-1.2095903247431439,0.9358877853227779,0.5238883459123056,0.4321902361978208,-0.5130114404953995,0.2816053986223878,-0.45049841208293756,0.30084428963538146,0.5977001695015146,1.3435253953551207,-0.16307119316839894,-0.2842070899484859,0.36653886743285846,0.30638159558413053,-0.6557803010967622,-0.7268241033422945,-0.029050342992042493
a653df7d-134c-48e9-9911-e3a0e5f096f4_75.png,-1.0541696467251116,-0.25615808918017763,-1.1838378271864287,-0.9721153994584772,1.1896790083718614,1.5237810743482125,-0.44685418118633624,0.2796115280210086,-0.19189746614171185,0.4963251067767928,-0.07746356392644163,0.5658380468654434,3.681999023821017,-0.01593884633765424,-0.38073420010439313,0.841658138756762,0.2875057577130886,0.048714950557168464,-0.5895147214099954,-0.029050342992042493
a3283dda-4e12-48f9-90f3-8f3223c77d46_85.png,2.1875128849752405,1.5867176003183916,-2.6323491791433895,0.06089350453259637,1.589744447939941,0.4184313662963658,0.8456197211196249,0.0027746164167046835,1.237806923947338,0.53917948426125,0.3044134589249339,-0.4818580649083482,0.30859280978406534,0.7628294591635756,0.4938801603928373,1.5289645710941622,-0.6035616022593361,-1.323581400440532,-1.5583863368617141,-0.029050342992042493
7728da31-7807-4ad4-af12-f6b9d4769e58_0.png,0.2326011311662188,-0.3847589942462992,0.7639196478038529,0.610473737951082,-0.618489666032998,-0.6338990423768857,-0.5245359992143899,-0.6811233164423652,-0.5975381914579218,0.29290726583050175,0.2788184819397369,1.4881384962760051,-0.9870479843659582,-0.5699117260514751,-0.6194613853020958,-0.8712100680274397,2.0274242143279704,0.6768181727335296,0.719676930886456,-0.029050342992042493
580d287a-e8ba-4363-873d-175443ac329e_7.png,1.305062977065766,1.8983841394898984,0.8587184269844675,0.5807871120504704,-0.6817646785386204,-0.6711327084214581,0.08178879010828728,-1.413356643336732,-0.73122889600337,0.38850903286564314,1.5114558759770262,1.42511839726274,-0.7421402732766245,-0.5599366516900687,-0.6316932382409342,-0.8583131646473033,-0.4632727410235517,0.659282914107435,0.6831271833233145,-0.029050342992042493
89bc92b0-73f3-4d37-8aaf-292e4f4f1595_2.png,-0.6410140394790393,-0.758872139660307,0.5580669722684868,0.2147728736634841,-0.6250475689143984,-0.3255822353048885,-0.2877651435452672,-0.6925704628753454,-0.4414785936389284,-0.5105544065927499,0.17483036260942086,-0.8275392694851633,-0.34712783603576364,-0.2802783169149244,-0.188916460101988,-0.38335608721439723,-0.5728902388272779,0.434084731566757,0.2680961996595871,-0.029050342992042493
a9e37804-c00a-4e4e-b99f-e267a0056a05_2.png,0.39051651590125636,0.19223199414579342,-1.252241614188797,-0.7062200027209455,1.3103381400962857,0.8077795263243335,0.7859462655897589,-1.0812135242635943,-0.10341537157892652,-0.8112146564288221,0.8469868069572375,0.35755336894740936,2.078248528623122,-0.03517648974893805,-0.25411529609175504,0.7797377649220837,0.8568336846389358,-0.10350083612768059,-0.6368592849614797,-0.029050342992042493
48a4d49c-a4cf-463b-ae33-31db1940e1d3_95.png,-0.9062489371864332,-0.5300866763926743,-0.42876647497079845,0.3324887328217329,0.6840337670809628,-0.01168454044855379,-0.5980299689767471,0.8273740193776069,-0.44121765690414694,0.6364098469339962,-0.31652411282628795,-2.2766639612511734,0.13478733739808654,-0.23717174556741805,-0.008896625161759805,0.13705161912740033,-0.25569481951070344,0.5567503601965207,0.546638056526016,-0.029050342992042493
a5f7c55f-08cd-4cf8-8e07-7d416d70c470_32.png,-0.6425624012436656,-0.34984705426982093,0.7965334855716603,0.7252341924840687,-1.270291913233397,-0.5827150194405978,-0.2642529275995053,-0.020799175877866418,0.5083257914195961,0.2813399114804874,-0.23230175869885736,1.7106626816468125,-0.9909981087383668,0.3014822699485286,1.303628330787105,-0.21656036984876098,-1.5588882414640093,-0.5011290618249556,0.23865327645640022,-0.029050342992042493
4a7aeead-7888-4bb1-a39e-eef6dfc4a6ff_23.png,0.5417562412730536,0.5494736024797406,0.04556532656560771,1.1842495976915677,0.14640368493374867,-0.544122946096549,-0.6021815348565881,0.003573438438836133,-0.6144348134799755,0.9524250123130156,0.4384887539534101,-0.4669102201437756,-0.41427995036671,-0.42741066374566905,-0.4065249465859686,-0.6335529256461861,0.7528889427776725,0.6768181727335296,0.719676930886456,-0.029050342992042493
22df8deb-bec0-46ea-b532-d6d7e8d8d57a_34.png,0.944432662566236,2.709275944546249,0.567369056947355,1.3479794428460676,-0.4043296111839744,-0.6166727317967986,-0.21355536535687933,-1.2203738239157702,-0.7521290119581769,0.8419357341616768,1.532442583166712,-0.23387630808750456,-0.40242957724948414,-0.5303676812616139,-0.5106358440700408,-0.7246836103268678,0.6262495024559099,0.6531131008871425,0.6702670869585041,-0.029050342992042493
81faa7e7-ef94-4bfb-ad32-94fd63e1848b_4.png,-1.7769004434695155,-1.4165073197129665,1.2179158190928767,0.9347424870639314,-1.1995539524817422,-0.6920619295673589,-0.661431285914345,0.3764179654424465,-0.38409582418680804,0.05537117150531121,-0.8870208459251349,2.763725392778591,-1.0146988549728184,-0.569199220739946,-0.623717589480091,-0.8745610753321884,0.42816557807294287,0.6633420017523642,0.6915877730370028,-0.029050342992042493
4af4cf7a-5d36-4d0a-9b11-fcbd77f87c6e_58.png,-0.7540854981623307,0.1974732158692623,-0.1875924194681445,0.9150670606062782,0.14199617768247488,-0.5942604183794755,-0.5929833350865212,0.1792085900108368,-0.5456683510761217,0.7866487599638528,0.029767512737760175,0.35792590484883197,-0.434030572228753,0.846905085924001,0.6619100595967315,0.30990347001431584,0.2817807457429331,0.6768181727335296,0.719676930886456,-0.029050342992042493
6764beec-de30-41fd-ac4d-374023ed0a03_35.png,0.8181713756056808,0.5586049246736795,0.8526686979929353,0.16713715739381807,-1.1805592005599714,-0.5576731612193152,0.08111756596996013,-1.0333092652061957,-0.6829826752396869,-0.3105300530407727,1.056454985629195,-0.5132259777198863,-0.7421402732766245,-0.24429679868270834,0.06920851184536371,-0.4633342219546023,-0.4782917337447871,0.5781011612088488,0.513915389049506,-0.029050342992042493
22df8deb-bec0-46ea-b532-d6d7e8d8d57a_33.png,0.6113789268500214,1.2191048247342946,1.0612162926021165,1.1167781237569527,-1.0381090758229998,-0.6560125980378446,-0.43933450297885657,-0.631739198307408,-0.6892980349305697,0.7839033666931874,0.9614411565211523,-0.23420157063034786,-0.9159457456626032,-0.5524553459190138,-0.5292548015149894,-0.8315766169119541,0.5281294372753884,0.6728402668414989,0.715615066996532,-0.029050342992042493
273317d8-7414-4eb9-bb2a-b42c7082fe9b_44.png,1.5485117337744605,1.6623005796424901,-0.14688991791174466,0.6711149833734739,-0.14155772200825598,-0.4035274708000765,-0.24458572212088972,-0.4396357832689864,-0.5759051791801811,0.6751740359171834,0.6548474068304657,-1.0423421642262032,-0.12592087118088158,0.28616340575065446,0.13202463612884877,0.11419214741286662,-0.8820057825960649,0.5351560139254967,0.4244023498786624,-0.029050342992042493
a3283dda-4e12-48f9-90f3-8f3223c77d46_84.png,2.8799042531734096,1.5536999634561128,-0.7559079671924144,-0.3955162619804041,0.9271276036976048,-0.24295616338362802,0.6004639445837223,-1.0792173218546202,-0.20520880156809795,0.39501025962542313,1.2986485027028176,-1.4781587238795715,-0.4577313184632047,-0.20938403841778588,-0.12011512623772182,-0.3674977176276436,-0.5049769909883537,0.008854709883962659,0.024828149914659172,-0.029050342992042493
505d1bd8-e981-43ac-b532-853c95be827a_110.png,0.9340974338993258,0.28610694690965827,-0.017593146606738826,0.4870870259091638,0.1910905960646009,-0.3318759256641539,-0.3369536045185807,0.7376635446546767,1.7942450954493714,0.9100335611573338,-0.7523237947602869,-0.11316212873850526,-0.9119956212901946,0.049967894978781034,0.9049033201851264,-0.10471039380672731,-0.5195639015943082,-1.7583096872124608,0.18427478514105466,-4.828072547244139
89bc92b0-73f3-4d37-8aaf-292e4f4f1595_12.png,-0.9345134206270886,-0.20838911296227713,0.4967522198040423,0.7435933730895662,-0.45522964912760205,-0.31496243354232784,-0.43985783027314557,-0.44746333366678065,-0.579967185456821,0.15585544301444088,0.2752509643521582,-0.5085543697168622,0.19403920298421568,-0.46089841338753346,-0.3681604053328513,-0.38999707831620006,0.012311504213434911,0.6768181727335296,0.719676930886456,-0.029050342992042493
a5f7c55f-08cd-4cf8-8e07-7d416d70c470_30.png,-0.1313523298282737,0.24781662570795954,0.8483176455140273,1.1531067907880774,-1.1461288553342865,-0.6339268121222594,0.19682055707398277,-1.1321267007281908,-0.5223211841862709,-0.7498358782665318,0.9089410158674274,1.654631471218995,-0.6354869152215921,-0.1363522439860603,-0.161559382246354,-0.5250146628768353,-0.15205912257309606,0.34673316544787824,0.031661775369153065,-0.029050342992042493
75769513-6d94-48cb-b36f-b1f9dc9210d3_35.png,0.11743411988495152,-0.310398041013459,0.07983322519898625,-0.9151493979976141,0.24399776215508176,-0.08866101376745356,-0.5535416143609547,0.2056777583245029,-0.5467482316733752,0.5911822354080284,0.014602244338140617,0.3761116586500951,-0.01531738875344056,-0.3803853131847531,-0.3803976610628149,-0.47550667401763,-0.3412784159188749,0.6590393688487393,0.6826195479404908,-0.029050342992042493
4af4cf7a-5d36-4d0a-9b11-fcbd77f87c6e_61.png,1.7297064124492687,2.5099356476864427,0.3804249910221912,0.20000780987128125,-0.5529776471193036,-0.49468759537429197,0.10145876288751916,-1.130671954474609,-0.6465136136958785,0.5997434944083346,1.5991463771166845,0.21874903205762994,-0.5367338059113769,-0.19228391094108915,-0.00610504470359591,-0.34790319203421977,-0.3834813369499991,0.4745132445102529,0.29800113955612656,-0.029050342992042493
44341a17-f4a0-402e-8f84-ad64321de876_43.png,0.18410373622826798,-0.8727080348677433,-2.9182357978311924,-1.317318249382887,1.7960974046596265,4.288676983878267,0.1560382329388396,2.9155610028123533,1.283188302867145,0.20475856765936934,-1.9350300261620998,-0.5562712809224164,-0.5801851740078715,6.548016336123535,5.968460083451159,5.038297189599471,-1.2563971717353801,-1.271787442091234,-0.49953514138607374,-0.029050342992042493
2ec83b5a-f1ad-4dae-bb33-773f1eee7923_13.png,0.21646080645265298,-0.19913836939612994,1.3769876929517553,0.4877264828705391,-1.485633008994263,-0.5659347441364899,-0.11459054576825449,-1.2632318893010794,-0.6637700471711512,-0.9000121029205871,0.885739427746179,-1.6254221853404354,-1.0700005961865389,-0.5503178299844267,-0.4397309635912549,-0.8392382551510379,0.10820363668277834,0.6768181727335296,0.719676930886456,-0.029050342992042493
19ef2be7-6425-4194-a4a4-1b4a7fbefc4e_94.png,0.9260592941702838,-0.2530248995316212,-0.11561143073037192,-0.024280796265063763,0.3339280565567706,-0.029490957559971737,-0.4564210468940368,-0.7954899366211734,-0.6427704214662422,0.3386156463512159,0.5983072306589053,-0.721732466722211,-0.323427089801312,-0.21365907028696007,-0.02012576947873164,-0.22129416072324928,-0.7825289285710576,0.6768181727335296,0.719676930886456,-0.029050342992042493
3dbb185d-309a-4682-8409-24f5556e96df_130.png,-0.6516139606184358,-1.1177564138618175,0.014807671674788045,-0.38305526994606304,0.3346480933241593,-0.4668814380397282,-0.5849701549358371,0.42686344170858725,-0.3950441829829397,0.025118610280964918,-0.6554606062281864,1.612345537532983,0.26514144168757064,-0.24679056727305995,-0.3768989295867341,-0.37329831124191815,0.6834346244967135,0.5349936504196996,0.5506697544201183,-0.029050342992042493
273317d8-7414-4eb9-bb2a-b42c7082fe9b_19.png,1.802842695667074,1.193437850013075,-1.021162932358201,-0.11810400620389741,1.1763361483635344,-0.1030109779268696,1.08149981346821,-1.3773201222988762,-0.6643014515455958,-0.7439406504164671,1.5927852750777363,-0.6835415316205075,0.6680541276732487,-0.20938403841778588,-0.15811601272246878,0.22392744033296852,-0.18154699883038414,0.5474144586131833,0.46868889906553085,-0.029050342992042493
855258ad-52cd-446f-9db1-1bc38d82eebd_54.png,0.6237901354128226,1.1142539570790746,0.3317055114580362,0.0238823025514418,-0.7601422278262423,-0.5750017556715945,-0.021219363158304246,-0.9854789268725889,-0.7091790948853416,0.11364357922468311,1.1770503203276137,0.4857640538984538,-0.19702310988423655,0.5725905409853246,0.15008703982712285,0.0634189306361718,0.38714733579922256,0.6358213875197436,0.6342249747781837,-0.029050342992042493
48a4d49c-a4cf-463b-ae33-31db1940e1d3_73.png,1.5379815262054612,1.4009605013147053,0.07436887834013263,-0.6065146263781416,-0.010415344149535485,-0.24721384255439877,0.7551784949064311,-1.9897349941694105,-0.8034582144242702,-0.44303752286507175,2.0544887699409653,-0.8531388862521441,1.0591164405417008,-0.21615283887731168,-0.4229472173986678,-0.22692026380469407,0.908351777078177,0.6768181727335296,0.719676930886456,-0.029050342992042493
a9e37804-c00a-4e4e-b99f-e267a0056a05_15.png,-0.18392812958668858,0.49899296397019655,0.7413428810691892,0.034997674557455505,-0.5464919326518448,-0.5355878946896157,0.7433083126525976,-1.58233936420537,-0.7415501862758619,-1.7046717711797483,1.4804688882912285,0.9891157587046254,0.35994442662537723,-0.5645679362150073,-0.5971625117981073,-0.7252054558918714,0.32047039395761706,0.6768181727335296,0.719676930886456,-0.029050342992042493
258bd669-e070-417c-9e38-6240e5c933aa_72.png,-0.46265680614122395,1.3757139996286813,0.08214680773893583,1.3301934163168967,0.1472623734970101,-0.5257883912223958,-0.6502310978874536,0.7603983982559758,-0.4805970858013177,1.104343392028911,0.07936596457404207,-1.9640646356819096,-0.6315367908491835,-0.35829764852735313,-0.11551807388856042,-0.503356598766172,-0.33809340534823457,0.6768181727335296,0.719676930886456,-0.029050342992042493
258bd669-e070-417c-9e38-6240e5c933aa_6.png,-0.04087184606080523,0.9466615720664637,-0.33211848851036646,1.0641935748995148,0.33899367741192754,-0.3215261865463799,0.20948126487048194,-0.42644804977071493,0.6796676617360893,0.23310915220204362,0.5204600006465215,0.5133203365161674,-0.11012037369124715,-0.2667407159958728,-0.010797237787154596,0.07526652297332227,0.07821002301829867,-0.7226740654851972,-0.6449365779837632,-0.029050342992042493
505d1bd8-e981-43ac-b532-853c95be827a_99.png,-0.5514588744750625,0.2758991169827349,0.3348757887100951,0.6452219210248031,-0.2957281916758862,-0.47206467742971436,-0.2700614915926971,0.3504077313691904,0.7560901025185441,0.5469437321469174,-0.11811095707707699,-0.1907870099845453,-0.11012037369124715,-0.26460320006128574,-0.31070950143692266,-0.346567228353241,0.2411464406557875,-0.8715614003012042,-0.7791358468854329,-0.029050342992042493
505d1bd8-e981-43ac-b532-853c95be827a_39.png,0.3415547157588646,1.2035095573913637,0.20698033431233331,0.8495055628625169,0.05361670577377952,-0.5921117659882345,-0.5647442622106159,0.060046798878071135,-0.631518989484972,0.9569397882431413,0.592107373747744,-1.6901877264062286,-0.434030572228753,-0.4480733177800109,-0.219290974756763,-0.4731981879079568,-0.7277137954786035,0.6768181727335296,0.719676930886456,-0.029050342992042493
07a9fdc8-46e7-4ddb-b62f-fe041b4ea954_10.png,-0.10959267593025389,-0.042170286085725324,0.5038990452052416,-0.6519993386467657,-0.7112020818821997,-0.14923586235167632,0.8092232609831519,-0.5525737954194743,0.14848656497499363,-1.080517977898564,0.3411368557256467,0.709040586196932,0.0004831087361938731,-0.3394162577718339,-0.2762315066847541,-0.2770239281471179,1.043804913579447,-0.26440307037267835,-1.242164611924072,-0.029050342992042493
a6a04226-e7be-4c2a-8240-4e24256bfed9_61.png,-0.6160436869698042,-0.5729079252286398,-1.7502933254183157,-2.455787441142259,1.4713290359183755,1.7153026360274473,1.4154751780562713,0.5963318061270313,1.6716142444508897,-1.6032898370866406,-1.0285597500953831,1.4931637362959747,4.752482728743749,0.03179900953479077,-0.375254123288554,1.696337841860335,0.37170354681087336,-1.661378674251549,-1.0129539345602296,-0.029050342992042493
a3283dda-4e12-48f9-90f3-8f3223c77d46_45.png,-0.6112141890879113,-0.2793673302157943,-1.357197241473618,0.1364043843651608,1.0357326039374057,1.2123541056274598,0.46905375518272147,-1.5738046634400265,-0.5954277666250049,-1.9614491006401134,1.1134034551968108,0.538094199557997,2.0268969117818103,2.0937893810998034,0.06865313425947638,1.816839292748085,0.49527824009304944,0.4210144693500846,0.443133674430557,-0.029050342992042493
41b05097-d935-4d5b-b15a-8c9cc622e21b_18.png,0.28804699853040044,1.1439054301642182,0.4797483822770706,-0.010707728100809747,-0.4887787710663126,-0.4228264359361203,-0.557009349510773,0.3804676787951119,-0.5800953194099334,0.9316888632491261,0.39987297282966644,-1.0284888075445309,-0.44983106971838743,-0.16200243520110538,-0.16121147767723384,-0.4315607751783605,1.2092657712492492,0.6695929967255554,0.704617081196086,-0.029050342992042493
268cf2e7-02be-4b54-8659-24b54163053b_25.png,-0.2735824045506053,0.11161011296485662,-0.8633308833634817,0.0018708451310495487,0.966007112850486,0.333297037992549,-0.11321950205190044,-0.3205471410736761,-0.1818617024075631,0.0861249969426922,0.34717416111726374,0.7768963447621765,2.2125527572850148,-0.038739016306583204,-0.3184056278582005,0.5745016875330625,0.44262624474139783,0.04254513733687591,-0.01855387149846539,-0.029050342992042493
6764beec-de30-41fd-ac4d-374023ed0a03_37.png,0.7168594302656768,-0.20745301185084639,-0.33187303465179996,-0.25454862016807156,0.003975537449774295,0.2448174502305703,-0.2955843051749782,0.3130286504567558,0.27257689461893525,0.6036840129337514,-0.29331803567967296,0.8519184819835398,-0.8132425119799794,1.0040125071161523,1.8606196146853682,0.4793600900687837,-0.08380118618410369,-0.35784326795895105,0.3918388311243023,-0.029050342992042493
268cf2e7-02be-4b54-8659-24b54163053b_105.png,-0.19078115618329755,-0.8977187070481226,-0.8654036322475253,-0.5285250878059727,1.1446289902939661,1.0756874676885548,-0.5672296056417191,1.7999712979909748,0.12652026875057534,0.7324262490516441,-1.2840719267910008,-0.02892196689961982,-0.01531738875344056,0.07027429635735839,0.2263186600308305,0.42126676660133805,-0.5672523320717732,-0.137353627086391,-0.48453547715964135,-0.029050342992042493
3dbb185d-309a-4682-8409-24f5556e96df_101.png,0.7289007443705456,0.6672097054938247,1.0932930255081927,-0.9506562011882264,-1.26204371771426,-0.6582397445373994,-0.24107401763906008,-1.2972451798161833,-0.6824469311063244,0.2378478276857636,0.9087764213569199,0.9928562000978866,-0.6117861689871404,-0.3917853981692176,-0.40788189372304856,-0.6942993701113496,0.8565347512229513,0.6768181727335296,0.719676930886456,-0.029050342992042493
a3283dda-4e12-48f9-90f3-8f3223c77d46_53.png,-0.7762102438207709,-0.7951999468582743,-0.09268537296481619,0.14465763103423265,0.2217760163037279,0.05772835777706865,-0.4011208487711456,-0.4779517795776179,-0.5516222926613771,-0.5691166759144248,0.10685712986723295,-0.4731677968143673,0.3954955459770547,-0.3223161302951371,-0.20960873677278133,-0.042086228301520374,-0.6891599949232593,0.6546555541922155,0.6734821110497061,-0.029050342992042493
a6a04226-e7be-4c2a-8240-4e24256bfed9_72.png,0.2757190051696433,-0.3395330772063381,-1.0418506135987187,-1.956613482048795,1.2286709499510744,2.3172242866620034,-0.5099827652743252,-0.05058378843481493,-0.5231752049407985,0.45518239194499616,0.10214172394924527,-0.234028061086835,2.3942584784158107,0.15684369170813553,-0.31544627426765615,0.5724089213948749,-0.3540570270486965,0.6302198465697412,0.6225493609732909,-0.029050342992042493
580d287a-e8ba-4363-873d-175443ac329e_9.png,1.6909906421497503,2.5154430873316667,1.1905102555504319,0.7930571233058864,-1.3559899035766991,-0.6487463644086605,-0.2363182577913708,-1.151709045605194,-0.7294808069300798,0.8315601897753657,1.4710327788830484,1.606429880336602,-0.6473372883388179,-0.5659929468380654,-0.6143649170897517,-0.8402667653400344,-0.5437404315483902,0.5914961504371156,0.5418353351046838,-0.029050342992042493
53345714-cf33-43b8-9e6c-89b5c2c7aad7_5.png,-1.003304477710147,-0.5090820159169791,1.0778052201346406,1.201510775382129,-1.1218210798016235,-0.6316010476900217,-0.6220710468180303,0.15297148030308583,-0.522139045051242,0.5900280283444769,-0.14449517410990143,1.4356983030795445,-0.8329931338420224,-0.568486715428417,-0.6035135259141293,-0.8514352498488575,0.7535770899610575,0.6768181727335296,0.719676930886456,-0.029050342992042493
855258ad-52cd-446f-9db1-1bc38d82eebd_10.png,0.3912599534451197,0.22878501012681846,0.4625412619130999,-0.6158593643394706,-0.680261283643244,-0.38072261935167134,0.06702216654293675,-0.6915779593140623,-0.11022042549863559,0.013087698915619514,0.6621342080095828,-0.2651290526255301,-0.5999357958699145,0.15399367046201942,0.12129972969534131,-0.27297798214277386,0.37714163573928267,-0.02946307748417001,-0.5382041223580153,-0.029050342992042493
a9e37804-c00a-4e4e-b99f-e267a0056a05_28.png,-1.0153040862900218,-0.8942956424530316,0.16305904540831975,0.4679104057537755,0.05795876291781828,-0.43727674700234564,-0.16808308163314054,-1.1706244955828702,-0.5788763160449497,-2.366328143123435,0.36698232369524936,0.6116813283760024,0.8576600975488619,-0.29880345501467914,-0.45583090680742305,-0.3584177137264838,0.28184325514051006,0.6768181727335296,0.719676930886456,-0.029050342992042493
00367bac-0715-41b8-93dd-c21b8877a1f3_80.png,0.2028073392744735,-0.0906202109664369,1.0535960586228676,-0.2360355153929746,-1.280018595959634,-0.5676353021064953,-0.13683656794322796,-1.255893470233739,-0.6601531579532903,-0.625261871446909,0.8474506300756143,0.26060390273042267,-0.5169831840493339,-0.21793410215613424,-0.20969131277865075,-0.5079062298785219,0.3048451088038344,0.6768181727335296,0.719676930886456,-0.029050342992042493
22df8deb-bec0-46ea-b532-d6d7e8d8d57a_63.png,2.2187335115546274,4.304387746451311,-0.5899803809169689,0.9427244964585372,0.19676528189305145,-0.5201864540208808,3.592209244452044,-1.3733721551437899,-0.400193160885654,-0.45239863963674226,1.9455576457862431,-0.07283239119579998,0.12688708865326934,0.3214324186713415,0.11558963820689204,0.3546614508559315,-0.04901194375472597,0.2684739556536412,-0.13145839431079723,-0.029050342992042493
3dbb185d-309a-4682-8409-24f5556e96df_55.png,-0.5958997655195142,-0.5765197055389399,-0.40677419933070197,-0.44086408789738873,0.7991390611763486,-0.14185921343120608,-0.5744891575912854,1.623488582079822,1.145860463465325,0.9160247090277953,-1.2987164118037964,0.390780875770082,-0.1772724880221935,-0.18480260517003436,-0.0018337966517584178,0.06953892399279164,-1.0367954162287076,-1.1575647157629234,-0.706403401334332,-0.029050342992042493
00367bac-0715-41b8-93dd-c21b8877a1f3_1.png,0.6683594662718705,-0.423050937798693,0.11078676067157306,-1.631893213559846,-0.11325602295238008,0.6309195074174099,0.8166162583179836,3.7556625551256446,5.6220484401236925,0.1656074910386565,-4.129111689009752,-0.2952419971481348,-0.8250928850972052,-0.450210833714598,0.008041555750288617,-0.175451674514663,1.327671461365363,-5.108274720572619,-1.3836928079047042,0.5002687799241787
505d1bd8-e981-43ac-b532-853c95be827a_150.png,0.42723238943198566,-0.5756873956564509,0.2403191150478235,-0.5352550205105308,-0.08022848786855709,0.03343974034660062,1.15550696375593,-1.39509063737678,-0.0956493894838864,-2.3670262543813383,0.713198137491055,0.5197663638885295,0.6483035058112057,-0.4594734027644754,-0.4595285206149424,-0.3809401831939077,0.22055609731174872,-0.018341177337063707,0.09249792340406701,-0.029050342992042493
386822e1-0d1f-45b2-97d0-ac0273ee2394_21.png,0.39921568323226936,0.3992726624404955,0.6368098564518323,-1.250136679578095,-1.0615438418417797,-0.5436368286454171,-0.316628396449026,-0.4847546702410044,-0.2564578812505051,0.5402550060294725,0.393840683055424,0.26813391064780306,-0.5841352983802801,0.36382648470731876,0.36031452202270003,-0.08528687579503688,0.6352351274147601,0.09571918548544985,0.3593040786917535,-0.029050342992042493
89bc92b0-73f3-4d37-8aaf-292e4f4f1595_11.png,-0.6564860969491327,-0.3473609881473097,0.026926120950659677,0.7346093254324285,0.23346959350453655,-0.2732160488732609,-0.2383946556869838,-0.9033196429749251,-0.6325323551321776,-0.5698160135307438,0.6103676305809205,0.07786073362033427,0.8971613412729479,-0.3636414383638209,-0.4582438662419649,-0.3490602348981995,-0.06481568468842665,0.5845957014407357,0.6202668474147263,-0.029050342992042493
a6a04226-e7be-4c2a-8240-4e24256bfed9_85.png,0.19149326129454888,-0.5990734567163483,0.6901031321167257,-0.6629727353753397,-0.5666380874052868,-0.22895827007015618,-0.46123307518758666,-0.4845541140464048,-0.5853898061470627,-0.01752941048823093,0.32133379727746675,-0.13511684079890096,-0.4063797016218928,-0.49438616302939786,-0.5142876355200643,-0.7291131219100982,0.8145376120512046,0.6768181727335296,0.719676930886456,-0.029050342992042493
3dbb185d-309a-4682-8409-24f5556e96df_67.png,0.6310340495643469,-0.6068551662660773,-0.17802676635503847,-0.5024833936184738,0.8722529538603623,0.16301721851853582,-0.1333860515527988,-1.1413145397531546,-0.5611655590595938,-0.7381584940221797,0.48543995300640874,1.290004087847428,0.38364517285982885,-0.4313294429590787,-0.5292784225804047,-0.5981828306969067,0.46157648681885516,0.42621010153559413,0.19732012196321133,-0.029050342992042493
a6a04226-e7be-4c2a-8240-4e24256bfed9_103.png,-1.592722752925203,-1.3667143396260373,-0.5803460346813598,-1.4356422323790936,0.7589901131613686,-0.571792281060797,0.5455456339458525,1.519901374688275,1.2328079501486322,-2.578135859502769,-1.8696309130237052,0.29135470756445125,1.0354156943072492,-0.07863931375220888,-0.30300698784223623,0.2607939292274274,-0.610614354019473,-1.2663482646470288,-0.42470945561947987,-0.029050342992042493
75769513-6d94-48cb-b36f-b1f9dc9210d3_58.png,-0.12411541674140847,-0.2546098207896787,-0.041759903257147984,-0.15841846308399365,0.16958827614180808,0.12066272459904191,-0.31451786851248126,-0.7360739978595453,-0.613000407868781,-0.1992950337435267,0.5524525626444063,-0.9196370723945674,0.34809405350815137,-0.27350951645539856,-0.23243513722738351,-0.1070837402814361,-0.6890371034295902,0.6768181727335296,0.719676930886456,-0.029050342992042493
258bd669-e070-417c-9e38-6240e5c933aa_2.png,0.06266766525182098,-0.20877488663389324,-0.6133263395842194,0.8428146687588198,0.7044017432502837,-0.051329497258392136,-0.17784335090612174,0.18353843405976883,0.33103355271096135,0.3052435759233508,-0.1398745765238053,-0.2566207471473141,0.26514144168757064,-0.11355207401713135,0.0787986644039485,0.5057239828155312,-0.3155422678098544,-0.4448701070662354,-0.5611055753595123,-0.029050342992042493
273317d8-7414-4eb9-bb2a-b42c7082fe9b_39.png,0.7321153590426641,-0.7650669695602881,0.03261096570984308,0.6019328779288604,0.6622112995882672,-0.4066137845403997,-0.6616588195205575,0.37481713059169497,-0.4606713336681174,0.7005747871823963,-0.42301899244748314,-1.9496302100904492,-0.9712474868763238,-0.4669547085355302,-0.2549498109566337,-0.7539800874806329,-0.8569801548972007,0.6768181727335296,0.719676930886456,-0.029050342992042493
a9e37804-c00a-4e4e-b99f-e267a0056a05_46.png,-0.7559059433007642,-1.2240791423961415,-0.1457408958262431,0.13090736874310516,0.3239766460067245,-0.002867072871541,0.020797484529465383,-0.13933692547388124,0.603604367053756,-0.7035521984803891,-0.4719576599082013,0.2805862508859299,0.0004831087361938731,-0.15665864536463767,-0.11744675593094721,-0.007206940117129205,0.086629971388546,-0.6934486344417062,0.18521746385336144,-0.029050342992042493
48a4d49c-a4cf-463b-ae33-31db1940e1d3_16.png,1.7602765768679334,2.605536640414371,-1.4528215999080314,-0.08699208951493925,1.4044213552674725,-0.0016730171676166852,1.0821547412806864,-1.9225732354884228,-0.6894821786238823,0.12088170542217751,2.2331678538717434,-0.12480610819231208,1.481779748389422,-0.23681549291165355,-0.27301429607616795,0.35353379372904903,0.4510859520247939,0.45803334867183987,0.2636511453185448,-0.029050342992042493
81faa7e7-ef94-4bfb-ad32-94fd63e1848b_1.png,-1.3737461117682184,-0.5383953804983463,1.4930400932668215,1.5421013257334628,-1.6314119058494971,-0.6468596759948215,-0.6835970563714517,0.9968534842402054,-0.45311804495174646,0.8441483806173501,-0.5708331000091978,0.12241986778118229,-1.0423497255796788,-0.5652804415265363,-0.5881793507999733,-0.8680128867397995,1.6320700786468478,0.6768181727335296,0.719676930886456,-0.029050342992042493
a6a04226-e7be-4c2a-8240-4e24256bfed9_55.png,0.9413238100196417,0.5004267679381947,0.00870265673458762,-1.1026884413060654,0.2687772912292177,-0.03439208739167151,-0.40816916344034976,-0.3534397238027467,-0.607867530583902,0.5837455829085073,0.6605604378643223,-0.5338998431992306,0.23354044670830176,-0.3928541561365111,-0.4126434140734614,-0.4467297023820176,0.7489734460173818,0.6681317251733809,0.7015712688991593,-0.029050342992042493
a5f7c55f-08cd-4cf8-8e07-7d416d70c470_58.png,-2.081904339917513,-1.42170663468651,1.1183782024701847,0.7593742252220363,-1.2482848527105053,-0.6811788538234511,-0.6088648733223133,0.1857827467798589,-0.3252402730011641,-0.48447465038549403,-0.8415391466108615,1.8835118160436382,-0.3194769654289034,-0.3807415658405176,-0.3290028271104737,-0.5232533473847643,0.1775404966709841,0.5522041820341999,0.5041712663510869,-0.029050342992042493
4af4cf7a-5d36-4d0a-9b11-fcbd77f87c6e_17.png,-0.9962312325796157,-1.4196950300061828,-1.3370397795713527,0.29970631198056474,1.2748651544318594,1.159347071675193,0.34202574004623687,0.887778456434106,2.525328370888876,-0.6693585324396248,-1.6549467825042183,1.4789747367509496,1.533131365230734,1.605723242702418,-0.16199607111002365,1.3119615161893246,0.23944389674199099,-2.4176678842547776,-4.168475022229396,-0.029050342992042493
505d1bd8-e981-43ac-b532-853c95be827a_107.png,0.0034334639734736098,1.0171825181422787,-0.2554047760986568,0.8114838590791127,0.3330363217281986,-0.35160478914294724,0.2392020734873851,-1.1218883308103336,-0.707466390179453,-0.17978569349376747,1.3070907002189502,-0.702598616906788,0.6957049982801089,-0.20938403841778588,-0.25250396130471137,0.026061563077459122,0.1693143767832291,0.6408546561994559,0.6447161060231589,-0.029050342992042493
4a7aeead-7888-4bb1-a39e-eef6dfc4a6ff_26.png,-0.823425087943217,-0.7466104868491695,0.9193136250962006,1.823404047627507,-0.905952175826373,-0.6212545217740213,-0.6908916607954886,1.184258475825662,-0.3981610306447566,0.8153986679626927,-0.7062606864764093,-1.0990858785721205,-1.0858010936761733,-0.4676672138470593,-0.25447291596169735,-0.806733578726696,-1.2053561334157727,0.6768181727335296,0.719676930886456,-0.029050342992042493
3dbb185d-309a-4682-8409-24f5556e96df_72.png,0.06851003205004418,0.4353239709779585,-0.8819173744949823,-0.5613683715266761,1.0156875702080372,0.6064622227870127,2.140113445397493,-0.18475725068250762,-0.4656989275625318,-2.827791087155088,0.18949602380610256,-0.4849423411666198,0.9248122118798082,-0.23717174556741805,-0.31535820876335124,0.003958551221883964,-0.538459405604729,0.4679375225254674,0.4755585261544296,-0.029050342992042493
505d1bd8-e981-43ac-b532-853c95be827a_127.png,-0.6960396324855971,-0.6920538623055746,-0.21972633515083603,0.4917167532044091,0.5755768827847983,-0.2358344781834966,-0.5496575542073366,0.22952139041572692,-0.479739576041195,0.31655211659960775,-0.2874209191070501,-1.3307970795632111,-0.4893323134424735,-0.3084222767203211,0.17199646824091064,-0.1689758143805699,-0.19583968647244257,0.5482262761421691,0.6034684893891,-0.029050342992042493
90bae25d-a144-44fe-8481-52b9f3c73315_0.png,-0.3192416947032044,-0.666659922389884,1.2057742236413995,2.2093277576367707,-1.4498983541693056,-0.658555857552471,-0.623933747610511,0.07384004520090034,-0.4772877841748168,0.45578933189247567,-0.34200951651947603,2.4013217837964715,-1.1727038298691628,-0.5727617472975912,-0.616652743551353,-0.8857750050044672,2.7650005059174125,0.6768181727335296,0.719676930886456,-0.029050342992042493
a9e37804-c00a-4e4e-b99f-e267a0056a05_45.png,-0.9816030784102344,-0.8200901595265545,0.7436098448330469,-0.2762466742439375,-0.7750783402791515,-0.49912216240989266,-0.05930418414844373,-0.6133059816699061,-0.41945380598198817,-1.4928147969649017,0.17994948720535958,0.6097279856044385,-0.0785193787119783,-0.2172215968446052,-0.3611772785560736,-0.459311143848921,-0.15555994391551503,0.6567662797675788,0.6829494992264662,-0.029050342992042493
89bc92b0-73f3-4d37-8aaf-292e4f4f1595_6.png,-0.685004789297424,-0.7881947354768043,0.2697706051157812,0.1905244457393453,-0.2596835137122483,-0.29240833963505364,0.02233764106124769,-0.8995547466006871,0.18352731568138825,-0.7309283713898674,0.2570522985342175,0.3865705406340573,0.09133596930159187,-0.25854690491328897,-0.29196003603666165,-0.25565365610135127,-0.31552718059562873,-0.34371764295459706,-0.0061517023564848046,-0.029050342992042493
578fbdd2-3bf8-444c-8c21-8d2666ef631c_82.png,-0.5174608944126912,-0.14113893986844453,1.1924930861153993,1.4827501003990415,-1.2658087367993294,-0.6329507033316708,-0.6129534062436764,0.325136223330579,-0.5277006151305561,0.7360172750856554,-0.03206643964423986,-0.03295817064601905,-0.979147735621141,-0.5727617472975912,-0.6266617763366346,-0.8728086586712598,2.065704971829264,0.6768181727335296,0.719676930886456,-0.029050342992042493
4af4cf7a-5d36-4d0a-9b11-fcbd77f87c6e_22.png,-1.5808362146834785,-1.8116977046356826,-0.5407368762227476,0.8276429205561997,0.6220862182825663,-0.4971956100236633,-0.18264246513012977,0.9313698059957368,0.7346828044080312,-1.370478999191158,-1.6880162547901179,0.618954920897001,0.36784467537019444,-0.28384084347256955,-0.09405143440519877,0.2986125530117905,-0.6049122945385235,-0.7301427867518672,-0.9638968955019735,-0.029050342992042493
4af4cf7a-5d36-4d0a-9b11-fcbd77f87c6e_46.png,-0.2684284938638891,-0.13552748061237244,0.6319835671962681,1.0877649891573995,-0.6953753189281011,-0.4815325691123707,-0.6417828365843496,0.19450633733830341,-0.5386669585773758,0.8026422847058308,-0.08131627402210471,0.23675988024712283,-0.72633977578699,-0.29880345501467914,-0.04436021118529913,-0.5200529899349596,-0.32491200245179913,0.6768181727335296,0.719676930886456,-0.029050342992042493
519d608c-1d5a-448f-8835-1d3a5261bbba_80.png,-1.6419393835126963,-1.100888775939431,0.8593792825963995,0.7477112666521263,-0.7394987004864592,-0.49006762051930414,-0.6204721620176176,0.27675095547019946,-0.3985749820305351,0.14149171432425636,-0.5621809006084016,-0.8818787110123832,-0.7816415170007105,-0.5634991782477138,-0.49104158672884146,-0.7884385969140882,1.1846016112163464,0.6768181727335296,0.719676930886456,-0.029050342992042493
a9e37804-c00a-4e4e-b99f-e267a0056a05_105.png,0.5345268853624054,1.0326724523916024,-0.6909609426102474,-1.4484486809167856,0.892255261814697,0.5041528901164036,-0.18424319479761983,-0.7852965170368236,-0.6790833382127667,0.4564490762116213,1.1203530147975465,-0.6151703509205689,2.489061463353617,-0.3686289755445241,-0.4105600631737918,0.2414182271577321,-0.293454406942779,0.5647061719805822,0.4859954429943281,-0.029050342992042493
a653df7d-134c-48e9-9911-e3a0e5f096f4_83.png,0.13955619703185895,0.031002382927250532,-0.8590744043885381,-2.083900245500762,0.9760075218580887,1.0099928650507004,-0.05228630978601678,0.9227286280335838,1.4558248871020067,0.5460905603977163,-0.7761325061581472,0.40289012190941376,1.027515445562432,0.8365737589068302,-0.19385106885342285,0.6182130061386846,-0.08763263426933156,-1.459723200051461,-2.2216600563214044,-0.029050342992042493
4af4cf7a-5d36-4d0a-9b11-fcbd77f87c6e_8.png,-0.8265069226908033,-1.077071061994802,-0.16115885712887723,0.9619282459251624,0.4913413213066642,-0.30728830430115456,-0.46321200260594375,0.4114548923190354,-0.305983864271818,-0.13557211505449118,-0.5092967146985052,-1.5486132003719324,-0.34317771166335503,-0.33407246793536616,-0.06883419551238301,-0.2576386047028991,-0.6165447483071644,0.24704197288841445,0.4209231144007621,-0.029050342992042493
a9e37804-c00a-4e4e-b99f-e267a0056a05_21.png,1.4503557666572524,2.3158318688358928,1.0206618324571641,-0.8475341046242137,-1.3037023916734667,-0.464621011137165,0.7799725859931392,-1.3466164955445368,-0.36408377084189963,0.1617848656210494,1.650500594149378,1.1268380857319333,-0.5367338059113769,-0.1979839534333214,-0.04035937903141931,-0.36007484070238105,0.9151058495454015,0.13087088449053766,-0.0610082513217245,-0.029050342992042493
824faab9-9bc0-41fa-93a5-24d93dec52b5_33.png,0.6289116285565064,1.0178462632602094,0.845740116785589,0.22732136290578733,-0.8159654619790819,-0.6339702158758433,-0.37910174524669216,-0.5421520260639822,-0.6407728219051264,0.6621490884857842,0.6915148177862581,0.004115016480022483,-0.25627497547036565,-0.5510303352959558,-0.5653822139679007,-0.7544718706701674,0.3754515816943309,0.6348472064849605,0.6321944332468968,-0.029050342992042493
07a9fdc8-46e7-4ddb-b62f-fe041b4ea954_8.png,0.8751639629734134,0.7931200231707151,1.2213862715206794,-0.3715225888944775,-1.586916861636761,-0.5461582327602414,0.17039314366808359,-1.243187528108956,-0.6154614360721294,-0.20885510095004406,1.2325686028502898,0.08149353273946623,-0.9001452481729688,-0.3141223192125533,0.8552529217379311,-0.26994366663167496,-0.32403529264661773,0.41005493270877547,0.1636469749027235,-0.029050342992042493
4a7aeead-7888-4bb1-a39e-eef6dfc4a6ff_7.png,-1.2692756187200247,-0.7208748550949926,1.1979684079207031,1.1811310517987896,-1.2483022930470111,-0.6116058926245569,-0.5451093419058548,-0.13690438335779453,-0.520810436442478,0.12069554776436792,-0.09708804781122048,0.5513927698219723,-0.8685442531936999,-0.5275176600154978,-0.5574487217300262,-0.835211573924134,0.4084115757310252,0.6768181727335296,0.719676930886456,-0.029050342992042493
4a7aeead-7888-4bb1-a39e-eef6dfc4a6ff_25.png,-0.7699532169496949,-0.8728736411319603,1.2852976604622826,1.5241777320512955,-1.4292237756846258,-0.6550786143866834,-0.6285499125160104,0.42718120574633567,-0.4683224210045726,0.40255394809909567,-0.41079671570226217,-0.17665737823029815,-1.2043048248484316,-0.5724054946418267,-0.6243689582536626,-0.8889721862921074,3.7852817979785227,0.6768181727335296,0.719676930886456,-0.029050342992042493
268cf2e7-02be-4b54-8659-24b54163053b_43.png,-0.18692750722619,-0.10402738059206106,0.3053857986171651,0.2437846353061084,-0.2663759924773426,-0.2866279352351929,-0.264951209788301,-0.5790633349793267,-0.5183319710428589,0.08799002960782698,0.3053404920880161,-0.9681448797651654,-0.40242957724948414,-0.26460320006128574,-0.15834849551837765,-0.3922164897144911,-0.09586475453576795,0.43327291403777113,0.21204154806503314,-0.029050342992042493
580d287a-e8ba-4363-873d-175443ac329e_6.png,-0.9531607178964306,-0.5218710988293271,0.4218630656181819,0.3859878984921745,-0.008784384983718002,-0.44615360053228986,-0.3504918540882295,-0.2840877491835821,0.10310487973795499,0.22627530121100153,0.03701594212883906,2.2882001520454964,-0.10222012494642994,-0.5649241888707719,-0.6235004665555671,-0.7967230364586722,0.29469906911229826,-0.2602628009748505,-0.039947946277175954,-0.029050342992042493
a6a04226-e7be-4c2a-8240-4e24256bfed9_54.png,-0.22039117267967678,-0.7160667758596765,0.1306964844596393,-1.7314957324277969,0.3284456603451782,0.6115862370052486,-0.6500702869738737,0.3931697240382298,-0.493509238190131,0.716804654582376,-0.255852717193797,0.741827254443088,0.6838546251628831,-0.5417677662460784,-0.5853367350921813,-0.6674785715317014,0.7388804186327782,0.6768181727335296,0.719676930886456,-0.029050342992042493
a653df7d-134c-48e9-9911-e3a0e5f096f4_51.png,0.3139159731617196,1.629419239848967,-0.6914440607834786,-0.5263737048086657,0.712703027970693,-0.23648263503829275,0.8466005754491087,-0.5251371068330184,0.7575508586228722,0.057736587725738184,0.8081826822787136,0.9590841469066324,0.7431064907490122,0.09164945570322929,-0.1978027173034803,0.3354609445545399,0.14996495676313804,-1.040338264577365,-1.973211727800277,-0.029050342992042493
372d139f-2c82-4ef1-b50b-d092a9b46c49_20.png,1.4278279155280378,1.7918740796559687,1.992481188200408,1.081882912195004,-2.0479934075821795,-0.6884962563413496,0.511344565631485,-1.5439454457496464,-0.690081119247222,0.02606399457150928,1.7011128133126412,0.3709217568650042,-1.1332025861450767,-0.5713367366745331,-0.6052621408955627,-0.8805605021558944,1.7444077939397593,0.48701523445663514,0.3240597558742929,-0.029050342992042493
a9e37804-c00a-4e4e-b99f-e267a0056a05_35.png,-0.797745959421749,0.46750899351020325,1.7340670640539195,0.08288659976672937,-1.5931011853347552,-0.6787870905170539,-0.5438105554833657,0.1599843613328507,-0.4855982267167123,0.7196282248919085,0.12927920463239517,-1.3764777696764505,-0.6038859202423231,-0.14133978116676352,0.0006768537035907111,-0.4049544635799131,-0.6147953691586703,0.6768181727335296,0.719676930886456,-0.029050342992042493
81faa7e7-ef94-4bfb-ad32-94fd63e1848b_59.png,-1.6367437361287103,-0.7766669739184973,1.5960622738562469,1.5563352263120236,-1.723357635084878,-0.6063972100656557,-0.5051332246835348,-0.4211895505247585,-0.535097911976548,-0.23903147877769582,-0.09489078135816072,0.9319111196780625,-1.089751218048582,-0.4755047722738786,-0.0804344555911591,-0.7747617658502942,-1.072467375650092,0.6768181727335296,0.719676930886456,-0.029050342992042493
8b0863a2-01d3-4fdc-9994-7b50b25bc730_24.png,-0.5496868059419999,-0.4551627819186827,-0.5609464424463559,-0.35787462967449074,0.5628407132385809,0.3893784198426571,0.833112444768396,0.5943866421715406,0.5479514129317219,-1.5335694278788692,-0.5715219362738623,-0.8564795140607653,0.012333481853419698,-0.11640209526324748,0.21033814637737797,0.49986707439889677,-0.7954965112041106,-1.689224015495764,-0.3578078761482161,-0.029050342992042493
53345714-cf33-43b8-9e6c-89b5c2c7aad7_39.png,2.701119045574951,1.8847192828241428,-0.2805344491386943,0.0990320385330037,0.8677681310397798,-0.49480931574537823,-0.5594771667046409,-0.31745533630454725,-0.6809806848916041,1.051063277684704,0.9153865817986413,0.05481444713462524,-0.5367338059113769,-0.4566233815183593,-0.4426753862373998,-0.6985622784948698,0.13791944810142512,0.6768181727335296,0.719676930886456,-0.029050342992042493
92da35e0-d1db-40c0-86e2-73b0de7f8784_11.png,-0.33782653812611185,0.40078901268725153,1.2631710928279372,1.0736667443108197,-1.4612551756592091,-0.6449222592866108,-0.5298252331252938,-0.48773064006625066,-0.5942217294214167,0.7080717566407492,0.2719002628583522,1.2027787513715313,-0.6433871639664093,-0.5542366091978365,-0.5640929203692818,-0.806445348386533,1.4654316209133433,0.5944998752943632,0.548096171492815,-0.029050342992042493
578fbdd2-3bf8-444c-8c21-8d2666ef631c_111.png,-0.9887570950706615,0.0525811778670472,0.25963322205827677,0.30545910805294507,0.04606922896496729,-0.11800260178002188,-0.5728638296960966,0.14417521778940193,-0.5215934383703398,0.7399823657497101,-0.008885144000816898,0.35363290334189534,0.28489206354961366,-0.5043612373908043,-0.4674632903920511,-0.5212963382134864,-0.023854018214226478,0.6768181727335296,0.719676930886456,-0.029050342992042493
578fbdd2-3bf8-444c-8c21-8d2666ef631c_80.png,0.49465595560693437,-0.04139866028243803,1.2099873085683643,2.0597808584220045,-1.377768514855343,-0.6534980493113253,-0.5505775279232663,-0.13735910393126088,-0.5514278673373414,0.5562616290057804,0.16931480090525328,-1.267683403627908,-1.0937013424209905,-0.5706242313630041,-0.5773288046492101,-0.8717429315753797,0.09362118632410722,0.6768181727335296,0.719676930886456,-0.029050342992042493
273317d8-7414-4eb9-bb2a-b42c7082fe9b_31.png,0.533576295066924,0.4592041616115323,-0.6444062704616756,-0.16472592014956144,0.8553694926400984,-0.1140994383559871,0.4847028401667614,-0.7932921569355026,-0.15362521258985917,-0.4202344778195218,0.6656938892263695,0.48028762963395144,-0.1891228611394193,1.084169354663168,0.24851730783415032,0.25697179436319034,0.4161884122213812,-0.062179323902300236,-0.818769446693185,-0.029050342992042493
19ef2be7-6425-4194-a4a4-1b4a7fbefc4e_114.png,0.7806329740956626,-0.007357203920922809,-2.345996048336943,-0.07156086789728537,1.7460123812514259,2.5615018040447515,1.2412284050294438,1.1181373407013424,2.0059324811994785,-0.15388681965265932,-1.0503538918584603,-0.26641825449234563,0.12688708865326934,0.5768655728544987,1.0281958216546156,2.467673376727996,-0.32860994200696797,-1.751815146980574,-1.0582158660342942,-0.029050342992042493
3dbb185d-309a-4682-8409-24f5556e96df_75.png,-0.517663808715673,-0.5337799792631676,-1.0999221331024136,-0.6808511668563811,1.2169761099446,0.5667117392289819,-0.3957338369051395,0.5379831015902159,-0.4619124226098672,-0.03565293186197491,-0.2486450844304046,-1.742107668192097,0.30859280978406534,0.6634349682052758,0.3723064833624336,0.9059660853802827,-0.887269855389691,0.5741232553168181,0.5056240111300881,-0.029050342992042493
a5f7c55f-08cd-4cf8-8e07-7d416d70c470_43.png,-1.302389449683662,0.26047775449575655,-0.34912903485968794,-0.3527477956940175,0.5973730115042298,-0.3215708229204772,-0.5765474142939706,0.654326873859084,0.031173781166784632,0.8863281135354457,-0.18990204486747342,-0.31615175876356594,1.1381189279898731,-0.4455795491896593,-0.34442750327868665,0.06855403130710672,-0.7193614015744682,-0.1526969783842238,0.2412740441559197,-0.029050342992042493
89bc92b0-73f3-4d37-8aaf-292e4f4f1595_14.png,-1.0337979509095208,-0.3437020366932875,0.6942641394695478,1.2636422441882087,-0.6918169699357654,-0.48157261470556123,-0.32369823456746655,-0.8725096145955658,-0.6290012825985909,-0.4614534060389942,0.4796573432105389,-0.6578351450627219,0.05578484994991439,-0.39356666144804014,-0.3977660731617167,-0.4778596437225972,-0.12175549324350886,0.6528695556284467,0.6697594515756831,-0.029050342992042493
4af4cf7a-5d36-4d0a-9b11-fcbd77f87c6e_23.png,-1.3249572009510033,-0.8970536934764805,0.47581553911634844,1.379367361267296,-0.3715640856219522,-0.6652744179589791,-0.6195857033869272,0.5317106594028475,-0.42850351156235017,0.29790891048798646,-0.5897223627309522,-1.0066902597933316,-0.39452932850466693,-0.4302606849917852,-0.2898282928962588,-0.5169146312645142,-0.6169172243443571,0.5883300620740707,0.6262223975305783,-0.029050342992042493
19ef2be7-6425-4194-a4a4-1b4a7fbefc4e_81.png,0.36393574300329934,0.6634619416389645,-1.7240258928302221,-0.7132007671415391,1.4277613103526865,1.2268617549802174,0.01562570715582259,-0.759544922298346,-0.09303576491697015,0.40171018231040617,0.8885965401478189,0.02577928439561793,2.8011212887738974,0.8376425168741237,-0.10361098486643841,1.8300213779945984,-0.23814837797748184,-0.13499935625233203,0.13980625875279784,-0.029050342992042493
a3283dda-4e12-48f9-90f3-8f3223c77d46_81.png,-0.2646933539501944,-0.8220558014860183,-0.9962038954858317,-0.011374111287701777,1.1542270057569382,1.0439077112346324,0.457509191968049,1.3186719973136958,1.578902897474785,-0.40069682528154577,-1.5122498375182503,0.06364286783635478,0.16638833237735542,0.3862704020204832,0.10136292982402899,0.630066445077573,-0.7719688271222426,-1.3675007287586671,-0.036746813135581174,-0.029050342992042493
a7ab7384-2203-4096-ab14-1eae445ccdd9_49.png,0.13863240308326497,-1.2994553414047536,-2.178047088302455,-1.4024099909537213,1.7368918939588238,6.069273853387386,0.4249106981882494,1.936537408630374,1.4868608119912374,-0.1805506284630881,-1.8218899451503694,-0.6011929288190571,0.28094193917720506,1.910675516036843,1.0436707454465481,2.652982996058227,-1.5151663511150484,-1.4396713070855103,-1.758258112126891,1.5408378990707046
578fbdd2-3bf8-444c-8c21-8d2666ef631c_107.png,-0.815282905039493,0.2290935020680284,1.0712689911017343,0.707494480913068,-0.9866504319988358,-0.5651384723346472,-0.4836417531432177,-0.24239894969195558,-0.5086266079472278,0.6138206670043982,0.2278427260681204,0.3305935846181435,-0.8211427607247966,-0.5553053671651299,-0.560693412579821,-0.8281268771274711,-0.2250642543090844,0.573960891811021,0.5052855875415423,-0.029050342992042493
a653df7d-134c-48e9-9911-e3a0e5f096f4_48.png,0.9266703308610836,-0.4681376106439207,-1.379432639188193,-0.7273350910890862,1.5958811143971388,1.9276785217879984,1.4722036107749161,-0.46546279259413104,1.160602293719837,-0.7545247587260945,-0.05638634633071683,0.684564556113388,3.259335715973296,0.3128823549329931,-0.46043396324238695,0.4691491925078081,0.16475175481331591,-1.2450786453875993,-0.4780466072323297,-0.029050342992042493
855258ad-52cd-446f-9db1-1bc38d82eebd_37.png,-0.25495312491706246,-1.6379289985320948,-1.0169781446917765,-0.8319530792220899,1.181340036816233,1.666220779112522,0.1741741987432134,1.006022715262738,0.05586215839158819,-1.9460414585425914,-1.3178649120920094,0.5732106145023673,0.6364531326939797,0.9174431117653751,0.05080438322481379,0.7070933991199057,-0.48633466989818064,-0.03197971182402618,-0.08002299001753722,-0.029050342992042493
44341a17-f4a0-402e-8f84-ad64321de876_38.png,2.593761299175429,0.44517717357886405,-1.5322057580508963,-1.2498443923989273,1.4292849828026095,0.09607012463648931,-0.2013220517666443,1.7557364486383504,2.9079185476959286,1.0290678035380179,-1.5664578083295964,-0.4074344980046553,-0.44588094534597883,0.07098680166888742,0.4252094624068179,0.5336251488131171,-0.5701159209519472,-2.711870556759254,-1.5422955327456298,4.703421476301242
6764beec-de30-41fd-ac4d-374023ed0a03_17.png,0.17011619801850103,-0.8446282691445302,-0.8090250742732522,-0.9801299678147006,0.5825094532646363,1.0030021116591505,-0.2989807054644703,0.2641648940468687,0.15107372019624907,0.32313531880920204,-0.4799124232026901,-0.9355853213492786,-0.40242957724948414,0.4247456888430508,1.1677381168928247,0.9735652365155233,-0.20185265344668932,-0.2747943347436974,-0.8969563339846293,-0.029050342992042493
6764beec-de30-41fd-ac4d-374023ed0a03_12.png,1.4869806911859322,0.41619540821965995,0.5597836046778121,-0.21642855260772143,-0.46891661150184655,-0.5261232494836441,-0.5770645920313349,-0.14469270378129714,-0.6164837114714145,0.879933827453402,0.3888506392508573,-1.2012781934478445,-0.7184395270421728,-0.34618505823135964,-0.33380304960043067,-0.681301034182629,-1.2071958662843258,0.5776140706914573,0.6252802436543906,-0.029050342992042493
a9e37804-c00a-4e4e-b99f-e267a0056a05_24.png,-0.4978227399150316,-0.36418014316089703,0.2820773234806806,0.46673415299587423,-0.6368366360452768,-0.19922663644114422,-0.14983457893704497,-0.21391503003574985,-0.5170099776792132,-0.6764489839013332,0.1648518016963904,-0.3982489119183933,-0.2799757217048173,0.10233703537616474,0.2282727663515453,0.08882761477512269,-0.44906556669608577,0.4626607085870593,0.2732962175921506,-0.029050342992042493
22df8deb-bec0-46ea-b532-d6d7e8d8d57a_50.png,-0.6693660853543053,1.3258279923461531,0.05974102248362907,1.3814951623662062,-0.07905096162124826,-0.5988954167743423,1.607899733874562,0.3671763155505197,-0.30321339982882745,-1.5418327313866205,0.31068846857109694,0.9036325654113644,1.1776201717139592,-0.3394162577718339,-0.4476308976912385,-0.22405437081353272,0.7092253227418229,0.2705846812290044,-0.1270588876596777,-0.029050342992042493
505d1bd8-e981-43ac-b532-853c95be827a_154.png,-0.8970263898174317,-0.5683100944301009,0.4518541240983964,-0.06739505444550913,-0.5204728093023921,-0.33954092299741584,-0.3866561684507962,0.13631521976350355,0.1026877593538808,0.24208439868339263,-0.22793274626388668,-0.810886727354497,-0.3866290797598497,-0.1833775945469763,0.03978401311388985,-0.1460346078192386,-1.078842129961805,-0.20570866302700055,-0.49043112466023825,-0.029050342992042493
10b42c78-10e5-441c-bc2d-1bc4a35bb63d_6.png,0.5479785926457635,-0.21154704910061461,-0.43430621367523004,0.07261089108569946,1.2254449441213802,-0.06363116318770537,-0.24322667004053897,-1.2496242955652994,-0.668043420485066,-0.3779682562326,0.7815888690637398,0.04071628815139697,0.21378982484625872,-0.3493913321332403,-0.5070672904146115,-0.5999825221259643,0.647038022836119,0.6768181727335296,0.719676930886456,-0.029050342992042493
44341a17-f4a0-402e-8f84-ad64321de876_22.png,0.02493592113645789,-0.8468668890445974,-2.168323588106245,-1.7056193245827715,1.7489039216967313,4.663599221828082,-0.4523485028206777,0.4924566878629168,-0.13862656906583845,0.5260479793078329,-0.4764833467163116,-0.44446446160426234,1.9518445487060463,0.9804998318356942,0.3042820010712448,2.697445007005946,-1.157478158571321,0.0349952343173074,-0.0883665024239323,-0.029050342992042493
48a4d49c-a4cf-463b-ae33-31db1940e1d3_27.png,-0.45362839683983763,-0.15526552830962947,-0.8566392646511335,0.5643776239120117,0.8113727827380951,0.04475943761676846,0.018020959577979206,-0.19824552309194485,0.7528613795909636,0.05473321275727579,-0.040089780318376726,-0.08033038305752342,0.26909156605997925,1.1230008941415002,0.18841599420908944,0.7794593707031442,0.01139733738860642,-0.8008520935265357,-1.4029162648432265,-0.029050342992042493
4af4cf7a-5d36-4d0a-9b11-fcbd77f87c6e_13.png,0.5186742705916005,0.7182942481836353,-0.6329788297727805,0.5082561995922359,0.9434171839579149,0.03782276029278313,-0.1968537837051831,-1.2383884260801445,-0.7241326356562323,0.1776142688575374,1.1674495381337797,-0.432829797025469,0.5060990284044957,0.1326185111161485,-0.12256080991141476,0.17516574509232444,-0.4235287183321697,0.6768181727335296,0.719676930886456,-0.029050342992042493
a3283dda-4e12-48f9-90f3-8f3223c77d46_58.png,-0.44081092663738264,-0.21997212649249223,-1.0419122626436583,0.171658938777627,1.2940069043237816,1.2755049574151553,-0.39503586219419,-0.34266190248169953,-0.5479117838634591,0.3011609760098523,0.4134848246210022,0.8509632295174764,1.9518445487060463,0.043555347175019764,-0.21281232194051447,0.7729969635066599,0.22776222726622086,0.4456125404783562,0.5313481604877889,-0.029050342992042493
268cf2e7-02be-4b54-8659-24b54163053b_45.png,-0.5162229005015229,-1.2453457531383707,-1.1983530620425826,-0.9869401960457145,1.40174122851144,0.598802656237621,-0.06971692141113195,0.47937829092730316,0.878943819196046,-0.1178352688520218,-1.0384617199950459,2.2967049865780824,2.461410592746757,0.3431638306729769,-0.3700473224514909,0.6073248132867537,1.5331688386659637,-1.1167302940549344,-0.9199061953529806,-0.029050342992042493
a6a04226-e7be-4c2a-8240-4e24256bfed9_106.png,-1.2794159427100789,-1.2114192986249968,-0.42897905402170255,-1.5918567791476435,0.5367608346285693,-0.4250250286755615,-0.6967189809373007,1.7280122896712589,-0.12274888116925187,0.8025615305181293,-1.4143395597249242,-0.3784769661071229,0.39154542160464606,0.524496432457115,-0.005117913214012576,0.34198008185019924,-0.14378517313781722,0.4021803026776126,0.14723343085816548,-0.029050342992042493
578fbdd2-3bf8-444c-8c21-8d2666ef631c_57.png,-1.6084387742908444,0.42392742992188726,0.7525696353075864,1.5505272995546338,-0.6494317572102969,-0.4444430386053501,-0.5629787244175447,1.4338787007337817,1.388767918909758,0.8829958224676758,-1.4588510020354406,0.6929264108984398,0.13083721302567794,-0.545686545459488,-0.5470024492039407,-0.62133124623988,0.2945328619000586,-1.2518979126310805,-2.807109644552659,-0.029050342992042493
3dbb185d-309a-4682-8409-24f5556e96df_78.png,-0.3488202549823377,-0.8000648890335514,-0.45386863988728277,-0.7638050414333105,1.0293474317333644,0.18147479938304156,0.40548578525246526,-0.6430014817730113,-0.5625550398955182,-4.367602301164265,0.11706170781497881,0.5617544624801432,1.6002834795616803,-0.37005398616758217,-0.5002599437177905,-0.3009050236327009,0.32467450791189995,0.6768181727335296,0.719676930886456,-0.029050342992042493
855258ad-52cd-446f-9db1-1bc38d82eebd_4.png,-0.10542476060774275,-0.35531520721305726,0.25552935444163805,-0.47900401940441945,-0.1261471963348455,-0.16187157134390004,-0.19051851016139393,-0.03759302508384018,0.0448252246692012,0.09904777734451915,-0.18478819634087987,0.21989851697023574,-0.14962161741533322,-0.23432172432130194,-0.30307274004771956,-0.3908271520018875,-0.19939598643710024,-0.18573795181394837,0.026184119354074428,-0.029050342992042493
19ef2be7-6425-4194-a4a4-1b4a7fbefc4e_120.png,-0.14805689839986444,1.4165152777364998,-0.25379127985852795,-1.6220781432778888,0.5005136378294938,-0.09871970786065382,-0.5369424228320542,0.0131754843962457,-0.4907013802811037,0.9930484734269448,0.24549574909715435,-0.27025130372456163,1.0433159430520664,-0.5121987958176236,-0.445401226500387,-0.28648113475457965,-0.20555547188413492,0.6768181727335296,0.719676930886456,-0.029050342992042493
a6a04226-e7be-4c2a-8240-4e24256bfed9_70.png,-0.13517558129372712,-0.5013534861116193,-1.2708448142155404,-2.2023517264813894,1.452907185084661,2.3680599919139675,0.586917393112225,1.3917019945391524,1.141440261931881,-0.4311626223531864,-1.4547881536220941,0.7965370440177358,2.761620045049811,-0.27279701114386956,-0.4084637916587343,0.571520044404102,-0.1510849630813249,-1.1404353659013216,-1.7845033712897955,-0.029050342992042493
a5f7c55f-08cd-4cf8-8e07-7d416d70c470_51.png,-1.4140301716355692,-0.5322157059975727,-1.3084803888396146,-0.9358640028185202,1.0385874819990912,-0.019983919340813457,-0.34315881493341327,-0.5231156689018864,-0.386292879884083,-0.08709424886075906,0.09641412669209436,2.0870164960451087,4.377220913364932,0.14579985937943557,-0.3473801908925288,1.2453832217851242,0.049781176701956045,0.2901494836775637,-0.08627884523968954,-0.029050342992042493
372d139f-2c82-4ef1-b50b-d092a9b46c49_7.png,-0.2809393261676897,0.41246175913439814,0.14300103622619034,-0.08340961386490749,0.014517161291341885,-0.3898578738025865,0.1660337227641892,-1.0325007354335731,-0.6688157043146682,-0.5895745871382874,0.9651575147365263,1.0211154685906436,0.8418596000592274,-0.10500201027878299,-0.4454564278053354,-0.3376710805427881,-0.07126109720525495,0.6768181727335296,0.719676930886456,-0.029050342992042493
4af4cf7a-5d36-4d0a-9b11-fcbd77f87c6e_20.png,-0.31048040487252593,-0.5128039833159425,-0.723626655256876,0.19426451132467432,1.1427254721721112,0.5209852436320932,-0.06410022359398959,-0.2998953523657234,-0.18906164352453933,-0.46100363656444,0.09103888505506506,0.7559494138381125,1.6476849720305835,-0.3055722554742049,-0.40943662799263136,0.03986202428877482,0.274291192833728,0.0602427594687677,-0.2393846199146721,-0.029050342992042493
a6a04226-e7be-4c2a-8240-4e24256bfed9_98.png,-1.7886102678645204,-2.2117482696343624,-3.099130337810054,-1.8665123391235727,1.7855145124907088,-0.6368419045267408,-0.19430417740421713,3.726672047901158,5.750209423571701,-0.1468348166152823,-4.859023725623467,-0.16559871451547525,-0.6236365421043663,3.1693161488528743,3.6652852369793836,5.701450961597457,-1.1452049244461227,-6.721274968914627,-1.986380450501415,-8.151692883742701
a3283dda-4e12-48f9-90f3-8f3223c77d46_87.png,-1.0456632871825082,-0.7086382990578115,-0.20625948062549213,0.22774311377019288,0.13014928621191413,-0.3767221734912612,-0.4492435915294146,0.2616677758098947,0.6716514440436965,0.4881709591469944,-0.6180351293760972,-0.6348390472546003,-0.323427089801312,0.251250645485732,0.2643953541473306,0.21026196551825577,0.277593674945443,-0.7677299383439126,-1.4715672144224559,-0.029050342992042493
578fbdd2-3bf8-444c-8c21-8d2666ef631c_78.png,-0.32232693058198403,-0.8617918384258979,0.9560118122231843,1.6870317779430126,-0.9313825678921931,-0.630421799211098,-0.6182414102431955,0.03532420646967791,-0.4855382389595801,0.34719742467525777,-0.3167583669779252,-1.8302022071607857,-1.2280055710828832,-0.5738305052648848,-0.6100388452350877,-0.8900379133879874,1.9235439769123561,0.6768181727335296,0.719676930886456,-0.029050342992042493
578fbdd2-3bf8-444c-8c21-8d2666ef631c_103.png,-0.42356710258951125,0.6899003279557141,1.4020628114539375,2.0817146996471454,-1.5865904622094498,-0.6813140325383069,-0.4422450882713002,0.12648316361136444,0.29450568718371944,0.7596949111724863,-0.16147588662156134,-0.06020859540509859,-0.8053422632351622,-0.567774210116888,-0.5858342005566544,-0.8339253867420128,-0.12132684458707187,-0.380411795264758,-0.017472884005577245,-0.029050342992042493
6764beec-de30-41fd-ac4d-374023ed0a03_52.png,0.4126797580694424,-0.24627194392414775,-0.7003467137145456,-0.34684728865147735,0.6967041956107504,0.26589031398743124,0.1452362287228202,-1.0276626959086257,-0.21280626943265255,-0.3902374413723668,0.6939712497934607,0.18838791302371038,0.29279231229443087,1.2366454913303806,0.10422885353458634,0.5051899652012586,0.5196753135429175,0.01283261577599338,-0.42400068502389526,-0.029050342992042493
6764beec-de30-41fd-ac4d-374023ed0a03_65.png,1.475211496986069,1.3760136036528654,1.1237913960377812,0.06638375083976696,-1.5043827476229312,-0.2960969627532404,0.2638882398500656,-1.1835675750102097,-0.6288758117219427,0.07531252572512256,1.2923692705181056,0.4542792200143414,-0.8803946263109258,-0.16093367723381186,0.30221614952739184,-0.47226270794817216,0.03712811890873903,0.43416591331965554,0.21390287780204467,-0.029050342992042493
a7ab7384-2203-4096-ab14-1eae445ccdd9_57.png,-0.19122887380783063,-0.3244394414867234,-0.9045847808484699,-0.5601970811503638,1.3822036643495574,1.3116164730523532,-0.665068748835284,2.0443142029095704,0.16850579900671045,1.0497299625688936,-1.2020663369832192,-1.425716338556891,-0.4182300747391186,-0.21116530169660847,0.3093996965050904,0.08753289270950407,-0.9614500828644126,-0.20221784765236137,-0.64918485884611,-0.029050342992042493
4a7aeead-7888-4bb1-a39e-eef6dfc4a6ff_8.png,-1.010490810884369,-1.0638370050107238,0.7522257112475681,1.3192889007829987,-0.5715920598856413,-0.5517096584582676,-0.6680039323554263,0.5534970314161246,-0.4235736995059369,0.4743513809901595,-0.6788481737827866,-0.8634750113039074,-1.0186489793452271,-0.44130451732048515,-0.3269639972989307,-0.795188201854662,2.0706371433954573,0.6768181727335296,0.719676930886456,-0.029050342992042493
44341a17-f4a0-402e-8f84-ad64321de876_14.png,0.3397579534359936,-0.9709174437186118,-2.8297731050849486,-1.540989159088054,1.7484567738792713,4.502820244477422,0.35278777214224627,2.171708132256365,2.89304302502975,0.34710200373341715,-2.2375335698401257,-0.33536199216805096,0.043934476832688564,4.9872734512191945,1.956123998339717,4.4731256898166825,-1.3464196410614624,-2.777790140112906,-0.714755459577217,6.555078572409005
a7ab7384-2203-4096-ab14-1eae445ccdd9_39.png,-1.01961598861675,-1.28609679955148,-1.4567213333447442,-0.9038991787000404,1.4523523224382078,1.3562634629417711,-0.6147441572201389,0.9519165981984915,-0.1844727967928354,0.5140520357484945,-0.9599642530623999,0.037322441945483266,1.9123433049819603,0.9039055108463235,-0.07572273528599294,1.2605605442029493,-0.7849157945930858,0.2619794154217543,0.6155492814519343,-0.029050342992042493
16c36170-95cc-4260-985e-1bc7fbeac4a2_3.png,-1.377441733736364,-0.8192147908295568,-0.14900683936890388,0.354159592519984,0.6179558120970997,-0.4002915242389675,-0.5805904404940911,0.12385838250124014,-0.4874208548232514,0.22480873238886637,-0.3172215444689832,1.5553058885208444,1.3711762659619808,-0.3753977760040499,-0.5087869720560821,-0.37600221080850477,0.561899373587392,0.6768181727335296,0.719676930886456,-0.029050342992042493
3dbb185d-309a-4682-8409-24f5556e96df_54.png,-0.1322852154451019,-0.347547066614591,-0.4731617868479925,-1.1039215211498528,1.0126685019462118,0.37442614554285103,-0.6238925455791159,1.308444419359776,-0.22761707800920095,0.9157475485071663,-0.5611032745261116,0.7205245679688078,0.5060990284044957,-0.3949916720710982,-0.38021687746712224,-0.27605994600699174,0.8516325289650387,0.16253176812098627,-0.23231813187527528,-0.029050342992042493
4af4cf7a-5d36-4d0a-9b11-fcbd77f87c6e_4.png,-0.8582083394085935,-0.6947447033874392,-0.932683898431347,0.4611443311290346,0.8474795340895943,-0.1494099046528653,0.5998600580937202,-0.45399264996173994,0.5268705444239214,-1.7878832370813453,-0.0848781806623848,0.5588449401696473,0.27699181480479645,0.35028888378826717,0.21815417509797141,0.80714810379594,-0.20881651107068167,-0.3423375531553211,-1.4046079344269258,-0.029050342992042493
a9e37804-c00a-4e4e-b99f-e267a0056a05_12.png,0.7026740082581503,1.0428358082824416,1.171947600567761,-0.5174122983312401,-1.391336622207904,-0.6136555992462005,0.23629948261894368,-1.537536255769557,-0.7412346414191885,-0.25524942170321524,1.4487964427900477,0.4574434053968492,-0.615736293359549,-0.23717174556741805,-0.13817482434201278,-0.5078093204493086,1.2397170503549118,0.6377697495893097,0.638286057840755,-0.029050342992042493
3dbb185d-309a-4682-8409-24f5556e96df_120.png,-0.6859585363890187,-1.3109876269698215,-0.0017369718227086416,-1.4195190792371635,0.32826535693346115,-0.03161351960967095,-0.2887373884950568,0.1260837842123506,0.30210070953878115,-0.10216861478262666,-0.7298808893372295,1.0936551467625586,0.32439330727369975,-0.2286216818290697,-0.43223929481943585,-0.40312452174531543,0.08999880479675006,-0.4072017737212914,-0.11887985733364136,-0.029050342992042493
a7ab7384-2203-4096-ab14-1eae445ccdd9_20.png,-0.0630430053741882,-0.9763642006102773,-1.3865639620648016,-1.0050265789730926,1.467202612773101,2.2976663172738587,0.38511107324966704,1.3252070024745064,2.4277941436088373,0.03629306995018499,-1.667065510314954,-0.17474215272667004,0.41129604346668913,0.7158041086026595,0.1306635539053506,1.133466009795292,-0.5898009453358118,-2.313186968274297,-2.3261459228161323,-0.029050342992042493
8b0863a2-01d3-4fdc-9994-7b50b25bc730_21.png,-0.9865446969833518,-0.8468686189693042,-0.8346110106439517,-0.6932085786082,0.887135363198247,1.453111279059417,-0.1430205623866706,-0.2390733246623919,-0.1591448731978051,-0.580975536783161,0.002149922956138128,0.32991890911808675,2.5167123339604776,0.1771500930867129,-0.3497681675352206,0.5710055516022704,0.5717641528347378,0.0008988980999012142,-0.0002686882768990295,-0.029050342992042493
19ef2be7-6425-4194-a4a4-1b4a7fbefc4e_113.png,-0.9655333782948892,-0.5782371778706217,-0.09756507117542254,0.4041240086856517,0.14446563283034516,0.07224215012878686,-0.5549071234760764,1.369800097003808,1.349571004699003,0.8429873487345471,-1.1834634086230065,-0.06136743910169909,-0.7421402732766245,0.654528651811163,0.810871472295608,0.14308727571452035,-0.5226448907139298,-1.349884288379674,-1.7494578228396536,-0.029050342992042493
3dbb185d-309a-4682-8409-24f5556e96df_94.png,-0.3228860775452754,-0.3068794273869011,1.0227442765234205,-0.33978766612965344,-1.0517971256480116,-0.6155644875027324,-0.680951516982461,0.7555402972951408,-0.4654815078255432,0.9446063005094327,-0.3776117891109804,-1.5294703045943379,-1.0186489793452271,-0.5613616623131267,-0.5068620315013482,-0.8435011635345581,-0.18161601115469087,0.6768181727335296,0.719676930886456,-0.029050342992042493
855258ad-52cd-446f-9db1-1bc38d82eebd_36.png,0.12039948136378477,-1.1383460870955175,-0.16559139042579926,-0.2994762476354437,0.5290642599256747,0.7091191184761991,-0.20360046260723247,1.1146541095406872,-0.1011865544209585,-0.3968880061660493,-0.9696740973381076,-0.4314841474338006,-0.6828884076904953,-0.20083397467943753,0.26725067376206907,-0.26023123817007004,-0.11543228454270829,0.052124584178909084,-0.44393943588164364,-0.029050342992042493
89bc92b0-73f3-4d37-8aaf-292e4f4f1595_29.png,0.849774646460393,1.0420928929277724,0.882385331288016,-0.009214765933444618,-0.9336408611895669,-0.528277623510035,-0.16615335067018075,-1.051732862531255,-0.7269522062852395,0.32403929083486827,1.229901811138328,-0.22616402069765681,-0.05086850810511803,-0.42384813718802394,-0.4174143905628241,-0.5366904710061798,0.8770183525805856,0.6768181727335296,0.719676930886456,-0.029050342992042493
a9e37804-c00a-4e4e-b99f-e267a0056a05_37.png,0.046115350153002506,0.0037242334904970106,1.0460226248737101,-0.41904543422941304,-1.2312603680119338,-0.5378031284164977,-0.16417165595120772,-0.7139111258558786,-0.5216067756843938,-0.10912507320285786,0.6607127662754511,0.7117530903327085,-0.3747787066426239,-0.4145855681381465,-0.17787280525385446,-0.39088866216836,0.4415839438843399,0.3354489017949748,0.008141335965094676,-0.029050342992042493
07a9fdc8-46e7-4ddb-b62f-fe041b4ea954_3.png,0.5788156825212128,1.1073529529001498,1.1206451155158819,-0.5308761136757401,-1.3780414022129917,-0.6113260609443616,0.4668217734969145,-1.6277528899319567,-0.7383678470344299,-0.4891557358988765,1.5490406681317674,0.40781168546696983,-0.6907886564353125,-0.19442142687567626,0.06502566804534718,-0.42458998881380794,-0.14266726121705928,0.6740579931349777,0.713923729881146,-0.029050342992042493
a5f7c55f-08cd-4cf8-8e07-7d416d70c470_14.png,-2.095622366223529,-1.4922324051165006,0.34232803502142295,0.3573624244784657,-0.043526431383910616,-0.6823847567535707,-0.6475299050082948,0.4680030162154582,-0.3454044311273398,0.026951466226299712,-0.917836717855568,2.154651037840057,0.7944581075903241,-0.49652367896398497,-0.549081169818287,-0.5705546526914992,-0.1019976563746148,0.49529577325229096,0.34131935889022275,-0.029050342992042493
258bd669-e070-417c-9e38-6240e5c933aa_16.png,-0.26048250393075767,0.3615418805820708,-0.25075465497214094,0.5115663150310323,0.4527331774520076,-0.06825887275298013,0.07894462003062985,-0.33074818365592523,-0.19057542208624798,-0.08170810631355489,0.5604957228906784,-0.7599772380324402,0.21378982484625872,-0.3761102813155789,-0.12197876258654121,0.0613670829163401,-0.11772509544483037,0.06462657412529135,-0.33483216606457045,-0.029050342992042493
a5f7c55f-08cd-4cf8-8e07-7d416d70c470_54.png,-2.7372078136859295,-1.9548995847689667,0.272469982185911,0.5569817547276174,-0.37181109152724956,-0.6936444022254195,-0.6286080258289485,1.0899659987313992,0.4119184976036166,-0.615923759391345,-1.8908399542010752,2.9135452975488234,0.8892610925281307,0.026098967042558527,-0.3531166547104551,-0.03731464712434336,0.13201035121113555,-0.32269156895386325,-0.19929168137765502,-0.029050342992042493
81faa7e7-ef94-4bfb-ad32-94fd63e1848b_72.png,-1.5038633890116722,-0.9201619512626134,1.555524460853996,2.3465670185880985,-1.8188702245061144,-0.6819482206677699,-0.6363115757884757,0.3459238116909166,-0.41341280912203165,0.3167654341564842,-0.6678636540998757,2.7118064832098003,-1.1095018399106251,-0.5727617472975912,-0.6233453787523359,-0.8816897178035936,4.110145750610659,0.6768181727335296,0.719676930886456,-0.029050342992042493
505d1bd8-e981-43ac-b532-853c95be827a_88.png,-0.5297176067048341,0.30525898002326046,-0.14088005916659405,0.6821011093950935,0.4803388566776663,-0.3782798210744049,-0.2645410343414258,-0.8325673397421626,-0.6618957511966622,0.060380606096452155,0.8016289780594604,-0.5689954763788019,1.0946675598933784,-0.3917853981692176,-0.42883456611520776,-0.228190739383411,-0.5117883519956626,0.6438583810567036,0.6702237369846105,-0.029050342992042493
a653df7d-134c-48e9-9911-e3a0e5f096f4_71.png,-1.1464409204422072,-0.8900801288713496,0.09145279702803429,-0.656100866356364,-0.017075138969547557,-0.35835546271337093,-0.39169480791702,-0.3335354125416746,-0.4567708503310706,-0.5965324988031657,-0.082838947094668,-0.08326289919608916,0.7510067394938295,-0.4035417358094466,-0.3391913290009698,-0.12073280018988236,0.6959936292554467,0.445856085737052,0.2382693761774724,-0.029050342992042493
89bc92b0-73f3-4d37-8aaf-292e4f4f1595_5.png,-1.482097221529432,-1.3503106920697114,-0.3240764809768457,0.8249013101316436,0.040848760685977634,-0.6138345287508039,-0.23957383322728834,1.5906923107783484,3.2975225897030103,0.03835123907839415,-2.417111631940158,0.5784057421682625,-0.6038859202423231,-0.06082668096398313,0.5150436162879682,0.42324653859320305,-0.11077022841967482,-3.2725929240297886,-1.7729245571855257,-0.029050342992042493
48a4d49c-a4cf-463b-ae33-31db1940e1d3_65.png,-0.2144903468230862,0.9962226847923452,0.3911783377211155,0.5372393927204848,-0.3281868786842198,-0.4758425348410818,0.295501267132688,-1.3752091441513425,-0.7010701799022108,-0.524387401120979,1.2985392410688836,-0.5552860234320366,0.5653508939906249,-0.5211051122117365,-0.4301436496156385,-0.38239657338378513,0.7237092781777307,0.6768181727335296,0.719676930886456,-0.029050342992042493
519d608c-1d5a-448f-8835-1d3a5261bbba_79.png,-1.4808010767416422,-0.28213309251809293,0.6753808335786554,0.5349831758222587,-0.6202555296846166,-0.5404597466195673,-0.5727743536428427,0.37534557491249476,-0.4895680864821028,0.6203668061641633,-0.04680189390367038,-0.8815120214138025,0.08738584492918325,-0.45733588682988835,-0.4389497567611453,-0.5228177943618244,0.29141755290032384,0.6768181727335296,0.719676930886456,-0.029050342992042493
9229a83e-46a1-420b-bbda-57bc886c344b_11.png,-1.415424220010591,-0.4970117514905753,0.8388952509293481,0.5924365965399582,-0.8139626343330859,-0.5322025945483811,-0.6358881787942126,0.586182032380255,-0.4589013808982071,0.7238385600375975,-0.27490697820815774,-1.397652858312687,-0.323427089801312,-0.3732602600694628,-0.3726108731057529,-0.5718258450671633,-0.35970874391780033,0.6768181727335296,0.719676930886456,-0.029050342992042493
48a4d49c-a4cf-463b-ae33-31db1940e1d3_76.png,0.6116664908895203,2.236131462886878,-0.4058774704828955,-0.2884407082933418,0.33548649919751966,-0.3728497207150451,0.8325943445974929,0.015284290065139218,0.05239921133373902,0.2177187993006591,0.7904017344247481,-1.168617262485657,0.47844815779763544,-0.2938159178339759,-0.20840838036313647,0.08177220767281587,-0.4950903695250365,-0.1991329410422151,-1.0756585905237466,-0.029050342992042493
00367bac-0715-41b8-93dd-c21b8877a1f3_6.png,1.1623574909113432,1.2550306473772948,1.2556951953175555,0.12062367219023523,-1.3984430933400227,-0.6490724671003227,-0.6060437640831235,0.5871735118862321,-0.6177403348312327,1.0166962591679645,0.4364536673531073,-0.8991452566369129,-1.0462998499520872,-0.5050737427023333,-0.3306016413728767,-0.806733578726696,1.0983639321636918,0.6768181727335296,0.719676930886456,-0.029050342992042493
519d608c-1d5a-448f-8835-1d3a5261bbba_84.png,-0.3789865157064354,-0.3584365380227815,1.2765563845334826,0.4701554021210403,-1.4018778475930684,-0.6253639909699522,-0.49695984857496345,-0.5744260940238132,-0.6029759619774591,0.2795196242465297,0.3236721969014852,-0.07218373948086403,-1.0818509693037648,-0.5040049847350397,-0.42228511956314685,-0.8388830127857445,1.5330948565101867,0.6768181727335296,0.719676930886456,-0.029050342992042493
95815a0c-6ff2-4053-978b-a34ec048fcec_3.png,2.7217221423395235,2.4422366287116204,1.0582416881087957,1.0428255107373388,-1.2581012897971324,-0.6622826964435403,0.12411649789859891,-1.6555062414666275,-0.8035029038938284,0.49712258606531756,1.91713252393061,-1.0491325272534728,-1.0146988549728184,-0.567774210116888,-0.6308826459893784,-0.876500950483937,-1.5000441126647295,0.6530319191342439,0.6700978751642312,-0.029050342992042493
48a4d49c-a4cf-463b-ae33-31db1940e1d3_6.png,2.9903551336570287,2.0127098738568763,-1.4320700183755495,-0.49582026350707636,1.4079804698181972,-0.02251587870028497,0.8965405122786162,-1.5806661849645105,-0.42804298845640953,0.22643993118629016,1.8346222225560833,-0.060279161172820096,0.22564019796348453,-0.2692344845862244,-0.1018477846079412,0.08422499131146675,-0.6163472940986884,0.1986576481608571,-0.27698053738627193,-0.029050342992042493
81faa7e7-ef94-4bfb-ad32-94fd63e1848b_19.png,-0.06252452325668272,1.1263503927567438,1.0884549403805817,1.6525419338421496,-1.3135499211192212,-0.6684358544935725,-0.5000383167714504,-0.02328172989353777,-0.33010853211323604,0.8827166952603527,0.22800428137332462,1.7984519461529527,-0.5643846765182371,-0.45591087620683024,-0.5491358649061443,-0.7796804717291024,1.4125950769924138,0.176900938384036,0.10198299522697139,-0.029050342992042493
3b88f35e-b058-4cd6-a43c-563cda6b239f_32.png,0.03354289076725699,-0.25665679828354726,0.3259630508184013,-0.015098137512848726,0.11298088393295644,-0.24666059891416622,-0.38376187948420276,-1.0705074941870116,-0.6473279437892885,0.00450810431941338,0.58999213957566,-0.7045014349190487,-0.6236365421043663,-0.508992521915743,-0.5013905338033469,-0.7616177983344401,2.2485043968527787,0.6768181727335296,0.719676930886456,-0.029050342992042493
48a4d49c-a4cf-463b-ae33-31db1940e1d3_57.png,-0.39953170167514984,-1.4097333559786647,-1.7976077329478861,-0.22563403140025723,1.4509960198195382,2.2431180434771836,0.7314713380061575,1.5480080979000357,3.9163494377995907,-0.4301376454843945,-2.52498746654041,0.6320369035840315,0.7786576101006897,1.4243906409182798,0.14419358400602203,2.130661030921047,0.2636530387870155,-3.5623306001248425,-0.8526485858641651,-3.0043010687280667
855258ad-52cd-446f-9db1-1bc38d82eebd_51.png,-0.4643136451202155,-1.1075924405382547,0.3029370959714211,-1.0447128601020985,-0.4772780564808864,-0.046196456649841205,0.28828722190436445,0.0945798180126155,1.2701922873361429,-0.552646707891792,-0.8153677463752105,0.554138129268312,-0.2167737317462796,-0.17304626752980537,-0.012986449841775775,0.0338243638853917,0.23304311509368714,-1.2907839722695031,-0.009050297522571978,-0.029050342992042493
92f1a624-99c9-48dc-9309-0fb5c6bc0e7f_19.png,-0.09831715725181649,-1.018097596631818,1.4771097305928407,-0.9058463508576664,-1.595809356957349,-0.5823726209202136,-0.5383214609724102,-0.5190832717504558,-0.5339646559601715,-0.36507190250379773,-0.07962829659905835,-0.3302701056722903,-0.9554469893866893,-0.5613616623131267,-0.585093833684235,-0.8571779945983522,0.3752720795390922,0.6768181727335296,0.719676930886456,-0.029050342992042493
268cf2e7-02be-4b54-8659-24b54163053b_15.png,0.43832380691947614,0.035839531370991724,-0.698835460741885,-0.6363915158800827,0.9780505348378062,0.24074158620433242,-0.10042135165813507,-1.3394875865202818,-0.6532573507826689,-0.23033033555370924,1.011695793801701,0.615267974646287,2.1019492748575734,-0.1694837409721602,-0.42022769911185837,0.09769146141848009,0.863098791618983,0.5008973142022933,0.3529949726951155,-0.029050342992042493
19369012-66cc-4209-a974-c98c915c0a70_58.png,0.5780175303071222,0.2562799305541292,1.5227650996628868,0.12861194437205745,-1.6808195247202335,-0.6294734601658831,-0.6020376352245509,-0.03601208588704958,-0.5985576090917917,0.8359453569199817,0.3127074910493237,-0.36312929921345993,-1.101601591165808,-0.49581117365245597,-0.2045617836867745,-0.8049573669002292,0.8005251220110343,0.6768181727335296,0.719676930886456,-0.029050342992042493
a3283dda-4e12-48f9-90f3-8f3223c77d46_54.png,0.7882624751570387,0.9503386009421426,-3.596678210108174,-0.7581766396545387,1.6173372599119944,2.4249144211174256,1.7401373461597762,-1.1308720993359618,0.0040535118334910705,-0.8377924485118634,1.23084292795374,-0.691258989352232,0.27304169043238785,8.356354816784213,2.6472470228620586,5.025313787192338,-0.5733528824244319,-0.17859395755887278,-0.6759824283136064,-0.029050342992042493
a5f7c55f-08cd-4cf8-8e07-7d416d70c470_50.png,-1.9228141616600822,-1.2692410795283093,-1.088138277495438,-0.4283157890751098,0.9999219407131393,-0.5951337861734324,-0.5227935222597864,0.7820071314667779,1.043115345019292,0.3278140913306505,-1.2814062198425442,2.652882449175723,2.8880240249668865,-0.14098352851099902,-0.38803086090841793,0.713256758381701,0.5683139580455262,-1.0938370397375332,-0.09346717580767827,-0.029050342992042493
07a9fdc8-46e7-4ddb-b62f-fe041b4ea954_7.png,1.6398216390741203,1.9457909955131896,1.338542676472603,-0.06375913075230842,-1.6462507363449814,-0.6552164728465306,0.3263123921923343,-1.6338004105633768,-0.7848665602347644,0.16206385073317836,1.8767220933701168,-0.22124158560615967,-0.9870479843659582,-0.15452112943005059,1.0165271338321973,-0.37537127875869136,-0.15473547261868464,0.6280279392414793,0.6897980115670773,-0.029050342992042493
a653df7d-134c-48e9-9911-e3a0e5f096f4_53.png,0.9402321927301246,1.1825801471361124,-0.3626040325858463,-0.9350870657258299,0.36478197884903724,-0.2495924284052603,0.05009889336410637,-1.0436938567502578,-0.5755977594626879,0.30463578986860296,1.2753173476435895,-0.45304868452430175,0.33624368039092556,0.8201861367416624,-0.045263802738311314,0.2354407295038679,0.33774318963916033,0.582972066382764,0.5240680967059355,-0.029050342992042493
855258ad-52cd-446f-9db1-1bc38d82eebd_8.png,-0.00031464276482700795,-1.4520226783216879,0.40523556983892495,0.2825726173088845,-0.06826845588161634,-0.11073200243337492,-0.7127394991595902,1.5552579144145353,-0.19687666082330857,0.6152483285781495,-1.3491133774484088,-1.976218282108373,-0.9633472381315066,-0.5602929043458331,-0.45004948216694735,-0.8140160472152097,-0.6392389561075376,0.6768181727335296,0.719676930886456,-0.029050342992042493
92f1a624-99c9-48dc-9309-0fb5c6bc0e7f_18.png,-0.5892995822948847,-0.8638836708298998,0.2603071735462693,-0.6016827352457976,-0.7283823099803033,-0.4094631013235669,-0.22900428226302125,0.3584962350828287,0.017296920194201076,-0.30809413303431193,-0.5603091138636237,-1.2050987846340282,-1.0976514667933992,0.14437484875637752,4.925206143406453,0.2390543005733227,-0.17017101682298608,-0.028813623460981323,-0.7447939463507621,-0.029050342992042493
a6a04226-e7be-4c2a-8240-4e24256bfed9_43.png,-0.2827780426882553,-0.42713171270591127,-0.733964456029883,-1.526574730043548,0.9524163069990105,0.712854312833075,-0.6351542291752539,1.6615500838547985,0.722611685229944,1.036570864504812,-1.0211457316890604,0.6116576984610693,0.8497598488040446,0.21669413787657404,-0.19531791642614424,0.39327505284752773,0.8759806770645426,-0.7628590331699974,-0.1450526536259739,-0.029050342992042493
a3283dda-4e12-48f9-90f3-8f3223c77d46_56.png,-1.0087398313562266,-0.20093754521693444,-0.773783500703345,0.21385540408221265,0.9866868917479286,0.058934282236939056,-0.24745664277116933,-0.5974697052493776,-0.49078726202473677,-0.14211134795759287,0.4108782344503436,1.0333507076354185,1.6792859670098523,0.19603148384223218,-0.2538167577118496,0.5153796102605619,0.0329930234376973,0.32814254403410203,0.3435134463411913,-0.029050342992042493
268cf2e7-02be-4b54-8659-24b54163053b_33.png,0.31460259775925775,-0.8457681648188488,0.06676583042894987,0.43374853371957034,-0.558743412467115,0.28501337728756293,0.7502865223728602,0.948374188856438,1.5000658772778865,-0.6249391236125106,-1.2704795542617793,0.28319210224240304,-1.0265492280900443,0.8340799903164785,2.9963729311062677,0.31722424574380975,-0.7967239568833651,-1.8042585593530607,-1.9769704953956624,-3.08297356387974
a3283dda-4e12-48f9-90f3-8f3223c77d46_68.png,1.0807217979915786,1.804474237221513,-1.4835741386956742,-0.16456130893661616,1.2962219235548278,-0.09916979013447054,-0.13287502337235924,-0.8247851813636621,-0.6834727034644914,0.7007220505635416,1.3746080856506173,-1.5468963202809862,1.2684730322793571,0.06884928573430033,-0.12799965529504329,0.639570037800472,-0.7086603371703292,0.5144546669363572,0.38125334233884156,-0.029050342992042493
a7ab7384-2203-4096-ab14-1eae445ccdd9_72.png,0.6236930075497542,-0.7933789735375663,-0.6149268739336474,-0.7293062661559256,1.0660567090677344,0.8029314223126415,0.800925971302549,0.7511793044784395,0.5109191899517442,-0.8968981372978443,-0.7113956022446342,-0.19326284518616527,-0.29182609482204314,-0.19121515297379563,0.046211270230012105,-0.025289929025279517,-0.8361301480257702,-0.6284220503699387,-1.0282750542739219,-0.029050342992042493
44341a17-f4a0-402e-8f84-ad64321de876_45.png,1.0684786865602336,-0.7169143317671499,-0.828285029624818,-0.820844941219257,1.2234746408859942,0.8883706001929278,1.1948656654630136,1.6921139383129542,2.0894103600334275,-0.19398262395412183,-1.5979132127971605,-0.5374503013486035,-0.34712783603576364,-0.1929964162526182,-0.03506592756639428,-0.03556547921404034,-1.2166171755672608,-2.012489755537934,-1.698959451740708,-0.029050342992042493
3dbb185d-309a-4682-8409-24f5556e96df_105.png,0.5660340538925872,0.6620197845151619,-0.7424194273139284,-0.9810535808224897,0.8329168743388823,0.08940006789310019,-0.35384520747924897,-0.5018045952001086,-0.47658865261098604,0.6675926947564225,0.7434184994338539,-0.2232266501245334,0.5772012671078507,0.6221096601365921,0.020700009866068323,0.5445323581735915,-0.49052783614851736,0.30451865394061345,0.17970712389069826,-0.029050342992042493
a5f7c55f-08cd-4cf8-8e07-7d416d70c470_27.png,1.1030991835888488,1.2167914721340227,0.5510313968442495,0.32639861338762,-0.7021153026471095,-0.6417210045306019,0.7417155774091095,-1.5111296957432516,-0.5610430687933802,-0.43211388408583645,1.556969329812881,0.9017939895614899,-0.8527437557040655,-0.16093367723381186,0.3819531840040194,-0.4019903969700891,-0.6691331691217755,0.33268872219642287,0.0023881349597847435,-0.029050342992042493
22df8deb-bec0-46ea-b532-d6d7e8d8d57a_12.png,0.5420905765706917,1.7936876751336934,1.9042535209721068,1.4445279978961882,-2.0475455941992817,-0.6898510460445602,-0.2596303056592351,-1.0599916732359924,-0.706181124082401,0.6612194512951644,1.2062848432640079,0.44418806459295457,-1.2556564416897436,-0.5745430105764138,-0.6444311164796674,-0.8932350946756276,-2.2245895961933813,0.6768181727335296,0.719676930886456,-0.029050342992042493
6764beec-de30-41fd-ac4d-374023ed0a03_64.png,2.526933461933951,0.6016224966094122,0.013970402107392539,-0.31771583231011735,-0.5533307322639726,-0.004330394717397184,4.0865223142147284,0.09479670666904164,1.9591236047522942,-0.9733914243321227,-0.22448805125085253,1.1705004363887828,-0.8645941288212913,0.05709294809407133,0.883875436951348,0.0072433582263533,-0.5794999231084532,-1.9667032469031316,-3.2142550315027343,-0.029050342992042493
3dbb185d-309a-4682-8409-24f5556e96df_119.png,-0.8588427492127313,-1.5747338184056436,0.20894818204975718,-0.9045549747040064,0.1549341556846035,-0.33540542978160204,-0.5988257216427987,0.2472642510130765,-0.348127768861066,-1.0436312053875845,-0.8783543489961273,-0.45380564616722746,0.17428858112217263,-0.4427295279435432,-0.4880962213740264,-0.5786716458854287,-0.38970979941075534,0.6644785462929444,0.6939567381568379,-0.029050342992042493
3dbb185d-309a-4682-8409-24f5556e96df_97.png,0.36513071281603965,-0.6187537157335941,1.2444731539608527,-0.5136021493600247,-1.420937554123864,-0.5906659645202991,-0.39914776343186703,-1.0306045230297467,-0.6170882099720267,-0.35859063348830317,0.3933376842988086,-0.032604280634140746,-0.8764445019385172,-0.3444037949525371,-0.33081446483354854,-0.7410718254896129,-0.1077381281523596,0.6195850369400263,0.6635062904996674,-0.029050342992042493
855258ad-52cd-446f-9db1-1bc38d82eebd_19.png,-0.5114551050378408,-0.43448013357970816,0.18243694213703676,-0.27690423743375536,0.026221430550138345,-0.2808849844859482,-0.44667184682351996,-0.14574347657072909,-0.24397163689265458,0.4103396982718928,0.01395488647180323,-0.47309347457396483,-0.07061912996716108,-0.40995428361320785,-0.30614648128707916,-0.3752820370250765,0.31014321084309143,0.11081899152458688,0.3015241090980578,-0.029050342992042493
48a4d49c-a4cf-463b-ae33-31db1940e1d3_1.png,2.274442516392003,2.72069942690282,-1.1759550432631205,-0.48935795072324545,1.0854126553433576,0.24552736555232693,1.8090443614120262,-2.2736105519268,-0.8450884974239343,-0.42794672535378037,2.5473628404872852,0.29315364119933884,1.0591164405417008,0.06457425386512615,-0.1820267386295301,0.3607704548099106,0.15303801643630816,0.6768181727335296,0.719676930886456,-0.029050342992042493
578fbdd2-3bf8-444c-8c21-8d2666ef631c_81.png,-0.706052236184812,-0.382227030441492,1.0235530002827786,1.9691431098902148,-1.1276401363625999,-0.6191038690503242,-0.4792906341411713,-0.39880993865384556,-0.5267887971588453,0.2403733792736584,0.15202807522464545,0.16363412682952166,-0.8764445019385172,-0.5652804415265363,-0.5474687477975476,-0.8310220090232564,0.6229146098609383,0.6730838121001946,0.7169689174921718,-0.029050342992042493
a6a04226-e7be-4c2a-8240-4e24256bfed9_75.png,0.42093374514697945,-0.3643102670414523,-0.9541853641203987,-0.8541523529934624,1.1383923730762044,1.100855670387012,0.4693237207317144,1.8939384505307417,-0.10613339180040192,-1.0555009284758408,-1.0427176312196587,-1.2268811200026268,-0.4537811940907961,0.536252770097344,0.8305508817764587,0.4810285023213077,0.18071513606949796,0.18169066180505258,0.014911829524423884,-0.029050342992042493
a653df7d-134c-48e9-9911-e3a0e5f096f4_69.png,0.4903867615804085,0.8310199592669896,0.12966639100401572,-1.1284179192638935,0.1717577639998862,-0.3337553347797674,-0.46185817764897885,-0.3405280248197846,-0.5752208034342039,0.80920765259646,0.7205008558386156,-1.6598633439994674,0.06763522306714022,-0.33193495200077905,-0.33603865484168893,-0.37610436090228694,-0.6552127336438016,0.420933287597186,0.4834480981053986,-0.029050342992042493
a3283dda-4e12-48f9-90f3-8f3223c77d46_52.png,-0.6389306294250936,-0.7402620953623452,-0.050259177230240426,-0.17571402471708086,0.31831079958159886,0.1913990113936826,-0.42066598554480655,-0.7744910047200548,-0.6040223735157796,-0.4623968562275932,0.27682717934119394,-0.567352798193915,0.6048521377147109,-0.3080660240645565,-0.3259052177785538,-0.16620923895958062,-0.4410031950191206,0.6735709026175861,0.7129084591155038,-0.029050342992042493
10b42c78-10e5-441c-bc2d-1bc4a35bb63d_3.png,-1.0467310139770314,0.4210543109120803,0.5171949459813369,1.2206351738484071,-0.48035195648347084,-0.46429770894268035,0.7479789011368804,-0.5128830410187472,-0.475354904955174,-1.7716489199110461,0.3577891238876275,0.670992177037508,0.7194057445145605,-0.43916700138589804,-0.5496821117885354,-0.579636081571826,0.5762594454205038,0.39682230698630594,0.5717133921095281,-0.029050342992042493
9229a83e-46a1-420b-bbda-57bc886c344b_0.png,0.13876051469465595,0.0808536173166534,0.01759674477205822,0.7803156814859673,0.003399012667513199,0.020771011836413885,-0.5494094195854264,-0.0460408899231793,-0.5574267413601386,0.769920918210648,0.3117159292159992,-0.32658698235109374,0.7115054957697433,-0.42171062125343683,-0.4727774445919585,-0.4303542926983879,-0.3994268730475737,0.6768181727335296,0.719676930886456,-0.029050342992042493
81faa7e7-ef94-4bfb-ad32-94fd63e1848b_61.png,-1.1756735840571206,-0.5087554769902409,1.0592440635291898,1.1587361493927562,-1.0545052972706055,-0.6139839224273743,-0.5987113398839999,0.15992433215988838,-0.5000994351879962,0.5291780921868645,-0.18848678405995084,0.809730875221952,-0.979147735621141,-0.5260926493924397,-0.541254302745928,-0.8463431024569049,-0.6951868148474896,0.6768181727335296,0.719676930886456,-0.029050342992042493
a6a04226-e7be-4c2a-8240-4e24256bfed9_56.png,1.410719006277881,1.7711988207511549,-0.795732147749768,-1.528273459981906,1.2658666943615065,-0.3089104826223286,-0.16854614326956777,-1.150755110363418,-0.7165613526783995,0.6619049708773989,1.2831699429591248,0.4155364724383726,1.8570415637682398,-0.21650909153307618,-0.4542327488338859,-0.10140862983437696,-0.08547619106212515,0.6658586360922205,0.6968333386594916,-0.029050342992042493
855258ad-52cd-446f-9db1-1bc38d82eebd_9.png,-0.07941632462097015,-0.8916750779744272,0.5933247200478714,0.004339442916995627,-0.47462630520350113,-0.28016857851175664,-0.5950855611212178,0.049073303673545336,-0.48937042709931305,0.2503020346627547,-0.20753130101997594,-2.172694405201366,-0.8092923876075708,-0.25391562038835025,-0.1535397364484509,-0.6298228808106059,-0.32118745363966533,0.6768181727335296,0.719676930886456,-0.029050342992042493
a3283dda-4e12-48f9-90f3-8f3223c77d46_79.png,0.7843770652980542,0.6861949056094686,-0.059220396901001546,0.1492185964764446,-0.4384118832051181,-0.1739915721272388,-0.18997796410771572,-0.580987070188786,-0.489985120955932,0.45067560936193507,0.7921144837549825,-2.0215078224723344,-0.706589153924947,-0.009526298533892972,1.3806526882619456,0.38390665409493235,-0.8729955942738894,0.3485191640116472,0.12759350701545846,-0.029050342992042493
07a9fdc8-46e7-4ddb-b62f-fe041b4ea954_19.png,-1.2238410757264209,-1.3940782948890953,0.24010586806875658,0.3460865225984851,-0.11206144871992359,-0.4388130819478049,-0.17529251469377088,-0.716199390830983,-0.4324724156296443,-3.2318946447884995,-0.22477161723065667,0.39328959642518735,0.42314641658391494,-0.36791647023299506,-0.42048144325914777,-0.3928715702511845,0.7147175160151826,0.4212580146087804,0.3240884325103504,-0.029050342992042493
a6a04226-e7be-4c2a-8240-4e24256bfed9_104.png,-1.6198621955757122,-1.279929226840487,-1.0415842194249214,-1.48310600435022,0.8964733469873961,-0.6345711968805099,-0.5216933665259639,1.7375262626539445,1.1273575745453535,0.4655288248682416,-1.7293715862089802,0.1616723672996199,0.9722137043487115,-0.03517648974893805,0.02499419477082916,1.1493003476032837,-1.0328072672976019,-1.1514760842955294,-2.5330873044032303,-0.029050342992042493
a9e37804-c00a-4e4e-b99f-e267a0056a05_41.png,-0.9166182407610953,-0.523142718503982,0.30537513289829743,0.31865578496785485,-0.3421162132299349,-0.5690237259503477,-0.2791453096039652,-0.39059687446340513,-0.3603466877055685,-0.36067334672625373,0.12387026352441403,-1.0109771691071314,0.004433233108602481,-0.13991477054370546,-0.17987008221453304,-0.17177938791144484,-0.3291344552441968,0.20206728178259772,-0.2698736420267716,-0.029050342992042493
81faa7e7-ef94-4bfb-ad32-94fd63e1848b_28.png,-0.1468948975160162,0.4395678296258204,0.9886711196362004,2.1389668067193406,-1.1539875976434844,-0.6507352960681102,-0.5132740081404057,0.050476277643041745,-0.302805245086711,0.7851598623266816,0.1726773152661248,1.7209077397088433,-0.9751976112487324,-0.4804923094545818,-0.4646636197440184,-0.8178582225164027,1.6236109350060366,0.0678738442412348,0.15064386321830228,-0.029050342992042493
505d1bd8-e981-43ac-b532-853c95be827a_4.png,-0.4725517218753461,0.6039305938880666,0.26186230577309755,0.804833951996975,-0.05016994308672096,-0.4935448636850918,-0.26336185680112145,-0.7257796380001752,-0.6069850846350194,0.23248425196715747,0.7053256975842563,-1.124213468569233,0.17033845674976403,-0.36079141711770474,-0.4277410140479706,-0.4886140406064979,0.16897886572540832,0.6768181727335296,0.719676930886456,-0.029050342992042493
92da35e0-d1db-40c0-86e2-73b0de7f8784_19.png,-0.4202679581176837,-0.6468245530005183,1.206702035972961,1.5004562966706443,-1.3073560526679031,-0.6557108404168266,-0.6722326751746718,0.5747276499957898,-0.43028468479119786,0.7402225174605301,-0.5410296216464029,1.0248901193525108,-1.1766539542415713,-0.5741867579206492,-0.6358330486685225,-0.888084080378874,3.671889486644347,0.6768181727335296,0.719676930886456,-0.029050342992042493
4a7aeead-7888-4bb1-a39e-eef6dfc4a6ff_30.png,-0.5333373376269717,-0.7614964881995328,1.3155828554358944,1.6436094600894426,-1.4785653415889572,-0.6427502067988906,-0.6234823701322407,0.2280599665889096,-0.4614939010915228,0.44133807186280477,-0.34539554874446676,0.03657832474762462,-1.2359058198277004,-0.5745430105764138,-0.6444311164796674,-0.8921693675797475,-2.2245895961933813,0.6768181727335296,0.719676930886456,-0.029050342992042493
8b0863a2-01d3-4fdc-9994-7b50b25bc730_25.png,0.23496110870454417,-0.42755989488750124,0.0065935863334118,-0.814660971024377,0.3762301120973535,0.0745020390829534,-0.29193915530788334,-0.7777570612227966,-0.6239953786931354,-0.41401532755284776,0.5429081895609007,-1.5929328373855407,-0.1772724880221935,-0.37896030256169505,-0.2551365857642663,-0.38581569474354754,-0.29846168849689697,0.6353342970023521,0.6332097040125391,-0.029050342992042493
a6a04226-e7be-4c2a-8240-4e24256bfed9_94.png,-1.4605775440612738,-1.3898145534535218,-1.0319759447238073,-1.370920940674397,1.3311637573789061,-0.4890334110321386,-0.6726317814190825,0.746920516376151,-0.2299525336065383,0.46074353574904714,-1.1758676650043267,1.277783354668632,3.8242035012277267,-0.3493913321332403,-0.44490399521391094,0.4667390496834325,-0.07624518595205136,0.509015489492152,0.5751669929599715,-0.029050342992042493
4af4cf7a-5d36-4d0a-9b11-fcbd77f87c6e_33.png,-0.20279883171272708,-0.5910128934176749,-0.18007239888861093,0.4378234858186445,0.19062130755210022,0.06252765484897452,-0.31682887200477017,0.7776561701925723,-0.22960082553981345,-0.02084076316998583,-0.5748851613255459,-1.0820533350638386,-0.6749881589456781,0.059230464028658426,0.847955877345578,0.12748587064003297,-0.8695726289264581,0.2724518615456719,-0.12316701639137932,-0.029050342992042493
855258ad-52cd-446f-9db1-1bc38d82eebd_45.png,0.23161906570132818,-0.008461296159547027,-0.6487552268223317,-0.8043700109955043,0.921248996975669,0.7033911381275705,1.8749374788154989,-0.3067166576817538,-0.42405918674552967,-3.6225134226374416,0.3108512113448278,0.3340333354091512,0.7984082319627327,-0.3073535187530275,-0.26316822382546834,0.08111435397916651,0.1302636379729376,0.32635654547033316,0.2599049282780326,-0.029050342992042493
a6a04226-e7be-4c2a-8240-4e24256bfed9_69.png,-0.18949210039367861,-0.6063789237651146,-1.4122399896511284,-2.996140406253377,1.3251571664249737,2.6168250252168943,2.210538478776595,1.095441176930009,1.2249645480430447,-2.321418611780975,-1.2927361152996113,0.21014495776850195,1.6081837283064975,-0.2339654716655374,-0.13096157370314113,1.1870860557176544,-0.13486697590780403,-1.2376911058738278,-0.8945492419518888,-0.029050342992042493
44341a17-f4a0-402e-8f84-ad64321de876_39.png,0.5350943210282036,-0.15942661242242104,-1.1426641838928833,-0.3871606901511502,1.2912587181356883,0.93940467357545,0.05076888759104859,1.1292316728629057,0.4591270993642918,0.27586917147364837,-0.4473206216497791,-1.2084916000469392,-0.13777124429810741,0.18855017807117735,0.45546476650020185,0.6569455625916225,-0.7341202788546208,-0.5490262960351214,-0.5380353438728989,-0.029050342992042493
578fbdd2-3bf8-444c-8c21-8d2666ef631c_48.png,-0.9060076990910986,-0.45360180390353255,1.349199070452203,1.9723668700052994,-1.4939086817450151,-0.6644484730341013,-0.3911182869553327,-0.5848605311298424,-0.5119670513467353,-0.05154132827328278,0.3199009607339782,0.4281363411571436,-1.03839960120727,-0.5720492419860621,-0.5964252378674415,-0.8689643012459269,0.1637899215742554,0.6768181727335296,0.719676930886456,-0.029050342992042493
81faa7e7-ef94-4bfb-ad32-94fd63e1848b_73.png,-1.9665885648554784,-1.3372972979328148,1.751368721683353,2.5604280401991795,-1.9622051616043734,-0.6933282892103478,-0.6713105491138184,0.8448887916455727,-0.281075157327957,0.09913351549620743,-1.1459354836369187,2.550997634591877,-1.2043048248484316,-0.5748992632321783,-0.6530291842908124,-0.8911036404838675,-2.2245895961933813,0.6768181727335296,0.719676930886456,-0.029050342992042493
578fbdd2-3bf8-444c-8c21-8d2666ef631c_8.png,-0.8534933528548788,0.41325645891256346,0.4461285762092613,1.9686615512454344,-0.3361516621923354,-0.25214582004879776,-0.5086298627508992,-0.013589807490254721,-0.1822943742952246,0.763799540157786,0.034261038156755005,0.30772038520034406,-0.26022509984277425,-0.4673109611912947,-0.3286779491583209,-0.47907897637894037,0.5181583128419499,0.0015483521230899035,-0.687826773883078,-0.029050342992042493
3dbb185d-309a-4682-8409-24f5556e96df_111.png,-0.04408335127963739,-0.9735719580353385,0.05211269149127001,-1.6699494340715222,0.26595455708954585,0.7424372149245143,-0.6416955128760193,0.9978952882598343,-0.19630364430634878,0.8308059922209766,-0.8937327073245852,-0.8446731634665824,-0.5130330596769251,-0.1502460975608764,-0.10974712751924395,-0.4056173324046582,-1.2537419818864532,0.21611172503405313,0.29694861073148465,-0.029050342992042493
a9e37804-c00a-4e4e-b99f-e267a0056a05_26.png,-0.5004232445037402,-0.43958081238701413,0.617605393705906,-0.05589436393680955,-0.7954455630312636,-0.41293604484183183,-0.3140581891323626,-0.9520787868790452,-0.6267479034409652,-0.6305693733696789,0.5135851713115825,-0.4269076460467823,-0.07456925433956968,0.19603148384223218,-0.1402562585800953,-0.19624957397006784,0.0433126053844988,0.6768181727335296,0.719676930886456,-0.029050342992042493
48a4d49c-a4cf-463b-ae33-31db1940e1d3_25.png,1.8522708843027842,2.7473521552383726,-0.90714036632513,-0.3320907953891712,0.7607128091726959,-0.14095296890102044,2.032241300081338,-1.8705264530355028,-0.5985165063935675,-0.38302455968832616,2.361523471933136,0.7741236698946303,0.6048521377147109,0.19745649446529023,-0.06904697350443355,0.37984567369732314,0.43923903374072487,0.4125715670486316,0.16889254052521233,-0.029050342992042493
855258ad-52cd-446f-9db1-1bc38d82eebd_31.png,-0.03668274892273282,-1.281344228693476,-0.5722984405189632,-0.2921204142980992,0.6707737438249664,1.367595066575099,0.8466199465534212,1.1074859744947159,2.0220008969770347,-0.7362162179261791,-1.677652551587159,0.0631676670405081,-0.7026390295525384,-0.019857625551063907,0.8626026312461877,0.34903573515741537,1.0825385403556975,-2.001773764155321,-1.9535110066925678,-0.029050342992042493
9229a83e-46a1-420b-bbda-57bc886c344b_5.png,0.30399772943886205,-0.29342018123106867,0.8823178377873954,-0.10951963595950731,-0.9496131866198979,-0.5621413879556306,-0.5436854119999488,-0.3224529133827712,-0.5743889225894873,0.5050998431283334,0.23893629055107632,-0.9654106556364666,-0.7579407707662589,-0.4983049422428075,-0.31895158765930237,-0.690214082910476,0.7738479771454636,0.6768181727335296,0.719676930886456,-0.029050342992042493
505d1bd8-e981-43ac-b532-853c95be827a_111.png,0.9040120981676426,-0.15982322744200092,-0.21253316229372057,0.5016859067067775,0.4982973971942769,0.2242285287525522,-0.34595563342275076,1.6523165581184187,1.0690456773422838,0.828788314352313,-1.04988353793217,-0.2957198685594239,-0.8132425119799794,0.043555347175019764,0.8534698766362949,0.004045417636244859,-0.13021174261638255,-1.0840952293897028,0.02750248781774356,-0.029050342992042493
19369012-66cc-4209-a974-c98c915c0a70_61.png,1.960485609349522,2.883694872506009,0.9001854622823715,0.25366730173893987,-0.9427547373574945,-0.6544296339999985,0.07698260389381567,-1.183914351890064,-0.7685338966160589,0.6580870650033339,1.7198567649886913,-0.8602662397924717,-0.8922449994281516,-0.5720492419860621,-0.6255508232448853,-0.8660469823881761,2.8195253000270113,0.6723531763241074,0.7151072285758971,-0.029050342992042493
4af4cf7a-5d36-4d0a-9b11-fcbd77f87c6e_72.png,0.747607283849894,0.8092116382400218,0.2569808311843909,0.7543888433141435,-0.2814759482545196,-0.37308555555597084,-0.3712121711901939,0.4128202011826104,0.37310553552283965,0.8539084248095474,0.14154692755564896,-0.5543149805842841,-0.9830978599935496,0.19460647321917413,1.127003232827305,-0.26698203268399917,0.35558034890717877,-0.5137934152771351,-1.1755944742830118,-0.029050342992042493
19ef2be7-6425-4194-a4a4-1b4a7fbefc4e_9.png,-0.38243554938034613,-0.6508835736710045,0.0069940088824526694,0.49465808237949754,0.343769948551075,-0.3727896919277377,-0.6791115695506015,1.0517038384129633,-0.3802749241289536,0.7652064183159015,-0.6316363406064871,-0.591312557394025,0.19798932735662428,-0.4701609824374109,-0.4338130317868218,-0.49021263125031794,0.2168841767141148,0.6768181727335296,0.719676930886456,-0.029050342992042493
53345714-cf33-43b8-9e6c-89b5c2c7aad7_40.png,-0.917702585690122,0.052327002027202196,0.7492924072202108,1.0889147550465816,-0.7547458179416818,-0.49555116502977425,-0.6100317517487684,0.297544152275084,-0.30302867406326695,0.8590963148902913,-0.2776984996984811,0.22620675202584112,-0.3629283335253981,-0.532505197196201,-0.5525322877969103,-0.7510326941328823,-0.12300572505492066,0.19711519485578397,-0.28019556147747393,-0.029050342992042493
578fbdd2-3bf8-444c-8c21-8d2666ef631c_14.png,-0.2196136189414915,0.41174122403127256,1.1716260616017893,1.4600506926855863,-1.3470538854771446,-0.6389568506180313,-0.39054391833856894,-0.9279208970747208,-0.6315552838449765,0.3655464967381649,0.5101745066629535,0.9927652081094411,-0.888294875055743,-0.5563741251324235,-0.5881049987780852,-0.8506060108404252,-0.9638451697465469,0.6768181727335296,0.719676930886456,-0.029050342992042493
8b0863a2-01d3-4fdc-9994-7b50b25bc730_19.png,-0.06891568489683078,1.1478564981281907,-0.07980204013599498,-1.6704140864984964,-0.07926225555937426,-0.03178313099184152,0.786935729298937,-1.2465809197965654,-0.5152462636368289,-0.569555610863116,1.4555304571824546,-0.3240422570434145,1.2803234053965828,0.880036582910101,-0.1804012372995137,0.5357777813985558,0.9914535445959434,0.3697887832710767,0.07971792494291449,-0.029050342992042493
a3283dda-4e12-48f9-90f3-8f3223c77d46_77.png,0.4946690412705313,0.16759879076956513,-0.4228112839413125,-0.1297572949601452,0.47891537898738795,0.17138645471674616,0.30023704092037207,1.20147768722743,1.3562359525947678,0.2837819269495952,-0.7577805736733948,-0.8931120869021132,-0.7539906463938503,0.06208048527477454,0.8356741477070504,0.14286302195691516,-0.22573156131315422,-1.3989992488833185,-0.2503763029027919,-0.029050342992042493
a9e37804-c00a-4e4e-b99f-e267a0056a05_101.png,3.069501585752071,0.7053436182422649,-1.42848635904855,-2.1903072933300884,0.8790999091441939,-0.5309500154229001,5.206204736140084,0.2359953574588579,0.6138377003558676,-1.5397409532631379,0.06315201805503548,-0.5457043052325288,-0.34712783603576364,-0.39570417738262725,-0.24471243206792864,-0.3897713085232821,-0.3780971694754366,-0.7263272443656337,-2.2049797213420366,-0.029050342992042493
6764beec-de30-41fd-ac4d-374023ed0a03_31.png,1.3021171136169538,0.4967591142778247,-0.2769133431653641,-1.8087508630538696,0.09587098685364644,0.2346706547131843,2.96141106343628,2.0863754784413984,3.9543170872022175,-0.584869954564528,-2.293107369005337,0.38654398827974085,-0.7539906463938503,-0.16841498300486665,0.20221801540868184,-0.07082826230496396,-0.13730373971556772,-3.9819590808576346,-1.5077065838967258,8.523506836739784
7728da31-7807-4ad4-af12-f6b9d4769e58_4.png,0.7284248609871258,-0.9567170630013677,1.092505260321018,0.6269552332723326,-1.3043176162132857,-0.6753098473512662,-0.598686434178455,-0.354842225613244,-0.5161359661000922,0.12679805596468963,-0.2372540243840952,2.0929450589217846,-1.2082549492208403,-0.5738305052648848,-0.6277407495521508,-0.8895050498400474,1.502389614663354,0.6768181727335296,0.719676930886456,-0.029050342992042493
27bb6d3d-77c3-486b-a22a-3741dde393ee_4.png,0.4901091213491097,0.8923375925445114,0.7926119813314901,-0.7241849569383746,-1.1512635626918928,-0.5474643958686601,-0.41787562409024004,0.4742142002819484,0.08146113815669438,0.8647517212443318,0.2618217852835112,0.03475571301659748,-0.7302899001593987,-0.005963771976247822,0.684655713573551,-0.03370399364490909,0.5081717366296641,-0.23639536562266614,-1.1837865428996082,-0.029050342992042493
a3283dda-4e12-48f9-90f3-8f3223c77d46_74.png,1.2335925356060453,1.1876598947125463,-1.2216891146284383,-0.10159597397399427,1.3610003831989625,-0.1787066428375092,-0.4433221831666553,-0.013874203652283063,-0.6633639739312106,0.8453728574214494,0.7418608992102148,-2.8420434726493995,-0.06271888122234386,0.20173152633446442,0.4098264294973015,0.5170091449037026,-0.8618702729140371,0.6056217754414696,0.5712781873083276,-0.029050342992042493
855258ad-52cd-446f-9db1-1bc38d82eebd_43.png,0.024572626876767516,-0.99822790620616,-0.22959700737825928,-1.2067170777735445,-0.04781754024166055,0.7414907718322933,0.49318922872279847,0.5738923514723406,0.6169276371372827,-0.896510884826437,-0.8393425947086016,0.9766084833467128,-0.6196864177319577,0.3221449239828705,0.9057590733983885,0.37124670140292004,-0.057905068660896605,-0.6587028442011114,-1.5026915991862282,-0.029050342992042493
75769513-6d94-48cb-b36f-b1f9dc9210d3_4.png,-0.41299986979372255,-1.0880479910614649,-0.15754481354132718,-0.3233743431413204,0.4318948593837165,0.20773174112677587,-0.1910695104618436,0.9785407869893449,-0.2291320477186271,-0.8932060592279962,-0.7621041998232689,0.06911396843356489,-0.3629283335253981,0.047830379044193946,0.03574676742017183,-0.16429288321479976,-0.30916768657138016,0.24249579472609364,-0.18560616847841435,-0.029050342992042493
92da35e0-d1db-40c0-86e2-73b0de7f8784_1.png,-0.45696157727800857,-0.6148363503974602,1.2724308290717594,1.8910016504359748,-1.4923043586011406,-0.624731764939809,-0.6233922791232944,0.07488216164531754,-0.5238076966148217,0.5120508149770489,-0.18325562291008948,1.2655517726486292,-1.1213522130278508,-0.5716929893302977,-0.606731896076955,-0.8799135059771268,-0.9765326653468062,0.6768181727335296,0.719676930886456,-0.029050342992042493
a5f7c55f-08cd-4cf8-8e07-7d416d70c470_57.png,-2.1428754475852743,-1.475939392035409,0.24973296925759814,0.5628254622345493,-0.3360797904750727,-0.664992394291708,-0.5852690234023759,0.38777690477934545,0.15990913976547397,0.02677605530072134,-0.9911096391605613,1.9289909644077077,0.036034228087871344,0.03429277812514237,-0.17197764937509705,-0.10931365816446798,-0.04497951555318402,-0.21853537998497718,0.440563164072048,-0.029050342992042493
505d1bd8-e981-43ac-b532-853c95be827a_102.png,-0.831685118344756,-0.32648960514594,-0.14708509787602062,0.29949836642182825,0.21165911995674647,0.17479909494685805,0.8398213038953586,0.03089672948423663,1.3647475845806045,-1.2538210363330216,-0.3145065623852994,0.3157380429404613,0.35994442662537723,-0.3903603875461595,-0.19789233385303062,0.1658425374895557,-0.2504178911293012,-1.2320083831709268,-3.0997186699151573,-0.029050342992042493
a3283dda-4e12-48f9-90f3-8f3223c77d46_47.png,-0.7662178846588411,-0.11953943727586293,-0.9885252816923278,-0.057734879862904334,1.1752446896537871,-0.08607518725778951,-0.3507522878239891,-0.5854092014632597,-0.5887801335609532,-0.021641243004935473,0.46297382208340976,1.030691897063315,2.4772110902363913,0.4272394574334024,-0.2616360869297982,0.8106849104539429,0.3279649313927735,0.6768181727335296,0.719676930886456,-0.029050342992042493
519d608c-1d5a-448f-8835-1d3a5261bbba_77.png,-1.1502218291576096,-1.0740102437517225,0.5254427021041282,0.6809901824870506,-0.36431785130760586,-0.4600368840875014,-0.6033296571344229,0.09894132753141693,-0.4544964429359387,0.01245654957512185,-0.38411299001359256,-1.1794448282479855,-0.24442460235313984,-0.48832986788140115,-0.46558471745014274,-0.6458087872488069,0.264987261112079,0.6768181727335296,0.719676930886456,-0.029050342992042493
44341a17-f4a0-402e-8f84-ad64321de876_24.png,-0.052235734964926915,-1.0508606381686438,-1.3766274552455817,-0.8341368274202731,1.4904766562444576,2.1034667292090528,0.6090474961391691,1.7279236838452547,2.4849026663697904,-0.2182595214937352,-1.9319835193938486,0.17046710198033052,0.47054790905281824,0.9281306914383105,0.08860279602570652,1.1134083544407212,-0.5832681128579,-2.361652474754753,-2.6875473009521977,-0.029050342992042493
89bc92b0-73f3-4d37-8aaf-292e4f4f1595_25.png,-0.1995496623846712,-0.2553250203001477,0.030008765547520584,0.3603429889660639,-0.09104763575288412,-0.1805482220422661,0.056391120009423146,-0.48226779908775985,0.16222641163278148,-0.2875350903292354,0.24082735694333787,-0.9344222412666996,0.024183854970645523,-0.18266508923544728,-0.06488475848589702,0.054275406789271556,-0.38243928237379116,-0.07224586126172491,0.07318014833268088,-0.029050342992042493
a7ab7384-2203-4096-ab14-1eae445ccdd9_55.png,-0.09980998972807159,0.40661392097052657,-1.1712879984986582,-1.0814082005280758,1.3349624898329895,0.5948838610652862,-0.3811470878798354,0.8061691141036501,0.4675089948363234,0.7755668526780296,-0.30852088474270156,-0.21711545318069836,0.8537099731764533,-0.1976277007775569,0.0028327044943912364,0.8698263741400314,-0.5388568248655556,-0.58068717966557,-0.4945094511763493,-0.029050342992042493
273317d8-7414-4eb9-bb2a-b42c7082fe9b_45.png,2.1944249351572727,0.20483359500523232,0.22832101469249616,-0.09087196165888577,0.19079127835772566,-0.5517096584582676,-0.009234491667825787,-1.4006123303438918,-0.7202066861075725,-0.35338211431808486,1.1903995088692274,-0.26400467795388954,-0.9119956212901946,-0.5011549634889236,-0.35443324237115886,-0.764459737256787,-0.31874421190107527,0.6768181727335296,0.719676930886456,-0.029050342992042493
505d1bd8-e981-43ac-b532-853c95be827a_100.png,-1.0245932537130773,-0.8844292187126191,0.3412549480703224,0.7192273714099229,-0.2167974833216417,-0.4164364391016112,-0.4025592301358245,-0.2644126563746402,-0.48105576091228586,-0.49569651535716314,-0.02159788867010882,-1.9824856782512437,0.004433233108602481,-0.36791647023299506,-0.2888054784020332,-0.33845221783213875,-0.47054283898241656,0.4674504320080759,0.28327971345430475,-0.029050342992042493
89bc92b0-73f3-4d37-8aaf-292e4f4f1595_19.png,-0.13648676683240152,0.08162671930294428,-0.3155975982363414,0.9638771298551314,-0.034241776601040136,0.05557864941688081,-0.2912863798403302,-0.6463449145423596,-0.530340636418606,0.22205554438367675,0.6973589531351901,-0.2339316996233493,-0.3668784578978067,0.3969579816934186,0.8430346148484094,0.6121597008961406,0.07125758598951007,0.39657876172761014,0.13555781705327272,-0.029050342992042493
4a7aeead-7888-4bb1-a39e-eef6dfc4a6ff_28.png,-0.7685165999523723,-1.3266815795901965,1.3322309597248567,1.9359240970349547,-1.551884134298205,-0.6414857547386043,-0.5943110244265563,-0.11331338042542653,-0.41530622273845463,-0.5230037896853553,-0.5955909453413162,0.005951080261478634,-1.2161551979656575,-0.5734742526091202,-0.6186369130462326,-0.8895050498400474,3.6058601264226424,0.6768181727335296,0.719676930886456,-0.029050342992042493
44341a17-f4a0-402e-8f84-ad64321de876_52.png,0.06451052398219154,-1.099977913647728,-2.362590300991296,-1.8144738902309268,1.725022477548109,4.933212571995031,0.40940920257040114,1.963931183971041,1.2721475515765377,-0.20880382807755793,-1.6551537419395626,0.394509986984764,1.078867062403744,1.543379027943628,0.652549904482037,3.1755708507728335,-1.0895178360377509,-1.261233814214418,-0.4289077118108226,-3.51924830972084
855258ad-52cd-446f-9db1-1bc38d82eebd_1.png,-0.1414489726034415,-0.7142735114645942,0.204606364909691,-0.02894401402793169,0.1469321086649865,-0.21568152343714866,-0.584892055562894,-0.21659685280499547,-0.5377202617141883,0.30824123663761116,-0.08017900533420287,-0.3228833017942671,-0.2286241048635054,-0.4950986683409269,-0.40027843618206077,-0.5704974058066159,-0.44681588929554306,0.6768181727335296,0.719676930886456,-0.029050342992042493
3dbb185d-309a-4682-8409-24f5556e96df_122.png,-0.8421986271586921,-1.5371128553777225,-0.07443125332664674,-0.8633830406853714,0.38891565344363965,-0.5336386640493072,-0.683311409452301,1.8550304081824565,-0.1519886195715803,0.154933428307446,-1.5815391819080058,-1.3107758788423418,-0.39452932850466693,-0.04657657473340253,-0.04094700266782529,-0.28935019021199077,-0.23816391403265763,0.6768181727335296,0.719676930886456,-0.029050342992042493
22df8deb-bec0-46ea-b532-d6d7e8d8d57a_68.png,-0.625560753056926,0.9959858144762029,0.7564488308116558,1.0577669086829455,-0.7165573513582301,-0.4875362674111458,-0.45926706183877153,-0.04417397478392505,0.009638138895508307,0.8546290390258411,0.32028116235380166,0.5211985428920749,-0.5406839302837855,-0.4470045598127174,-0.4907753239837222,-0.7231866390929638,-0.5029973835155033,-0.1627635157436485,-0.32065481686228364,-0.029050342992042493
578fbdd2-3bf8-444c-8c21-8d2666ef631c_50.png,-0.6922918391306628,-0.9341231041860811,0.6637858649559433,1.6852753173654895,-0.41707891238720546,-0.5420970148498416,-0.544197362613927,-0.345026410962719,-0.5256489592985165,-0.07189995063359304,-0.10728625159764205,0.03716331959502677,-0.836943258214431,-0.5510303352959558,-0.505467750234676,-0.8062853575274805,-0.060585494596535894,0.60042614325596,0.5604486324748041,-0.029050342992042493
a3283dda-4e12-48f9-90f3-8f3223c77d46_43.png,-0.547183067839439,-1.3572315083426938,-1.1116461995365918,-0.1223191913234593,1.4123250398595713,0.9625258144054898,-0.17564765160617024,0.4478268056842465,0.10491430758891787,-0.6082850870821007,-0.9097897307967203,1.5303547993369229,1.774088951947659,-0.06332044955433473,-0.2506351557718135,0.6553225711014786,-0.13535048894239896,-0.2295760983791849,-0.9918301887004289,-0.029050342992042493
19369012-66cc-4209-a974-c98c915c0a70_11.png,-1.033711022458622,-0.34030770907509017,0.9578652490635114,1.1487717129128265,-1.2250680054880252,-0.653935779677438,-0.5661442088445158,-0.09384620565492087,-0.5551884741813217,0.4536604009833016,0.04639407551790229,0.29275800442687056,-0.434030572228753,-0.014157583058831667,-0.18941975325325472,-0.44627720169804524,0.5601330674386461,0.6768181727335296,0.719676930886456,-0.029050342992042493
00367bac-0715-41b8-93dd-c21b8877a1f3_30.png,0.9839624880296843,-0.030362599816544072,0.1377332190668899,0.04260406303224004,-0.4505501638693535,0.768708026002408,0.3180344736160435,1.0335310932546329,0.789858901852915,0.14791980508825728,-0.6580135472538334,0.08311424907601522,-0.7618908951386675,0.07597433884959062,0.9680372930258244,0.15034548562064695,-0.43759775072874535,-0.8367344283077108,-0.31131862272240035,-0.029050342992042493
48a4d49c-a4cf-463b-ae33-31db1940e1d3_68.png,-0.3478851217605122,1.1128134136164733,0.12372522864704032,0.7899631980629156,-0.009552107164895619,-0.35342558042150296,-0.03462908698822773,-0.716904276427212,-0.5661017638570447,0.13465245275058557,0.8292455897505966,-0.270260606494937,0.9208620875073996,-0.34582880557559514,-0.4380001682584912,-0.29811293821480256,0.10189532070244152,0.6768181727335296,0.719676930886456,-0.029050342992042493
41b05097-d935-4d5b-b15a-8c9cc622e21b_67.png,-0.0884917067491913,1.257958573195498,0.6431284199343494,0.06445289587286392,-0.7801396660636547,-0.5609045529712887,-0.23560921387795708,-0.6669539774062201,-0.6158479009735481,0.5371185638149178,1.0605170432509687,0.05918571699397507,0.35204417788056,-0.2913221492436243,-0.32590609463135334,-0.2506162986351296,-0.5065268922951244,0.49115550385446305,0.3326895573822566,-0.029050342992042493
81faa7e7-ef94-4bfb-ad32-94fd63e1848b_47.png,-0.4723353935545368,-0.08914285499967324,1.3466413306657323,1.245860607252937,-1.4675298069501002,-0.6363896603035725,-0.08672136874136754,-1.1073800780853913,-0.5443866129589809,-0.41179016106767563,0.8053878758726047,0.22322843549700708,-0.927796118779829,-0.567061704805359,-0.611015898395445,-0.8624954539698608,1.1646338815798607,0.4896130505493899,0.32947453329105464,-0.029050342992042493
3b88f35e-b058-4cd6-a43c-563cda6b239f_31.png,-0.5892879013443628,-0.5360370181140307,0.07971932390290067,1.53201876295903,0.4093605441909696,-0.2096753761507881,-0.5308386801064785,-0.31289102175862604,-0.5416865241064962,0.2840580740457102,0.1081199208494445,0.9901108442117346,-0.4379806966011616,-0.3807415658405176,-0.27949991758965664,-0.5294669126152335,-0.4959446690124238,0.6768181727335296,0.719676930886456,-0.029050342992042493
505d1bd8-e981-43ac-b532-853c95be827a_114.png,-0.47375093058295137,0.1711685972338302,0.23582415438720705,0.8289450420027222,0.006332306382030282,-0.33284934611559563,-0.17203509439077597,-1.2134888884955581,-0.6877785688655421,-0.2595175505927967,0.9079494424668343,-0.6587681394728334,-0.16147199053255906,-0.22256538668107295,-0.33547997771962557,-0.4740984892370027,1.6075080792873473,0.6730838121001946,0.7118931883498617,-0.029050342992042493
a5f7c55f-08cd-4cf8-8e07-7d416d70c470_46.png,0.2755859960683106,0.7812697011474767,0.5503561703112149,-0.8357727543634503,-0.4045429018950369,-0.493647659862264,-0.6105483145304402,0.19094349963435273,-0.5965662613997239,0.9809480551835572,0.3799120845544302,-1.1740496875775048,-0.4182300747391186,-0.5282301653270268,-0.47353956592912283,-0.6923828194156231,0.1278175617792477,0.5487945484124592,0.6128004154642352,-0.029050342992042493
48a4d49c-a4cf-463b-ae33-31db1940e1d3_79.png,1.5647425058130164,2.34659185399802,-1.484240376777483,-0.22085310536579156,1.1031221056737999,0.1118703402786504,-0.22224192199081402,-0.8551590407772266,-0.7426310145173821,0.8417894341257478,1.5299138997144803,0.20216848238055649,0.7273059932593777,1.5736605036836118,0.23849039131449373,1.0765544383692627,0.5591599211803111,0.6725967215828031,0.710877917584217,-0.029050342992042493
4af4cf7a-5d36-4d0a-9b11-fcbd77f87c6e_63.png,0.8122984331711788,-0.156603975861408,0.07953312891608429,-0.44158890623378905,-0.5864575948110509,0.20071820292340106,0.21901953513848252,1.2669575327438192,2.8428525778780123,0.5068297759057757,-1.5726090229742755,0.7873598977123586,-0.7816415170007105,-0.16592121441451504,0.8564476006337957,0.27741478447801415,0.18845585618823685,-2.6940917528744635,-1.4421203885271898,-0.029050342992042493
75769513-6d94-48cb-b36f-b1f9dc9210d3_38.png,-0.46609646116837594,-0.25509810009410555,-0.26185741488389397,-0.7568362802150077,0.5521049844752549,0.19630912561507688,-0.40964690196934656,-0.6647457858022183,-0.5771259001403597,0.18423367559302348,0.3196296221816599,0.8283794944808311,1.3237747734930776,-0.2906096439320953,-0.4069127599398774,-0.09604929406645246,0.09707632598624638,0.5785882517262403,0.6139491638831504,-0.029050342992042493
a5f7c55f-08cd-4cf8-8e07-7d416d70c470_39.png,-0.48653673685263527,-0.17576090338742326,-0.09261971592905952,-1.2818054698569958,0.09979089917752905,-0.13626839354752734,-0.5473213375316566,0.4540605510154195,0.050215030222504745,0.8159999945033521,-0.22254098983403073,0.7750409648265112,0.1110865911636349,-0.07507678719456373,-0.16678517844685992,-0.05946340982370993,0.9841492016870124,-0.1738854158907548,-0.16698493958131083,-0.029050342992042493
00367bac-0715-41b8-93dd-c21b8877a1f3_38.png,0.6910074585321728,-0.2414354796216473,-0.3375710402055986,-0.32462052118093926,0.14702954610991947,0.9717432844135481,1.1420440462586088,0.03172741884405873,0.1321567216053261,-1.5384794215915105,-0.09654630545497687,0.8558921128208771,-0.3866290797598497,0.21241910600739988,0.5143973562890912,0.3443293493398047,0.577830958338709,-0.20270493816975288,-0.6674153279033181,-0.029050342992042493
