filename,0,1,2,3,4,5,6,7,8,9,10,11,12,13,14,15,16,17,18,19
27bb6d3d-77c3-486b-a22a-3741dde393ee_40.png,0.43472200948370987,0.8618063565477406,-0.69382710919596,-1.0515042303722328,1.0718897606455449,-0.03779625699628475,-0.5361061451485194,-0.3786433971493824,-0.6989866607266753,0.9549484254267583,0.6829379485730817,-0.37635040984944546,1.5555218839405518,-0.4620491918079671,-0.3909465023361567,0.03189258561221109,-0.42147855965178316,0.7217637304092984,0.7927900019332562,-0.07106540056829591
578fbdd2-3bf8-444c-8c21-8d2666ef631c_106.png,-1.891592769592349,-1.2063994798243405,1.4245414899932263,1.6425651720251437,-1.4249188850761203,-0.6506179078792305,-0.6419839989478451,0.6170938100762969,0.42820870122744487,0.11666016825089634,-0.9892045032917488,2.0537971808229867,-0.8097024160240092,-0.5691131225090825,-0.5945504418156407,-0.8876977500296759,0.37282484861012455,-0.49177992866278875,-1.888567148788284,-0.07106540056829591
48a4d49c-a4cf-463b-ae33-31db1940e1d3_44.png,-0.21938980600301505,0.13699597624339302,0.0805657005906069,0.7083884811861949,-0.015194139463683235,-0.3827337161278208,-0.7531982021164856,1.8929156793986894,-0.07530653214275732,1.2194921364968137,-0.7936421847689995,-1.8093425914808783,-1.0128293937502233,0.02568649249711437,1.326056535686074,-0.19212603666680297,-1.6298593509742563,0.04854481341638349,0.4519149021352641,-0.07106540056829591
a9e37804-c00a-4e4e-b99f-e267a0056a05_80.png,1.4617738289440707,-0.3351381365497801,-0.38538341259173226,1.5750540054890008,0.651721376279326,-0.06869391379877748,0.01959604571215895,0.12113976335330223,1.112729063528441,0.6470518403756917,-0.3748893706452102,-0.8413467709073131,-1.0575861854526094,-0.1333232712478756,2.19283909090352,0.13240615186408716,-1.2664275686863185,-1.1243014308996349,-0.7964606663412854,-0.07106540056829591
41b05097-d935-4d5b-b15a-8c9cc622e21b_63.png,0.626191004698676,2.2219231354636197,-2.250933813001674,-1.4183243008030322,1.359353589966959,1.0278152355626018,6.401940497706509,1.3118895659212602,2.2186478425556175,-1.7351521695205196,-1.0197050261277074,-0.0720147338332559,0.2369179437856365,1.9036671436100132,0.457145686796467,1.7335474842971152,-0.9495689707270729,-2.0684814532404325,-1.7751051148621324,2.173906025669053
19ef2be7-6425-4194-a4a4-1b4a7fbefc4e_3.png,-1.2091794850486355,-1.306877094674925,-0.2913515609583852,-0.9256806773615336,-0.026345707608379617,-0.25105355348078473,0.008962366241202165,0.783729063678149,0.5661107810089937,-1.8488535994215798,-1.0547310971659827,0.4133952867090166,0.8772843481428538,0.04670274556066666,-0.0892303654880895,0.7161937464109971,-0.8005931048050587,-0.4959637750395809,-1.5684322021781691,-0.07106540056829591
386822e1-0d1f-45b2-97d0-ac0273ee2394_68.png,-0.32568324613000277,-0.46400538998238944,0.3455264184135242,-1.5478422378749597,-1.0987384516307197,-0.3095647884245657,-0.1161863606374576,0.4826200540126877,0.9781958965780926,0.21949095302156232,-0.5526741732354608,0.7840135188257045,-0.7718312845835286,0.27589886387638785,1.2660374497391582,0.4790671176326282,1.3461209191945513,-0.9538287085288865,-0.07577970917962941,-0.07106540056829591
268cf2e7-02be-4b54-8659-24b54163053b_0.png,0.6875198787763355,-0.07155147694000741,-0.46421148878464735,-1.2877552918482356,0.7010635428200753,0.49761245353324074,0.7726034990333546,0.3526006716006299,1.691973021308375,0.03443503735882834,-0.4974241523240752,1.4039784172761023,0.9289268001071456,-0.4362745418243652,-0.4144146023249755,-0.013959393563931149,0.5039137309676002,-1.620962030791922,-0.4788942510249068,-0.07106540056829591
19ef2be7-6425-4194-a4a4-1b4a7fbefc4e_47.png,-0.9231513548822136,-0.6149496841300274,-0.655998285437132,-0.9713928985577416,0.5481239543169187,0.3821616954829152,-0.3191299072766605,0.08756165693980456,0.28750925835863667,0.06076781308963043,-0.29830348283201497,0.5382862896960785,0.8807271782738066,0.027272624803797562,-0.11415623396822017,0.6134955284464528,-0.18576445460492336,-0.40483199395963604,-0.6175119607262026,-0.07106540056829591
258bd669-e070-417c-9e38-6240e5c933aa_17.png,0.3849919681550526,-0.8351830562887131,-0.5883793975246783,-0.8356471848687976,0.3946418907815722,0.9863818613041104,-0.00578536855539008,0.5505866120085388,0.27262695243643126,-0.05225510826260065,-0.5597026942222106,-0.725856169700979,-0.6616607203930395,1.5757342892032635,1.5217611878953872,0.8297283488179243,-1.6165925017994067,-0.44697473746405125,0.0933630042771309,-0.07106540056829591
273317d8-7414-4eb9-bb2a-b42c7082fe9b_5.png,0.4230859706643271,0.8420915095802288,-0.6103608904733145,-0.7144616882773486,0.4454417937454283,0.020673470303821304,0.4387626964217947,0.8550760889398021,2.5738003576581376,0.4740850173044095,-0.8277886195348538,-0.15236821630766006,-0.26229242520251683,-0.0183286790133442,0.1610916750996251,0.4848560560002428,0.35206914992957633,-2.390105134714562,-1.9759694238498597,-0.07106540056829591
268cf2e7-02be-4b54-8659-24b54163053b_83.png,-0.8387199923645327,-0.6069550143791281,-1.0025102106890185,-0.8325637284749605,1.2358078981746612,0.07180156738877769,-0.6911553987800124,0.6595109878272186,-0.4664592755348416,0.6945929176500607,-0.46317673841741325,-1.5390000666920154,0.013133985273705677,0.2850191246398162,0.46734995451387595,0.7137320237208575,-0.8972650076525928,0.7217637304092984,0.7927900019332562,-0.07106540056829591
268cf2e7-02be-4b54-8659-24b54163053b_20.png,1.0559625615831292,-0.474104805276078,-0.21539864291160138,-0.6245554986824093,0.6451726383347439,-0.06633958225888477,-0.13489578980972564,-0.23949334562559343,-0.4990643657278818,-0.2191209455041499,0.21052444727020658,0.03516650609347068,0.2782319053570699,-0.3894836387772111,-0.4257466926990883,-0.4491646287378879,-0.19905302101986688,0.39686904176785887,0.3937258400148404,-0.07106540056829591
386822e1-0d1f-45b2-97d0-ac0273ee2394_3.png,0.5240468885305367,-0.37046901309196156,-0.3177311815533429,-0.11570888242044955,0.2661972874473984,0.40877863001757364,-0.24738988689337185,0.8535817158662452,0.31182431975124963,0.5162630546641981,-0.5112980987419127,-0.778920337724927,-0.5480473260715977,-0.10477288972757814,0.55566571707881,0.22804130251813606,-1.7038168275201402,-0.4163185540122835,-1.5840149550124876,-0.07106540056829591
505d1bd8-e981-43ac-b532-853c95be827a_122.png,-0.46026873757984815,-0.6847626952789281,-0.10316774903702335,0.46948143670501685,0.3993962316971997,0.04184735130183366,-0.40306066171707805,-0.763208803811528,-0.6477331407651807,-0.8307413989741826,0.36041881883572047,-0.8176438956272374,0.92204113984524,-0.362122856486926,-0.447526049316036,-0.31868844798920376,0.04024582182572534,0.7217637304092984,0.7927900019332562,-0.07106540056829591
a9e37804-c00a-4e4e-b99f-e267a0056a05_95.png,0.8714430994304402,0.369148012814678,-0.4891501520323613,1.1957684178101577,0.9046236319090485,0.059867524187024346,0.8139357421840667,-0.7305655711851217,-0.01023643495817875,-0.6293903708454947,0.6773671909234779,0.29975735261315756,0.40217379007137,-0.41525828876081294,-0.2757874627556094,-0.07975778082723116,0.03597521171905523,-0.09659662089124155,-1.0153990676751143,-0.07106540056829591
19ef2be7-6425-4194-a4a4-1b4a7fbefc4e_42.png,-0.9935981880465906,-0.8579858973106712,0.694701298726262,-1.1373067661211769,-0.8144478157037037,-0.24521020727646806,-0.20378213914854862,-0.34342836519317504,-0.4101842391377626,-1.335052186576633,0.0033106602599650113,0.7291957002569595,-0.004080165381058231,-0.03577613438685931,0.008623809333799484,0.09585112366777403,0.30036484265519225,0.3556391374729256,-0.016172072060523367,-0.07106540056829591
81faa7e7-ef94-4bfb-ad32-94fd63e1848b_38.png,-0.4933749510198079,-0.21320334895959636,1.8196250000115097,0.7005125904920775,-1.6655566959772063,-0.5541920474846875,-0.3770945777878954,-0.6014529157981795,-0.6306864921261027,0.0033819078942601915,0.5131172676957246,-1.383899886935567,-0.9405299610002148,-0.5821987140392189,-0.5599652420770372,-0.8996404812255177,0.6858531303326824,0.636413264322739,0.6042058658391309,-0.07106540056829591
41b05097-d935-4d5b-b15a-8c9cc622e21b_70.png,0.4017810475265856,-0.544789546111533,-0.484511627582665,-1.1149596905019243,1.0999665839479529,0.3449984047925801,-0.7338988387782157,0.49510878315122087,-0.546817528036906,0.9451481594812076,-0.24853028962473842,-0.10516737979995987,0.5364441651785284,-0.3530025957234977,-0.4492036081670622,-0.43273185531959585,-0.1667425175136267,0.7217637304092984,0.7927900019332562,-0.07106540056829591
92da35e0-d1db-40c0-86e2-73b0de7f8784_35.png,-0.5302235326969638,0.09312929213308574,1.3580020653090148,1.041110369977954,-1.424895276424514,-0.6001645845370001,-0.5011213458826055,-0.2806409884498021,-0.5678664548417838,0.5318099312388128,0.3210698013381425,0.45316587750836923,-0.4137769509644392,-0.5849744455759145,-0.621455952693318,-0.8682007234311383,1.158797985410425,0.6881408195267144,0.7532285723065666,-0.07106540056829591
578fbdd2-3bf8-444c-8c21-8d2666ef631c_77.png,0.5041858990394912,0.5913744391592801,0.6359263158987092,1.1824658332994447,-0.4824895177637441,-0.558242980736049,-0.5529974622532823,-0.44188106811604927,-0.6915633165096745,0.8565938208495277,0.638207735604287,-1.2245572507116547,-1.03348637453594,-0.5948877724926844,-0.5985330056889555,-0.9292944738604632,1.1112824592919508,0.7217637304092984,0.7927900019332562,-0.07106540056829591
519d608c-1d5a-448f-8835-1d3a5261bbba_10.png,1.198142130481447,2.059903789665405,-0.9034509515817648,0.6131061560460103,0.9004681542910964,-0.5093961685007371,-0.29857015965722133,-0.7249859544109156,-0.7622632488711832,0.9962653438459821,1.2227030617557295,-0.13673809703080753,0.5846437870118674,0.17676559470868838,-0.39192987360815185,-0.301551736312291,0.5584422541925118,0.6743721614503622,0.6880770636207425,-0.07106540056829591
27bb6d3d-77c3-486b-a22a-3741dde393ee_99.png,0.5604814303811616,0.4050812366698953,0.5078043409274197,-1.4042243690920115,-0.6472369877757181,-0.4539554714190668,-0.015270147367099118,-0.5691468548433949,0.5047672179216544,0.5352665699860791,0.3881204831122197,0.8773528439065251,-0.4998477042382588,0.02132462865373559,-0.023156474083502736,-0.25723249847990975,1.024863498834156,-0.5981256965674323,-0.37834822262023327,-0.07106540056829591
578fbdd2-3bf8-444c-8c21-8d2666ef631c_2.png,-0.437332449434541,0.1172028188850122,1.3453596800027365,1.4325442160981618,-1.508789704502227,-0.611751046048003,-0.2747492064198473,-0.6014089127921611,-0.5137570928621437,0.17878563202514933,0.5440242692867768,0.3896155521731779,-1.0920144867621373,-0.5869571109592684,-0.5857561826350552,-0.9320406316871185,-0.5315790552510457,0.35921442437672974,-0.002441685528124016,-0.07106540056829591
00367bac-0715-41b8-93dd-c21b8877a1f3_25.png,2.334515570519937,1.8800060954138502,-2.372608481034028,-0.9167787823832557,1.7595208681375532,-0.294189735962906,-0.053809725788674885,-0.8670503587630614,-0.13901858540296871,0.9572046909873577,0.766918061788891,1.9751532280002475,0.7912135948690343,1.3132293924471952,-0.07963690096470001,0.5706658372693354,0.44721477594923037,-0.014973581576733338,0.25293552241475364,-0.07106540056829591
386822e1-0d1f-45b2-97d0-ac0273ee2394_77.png,0.8496987021606631,-0.28526797843582563,0.20347153054693454,-1.1538258367988734,-1.0600152759712003,0.768158875401886,2.239889614773631,-0.03836332806557067,1.3580661442168505,-1.4374264762643643,-0.3301756645842807,0.4627460740905229,-0.9302014706073565,1.1490646987054849,2.0525817098147385,0.5758534479334119,0.9565701573504892,-1.2818422644693892,-1.5185229237506086,-0.07106540056829591
00367bac-0715-41b8-93dd-c21b8877a1f3_20.png,-1.5511607347044345,-1.1214136469627451,0.5486425873998846,-0.7648053847381383,-0.46804222033629134,-0.6612413767412675,-0.7457173414088175,0.6917114278700197,-0.3673370737538837,0.4483585065995585,-0.9103897253435254,1.9303701509266085,1.2456671721548014,-0.4664110556513459,-0.49903124062352144,-0.3642929033001807,0.2978601917355127,0.7217637304092984,0.7927900019332562,-0.07106540056829591
3b88f35e-b058-4cd6-a43c-563cda6b239f_20.png,-2.079128663741228,-1.6723053100754213,-0.2733008549091103,0.4623941683883261,0.10355595502376475,-0.66660608500665,-0.5770550085105122,1.7826470010583038,1.5530382018138944,-0.40999996858535626,-2.0808752108303623,1.7288313274755303,0.28167473548802263,-0.09327343050412501,0.002443324582606167,0.6007718344671998,-0.013818143740222371,-1.38529737487734,-0.5873666275353889,-0.07106540056829591
3b88f35e-b058-4cd6-a43c-563cda6b239f_7.png,-0.9576584941117106,-0.06582115702838824,1.1336379466330524,0.9060944893573221,-1.2390115932125088,-0.6381252663443285,-0.35335568888332475,-0.3119179233393575,-0.18987821827720525,0.22577478211250532,0.16259113420717444,1.4203212981390676,-0.02129431603582214,-0.356174860336864,-0.5286014749927602,-0.6810929728445124,0.49203458669260725,0.024430644299236144,-0.7479860903794336,-0.07106540056829591
22df8deb-bec0-46ea-b532-d6d7e8d8d57a_18.png,-0.38253742771679794,0.3082369696686327,2.063258570474851,1.3244323507579694,-1.9602043678996315,-0.6382499770874386,-0.5877137717964015,-0.22232339264897205,-0.6053283322679918,0.8986604535960405,0.403533224579874,-0.9558057755144945,-1.315798445274068,-0.5980600371060508,-0.6319359072828579,-0.9676212971267807,-1.2263383708739923,0.5344034826631346,0.6918350831202572,-0.07106540056829591
578fbdd2-3bf8-444c-8c21-8d2666ef631c_23.png,1.1453277976722345,1.48772534829452,-0.042974376291010016,0.7926055526460425,-0.12581900514359756,-0.42734658699706807,1.3225311479552209,-1.3556789988308355,-0.6496613353950722,-0.4169513976590778,1.4713737833220468,-0.6640146239907729,0.18527549182134476,-0.4743417171847618,-0.3731551861432845,-0.396655007949019,-0.3627546795121415,0.45141118453440354,0.19543882574919313,-0.07106540056829591
75769513-6d94-48cb-b36f-b1f9dc9210d3_5.png,-0.8915359857278267,-1.0522063756861257,-0.3839125565551078,-0.9615224537791778,0.26876785676246645,0.08653144164059824,-0.19946989071727483,1.6840054455378657,1.3605026070053652,-0.022072047389975084,-1.4745417431702341,-0.31939994126386323,0.05789077697609184,-0.25307626040245657,0.08301900099232681,0.508717678339376,0.46071122911713414,-1.3318962811226478,-0.9163013668817844,4.609129267689216
8b0863a2-01d3-4fdc-9994-7b50b25bc730_48.png,0.4892362204991362,-0.46128511552862106,-1.4573860158248697,-0.5136774164780573,1.5491549406724314,2.256880757210672,3.5610851149339986,1.1874710644720625,3.3172401998266516,-1.9594958173652766,-1.665640349031037,0.5737244662386327,1.0287688739047762,-0.3196938172831506,-0.29516276229366223,0.7336825862434394,0.4251524789351571,-3.024984804909236,-2.3342411970727226,-0.07106540056829591
41b05097-d935-4d5b-b15a-8c9cc622e21b_20.png,0.19414152585240207,-0.8881437637417665,-1.9343806557194099,-2.846150150939454,1.5503671241612418,4.664097838136965,0.5867940560533218,1.924090080539311,1.8946964356723608,-0.09434127706959436,-1.679694169351685,0.36067698823465566,1.0597543450833513,0.9377125688399496,0.2978233294344357,2.4374513526082366,-1.0056315439154655,-1.7966835786171913,-0.3271169602283588,-0.71824856953828
27bb6d3d-77c3-486b-a22a-3741dde393ee_85.png,-0.8099411199824692,0.04022850644803588,0.2756140038609949,-0.8898108117159923,-0.36167036961834254,-0.24820315810129642,1.7487023765655378,-0.45553452667750144,-0.44297688554170617,-3.6485035723382824,0.015596654728272374,-1.0387472505316018,-0.07293676800011387,-0.26259305424255575,-0.04379883907957719,-0.04263435982321559,-0.5518949425113457,0.46312595438942145,0.4764175379953827,-0.07106540056829591
4a7aeead-7888-4bb1-a39e-eef6dfc4a6ff_44.png,-1.3108772375312254,-0.5144632453486423,0.49884375252684043,0.9222467718949905,-0.3045432585558595,-0.35121679755715357,-0.6028767830846518,0.4812105103823028,-0.23453975899994278,0.5372222062536445,-0.40989427402105283,1.290948272916374,0.5295585049166229,-0.5726819201991197,-0.5891345974171669,-0.6911300285329603,1.9093682431863575,0.5935098214770889,0.5198662987776442,-0.07106540056829591
268cf2e7-02be-4b54-8659-24b54163053b_88.png,-0.8371502603690901,-1.3387995893849978,-1.9890482779393448,-1.270926383020337,1.5056971398685168,0.38796327383942686,-0.2013604671390288,1.101084180422848,0.6137875338523059,-0.5036960909846261,-1.2591644246895126,0.20926324202682592,0.8979413289285706,4.355034623588886,0.6750435509686038,2.787009152069112,-1.0330593031475825,-0.3572122151983293,-1.5912361891176,-0.07106540056829591
578fbdd2-3bf8-444c-8c21-8d2666ef631c_127.png,0.5208559899583015,1.966448324317069,-0.04055455808029203,0.9887222928907313,0.13415959805725597,-0.42525485822921955,0.522996934055221,-0.4285953635893651,-0.6147798563492431,0.37480681544239514,1.074810038503809,-0.6760188152529413,0.07166209749990296,-0.477910514874799,-0.42982135101504326,-0.5243817912531055,-0.4007592266526481,0.6781756581565368,0.696480991254171,-0.07106540056829591
27bb6d3d-77c3-486b-a22a-3741dde393ee_15.png,-0.5270817520274123,-0.222735585219132,-0.9072466572209829,-1.8863544209847827,1.0369994602099866,0.7821542796153542,2.3899022861080876,0.46206067252299876,-0.4314514883867771,-5.90481833088507,-0.1808118741724603,-0.2662054869628828,2.151131496595383,-0.1543395243114279,-0.3190231465146554,0.5414054703926767,-0.5440084124349485,0.42509098732767486,0.13728364652587216,-0.07106540056829591
19ef2be7-6425-4194-a4a4-1b4a7fbefc4e_123.png,0.5548677835881257,-0.7818495517197248,-0.5100183661842537,-1.7086663403654865,0.13410511394387162,1.148484750147107,1.14395203721026,1.4571247166821943,1.2858869112931686,-0.7374196980486608,-1.1972248289237462,-0.10285787349202208,-0.8165880762859147,0.7148609797509612,1.7205328563674038,0.7297638827745224,-0.48267835488821886,-1.3096838603585876,-3.6172593861727793,-0.07106540056829591
268cf2e7-02be-4b54-8659-24b54163053b_65.png,0.46909622084155805,1.1348034813259213,-0.39441258734273055,-1.2389020919309766,0.20223183176665563,0.031818460645320366,-0.11440571945398766,-0.9599031229760849,-0.7220601273147762,0.4586514520450475,1.1314267068605517,-0.8495280365675241,0.6500575594999702,-0.08534276897070905,-0.03382216353368498,0.4739204786031691,-0.17833076131567888,0.7217637304092984,0.7927900019332562,-0.07106540056829591
00367bac-0715-41b8-93dd-c21b8877a1f3_39.png,-1.155054133828015,-0.48687071674385207,-0.9304831362726556,-0.6865600977127987,0.7987218601469641,0.1904132391004951,-0.6169584032402623,0.46868693816584683,-0.2828393844975424,0.6482354437250242,-0.30184502917526235,1.4065406204956352,2.7914979009526,0.5479205544725553,-0.268150742676366,1.0884274941869059,0.1331344325233551,0.19155628956855072,-0.3787175101666086,-0.07106540056829591
8b0863a2-01d3-4fdc-9994-7b50b25bc730_13.png,0.9306973555046478,1.282772201762756,-0.763000229979801,-0.19437931609790865,1.1023000054278886,-0.40010950462264894,1.4423859511762418,-1.779898422531833,-0.8007498719831084,-0.9979094183477074,1.7691606972346825,0.8350414738381345,0.7705566140833177,-0.16108058661483146,-0.29977970083490924,-0.030153528306359322,-0.22056992292511626,0.6256874036113265,0.5805067899128643,-0.07106540056829591
9229a83e-46a1-420b-bbda-57bc886c344b_15.png,-0.6341024685929597,0.2565586306580852,0.3352879995582561,0.45904007625636023,0.018643848033944914,-0.48632735405139677,-0.44139368576137117,-0.6669202455917432,-0.688707409581156,0.5034114373240912,0.6149640514567997,1.5201089366561202,0.3436456778451727,-0.4787035810281406,-0.5728846999908797,-0.7039549774329138,0.6067666307334051,0.7191773526490997,0.7870753311425247,-0.07106540056829591
268cf2e7-02be-4b54-8659-24b54163053b_51.png,-0.24996676965912218,-0.278350922088642,0.627241412843082,-0.8075908063826236,-0.7564306727232648,-0.1235224772526699,0.10256215714622698,-0.48532951010308056,-0.41921183942523066,-0.9221662165720365,0.30871125633961854,-0.08419445790949472,-0.7201888326192368,-0.2919365019161948,0.31945496496196646,-0.25329522814159827,0.5563646286549748,0.20631385678850842,-0.1687137955728801,-0.07106540056829591
41b05097-d935-4d5b-b15a-8c9cc622e21b_37.png,-0.46978049033952346,-0.5372760945125251,-2.2579729918217737,-2.4034383637482426,1.508407470908599,3.9256009157792775,-0.5027886453837889,1.2550011121562104,-0.10010546137338114,0.6433242209498772,-0.5293653292635819,-0.6610731621112362,0.591529447273773,1.309660594757158,1.3797125049804786,3.5628419251046544,-0.5961364718345521,0.4896743613985206,0.2799823377414801,-0.07106540056829591
a653df7d-134c-48e9-9911-e3a0e5f096f4_6.png,-0.5537053050920818,-0.12813265249157788,1.3087646186271302,0.4410302988335649,-1.4315134044368887,-0.5653020608360951,-0.050231720878446025,-1.240779312643137,-0.6970655400453258,-1.0766270332795913,0.8080804936203488,-0.7514944732480554,-0.57558996711922,-0.3292106111232498,-0.24942684135173515,-0.5886205793638191,0.637654416748045,0.7217637304092984,0.7927900019332562,-0.07106540056829591
19ef2be7-6425-4194-a4a4-1b4a7fbefc4e_26.png,-0.8741110601938442,-0.6859326853752156,0.6171625444951999,-1.0440582457947414,-0.7203666073798232,-0.5052752354939525,-0.23080700780925884,0.8173424012816971,0.9428585859203814,-0.009532469759216042,-0.9140673270942031,0.47211669727573985,-0.38967714004776977,-0.23642187118228306,-0.09573079264640379,-0.21717711344403962,1.0930586709701673,-1.0291379433111447,-1.0621216891214074,-0.07106540056829591
48a4d49c-a4cf-463b-ae33-31db1940e1d3_32.png,0.6901972074119765,0.05922900226086502,-0.44026358513281677,-0.008104764006489797,0.797182077511942,0.03106384325041282,0.03610800882566099,-0.7290555590473201,-0.5301597053662465,-0.26994872228507605,0.604318419515128,-1.144498988159051,-0.30016355664299743,-0.16068405353816065,0.06489573127179363,-0.08256531388674787,-0.11875941075193529,0.42372172851345197,0.13425823257783756,-0.07106540056829591
855258ad-52cd-446f-9db1-1bc38d82eebd_97.png,0.6479503620024727,0.08717761841162916,0.23597631276569275,-0.8343496974991801,0.0772751099206743,-0.3416575685755429,-0.5062687924481086,-0.5693249856512403,-0.6897994512701201,0.5603652243728048,0.5818865771048872,-1.4472212821466202,-0.13146488022631114,-0.5239083517686116,-0.46925835532553806,-0.6481244459806994,0.21743734342199106,0.7217637304092984,0.7927900019332562,-0.07106540056829591
81faa7e7-ef94-4bfb-ad32-94fd63e1848b_12.png,0.3957691124818845,0.553646473505177,1.0396385975520626,1.9181515876201771,-1.2995832035523978,-0.6225418561125381,-0.3906683281103076,-0.6575513797922876,-0.7006993502525648,0.5318402041121897,0.762357104520254,0.6140326935540004,-0.9680726020478371,-0.5496830017522134,-0.47127302888804307,-0.8693408367889186,-0.7473861000932922,0.6762739098034495,0.692279027437458,-0.07106540056829591
19369012-66cc-4209-a974-c98c915c0a70_9.png,2.145277067658966,2.2394080659173556,1.1110737780990212,0.393619409949463,-1.3478281155646625,-0.6545031639184962,-0.5445819971818379,-0.6386514388934222,-0.763423688022982,1.154945122317857,1.0768903692534937,0.2651293961959576,-1.2021850509526262,-0.4644283902679919,-0.22133716307473475,-0.8912728338496769,2.0741380038306896,0.7217637304092984,0.7927900019332562,-0.07106540056829591
10b42c78-10e5-441c-bc2d-1bc4a35bb63d_28.png,2.073448940750462,2.9850427298188817,0.31384476694887564,-0.11296468945642878,-0.18534542727149117,-0.5459789902500591,0.9641555872492608,-1.0742708442847797,-0.15680026993109974,0.5864842423770664,1.4605689356387723,0.4246895087549334,-0.196878652714414,-0.5397696748354435,-0.48091080722841645,-0.6556587857711303,0.08393398036297396,-0.015430001181474298,0.4265452428972758,-0.07106540056829591
4af4cf7a-5d36-4d0a-9b11-fcbd77f87c6e_99.png,0.36967999849388383,0.23643809184235823,-0.09703158497424204,-0.572165975398934,0.3879601522402827,-0.2835805913887998,-0.6086965378256878,0.16427831879851917,-0.6449198105071873,0.8666957542409052,0.38045856942718476,-1.6758907044989715,0.09576190841657244,-0.4969441025549973,-0.3459552746427796,-0.40383540891139835,0.1926803582980235,0.7217637304092984,0.7927900019332562,-0.07106540056829591
27bb6d3d-77c3-486b-a22a-3741dde393ee_80.png,-0.5726432068182172,-1.1007896515111377,-0.08169091358461944,-0.4867978229835347,-0.1881395765384458,0.2435848489716374,0.6483020476812988,1.0539939433814278,1.9364931324345647,-1.23850313918435,-1.4298618031956054,0.7877704911153989,-0.7993739256311507,-0.08217050435734267,0.899236606521581,0.28786571857933196,-1.5244163140780742,-2.5189676031197594,-1.3406051231947884,-0.07106540056829591
2ec83b5a-f1ad-4dae-bb33-773f1eee7923_0.png,-0.8527789606773368,-0.45710384042194024,-1.1455648443785362,-0.07756092258141231,1.2047155017490578,0.6274765234539007,-0.23423667756698635,-0.5030927451610957,-0.3788791381041133,-0.4102460999410028,0.28379621489851997,1.1995970593775602,3.7623759978812847,-0.19557896428519086,-0.4238942291284329,0.6988205206209005,0.24065557688027434,0.2410778166829448,-0.2692983723793741,-0.07106540056829591
78667ea1-0eed-4d74-b94c-83a1d16767bb_50.png,-0.43414004774146625,-1.0876687391054527,-0.8060617172575949,-0.6206361487142757,1.0466434942633829,0.6716150133900326,0.16356413700137123,0.7638284708419313,1.4480526510435412,-0.3851934124750063,-1.1500014841414485,1.5113999157492632,1.2491100022857542,-0.029035072083455744,-0.3259038699686728,0.392325560824178,0.07662648615693686,-1.4103243832039691,-0.056662079331435904,-0.07106540056829591
00367bac-0715-41b8-93dd-c21b8877a1f3_26.png,-0.06893944818839251,-0.4539515801056317,-0.15225912168220082,-0.5013381957297967,0.39872747768149747,0.23429919413276587,-0.5105884731208437,-0.7619347530567513,-0.6359853268150687,-0.061772299857771606,0.31683256963569584,0.09205599521521629,0.842856046833326,-0.40891375953408016,-0.3575440475261125,-0.13806414523600305,-0.6571771753535084,0.7217637304092984,0.7927900019332562,-0.07106540056829591
8b0863a2-01d3-4fdc-9994-7b50b25bc730_14.png,0.7148294452892278,1.2878527753596907,-0.9425308795816485,0.5710169293999687,1.2950050992185647,-0.19855076291097148,1.7596584295098843,-1.6752845898539734,-0.7751655072869063,-1.4358409116109052,1.5715022630064561,-0.13701563419799637,1.111396797047643,-0.03656920054020091,-0.25545734568201506,0.22295132666641154,0.9751477236665863,0.7217637304092984,0.7927900019332562,-0.07106540056829591
19ef2be7-6425-4194-a4a4-1b4a7fbefc4e_43.png,1.190745779813162,0.23319296623705296,-1.501772944495544,-0.9684408541344107,1.6621868049040727,1.1101254980018096,0.09610663608351032,0.058005287150133485,0.9475547727251594,0.6808194024354447,-0.05922190951554681,1.267705102153077,2.199331118428722,-0.05005132514700804,-0.42642740257492817,0.35031794020143875,0.6112292672981923,-1.000003158541847,-1.5597564366544971,-0.07106540056829591
27bb6d3d-77c3-486b-a22a-3741dde393ee_79.png,-0.9557996596787967,-1.2820718299668377,-0.5263542243939439,-0.6788069847163513,0.11263182134546731,-0.5159407308059686,-0.330175766472,1.4572858745586723,0.9189683253819031,-0.18201951248133186,-1.5499179292078291,-0.35178458140878494,-0.8165880762859147,0.05344380786407022,2.2059832679035893,0.9766309439461806,-1.0289755471656472,-0.8680978927717097,-0.7724838900442625,-0.07106540056829591
48a4d49c-a4cf-463b-ae33-31db1940e1d3_28.png,0.18063181185742747,-0.5173683815898098,-0.059867505506956256,0.24155863043708983,0.46367216847565995,-0.030737176896238623,-0.4415129113014818,-0.9416557711053603,-0.6536340171009252,-0.3686005806979715,0.4358724897042656,-0.42054627642141024,-0.37246298939300587,-0.1705973804549306,-0.1382753210405854,-0.3764598281036323,0.7032410065961351,0.7217637304092984,0.7927900019332562,-0.07106540056829591
4af4cf7a-5d36-4d0a-9b11-fcbd77f87c6e_123.png,-0.3173584713301469,-0.2471501828886085,0.14216983568477315,-0.15589048413764778,0.14065240523921693,-0.2537399346022412,-0.6023788229067353,0.1434689170253095,-0.606805946689944,0.5466192438364272,0.16785970603934589,-1.2026504634762933,0.18183266169039197,-0.3752084480170623,-0.4297614587266364,-0.5028817811394963,0.40862766802857253,0.7217637304092984,0.7927900019332562,-0.07106540056829591
6764beec-de30-41fd-ac4d-374023ed0a03_24.png,-0.47395101146144303,-1.2232761082067503,-1.6307324479731062,-0.010563699038022234,1.4119465363777532,2.7198725427915984,0.6310552216932973,0.8614965440800267,1.2643945674497332,-1.3492649606541403,-1.1421418068240892,0.9482225607652328,2.2096596088215805,0.330620428456958,-0.17535242471968268,1.5502392152730449,-0.0038113218897283547,-1.1360162007546528,-0.21248521053052236,3.12384434817609
2ec83b5a-f1ad-4dae-bb33-773f1eee7923_41.png,-1.3508385925620323,-1.1327533398762544,-0.9833081475982962,0.17216094351955483,0.6566101278518396,-0.6573928621795474,-0.6076327982665191,0.6415764993739391,0.21358091944000004,0.29492245998969985,-0.8945825779790549,-0.33182279572782347,0.40905945033327556,1.55907989998309,0.2831475481135154,1.0650258185159946,-1.0423160416067898,-0.2758173856861916,-1.4113921377622407,-0.07106540056829591
75769513-6d94-48cb-b36f-b1f9dc9210d3_6.png,-1.0924993744594418,-0.9653808990726387,0.96179875710442,-0.8059534419916522,-0.9469652976879537,-0.44652639031865665,-0.2215188737195504,0.7177311105520904,-0.2309567062297673,-1.4419440323059356,-0.5906605380740686,0.49216912651922234,-0.6478893998692283,-0.2709202488526425,-0.02238215255546143,-0.4290434814616509,-1.5785934367533405,0.2901429241925979,-0.04125539464559439,-0.07106540056829591
268cf2e7-02be-4b54-8659-24b54163053b_38.png,-0.4216493528102649,0.035863658489316545,1.5895990364100816,-0.78329978904908,-1.4689880104973339,-0.20872838469728577,-0.18632411363235055,0.8277152689974651,-0.4239382858963021,-0.00397416349802001,-0.053705037308536936,-0.7969836005579611,-0.7098603422263785,-0.31652155266978427,0.10035847381423277,-0.4010264574281363,1.0482413883526496,0.34240296893543776,-0.045417740224853925,-0.07106540056829591
7483fa58-40a2-4a34-b0a6-a30645af78bb_29.png,1.100180477007761,1.0531267051690893,1.8173834280314562,0.8498191009489097,-1.9901649124330727,-0.6348162681997463,0.7312916945466614,-1.776240623520302,-0.8130469993651205,-0.7663854066675682,1.6496594431364144,-0.1439475766735434,-1.1092286374169011,-0.5385800756054311,-0.5208625360283002,-0.9192231175917478,1.2305867349082988,0.6869237005807385,0.7158100248110545,-0.07106540056829591
00367bac-0715-41b8-93dd-c21b8877a1f3_94.png,-0.15794581786625764,-0.32911144794190456,0.270562467701452,-0.5374374519537107,-0.11265233314682924,-0.2630450856432111,-0.669323808840484,0.11745182748105314,-0.5874196866963455,0.7270926058782736,-0.02326153378750314,-1.0915270905670889,-0.39656280030967533,-0.3422962026533861,-0.17662886867411265,-0.4289296913185172,-1.9994579233651704,0.7217637304092984,0.7927900019332562,-0.07106540056829591
16c36170-95cc-4260-985e-1bc7fbeac4a2_48.png,1.4132678129547693,2.1094518488338685,0.024225950202133438,0.18774202970774012,0.12592332418313,-0.5461225925615516,-0.3805353959078151,-0.43443637058882595,-0.59899153905139,1.0347326306355429,0.9728196058308806,-0.9634442368420114,-0.3242633675596669,-0.250300528865761,-0.11524345705494521,-0.30374962005471234,0.30345370706686464,0.4337629598177531,0.31758061273842475,-0.07106540056829591
268cf2e7-02be-4b54-8659-24b54163053b_71.png,0.8268154855526457,-0.47986126507710763,0.1702332420384374,-1.0748766649590402,0.19891862835465127,0.0745072900499036,-0.4905031502480265,-0.7535334133567546,-0.648742584763256,-0.048827509079282336,0.39035925857685727,-1.5200782351538766,-0.3483631784763364,-0.5346147448387231,-0.400344989633515,-0.6338663309766547,-0.567039313462036,0.7217637304092984,0.7927900019332562,-0.07106540056829591
273317d8-7414-4eb9-bb2a-b42c7082fe9b_47.png,-0.7295995136974918,-0.5477848068098556,-0.29371538516082163,-1.7949142448440008,0.1951714672283529,-0.035465763073617915,-0.47983633536722065,1.1808630852098014,0.6404107046713776,0.6992696247829888,-1.2338484648758803,-0.22864908627896496,-0.09703657891678333,0.6002629205931006,0.1639941917169594,0.36078920390289854,-1.525803617569653,-0.6148610820746008,-0.22481193272702418,-0.07106540056829591
16c36170-95cc-4260-985e-1bc7fbeac4a2_52.png,0.2699317762796375,0.3699080180554897,-0.6441392921761813,-0.3785879329897529,0.7091155483786165,-0.14883097179889188,-0.6005579237486822,0.6759449474776835,0.3197779310656482,1.087681246861765,-0.22337380563308043,-0.2770208668547386,-0.18655016232155566,0.21047090622570622,0.41500406641505555,0.5788391020246532,-1.417631047246821,-0.40429950442077156,0.337959336219351,-0.07106540056829591
22df8deb-bec0-46ea-b532-d6d7e8d8d57a_19.png,0.7672978914451787,1.800566308033242,0.8040440912042218,1.5005566476814267,-0.8742280782040144,-0.5396415596464829,6.043661246462818,-0.7700490116270264,0.4567683123595574,-3.110446145204163,1.0493833339246241,0.8429995755213487,-0.8820018487740175,-0.4628422579613087,-0.3229270010847393,-0.745721751144802,-0.312807549988114,-0.5567436524042519,-2.032106232767233,-0.07106540056829591
6764beec-de30-41fd-ac4d-374023ed0a03_73.png,0.14382341749589092,-1.0249469545878782,-0.6572396606563925,-0.26536221546925326,0.32075279023470576,2.055547195477171,0.6781759422355615,0.25664296879772636,0.912123448703496,-0.8939443877148132,-0.6828096610336872,1.6348793721482289,-0.5687043068573144,1.8596519720995546,1.2530072959638687,0.9568246328802396,-0.38412716359508886,-0.9608271424682479,-1.6595391956404564,-0.07106540056829591
372d139f-2c82-4ef1-b50b-d092a9b46c49_3.png,1.1570400755082695,0.7206745188143524,0.7350385213759101,1.201780404903569,-0.6824346623493398,-0.5993139922272265,0.30145884830967523,-1.7021975495309278,-0.8005776663355217,-0.5518932323970047,1.4610026988110627,-0.4264481907110838,-1.03348637453594,-0.5243048848452824,-0.4009705449797209,-0.863517036641803,0.14992192223780337,0.7217637304092984,0.7927900019332562,-0.07106540056829591
92da35e0-d1db-40c0-86e2-73b0de7f8784_21.png,-1.0094981647504964,-0.36812734443263145,0.3715454999528665,0.31271008817615603,-0.17178381013144225,-0.49100270837083815,-0.5479652154304314,-0.17525683471217995,-0.5629383465125859,0.28762854935987536,0.09281365733986519,1.266713263248371,1.1079539669166902,-0.5306494140720152,-0.5777381324147685,-0.5921897793515871,0.8372993212657254,0.6152658226364078,0.557480028197273,-0.07106540056829591
78667ea1-0eed-4d74-b94c-83a1d16767bb_59.png,-0.6992343818108402,-1.2303885820423868,-0.437687918114118,0.6249889148209732,0.727294016663023,-0.36196120264058873,-0.4670135511091416,0.09771482764869531,-0.39126585566015004,-1.2275724609641607,-0.5855022091596984,-0.7619902398383164,-0.5205046850239755,0.06613286631753576,0.36548805740572,-0.00415102974562578,-0.2759640313244144,0.5058772573668247,0.3157830694598828,-0.07106540056829591
372d139f-2c82-4ef1-b50b-d092a9b46c49_2.png,0.5153943416420786,0.573998329883883,1.1140325197814782,1.8843024316710013,-1.42976450426623,-0.6492105650589725,0.23478823595654472,-1.159778659866026,-0.27303716276980067,-0.17365657841410895,0.7399844174388819,0.587979910528834,-0.6513322300001811,-0.5659408578957161,-0.5397099180290327,-0.8274377607375621,-0.6736319630958162,0.07311540213827179,-0.5211445028795615,-0.07106540056829591
4a7aeead-7888-4bb1-a39e-eef6dfc4a6ff_85.png,-1.4395595005375927,-1.0901652807510864,0.12390350837847898,0.8557522662720282,0.012221149982898806,-0.623148151579558,-0.7250646907711102,1.0956531142507344,-0.12352990232564533,0.6601172952206401,-1.131128091614091,1.5011691363628579,0.37118831889279497,-0.27766131115604603,-0.38650471249866225,-0.33709585610350923,0.754208332521335,0.21475761947621616,-0.3274535516026975,-0.07106540056829591
90bae25d-a144-44fe-8481-52b9f3c73315_25.png,2.082520552457675,1.3229451576491504,0.3125106954853847,0.4892899717986461,-0.26353118458258556,-0.49888253444020664,-0.2503451319044776,-0.945314649977369,-0.7572158172227552,0.7266074601629685,1.1527191387638365,0.7448588864105441,-0.5687043068573144,-0.5175638225418788,-0.5170310727661855,-0.8023021962244373,0.30036790627175297,0.7217637304092984,0.7927900019332562,-0.07106540056829591
8b0863a2-01d3-4fdc-9994-7b50b25bc730_5.png,0.33092679804022596,-0.19611158789479763,-0.28852010580580073,0.741751288183114,0.5493562633227244,-0.14921705910106323,0.0090825208114955,-1.0688708178842228,-0.6673521445871974,-0.9413485152964893,0.7566595057741521,-1.0688091326894698,-0.4585337426668254,-0.15037419354471993,0.28302488337549075,-0.022698314161989284,0.12774176185509092,0.5878045764178268,0.4968036706839228,-0.07106540056829591
a653df7d-134c-48e9-9911-e3a0e5f096f4_14.png,-0.6046242065773225,-0.11009137466620511,-0.08266600441118203,0.5116697447644155,0.5216560792651773,-0.2954935312194019,-0.4777320820034501,-0.4358269986414675,-0.6394763515990065,0.3474224755879555,0.42646228472020287,-0.40563549191135034,0.1370758699880058,-0.3752084480170623,-0.40246511728310713,-0.46720424079195705,0.346358460258813,0.5770787157064143,0.6534724694320786,-0.07106540056829591
505d1bd8-e981-43ac-b532-853c95be827a_153.png,0.5335825020928509,-0.4231514260920588,0.8737832665885373,0.4103490766068,-0.9106838795121504,-0.34639889012247765,0.6010010952835941,-1.3391270560973125,-0.4082820577547765,-1.7932850822726796,0.8707034687170028,-0.3399502918425034,-0.5170618548930227,-0.5195464879252328,-0.3532320559426179,-0.6326019871346777,-0.9725661987985988,0.2008368215316169,-0.3314270056118154,-0.07106540056829591
81faa7e7-ef94-4bfb-ad32-94fd63e1848b_51.png,-0.5300350368699579,1.407167194985138,0.9832455899766493,1.639041763870059,-1.1290627329538745,-0.5234699208303493,-0.5701721335637625,0.2787189739293287,-0.5974685659544691,1.115818054759498,0.4798188657632358,0.17114531291421217,-0.35180600860728917,-0.566337390972387,-0.5205459713037539,-0.7586844557580743,0.6822273907642417,0.715678135679419,0.7793437177197717,-0.07106540056829591
19ef2be7-6425-4194-a4a4-1b4a7fbefc4e_55.png,-0.17248245196598685,-0.9130113537674038,-0.4960624158827183,-0.22884237181114722,0.7901279681988321,0.7921503781747656,0.4142839898150829,0.6231064699300736,0.19848710758380192,-1.5058840681152748,-0.598155970598035,0.34539856069517233,-0.00063733525010545,-0.06749878052052315,-0.0809699071668186,0.02945850169821451,0.38759654266258176,-0.2761216654226855,-1.4120644519729162,-0.07106540056829591
53345714-cf33-43b8-9e6c-89b5c2c7aad7_2.png,-1.1426668909619133,-0.46914056887135075,0.12492446540250374,-1.2153172237319176,0.04927904820860738,-0.6640324780385207,-0.701923787627458,2.0967162266185833,3.06454980199443,1.125879803416108,-2.487667855033571,0.31594540671261395,-0.03162280642868048,-0.5017024994750469,-0.3526618441863728,-0.18274576903400322,-1.35847138535454,-2.81754209455447,-2.134521044835288,-0.07106540056829591
386822e1-0d1f-45b2-97d0-ac0273ee2394_49.png,1.1894755938531558,0.3147258382314124,-0.3410111361704844,-0.8314652536651955,0.73879890757108,-0.09098430639659125,-0.17014567235443118,-0.9330266088235706,-0.5095415870264989,0.4254408054166566,0.8233006500771733,0.07521441279610275,-0.04539412695249161,-0.16821818199490582,-0.28365987229802864,-0.35207796200499525,-0.7153344983092635,0.35358524925159124,0.4128266200174628,-0.07106540056829591
41b05097-d935-4d5b-b15a-8c9cc622e21b_99.png,-1.3805271606112857,-1.5238951213521716,-0.9715311167256473,-1.3212005997743206,1.0439727505277951,-0.34498321816701905,-0.5065567918047394,1.9580385617882168,0.7440919402270788,-0.10422034659897321,-1.870674557879919,-0.31091111200604976,0.6948143512023565,-0.19597549736186168,0.01367149659222096,0.8417883261957894,-2.087874223092945,-0.7064492827592866,-0.6751892325946002,-0.07106540056829591
92da35e0-d1db-40c0-86e2-73b0de7f8784_22.png,1.6715819817221962,2.856512484313911,0.44524112605915744,0.8776098434577139,-0.3554879910234917,-0.658249353918819,1.4366956413073266,-1.6540086062024832,-0.7577916595212203,0.036808485377553435,1.800231996839844,1.2202214500295543,0.6018579376666313,-0.4362745418243652,-0.5115488856084108,-0.5345668823630871,-0.10117405123630632,0.6243181447971036,0.5774813759648296,-0.07106540056829591
81faa7e7-ef94-4bfb-ad32-94fd63e1848b_0.png,-0.5428581603844491,1.0389966114141378,1.6344040684776562,0.8970726456530723,-1.8247921547712829,-0.6284014225080107,0.07084816347680244,-0.5843972232472626,-0.407342503805141,0.2448843059759101,0.8114625127492593,0.5823207249217713,-1.0438148649287982,-0.5314424802253568,-0.46457629560569785,-0.8835545574986882,-1.3509314125866387,0.24936943950240556,-0.2509778101385012,-0.07106540056829591
81faa7e7-ef94-4bfb-ad32-94fd63e1848b_37.png,-0.32421762713906643,0.809715299568494,1.515191677861592,0.009850671482759673,-1.390896706903362,-0.5767513051772893,-0.6554493624156111,0.4120202728438194,-0.4962408455535914,1.1045367587531847,0.11989358049119528,-2.1643226064481165,-1.0231578841430815,-0.5933016401860012,-0.49844497400314675,-0.8931863927118028,-1.5161959554519702,0.7161345552841599,0.7803521890357824,-0.07106540056829591
27bb6d3d-77c3-486b-a22a-3741dde393ee_43.png,-1.0839001506922878,-1.1662856402396573,-1.2682964758901618,-2.1599183441972696,1.1468385575125761,-0.09316518508665751,-0.6394740690709709,0.30223657920042696,-0.43817672940602165,-0.1605560182797037,-0.5673502744899193,0.10556763913403942,2.4919716795597084,-0.09327343050412501,-0.10103850496247609,1.5311744248096555,-1.2022555589620254,0.6019535841647966,0.5280662814802748,-0.07106540056829591
578fbdd2-3bf8-444c-8c21-8d2666ef631c_46.png,-0.13138137665765923,1.2666984359463762,1.058397044096203,0.32140867630711717,-1.1687335081334702,-0.5028335443676053,-0.130905295498387,-0.916978189347079,-0.6187509009540435,0.49999674115528525,0.912831285368574,0.14379802514550075,0.33331718745231437,-0.5627685932823497,-0.5937034323319664,-0.7410877516232873,0.9716070513848453,0.6859347914371331,0.7136250036263654,-0.07106540056829591
a3283dda-4e12-48f9-90f3-8f3223c77d46_34.png,0.6545776378814041,-0.013101963541166656,-0.7044739006678786,0.7253392171824883,0.9294973947726703,0.35174369106274583,0.21867482679141245,0.9398584999653211,2.297752107496155,0.5232843060743351,-1.0364818469411556,-0.021072478970785666,-0.5067333645001644,-0.08534276897070905,0.40887557432432775,0.4248498669587055,0.2652585894725306,-2.180988885809079,-2.2528024401335798,-0.07106540056829591
519d608c-1d5a-448f-8835-1d3a5261bbba_18.png,-0.2539121750866285,-0.25370965291488096,-0.21993016460876447,0.0036140715359205275,-0.12809601045535737,-0.45535896291864353,-0.31412615071274524,-0.6195123820026307,-0.48733210280601,-0.04605232569786625,0.41734382208586734,1.6311253526205745,-0.937087130869262,1.2890408747702766,2.201076643159882,0.3401202812311207,-1.0542500342942716,0.3618008021369285,-0.002557709294371245,-0.07106540056829591
273317d8-7414-4eb9-bb2a-b42c7082fe9b_24.png,2.328601282613585,0.1742894636810708,-1.1289481248423199,-0.7321530784435178,1.3423267034338933,-0.20274396284910268,2.4800163557676966,0.5131983847159737,2.773584448189197,0.06114556603972734,-0.7734730142103444,0.08655288279281141,-0.5618186465954088,-0.04489639515028766,-0.022073103412065254,-0.11183529081885153,-0.6896067728447837,-2.569325899509512,-2.12874737371336,-0.07106540056829591
505d1bd8-e981-43ac-b532-853c95be827a_129.png,0.2703551167304439,-0.10839386813441929,-0.35785159074209394,-0.03284117998350989,0.5692111109520601,-0.03350799781907347,1.042560470163097,-0.27067336059504693,1.5139065389772703,-0.5740961436159084,-0.08967097251894936,1.1191996381421065,0.5054586939999535,-0.43230921105765724,-0.4089844550166105,-0.1881296372073043,0.7319716652151724,-1.451173937828285,-0.8697057981064314,-0.07106540056829591
7483fa58-40a2-4a34-b0a6-a30645af78bb_14.png,-1.7778437956230415,-0.7348499625358891,1.5514854415433426,1.250005095302095,-1.4739493666982564,-0.6352575371335715,-0.42776078718399513,-0.36369992692438086,-0.4738725066086308,-0.9250532544349646,-0.12254838453605214,2.725999246864927,-0.7546171339287646,-0.5925085740326597,-0.6553220168969527,-0.9270711773310508,-2.002677221189064,0.5923687724652364,0.5068883838440349,-0.07106540056829591
19ef2be7-6425-4194-a4a4-1b4a7fbefc4e_27.png,-1.2222463857119734,-1.0921558354162282,0.5773755109223957,-0.7822027694321783,-0.7288118593021878,-0.6210253320387017,-0.32809690659988927,1.4190641202679455,2.1380032766855,0.04513699050522534,-1.705418667984309,0.43738181845608143,-0.038508466690586045,-0.06234385052380277,-0.2837268150897714,-0.14504084951236135,-0.46232217807097414,-2.0327285842023906,-3.866180426908097,-0.07106540056829591
2ec83b5a-f1ad-4dae-bb33-773f1eee7923_56.png,0.35292732923511116,1.1517933104508646,-0.2110938699693886,-0.8366930941182752,0.069095607724889,0.09171894481196637,-0.0788458505049947,-0.30502285688677877,-0.3325545583984113,0.6595399393735393,0.5800174882477273,-0.5856014994273249,-0.27606374572632797,0.4222195691679123,0.009149222458853854,-0.10680631884789989,-0.9134724834092816,0.18098256872538515,-0.06621584889266395,-0.07106540056829591
44341a17-f4a0-402e-8f84-ad64321de876_51.png,0.28775575702567446,0.08129800817819761,-1.2200618604822444,-1.0039829872469468,1.5557320170368472,1.0325152959709045,-0.6533571864442155,0.18820960638746054,-0.6058628657693966,0.958852222594754,0.17477415008621294,-1.3674393214515628,0.7395711429047426,-0.2126298865820352,-0.013307869187004112,0.5769386113758875,-1.0188821806614072,0.6421945793161244,0.6169798358419424,-0.07106540056829591
53345714-cf33-43b8-9e6c-89b5c2c7aad7_36.png,1.4458692668911497,1.7427035045807453,1.2048322937933076,0.49673885479059515,-1.4682449766698935,-0.6371763309456557,0.3523285153157816,-1.3469059677328443,-0.7952064959801435,0.21631814976736033,1.5417231151222137,0.7368426068124247,-1.0197150540121287,-0.5821987140392189,-0.6092070185478478,-0.9311955558610024,1.4031765726725913,0.7217637304092984,0.7927900019332562,-0.07106540056829591
2ec83b5a-f1ad-4dae-bb33-773f1eee7923_16.png,-0.18131322866023328,-0.1269230756431068,-0.4708448294201896,-0.523649923541688,0.4414183934330847,0.5843435716432369,0.5310302580448563,-0.9337492144282047,-0.22905984338501997,-1.2984952006568533,0.6534316255449237,0.6496323415408712,1.1354966079643125,0.2477450154327612,-0.27194105264907936,0.2754673369934204,0.779176215538947,0.06124849241500686,0.26517006002500126,-0.07106540056829591
855258ad-52cd-446f-9db1-1bc38d82eebd_78.png,0.11678613981088427,-0.6992954048133032,-0.5831551382091991,-0.8394479309130953,0.7124163031916126,1.0588103597931926,-0.18748137556324262,-0.42884531734743503,-0.21186148358837562,-0.24211460081667308,-0.016685592538506457,0.7378220718470179,0.10953322894038356,0.4416496899247814,-0.024334433183108337,0.15907681833230244,0.8548640204269953,0.07235470279703686,-0.4806441976890331,-0.07106540056829591
27bb6d3d-77c3-486b-a22a-3741dde393ee_42.png,-0.3148695613697481,-0.4847859479830925,-0.8071449639683849,-1.7821710376795474,1.1115873697553738,0.6646876516725883,-0.6257872867429993,-0.011064568001851393,-0.5500054609212345,0.5590968686884805,0.0011019998766051153,-0.05993214243925676,2.0203039516191774,0.024893426343772774,-0.3462131498003809,0.3539653452422703,-0.9731052578609847,0.6709490144148049,0.6805135287506572,-0.07106540056829591
81faa7e7-ef94-4bfb-ad32-94fd63e1848b_53.png,0.3989939897915752,1.7962178807632445,0.2525050056341081,0.4391631385079968,-0.5215381093954913,-0.2643285547523104,-0.18961566756958642,-0.8124005883650204,-0.7072005767668414,0.8874826478906497,1.1309462179449783,-1.2747358221283196,-0.5480473260715977,-0.4204132187575333,-0.09092309941580645,-0.443187806322562,-0.7587980668108649,0.7217637304092984,0.7927900019332562,-0.07106540056829591
7483fa58-40a2-4a34-b0a6-a30645af78bb_20.png,1.9898882965786395,0.7608154936227517,1.2982910508211376,0.7457190860171808,-1.626756362595625,-0.6365345963911061,-0.48282409643472,-0.5890401126407989,-0.7317414086715115,0.8285708186919466,0.9044698844309793,-2.4571867555606075,-1.1987422208216734,-0.5873536440359393,-0.450497701189186,-0.926823067259762,1.6144949990177044,0.7217637304092984,0.7927900019332562,-0.07106540056829591
578fbdd2-3bf8-444c-8c21-8d2666ef631c_90.png,-1.174599132193009,-0.7782795445546621,1.4125241623399591,1.7841596392342838,-1.5188511506166307,-0.4490266106427458,-0.5705793584605041,-0.053666377541003,-0.36190553827264,0.12897147343385268,-0.1735751526922735,0.613375039966827,-0.9129873199525925,-0.5528552663655798,-0.562348188816213,-0.8935992292068422,1.0185417598083502,0.277819594864592,-0.1881164314404619,-0.07106540056829591
505d1bd8-e981-43ac-b532-853c95be827a_78.png,1.2611806111586235,0.15521367695862784,1.1304238029668405,0.019433825349148184,-1.4903211233507114,-0.5207360289218633,0.43748311218351643,-0.30920671175006237,0.6475427525871377,0.23428183219199888,0.21767193350386693,0.4442159328140229,-0.8854446789049704,-0.29550529960623195,-0.024196484590380454,-0.5726552437683887,-0.24546681669601286,-0.7477552569883434,-1.1377163534093495,-0.07106540056829591
81faa7e7-ef94-4bfb-ad32-94fd63e1848b_23.png,0.3865110187109365,1.0727767074987704,1.0277087598028465,2.2233115496527045,-1.3384761005059476,-0.6139840637616423,-0.32180923032351,-0.5447344140355461,-0.6923255490766127,0.6269515722215242,0.7850810095831445,0.3556825953576075,-0.6616607203930395,-0.5306494140720152,-0.4333190941750005,-0.7620243605220642,0.024496506939773302,0.7217637304092984,0.7927900019332562,-0.07106540056829591
578fbdd2-3bf8-444c-8c21-8d2666ef631c_70.png,-0.6816700031992263,0.09082296175208317,1.2585003029101385,1.6733483095373614,-1.3337588213019593,-0.5581087898030843,-0.3742083906870358,-0.32215043792758663,-0.6075658853013975,0.2941840009505719,0.4206249649756556,0.5437344216603128,-0.7236316627501895,-0.5726819201991197,-0.597515154358335,-0.8871900261200151,2.4281526539619764,0.6863151411077505,0.7293809934845374,-0.07106540056829591
78667ea1-0eed-4d74-b94c-83a1d16767bb_40.png,-0.6410454046493852,-0.6106527737535707,0.26381789770617914,-0.8107483958177923,-0.004979078734681558,-0.25438166915679084,-0.6471447616126333,-0.22709784196446306,-0.5964950668370362,0.46462814822471526,0.03267185233213735,0.9237799386396126,0.5639868062261507,-0.33436554111997013,-0.4922224872809138,-0.5099157845414918,0.921445640115995,0.7217637304092984,0.7927900019332562,-0.07106540056829591
4a7aeead-7888-4bb1-a39e-eef6dfc4a6ff_89.png,1.4413525187410479,0.8443695687986525,-0.33827453216362374,0.6811792469847581,0.6537249163880674,-0.4677880601605907,0.10594785280864115,-0.8347480794975547,-0.3164519375869714,0.46703568076329627,0.9679456213605026,0.9762146618092918,-0.7374029832740007,-0.27607517884936283,0.07505728263541367,-0.4297152169479112,-0.2833207182711924,0.14614253889682527,0.1752395372291918,-0.07106540056829591
00367bac-0715-41b8-93dd-c21b8877a1f3_42.png,-0.5914619971549712,-1.126999498576124,-0.8823842119082239,-0.34095675220302724,0.950817870094962,0.3231987282984789,-0.616479952696182,0.08161105373728925,-0.4784928826585215,-0.35962416026149735,-0.3977109176548643,1.1908630491759915,1.6106071660357963,0.0776323255409889,-0.13527350442340444,0.8432854494856715,-0.192697586635664,0.6542896988417599,0.6437043257162437,-0.07106540056829591
2ec83b5a-f1ad-4dae-bb33-773f1eee7923_91.png,-1.2821798626906789,-1.1654632936055969,-1.574836779586429,-0.7424129214923675,1.3603319649549805,-0.2528646304511051,-0.24460682214278984,0.6186432172648672,0.41398784680127104,-0.8584669555390312,-0.8845075199325073,0.6423339367542296,2.595256583488292,0.6855175320773221,-0.1968476704400629,1.4745243155146324,0.2919102711332981,-0.4119825677672444,-0.32130939598806557,-0.07106540056829591
578fbdd2-3bf8-444c-8c21-8d2666ef631c_137.png,-0.6644252569233072,-0.32522193966630775,1.0646608249193819,1.2481261072293754,-1.1896359542459136,-0.5329698504627751,-0.7497242485867169,1.5555914839009448,-0.3571617491245585,1.0904534418769318,-0.7771115867794577,-1.705790280158664,-0.9508584513930731,-0.4822723787181778,-0.3487878866009518,-0.8107114699784383,-0.9711541799836219,0.5951072900936822,0.636091962903589,-0.07106540056829591
4af4cf7a-5d36-4d0a-9b11-fcbd77f87c6e_106.png,0.7803426533941752,0.4911133818991354,0.4948718778109047,0.24718069298704787,-0.5202433044373705,-0.4488272391853341,-0.2807789219821688,-0.9940743082716484,-0.7492676347583139,0.2857045947858986,1.0003330627208609,-1.4186677246571022,-0.3173777072977614,-0.3827425764738075,-0.37005768818115276,-0.5910919859645202,0.23164206866778975,0.7217637304092984,0.7927900019332562,-0.07106540056829591
a9e37804-c00a-4e4e-b99f-e267a0056a05_50.png,1.0169129816175364,0.2755216181707873,-0.8927353051297896,-0.15319731053447175,1.3067010556251784,0.25033976149107723,0.2760712405075747,-1.4024628578809384,-0.5658472655615859,-0.36329816668222864,1.110782475031436,-0.19328471719279436,1.8137341437620105,-0.2919365019161948,-0.43214807438859015,0.021541688627325584,0.4589063115057419,0.35449808846107317,-0.018693250350552616,-0.07106540056829591
48a4d49c-a4cf-463b-ae33-31db1940e1d3_38.png,-0.04238420585670316,-0.6170954092854388,-0.9206031608907969,0.11772631660404449,1.0991658001760032,1.0363727580548456,-0.3047169330225607,-0.5677013280616946,-0.5682046001776149,-0.49956447260430825,0.2629002828036913,-1.143253678402176,-0.10736506930964168,0.22197036544915935,0.4950130758346856,0.6317746713175882,-0.054715252087312954,0.5616365190793452,0.4389846485659371,-0.07106540056829591
53345714-cf33-43b8-9e6c-89b5c2c7aad7_27.png,2.0287672097529037,1.3919349781697254,0.5957946256335033,0.6049065479193745,-0.44698460285948527,-0.6012391958908754,-0.13591060044594006,-1.2932232007448226,-0.7962816211991433,0.644654160909703,1.441147783802938,1.7133704451366185,-1.03348637453594,-0.5905259086493057,-0.6447831771266666,-0.9446932380648315,-0.4640873591615716,0.7217637304092984,0.7927900019332562,-0.07106540056829591
92f1a624-99c9-48dc-9309-0fb5c6bc0e7f_20.png,-0.665372200164341,-0.3781026431041517,-1.2029323212491925,-1.5588671788022361,1.2146363375725961,1.4464388502388348,-0.6352615365459715,0.43999358579485964,-0.44195667536313954,0.7732900711689762,-0.2914185518933249,1.198304275951284,3.1495522345716895,0.138301886271621,-0.33953265632202084,0.8694614943008658,0.809114772160958,0.4482162473012168,0.4531263422524904,-0.07106540056829591
92f1a624-99c9-48dc-9309-0fb5c6bc0e7f_25.png,-1.3107232495080234,-1.4199951799327573,-1.4366346526085545,-1.7766081225295003,1.2469360264164355,-0.5757789121357789,-0.429871234082317,1.8126798578818257,1.3949197162483007,0.09336404005841786,-1.7935478325530685,1.2482015484727458,2.674441676500206,-0.008018819019903456,-0.2201637815337103,1.6672951501967768,0.04154931974120835,-1.3383622255231447,-2.9075378275905375,-0.07106540056829591
a9e37804-c00a-4e4e-b99f-e267a0056a05_85.png,0.13857164036967962,0.09197674186613644,0.037086437571757336,1.0344266932008284,0.480777223448729,-0.4767426923082438,-0.35537756823756433,-0.8832889538620957,-0.7008837015495267,0.048754278124951596,0.6699646404753787,-0.5750478257047378,0.06133360710704462,-0.49059957332826454,-0.46974432262040683,-0.5979358811664617,0.35400790355613315,0.7217637304092984,0.7927900019332562,-0.07106540056829591
95815a0c-6ff2-4053-978b-a34ec048fcec_9.png,1.2767274855547068,1.8105260582808487,0.9181757407316761,1.0442900361779779,-0.9002760091342177,-0.6434591018523848,2.6350389772006184,-1.7404355961784714,-0.7419815696313972,-1.5083333234998204,1.883008643472997,0.3688754897736787,-1.09545731689309,-0.5627685932823497,-0.5344769690291238,-0.9191536275910224,0.9667339497838283,0.5240579716223396,0.3559538435476686,-0.07106540056829591
824faab9-9bc0-41fa-93a5-24d93dec52b5_1.png,1.5205358449619943,3.0516148655156625,0.8645882218451113,1.6254710253766682,-0.7676191990678111,-0.641989340104778,1.7593348173295842,-1.807582702183903,-0.810245369393042,-0.11063548062067492,1.9896238399412867,0.13148481419528668,-0.8131452461549619,-0.5861640448059269,-0.6365218947460909,-0.9216901458583059,1.4595212940101316,0.7217637304092984,0.7927900019332562,-0.07106540056829591
41b05097-d935-4d5b-b15a-8c9cc622e21b_82.png,-1.2007587610294796,-1.2937192803312525,-0.4613968844196621,-0.20191384597187445,0.6719590973602804,-0.6058112522951338,-0.22126834524695427,1.6965532522757347,-0.1846152512669317,-5.129216865905069,-1.508453527716633,-0.5831278445266992,0.14740436038086416,-0.2276981434955255,-0.014603848810481173,0.13357916635729927,-0.31879139494121495,0.6792406372342656,0.69883409099153,-0.07106540056829591
81faa7e7-ef94-4bfb-ad32-94fd63e1848b_65.png,-1.1249838322614212,-0.5709229552417509,0.595228048482138,1.0239755421769696,-0.4063943055313858,-0.4565538668985703,-0.38214912133513057,-0.3333418620292284,-0.47310013113925414,-0.34157544220182234,0.1828314044527194,1.3714456928780465,0.2610177547023059,-0.5591997955923126,-0.5814033125638773,-0.7224942231694661,-0.6623479885900061,0.5476396512006224,0.4787967864375109,-0.07106540056829591
19ef2be7-6425-4194-a4a4-1b4a7fbefc4e_106.png,-1.1261637011873333,-1.2549580490037493,0.36621770798797026,-0.10525734916539196,-0.5625357898171738,-0.4664148075734588,0.4020595009946501,0.25041774049121285,0.6402435737351654,-3.0721821357543924,-0.8022406688627753,0.44245338122796185,-0.42754827148825036,-0.09010116589075863,0.04166072537229838,-0.11394578684334741,-0.2831712375715758,-0.6493968321666667,-1.7560488418529412,-0.07106540056829591
519d608c-1d5a-448f-8835-1d3a5261bbba_39.png,-1.074537601549998,-0.457838768792217,-0.15310682795179245,-0.2049121437286015,0.4467455926695433,-0.3344767285136127,-0.6359759607564526,0.4636098894251056,-0.5205247852543944,0.6196126987408627,-0.15230120962704696,0.5417297853759013,0.8979413289285706,-0.009604951326586647,-0.3872728926604154,-0.17276402673540409,0.24312932866928907,0.5532688263257609,0.5235873228997585,-0.07106540056829591
8b0863a2-01d3-4fdc-9994-7b50b25bc730_51.png,2.2345946768582117,1.3493836927425396,-0.17253479788132334,0.6656090168106623,0.1727499386747369,-0.49952426899475627,0.24433464043703837,-1.1005307293490512,-0.7848352465305227,0.34487654179569643,1.4531490692199778,-1.4978820091202343,-0.5824756273811256,-0.4461878687411352,-0.265229781191972,-0.6045896681683492,-0.3563612050251346,0.7217637304092984,0.7927900019332562,-0.07106540056829591
505d1bd8-e981-43ac-b532-853c95be827a_21.png,0.016733877736391678,0.7519306077722074,-0.571310091666143,0.6191712353624806,0.727866550495606,-0.24024956129498912,0.7479454896013857,-1.2536913410356725,-0.5803648042888404,-0.7500845813590029,1.2436761304759347,0.033424203536883274,0.48480171321423676,-0.2709202488526425,-0.19144077903612483,0.07815045333848512,2.241171902796238,0.4447170303315361,0.1806479131143602,-0.07106540056829591
a9e37804-c00a-4e4e-b99f-e267a0056a05_81.png,2.094720114818839,-0.127120382358186,-0.5686143594525335,0.99115342315959,1.323950261285104,-0.11019822471637639,-0.34767590802314585,0.5263467475059178,-0.23133598277407508,0.7298291588126834,-0.10605985196048094,-1.7350188201126446,-0.937087130869262,-0.21778481657875556,0.7967787844731476,-0.2716259320183978,-1.2896070685035816,0.12362583839627128,0.46173766656037046,-0.07106540056829591
2ec83b5a-f1ad-4dae-bb33-773f1eee7923_68.png,-0.004551813740369416,0.08486211225003953,0.4490304808531626,-0.1321947374454289,-0.28413722273617964,-0.36244423042653784,-0.36930930485703584,-0.9366200040207142,-0.7045404647319558,0.14091928148465582,0.6728916499256462,-1.5716338615935457,-0.3931199701787225,-0.4679971879580291,-0.36510423037449774,-0.6138230610488521,-0.5881704457106742,0.7191773526490997,0.7870753311425247,-0.07106540056829591
78667ea1-0eed-4d74-b94c-83a1d16767bb_14.png,-0.2844225265638231,-0.9167691256123799,-0.3103841176278949,-0.7203762774765822,0.24270063169319778,0.14998906454177632,-0.3476913918595239,1.1175235481845347,0.6688494965559222,0.3652451596523653,-1.0744691246203706,1.0111846847422472,-0.6031326081668422,0.27669193002972947,0.5882679293639282,0.2178341627064407,0.3362162328609397,-0.6919199253416994,-2.3307818208592654,-0.07106540056829591
519d608c-1d5a-448f-8835-1d3a5261bbba_36.png,-0.9215578930680381,-0.5011117740132741,-0.7295180570054182,-0.47527964427311065,1.0284095417191874,-0.036892049585803055,-0.6901430655576186,0.700334299470867,-0.4582640812742977,0.8655159090531455,-0.26193670802737606,0.13326204069949657,1.744877541142955,-0.1733731119916262,-0.33323442771468287,0.3166203748205524,0.18559799599687282,0.44388026105617767,0.1787990490350064,-0.07106540056829591
00367bac-0715-41b8-93dd-c21b8877a1f3_18.png,-0.9851006653448066,-1.422559008732924,-1.389972952838899,-1.2501668993474697,1.4236200870477538,-0.26732771669105987,-0.40019615198714753,0.33858629712078014,-0.20614403119724956,-1.5936914194491487,-0.9478389869860679,2.405482753963244,4.075673539797988,0.4075478453310928,-0.35052660203124403,1.2242656457231758,0.07201752667602355,0.2756896367091342,0.3653266442553946,-0.07106540056829591
7728da31-7807-4ad4-af12-f6b9d4769e58_17.png,3.869848206649842,1.0884148004221734,0.5390862811132491,-0.13794829183807464,-0.5910486913577638,-0.6204912325273648,0.3702241140480218,-1.733137129106404,-0.7909269503927808,-0.0961519352919239,1.468741779792957,-0.7925937613115912,-0.9990580732264122,-0.5818021809625481,-0.5818754771820687,-0.918648414657443,-0.008457174494016206,0.7217637304092984,0.7927900019332562,-0.07106540056829591
2ec83b5a-f1ad-4dae-bb33-773f1eee7923_25.png,-1.635566600875332,-1.1118973343244283,0.15099972689474064,0.21914894314694153,-0.08144524538861865,-0.6097575766375233,-0.6416040256031289,0.31978722316346264,-0.4307558648512447,-0.4777455958034505,-0.5694329768439114,-0.6107995805516023,0.6087435979285369,-0.09366996358079581,-0.3397186422949333,-0.18874094234091632,-0.8858414893073695,0.6958999528073107,0.735643294025946,-0.07106540056829591
2ec83b5a-f1ad-4dae-bb33-773f1eee7923_29.png,-0.983044950850909,-0.13747864591206507,0.5253718945915565,-0.19223926834782656,-1.0205734244102125,-0.5681353319201671,-0.4976907470946952,0.4734639478408502,0.16097617194667696,0.5812228357582561,-0.3196915074862143,-0.5073705050140757,-0.7270744928811423,0.5193701729522578,0.952665232236723,0.23437469430959798,-0.2562535964473041,-0.2744481268719687,-1.4083667238142061,-0.07106540056829591
a6a04226-e7be-4c2a-8240-4e24256bfed9_8.png,1.4539555208905626,0.6697367661236339,1.8128530640720717,-0.3741182326679479,-2.0455907926223587,-0.6527402356819544,-0.5305530220699126,-0.7541158934805038,-0.6933516218449952,0.8843018415047758,0.7357277743977948,-1.0608011355115752,-1.2779273138335874,-0.1341163374012172,2.0954712100416315,-0.7392659451235528,2.140289752301479,0.6069741998169471,0.5391594659564001,-0.07106540056829591
505d1bd8-e981-43ac-b532-853c95be827a_68.png,-0.0467799300717624,-0.5152431063971505,-0.8885108155723163,0.5542135073712573,0.6936460793543888,0.1442492042344567,0.1814829614881781,-0.19318423119794614,0.8533087720549103,-0.18585765175899624,-0.18604788498999103,0.29261077569107785,-0.1796645020596501,0.08516645399773407,0.5112841180139632,0.8232189793657236,-0.6461195745226882,-0.8617840882394597,-0.7153367427052943,-0.07106540056829591
273317d8-7414-4eb9-bb2a-b42c7082fe9b_7.png,-0.609950103139391,-0.3135082101281412,-1.0165497053733903,-0.73435774310279,0.8953415151334103,0.260347068326367,0.15792368508559218,-0.7285482819999538,-0.5959938398970077,-1.511516134864668,0.511596914827955,-0.567454064518011,1.6106071660357963,-0.08415316974069666,-0.11036722207603633,0.9529329465584471,-0.4880779599125493,0.5316649650346889,0.3889290650128124,-0.07106540056829591
2ec83b5a-f1ad-4dae-bb33-773f1eee7923_34.png,-1.0980885328676067,-1.2781343848160656,-0.31573077942154504,-0.9329563372605605,-0.1463344798300754,-0.3012136241648783,-0.0004889674839305614,0.5498242090074748,1.8185870748875121,-0.7130289402151648,-1.242876782494043,1.1008326038753495,0.030348135928469584,0.44601155376816015,0.042073594898902826,0.4865108522865198,0.7449786290149937,-1.7740908081825137,-1.7946663659538462,-0.07106540056829591
505d1bd8-e981-43ac-b532-853c95be827a_64.png,0.617960210978019,0.5435508853839435,1.0056906213195487,0.45490557225822337,-1.1737109225121074,-0.41577790962602723,0.25084930975471914,-1.5651958469191787,-0.7913424870258283,-0.7055683075191405,1.3504041186020181,-0.7487213502068796,-0.5032905343692116,-0.370053518020342,-0.15277418491474457,-0.4682820887296809,-0.22280342575241577,0.7217637304092984,0.7927900019332562,-0.07106540056829591
19369012-66cc-4209-a974-c98c915c0a70_23.png,0.05437301954917022,0.5975918538333044,1.0448529661435462,0.44275911125818435,-1.1847966581372296,-0.5131186385195265,-0.5946387627780994,0.1775070030575003,-0.30017671240462596,1.0287652362106208,0.16785955018846138,-0.8778162942816813,-0.923315810345451,-0.4794966471814822,-0.19552298743513286,-0.7210889111558776,-0.8273989847602641,0.1539016721774216,-0.4574793795198868,-0.07106540056829591
386822e1-0d1f-45b2-97d0-ac0273ee2394_31.png,0.46997483223095093,0.30213393799505056,-0.9205822306609572,-1.5332766879086424,0.990408962793182,0.25430486964246435,-0.42402360843580034,-0.2535487597011504,-0.5840466952967482,0.6697743382470307,0.445816208932663,0.6755196034607589,1.2353386817619432,0.14147415088498735,-0.20802225791661738,0.44312529189110733,0.34415215640854874,0.48199129805204777,0.2630064039219557,-0.07106540056829591
16c36170-95cc-4260-985e-1bc7fbeac4a2_41.png,-1.0569076064402954,-0.8247136378675618,-0.6829710147481038,0.29496968931623635,0.9782625487184632,-0.3761996160781035,-0.6197135970853641,0.08003565483540839,-0.5283360612924665,0.12449977782819259,-0.2192572505901926,1.5736343568364402,1.9686614996548857,0.44601155376816015,-0.3939354308467092,0.17202812980526389,0.5328704779185577,0.6909554070892836,0.7247181881024883,-0.07106540056829591
519d608c-1d5a-448f-8835-1d3a5261bbba_0.png,0.8569087078712931,1.9846083467218445,-0.0031498506594508737,0.6777264295978462,-0.17855297995556532,-0.35635485947498435,1.4825166486240213,-0.7458001429089609,0.46393953428879997,0.007940540513977056,1.1009864389272948,0.9049198100209966,-0.3173777072977614,-0.28955730345617,-0.0961830118080766,-0.1971861543460902,0.5505271490704974,-0.3763057686633261,-0.24247876591272438,-0.07106540056829591
3dbb185d-309a-4682-8409-24f5556e96df_13.png,-0.3394961655038749,-0.6812132449885205,-0.5959297954203231,-0.8873450541251119,0.48310055534655016,0.254895891945859,-0.2313173550562779,0.3664810268860104,0.7043108153130624,0.250939384804847,-0.5801874622704276,-0.19775244882346485,-0.355248838738242,0.5213528383356117,0.6024978664066581,0.6365925319712517,1.7445373701775855,-0.7750643633386775,-1.3067656593953014,-0.07106540056829591
19ef2be7-6425-4194-a4a4-1b4a7fbefc4e_11.png,-1.0912452570910105,-1.1153708494810648,0.1885571790392267,-0.40007441196139626,-0.06417205660179738,-0.06269218834556524,0.034558696157677815,0.3291349961265818,-0.3080705594929403,-3.250329955805545,-0.5205452712332587,0.3515461494244165,0.22658945339277814,-0.3010567626796231,-0.28959526633183963,-0.2291730137659967,0.21803207158770457,0.3718420334412296,0.1062379476176076,-0.07106540056829591
92f1a624-99c9-48dc-9309-0fb5c6bc0e7f_23.png,-1.2231140435794112,-1.4169720420414083,-1.7295404393682428,-1.6008411214985456,1.532500945138415,-0.3281013786118382,-0.590132037361918,0.8619984847833013,-0.11642100244449385,-0.25987157402462474,-1.107079333345297,1.8109560741647601,4.444056363809936,0.05265074171072863,-0.2630333098654047,1.9459574570899474,0.16947127867983694,0.18372108635383091,-0.3960296010914708,-0.07106540056829591
a6a04226-e7be-4c2a-8240-4e24256bfed9_18.png,-0.8609176566586652,-1.0975231311972826,0.7043055861249343,-0.6518251041532687,-0.721869334711588,-0.5099878800093219,-0.561139482774291,-0.3224741992334794,-0.5255430807741421,-1.0559939475361335,-0.272697919812686,-0.3962749309198127,-0.0832652583929722,-0.2570415911691646,-0.341738843941275,-0.46581198807343555,1.104818682289882,0.6775670986835488,0.6951363628328224,-0.07106540056829591
07a9fdc8-46e7-4ddb-b62f-fe041b4ea954_38.png,2.1829925839869495,1.7902157451315015,0.16490968002380668,0.8657674749783302,-0.0029054793894571483,-0.38906110020708834,0.4356938000516745,-1.424252718393599,-0.8133115284143178,0.20999880572434465,1.6424295397923745,-1.9813880759450648,-0.5652614767263616,-0.5017024994750469,-0.2719765080552194,-0.6018152769865255,0.5510354995147578,0.7182645134396177,0.7850583885105032,-0.07106540056829591
90bae25d-a144-44fe-8481-52b9f3c73315_11.png,1.1414439390039688,1.2872726552404645,1.3803110171369848,1.4826826562465147,-1.7496946859877227,-0.649369287482099,0.2058662876628015,-1.3816831585268383,-0.7878896658117833,0.05476885428763566,1.3923289612227654,0.561715869022635,-1.1608710893811929,-0.5845779124992436,-0.5657862414632945,-0.9393702084633214,-0.5709175498029898,0.7217637304092984,0.7927900019332562,-0.07106540056829591
6764beec-de30-41fd-ac4d-374023ed0a03_53.png,0.08379545751942762,0.23424772189961965,-0.6020123534650476,-0.44940287955928593,0.7066895933851514,0.16934733633075927,0.31252112037157526,-1.4802644295764542,-0.7457113415817997,-1.0117321372319668,1.126873076577771,0.5001493910681047,1.7276633904881908,-0.13609900278457118,-0.32187826547303566,0.31960265227961737,0.3941114668927778,0.653376859632278,0.6416873830842198,-0.07106540056829591
41b05097-d935-4d5b-b15a-8c9cc622e21b_87.png,-0.7342795348641913,-1.1183537969747375,-0.1916174345879487,-0.5810917920875626,0.47675651331561714,-0.226787083311156,-0.6612539429969967,1.797851679930406e-05,-0.48079145918296795,-0.28226659753297695,-0.4873988949564144,-1.0251695436347787,-0.11769355970250002,0.23386635774928327,-0.023790563192467824,-0.07646908841852948,0.6405242743342782,0.7217637304092984,0.7927900019332562,-0.07106540056829591
505d1bd8-e981-43ac-b532-853c95be827a_2.png,0.6935152038417389,-0.4507220345191559,0.9778038764340715,-0.5234919182918001,-1.0217234512786397,-0.36983966107304,0.2760960146457795,-1.5858133995188408,-0.731987040023568,-2.625837291740596,0.9576343296876157,-0.9266495502101724,-0.6169039286906534,-0.21937094888543876,-0.2824994627135797,-0.6325297690126668,1.1557391574220304,0.7217637304092984,0.7927900019332562,-0.07106540056829591
75769513-6d94-48cb-b36f-b1f9dc9210d3_49.png,0.38777053323706684,0.44240480924524683,1.4493173092877716,-0.2574274819133636,-1.567951319966115,-0.5852822718793986,-0.38869816476957053,-0.34428539566801497,-0.40841027467532154,0.685297744768672,0.4980920686219073,-0.6313036323818624,-0.6857605313097089,-0.3752084480170623,-0.1500483581477002,-0.5547833328005171,-1.045831982583598,0.11038966985878347,0.18545141065163975,-0.07106540056829591
19ef2be7-6425-4194-a4a4-1b4a7fbefc4e_76.png,1.1328792636478735,1.3716024576175614,-1.5563781728866402,-1.710049164610829,1.489347306978395,-0.049005963033959626,0.08802128640364494,-0.5821639912984756,-0.5448655605344888,0.60882650056236,0.992705179596986,-0.3335580876485563,1.9411188586072634,-0.24474906579236982,-0.2486330966206839,0.7087835005047668,-0.24869164810650218,0.38211147454790123,0.04231926426813532,-0.07106540056829591
00367bac-0715-41b8-93dd-c21b8877a1f3_50.png,-1.2949659982134472,-1.7170092376277188,-0.42321884651083924,-1.0976601770076373,0.24021015323596073,-0.6670169877322143,-0.48316474083503597,2.138920120020469,2.4660078174439555,0.33523549396835883,-2.701190871095901,1.3986687948282759,-0.3277061976906197,0.14424988242168296,0.37183069071297675,0.6864110549067415,0.29408085875094164,-2.2480064977718763,-1.645002397157049,-0.07106540056829591
519d608c-1d5a-448f-8835-1d3a5261bbba_51.png,-1.4051064381198675,-1.326609126475987,-1.041073543592582,0.3411495703596219,1.332213704857193,-0.5373866077131855,-0.7985677007643981,2.1152904586607733,-0.1601977288324605,0.9189763996924456,-1.4674445149200395,-1.6846164233427996,0.02346247566656402,0.07485659400429331,0.3362199666086899,0.5368199649554514,-1.3124884593745842,0.7217637304092984,0.7927900019332562,-0.07106540056829591
268cf2e7-02be-4b54-8659-24b54163053b_10.png,-0.9026992339951354,-1.4717579425472807,-0.7623265330086448,-1.8619013325537148,1.066713092969092,-0.46290658508178084,-0.587919706820229,1.7399545676071726,-0.13141424188714318,-0.5229333626144415,-1.4712842378498463,-0.3737747344115509,0.8566273673571372,-0.42794734721427846,-0.19631200455236814,0.2778088168798522,-1.9491123424528134,0.37709085889575067,0.6133378788770003,-0.07106540056829591
81faa7e7-ef94-4bfb-ad32-94fd63e1848b_29.png,0.6024494374145755,1.2817571960817438,0.6816557687952842,1.4480283648116614,-0.8718465892452899,-0.6065661260854806,-0.2909189767493952,-0.7391939012509513,-0.6426459279840586,0.7630765461796336,0.9394530662630327,0.5102706035135361,-0.6306752492144645,-0.3779841795537579,-0.308180648049894,-0.6520691183628452,-0.01300941495978853,0.7217637304092984,0.7927900019332562,-0.07106540056829591
75769513-6d94-48cb-b36f-b1f9dc9210d3_14.png,-0.21941695948567325,-0.2608654594760462,1.4485914451422752,-1.109286272629113,-1.3084015914897704,-0.34723954221335485,-0.5143166712439391,-0.1543010477718241,-0.6258195376192937,0.3800587201361939,0.26957368674272353,-1.1014158208296618,-0.5411616658096922,-0.37758764647708715,-0.41107248636839216,-0.7054066342050558,0.6098918319913588,0.7217637304092984,0.7927900019332562,-0.07106540056829591
27bb6d3d-77c3-486b-a22a-3741dde393ee_23.png,1.1770114588732314,1.0732762871090549,-0.2752980639159653,-0.7598880352563842,0.6797001535937031,-0.19117081553365053,-0.03209890977289487,-1.3094680364724611,-0.7922925606984664,0.3562800675087558,1.4006249153176413,-0.5674829380088617,0.3539741682380311,-0.45134279873785554,-0.3448607473582795,-0.3009868726822218,-0.48503175710138824,0.7217637304092984,0.7927900019332562,-0.07106540056829591
81faa7e7-ef94-4bfb-ad32-94fd63e1848b_45.png,0.36794033735147125,1.725349628676266,-0.35977921633349674,0.2303050238768633,0.418589400554395,-0.10425771661021728,-0.5252284404162451,0.3309195261749785,-0.18864455853126635,1.121049287255834,0.391513318378545,-0.9017626047912402,0.29544605601183377,0.15931813933517328,0.008785989316419206,0.3664921207972234,-1.5083723102654747,0.05250044999080514,-0.6859651044447349,-0.07106540056829591
4a7aeead-7888-4bb1-a39e-eef6dfc4a6ff_87.png,0.41702097741170036,0.49791657562275893,0.04285447387566356,1.0003021000973809,0.09046378524544409,-0.3177194126992392,0.7619311099714524,-1.2851681361932437,-0.7334206647541631,-1.3317765699170687,1.0367320928836745,0.07177549988799309,0.07854775776180853,-0.45610119565790513,-0.4755182574344475,-0.6006997509509044,0.7612214700588201,0.6856305117006392,0.71295268941569,-0.07106540056829591
00367bac-0715-41b8-93dd-c21b8877a1f3_48.png,-1.2986747791798365,-1.7255384431285048,-1.2336059874506053,-1.2230934728470984,1.1423489381795264,-0.41746738804400646,-0.1899364926593389,1.286624209389144,0.9002432992314753,-1.3467465836229067,-1.909608316849682,1.6523567010950486,2.0168611214882244,0.5451448229358596,-0.21903688999793855,1.1140407557222394,0.4700918409898028,-0.8221516525611198,-0.7097058309936377,-0.07106540056829591
2ec83b5a-f1ad-4dae-bb33-773f1eee7923_26.png,-1.602424974774051,-1.086645769569695,0.64892785245089,0.3399286457022763,-0.6765371541183581,-0.6568531233173067,-0.7096322607298827,1.0677935098596194,-0.15952984356497227,0.5215293520322802,-0.9690389010436035,-1.713139934594436,-0.5824756273811256,-0.22333627965214672,0.0014655832377631732,-0.3596617832558045,-0.8950455982494527,0.3262000729671337,-0.08121847194325665,-0.07106540056829591
10b42c78-10e5-441c-bc2d-1bc4a35bb63d_14.png,1.4826605979098126,0.8955169470153447,0.6871490768228081,0.641554097254765,-0.7446534479685113,-0.6371763309456557,0.41412760306766516,-1.6794024080581027,-0.8070059117489051,-0.31417121485548244,1.5259582472508262,0.18493766174575688,-1.078243166238326,-0.5294598148420028,-0.5058705299156419,-0.9085726800545847,-0.03552061021859431,0.7217637304092984,0.7927900019332562,-0.07106540056829591
519d608c-1d5a-448f-8835-1d3a5261bbba_31.png,1.091491406184504,1.0651803609469825,0.8459628645440619,2.05198079132639,-0.9293715410859879,-0.5980958386493826,1.1851944741099802,-1.879649657278976,-0.8191346614638827,-1.289490078326321,1.8048202459478375,-0.13297474190536843,-0.9405299610002148,-0.5730784532757905,-0.5178252532045997,-0.88219602840779,-0.05075425129681233,0.686543350910121,0.7149696320477139,-0.07106540056829591
75769513-6d94-48cb-b36f-b1f9dc9210d3_53.png,-0.8164402088809333,-0.5456006601773186,1.054693207225098,0.08181528434091054,-1.2271903605764674,-0.6499891662584976,-0.7182000867512867,1.3611707713000132,-0.29711738038490326,0.9132556457737133,-0.7619594217445703,-0.6292304446251337,-0.7270744928811423,-0.13768513509125438,0.5731411242290717,-0.09555565348079835,-0.6856886821517463,0.33920803170225106,-0.05247703943693388,-0.07106540056829591
519d608c-1d5a-448f-8835-1d3a5261bbba_21.png,0.06421214925952307,1.0028748184014917,-0.5224831538745351,0.6382627654203761,-0.08804236510020559,-0.5746528164173998,0.34223057658350364,-1.0126956757552603,-0.2054398136669683,-0.01225945089468122,0.9787072633384591,1.393728643977334,-0.5824756273811256,0.5384037606324561,1.411277393416417,0.857690448869993,0.11141043770699349,0.27416823802666435,-0.19618420196855257,-0.07106540056829591
386822e1-0d1f-45b2-97d0-ac0273ee2394_17.png,-0.5682465724635422,-0.8841151664249136,-0.5434882472852774,-0.34030343163897186,0.6992361755563395,-0.10551340208521677,-0.47989703200582234,0.3380997649814509,-0.4795358823305735,-0.8580763106811555,-0.40819593095618695,-0.5153222035709683,0.051005116714186276,0.21919463391246377,0.18723407882486753,0.3640264387317141,0.036651656127222015,0.6875322600537265,0.717154653232403,-0.07106540056829591
273317d8-7414-4eb9-bb2a-b42c7082fe9b_3.png,-0.08778520963333607,-0.1541746082165216,-0.8966628237820652,-0.2797382277460751,1.0417456902516462,0.10834064062262798,-0.1980178165417458,-0.6230508357621346,-0.2266178754941845,0.0984161329235372,0.4317249391350806,-0.22306580747832586,1.221567361238132,0.05384034094074102,-0.21027292123494246,0.4914721806028552,0.18901419762322624,0.10491263460189196,0.06515144447868547,-0.07106540056829591
519d608c-1d5a-448f-8835-1d3a5261bbba_56.png,0.19038958619102325,1.4498824118485878,-0.4134614436939957,0.7440303058280425,0.5548447517065952,-0.41377551229411996,0.18468254143732848,-0.7780821975774936,-0.19776416463317031,0.5252026551274905,1.0121219721614874,1.0532497943598835,1.7345490507500965,-0.4227924172175581,-0.5690284763500588,-0.4353018702754218,0.898821043426949,-0.002117762709862986,-0.8066455052607624,-0.07106540056829591
3b88f35e-b058-4cd6-a43c-563cda6b239f_66.png,-0.21510813914374047,1.9053555132635818,0.40679208336191786,0.7168429208190131,-0.47921370212227915,-0.48442229163064976,-0.04899053655438547,-0.14688102404755116,-0.07146153516788209,0.7956546294115336,0.5284837818911354,-0.5729137266025376,0.11641888920228913,-0.32246954881984624,-0.40633357974317996,-0.44563292049232067,0.44091031402173264,-0.07042856355275989,-0.9575800455571287,-0.07106540056829591
53345714-cf33-43b8-9e6c-89b5c2c7aad7_26.png,0.6746229778573095,0.5577083999055891,1.638768430257064,1.3378477408869809,-1.8567039823712004,-0.5858514871783975,-0.3075300364157161,-0.9769259969948555,-0.7036602975745138,0.39963860478150215,0.9054199763523616,0.10600473318468687,-0.906101659690687,-0.5132019586985,-0.5185464920659761,-0.8743562096153087,1.545558876114184,0.7217637304092984,0.7927900019332562,-0.07106540056829591
81faa7e7-ef94-4bfb-ad32-94fd63e1848b_10.png,0.3578554842132154,0.826531145612224,1.2556289979714512,1.249607276097571,-1.2809824388295208,-0.6477009927995152,0.42279917079280166,-1.5630088446978416,-0.7980159173183344,-0.4989678782154382,1.470653012087094,0.5936068140696905,-1.1780852400359567,-0.5972669709527092,-0.658772426512147,-0.9592905174602002,0.2456382120397102,0.686695490778368,0.7153057891530492,-0.07106540056829591
578fbdd2-3bf8-444c-8c21-8d2666ef631c_139.png,-2.338500198969192,-1.3281896575331493,1.225247583825946,1.5470241947037227,-1.077126887182069,-0.6670169877322143,-0.7521954688726462,2.7088111976252485,0.6888019552173272,0.6139110898429995,-2.0872277237431596,0.26100234697383634,-0.5239475151549282,-0.5909224417259764,-0.5479886136606602,-0.7971212155337767,0.32500141676587685,-0.42681620492132555,-1.4409595883675446,-0.07106540056829591
273317d8-7414-4eb9-bb2a-b42c7082fe9b_14.png,0.5174640060073774,0.7908740480302334,-1.0195208954743544,0.6720049465149563,1.4430898978499551,-0.13566077656510603,0.2337743543505129,-1.1392912572617462,-0.7071010993588105,-0.26502346827617984,0.9546044928118259,0.006148190767321593,0.7430139730356954,0.3877211914975529,-0.1220860362201836,0.33283386629758355,-0.06163688083735954,0.7217637304092984,0.7927900019332562,-0.07106540056829591
580d287a-e8ba-4363-873d-175443ac329e_3.png,-1.306796120751749,-0.7336408624515319,1.6356418050449706,1.9427907770830104,-1.7218909452352733,-0.6565220495105459,-0.6485825906586945,0.6263056948136586,0.011329721020812046,0.6186492603504288,-0.5646824690317432,1.141236924222448,-1.0575861854526094,-0.5905259086493057,-0.6357917290112041,-0.9414273493396461,1.0804096501628204,-0.13569656703071706,-1.0685780218770202,-0.07106540056829591
4a7aeead-7888-4bb1-a39e-eef6dfc4a6ff_52.png,0.6308094147030272,1.6290151159110842,1.39601237608598,0.3369830366701597,-1.5087928161478859,-0.6355719945592816,-0.052649986443962474,-1.0881742765117264,-0.7697706278417841,0.5607113823172292,1.3234525613962536,-1.0507673718290296,-0.9508584513930731,-0.5921120409559888,-0.6207919289588311,-0.9277736082600316,0.4964439625500029,0.7217637304092984,0.7927900019332562,-0.07106540056829591
578fbdd2-3bf8-444c-8c21-8d2666ef631c_0.png,0.7666833593469675,2.6872917132422702,0.19457364575471103,0.7667427514642856,-0.14100174696673648,-0.5550343079633008,-0.26184311912205455,-0.8829449674386585,-0.7363776500410713,1.0391570664355168,1.2537228387858725,-0.26899211918025684,-0.3345918579525253,-0.44936013335450153,-0.4878590388953109,-0.7213161030014628,0.2579803755032556,0.7217637304092984,0.7927900019332562,-0.07106540056829591
53345714-cf33-43b8-9e6c-89b5c2c7aad7_10.png,1.7645433606650314,2.469339073673422,-0.3268095167588403,-0.09392014328019405,0.8701251086861486,-0.034977329882619486,-0.525294711235943,-0.28005190329332585,-0.7308159032447061,1.1746311243536782,1.0307788903042168,0.23304685592771385,-0.0832652583929722,-0.4438086702811104,-0.4316774489259195,-0.5824369800135323,0.3549135167890426,0.6226446062463867,0.573783647806122,-0.07106540056829591
505d1bd8-e981-43ac-b532-853c95be827a_45.png,0.29670517531277324,0.16586706447098043,1.3101794795328052,-0.19347737647633328,-1.3164802060522651,-0.45460285017628094,0.12565877651783833,-1.2973925720108936,-0.7510094009096255,-1.000616482558966,1.0511619957540408,-0.5554279239243402,-0.24852110467870572,-0.4755313164147742,-0.5210060715866349,-0.7380456246062087,0.899158427803872,0.7217637304092984,0.7927900019332562,-0.07106540056829591
81faa7e7-ef94-4bfb-ad32-94fd63e1848b_34.png,-0.26695404896279407,0.9411777491467728,0.9350931608693782,0.6202566068431444,-0.9088183612689498,-0.6173876009939826,-0.14136679470882058,-0.6823425950273575,-0.6741054409719401,0.3931892705096838,0.9108156580605753,0.3213678681984852,-0.38967714004776977,-0.5774403171191693,-0.626157937840253,-0.8720186819909743,0.12709622114598396,0.7164388350206539,0.7810245032464579,-0.07106540056829591
9229a83e-46a1-420b-bbda-57bc886c344b_28.png,-0.08758611819336501,0.007211087478815934,0.8832075428539599,1.126005816323854,-1.3091906300471592,-0.5833343053046431,-0.05837776719691311,-0.8338776048648341,-0.5079164034574033,-0.37832415260938684,0.7142167218514622,0.9871741987614441,-0.9784010924406954,-0.01317374901662383,0.5520425274420508,-0.45435249533178895,0.8540351806348331,0.35525878780230813,-0.017012464823866452,-0.07106540056829591
19ef2be7-6425-4194-a4a4-1b4a7fbefc4e_64.png,-1.0362147690928698,-0.5948780178139346,0.9362796868957097,0.0564529617403894,-1.1493379646653963,-0.6368150611312876,-0.6225068811679558,0.9844595031937841,0.1744028968901558,0.6894354972161951,-0.6813539897274703,0.004633501138258714,-0.4688622330596837,-0.2102506881220104,0.14559502775177763,-0.08982482710669533,-0.5423123138470921,-0.15456191069334338,-1.143474924808557,-0.07106540056829591
27bb6d3d-77c3-486b-a22a-3741dde393ee_45.png,-0.9406317839858553,-1.013477190092179,-0.21962715051544301,-1.811048522952816,0.49131022180020906,-0.4447605513000165,-0.7113460117402001,0.8598593458046778,-0.4157585513723814,0.45442031059040433,-0.7048498444347373,0.07977326095297829,1.583064524988174,-0.2740925134660089,-0.4339930095951624,-0.0854046455752485,0.09867960649505293,0.6914878966281481,0.7258947379711691,-0.07106540056829591
95815a0c-6ff2-4053-978b-a34ec048fcec_23.png,-0.22451148994943698,-0.00170281511332811,1.8294783063209672,0.6712253326103494,-1.8602487698216401,-0.6119394194862301,0.1099392761501628,-1.338440111446287,-0.7288953614229537,-1.1749807185103907,0.9660415078429172,-0.3436659196663307,-1.0128293937502233,-0.5750611186591446,-0.5401550115186892,-0.9056602947609681,-0.12545391838447265,0.680229546377871,0.7010191121762216,-0.07106540056829591
78667ea1-0eed-4d74-b94c-83a1d16767bb_66.png,-0.024879028374815988,-0.36401753579870494,0.3866204076784678,-0.7914883405014336,-0.5851396692672555,0.1601761808166611,-0.04776669412706798,-0.4867330512474321,-0.13030008850837557,-0.28434841282849027,0.2858046988715863,-0.8276286500785126,-0.4791907234525421,0.43570169377471946,0.24824930281188456,-0.0226632611596722,-0.6352222722431511,-0.002498112380480452,0.3013740123870058,-0.07106540056829591
9229a83e-46a1-420b-bbda-57bc886c344b_21.png,-0.7389362774292925,-0.540761287277875,0.37045598997872986,0.39362852028300116,-0.5638930166377389,-0.4358663887874438,-0.4065058153111836,-0.5913201834862741,-0.4477941937935332,-0.09525631504789583,0.28309128453683596,1.6338400936333044,-1.0128293937502233,-0.2491109296357486,1.1521558910802812,-0.2792069166978372,-0.02108690333240747,0.3301557095415553,0.47239470287119467,-0.07106540056829591
00367bac-0715-41b8-93dd-c21b8877a1f3_91.png,-0.6619894417278753,-0.806645871779663,-1.6529236639627076,-0.6376975146344181,1.4358616400545612,0.5043676645980905,-0.4653933224705475,0.012542858710222173,-0.32523625644773696,-0.01175320173813942,-0.25588294125263195,2.1304579437763764,2.326715833273975,1.2446291701831471,-0.01401878181370331,1.8592700199222327,-0.27440888689546644,0.256063593705273,-0.23618689750366828,-0.07106540056829591
a6a04226-e7be-4c2a-8240-4e24256bfed9_0.png,-0.015567430604483682,-0.4843318901818738,0.28965601717144646,-0.8497932697860652,-0.644247701117234,-0.15113215837079277,0.03139070323473895,1.0382490309425392,2.707366356457958,0.4249092944160694,-1.3753511142360413,0.8475618817722494,-0.3173777072977614,-0.2661618519325929,-0.014607102362754153,0.15363056916547874,0.6369230087930435,-2.5066442737917534,-2.095520687788013,-0.07106540056829591
2ec83b5a-f1ad-4dae-bb33-773f1eee7923_99.png,-1.0637976068940518,-1.213571770736209,-1.1676937717812599,-0.8369487058648843,1.1196411844441299,-0.143110037757655,-0.20212165253537143,0.38250625370773716,0.7705150031407175,-0.5683739608549798,-0.8487759597161594,1.005426825576877,2.784612240690695,0.11173417013467753,-0.37701128260064587,0.7857781389870874,0.18603719012767184,-0.814164309478153,-0.05337711116836452,-0.07106540056829591
505d1bd8-e981-43ac-b532-853c95be827a_30.png,-0.18877207869192453,-0.6031809245740329,0.8350242543608057,-0.5726963621900251,-0.919835896212231,-0.3323780823269263,-0.058533224914148405,0.25122382548784056,1.6317055231039008,0.28924755101978683,-0.6633600762058993,0.055538356119622385,-0.527390345285881,-0.46997985334138304,-0.2347888291448515,-0.4258956424015759,0.25372021863917676,-1.6001188688420849,-0.5569270274253986,-0.07106540056829591
268cf2e7-02be-4b54-8659-24b54163053b_98.png,-0.7045181069752389,0.06456329610948332,1.4351924123094575,0.19596350408013521,-1.3514551729701223,-0.56176092950541,-0.3661351183995454,-0.5620459325647,-0.6297795787670543,0.10125627690575666,0.4776480965577466,-0.914215354038419,-0.5239475151549282,-0.5005129002450345,-0.28627710382131205,-0.5937002475383624,-0.2005195433518715,0.692552875705877,0.7282478377085283,-0.07106540056829591
9229a83e-46a1-420b-bbda-57bc886c344b_22.png,0.5365748060952609,0.6517369693808602,0.010571549135115144,0.4602104785466594,0.04380805809430973,-0.43044056852993207,0.2624897482669735,-1.4429866386134906,-0.679539091271197,-0.1773054454489101,1.3670858374897243,0.2766929205750724,-0.4241054413572976,-0.21580215119540158,-0.013062007196355321,-0.27104650952512976,-0.05158817852368625,0.48305627712977667,0.4763920721656431,-0.07106540056829591
90bae25d-a144-44fe-8481-52b9f3c73315_15.png,0.7801316684085047,0.6610851122248349,1.3503247614798,0.7242466574862462,-1.5733550830320289,-0.649404478221131,0.13920372690458727,-1.3664037261152089,-0.7284660231606866,-0.11299962243319914,1.292346431116712,0.34279735729606153,-1.1884137304288152,-0.5972669709527092,-0.6502833234906372,-0.9583548621639469,3.027905061732421,0.5560834138883302,0.42671491422113345,-0.07106540056829591
4a7aeead-7888-4bb1-a39e-eef6dfc4a6ff_47.png,0.8599506982662464,1.4777891781238444,1.056662616768537,0.9642098051047463,-1.21257657582608,-0.6552411596544776,-0.5439713146750894,-0.2689187691426931,-0.6423324758851179,1.0675863633532339,0.7524803212878356,-1.87940448685028,-0.9818439225716482,-0.5667339240490578,-0.4304158064647558,-0.8554057632969204,-1.165374393614701,0.7217637304092984,0.7927900019332562,-0.07106540056829591
41b05097-d935-4d5b-b15a-8c9cc622e21b_85.png,-0.703066342782294,-1.044419960683715,-0.4809091415924523,-0.5906470928191871,0.8545474998181307,-0.5548764605256197,-0.6129867992093048,1.0330030121285678,0.46424701711655486,0.7333945771130115,-1.1891892391617933,-0.7399869341937739,-0.6616607203930395,0.08080459015435529,0.26788461123187,-0.16227361610390476,0.7720683562747609,-0.4957355652372104,-0.41840923218870046,-0.07106540056829591
95815a0c-6ff2-4053-978b-a34ec048fcec_17.png,-0.7289606306305013,-0.397538171093306,2.1057256803703894,1.3788934109624953,-2.1071196604001696,-0.6372592010526624,-0.4019727673731595,-0.1738700831184856,0.22423478273735975,0.2953780834025167,-0.04761224032145516,0.3622264018042264,-1.0575861854526094,-0.5746645855824737,-0.579034033169949,-0.9211323456065893,1.4816926592480406,-1.0502853849974758,-0.01527660378864918,-0.07106540056829591
3b88f35e-b058-4cd6-a43c-563cda6b239f_98.png,0.5483829443575046,0.1452124150086737,-0.7427218436504062,-1.1290672563190172,0.9431206163042639,0.6821717423366517,-0.42267063081309053,-0.6051561576171671,-0.27873655614827664,0.7853995271885036,0.5354926832821421,-0.21525739445314332,0.36085982849993664,-0.027845472853443354,-0.04510889411574775,0.3088013990051018,0.6896267679150442,0.11183499860712984,-0.29128838788224526,-0.07106540056829591
a5f7c55f-08cd-4cf8-8e07-7d416d70c470_6.png,-1.3760118306483426,-0.6193364104098383,0.3685740914674595,0.2797671688977926,-0.1860068369503676,-0.5393392737015987,-0.5351142505901446,0.8769663156442786,-0.3913682710103178,-0.09514720023012051,-0.6219281780335881,1.0414123298014346,0.1956039822142031,-0.2919365019161948,-0.4450025920748497,-0.5197229550761971,-0.2395043321180986,0.664787349750802,0.666899165984505,-0.07106540056829591
27bb6d3d-77c3-486b-a22a-3741dde393ee_21.png,-0.04751163737669172,-0.17290121597895322,-0.39463798420565566,-1.141007729611702,0.7896904274045932,0.1967577226916115,-0.3684886615290017,-0.8449421419433357,-0.688569649527039,-0.0739996360100729,0.5807127292718882,0.20409390911041664,1.3145237747738572,-0.4568942618112467,-0.4138546054015473,-0.11411051202920779,0.37453670346592344,0.7217637304092984,0.7927900019332562,-0.07106540056829591
6764beec-de30-41fd-ac4d-374023ed0a03_66.png,-0.13837188845455697,-0.454191023514393,-1.0009478485007053,0.28211585542773737,1.1820844773445591,0.8651242612550696,-0.337491259807151,-1.045724366294746,-0.6929519497450866,-0.5901776641979917,0.5881361177330008,-0.03319427924743893,1.2973096241190931,-0.08454970281736746,-0.1320491745832012,0.6499343439875401,0.5018057647083952,0.7217637304092984,0.7927900019332562,-0.07106540056829591
a5f7c55f-08cd-4cf8-8e07-7d416d70c470_5.png,-0.7577016644209054,-0.42968583177914316,0.6029348770684988,1.038208763101913,-0.5438223842010435,-0.5848749647498594,-0.38278457798008364,-0.8360542124255259,-0.6546717151616913,-0.6839573961075842,0.432101569470641,-0.5274959542463166,-0.23819261428584737,-0.5516656671355674,-0.4769859739482087,-0.6851955449912159,0.8762925982315618,0.7217637304092984,0.7927900019332562,-0.07106540056829591
3dbb185d-309a-4682-8409-24f5556e96df_22.png,-0.2531775202008649,0.09651251273597596,-0.07487941952310137,-1.3961830143876266,0.4342323925857563,0.053330049749765226,-0.5742440728544497,-0.2666447370440929,-0.6176746166044195,0.7286610920928278,0.28843057037163167,-1.139037505236807,0.653500389630923,-0.5373904763754187,-0.42330954204146665,-0.3458524078949494,-0.5070966178942379,0.7217637304092984,0.7927900019332562,-0.07106540056829591
75769513-6d94-48cb-b36f-b1f9dc9210d3_12.png,-0.8941965107777721,-0.9726689944438842,-0.22377590491519328,-0.8799044243038723,0.07157623960346848,0.40259050611304653,0.3195774142857586,0.3202133881710249,0.5008755341148415,-1.8094737708249173,-0.5535456221135787,-0.2730023062743647,0.6294005787142536,0.01220436789030724,-0.07183403064730516,0.5652932526719402,-0.7544738661466052,-0.5366611897956498,-1.5703917940058134,-0.07106540056829591
22df8deb-bec0-46ea-b532-d6d7e8d8d57a_49.png,-1.0059233161588574,-0.37807724101237217,1.9965249077717595,1.523346082155151,-1.6910877247254144,-0.5758906809861644,-0.7045263108458727,0.36872382777494744,-0.46580823230804164,0.9167252205219322,-0.33647683849194215,0.9776078920453589,-1.1505425989883344,-0.5964739047993676,-0.6283577047189527,-0.9509668086666112,1.1111804498835602,0.7217637304092984,0.7927900019332562,-0.07106540056829591
386822e1-0d1f-45b2-97d0-ac0273ee2394_61.png,0.361568250689262,-0.06512082459544571,-0.4754469255090183,-1.5841043038741718,0.9524951139809354,0.631212016121723,-0.6091768464301335,-0.16903091547459437,-0.61160510964248,0.7858465490822887,0.18998894720306556,1.1225681473380984,1.9514473490001216,-0.26259305424255575,-0.5120651905380884,-0.24395441266604254,1.0237559543581805,0.7217637304092984,0.7927900019332562,-0.07106540056829591
9229a83e-46a1-420b-bbda-57bc886c344b_46.png,-0.8758701257858247,-0.4377547511189711,-0.3714939452990527,-0.3887762163088045,0.8072874826329829,0.14166237412578517,-0.6602251969080422,0.6009819577906376,-0.3303623400848378,0.8457685142050799,-0.3503527856876152,0.017589603314773286,0.3539741682380311,-0.29590183268290277,-0.2925916314348352,-0.171079460547858,-0.7866065207082457,0.255759313968779,0.19472756892118367,-0.07106540056829591
19ef2be7-6425-4194-a4a4-1b4a7fbefc4e_50.png,-0.5603318873060045,-0.09430862999251369,1.1801141941572988,-0.21191188000813296,-0.9991848436833034,-0.42508306066699714,0.09765440036785533,-1.0297359653867642,-0.7110611066580494,-1.3207578336249308,0.8354536932096471,0.46112179336503734,-0.03162280642868048,-0.5699061886624242,-0.6038795462704193,-0.8053439274253003,2.325000975929777,0.7217637304092984,0.7927900019332562,-0.07106540056829591
3b88f35e-b058-4cd6-a43c-563cda6b239f_0.png,-0.6914971141735186,-0.32651468494987745,0.7850022959008914,0.33379618586756965,-0.6623992593131554,-0.46069932844450256,-0.5035290824393848,-0.5563531368609381,-0.6278231317752307,0.1205447435841452,0.23639021724343198,1.8291778093016096,-0.1590075212739334,-0.5354078109920647,-0.6066417167449073,-0.8247349638308011,0.7955453066968291,0.7217637304092984,0.7927900019332562,-0.07106540056829591
505d1bd8-e981-43ac-b532-853c95be827a_51.png,-0.2823838651993561,0.3431729674905489,0.2497361525235416,0.5110427535138427,-0.4325295010708708,-0.32683062386488504,-0.11439580979870559,-0.5998165094349527,-0.43202919589996297,0.11351145077078363,0.7052684771562372,0.8938259120091834,0.5812009568809147,-0.16187365276817306,-0.27684061421253975,-0.03362406823054531,1.1065837038756179,0.26100813942330003,-0.22526179158021306,-0.07106540056829591
41b05097-d935-4d5b-b15a-8c9cc622e21b_106.png,-1.1502997339643946,-1.3610105519837385,-1.1542407976041058,-1.6535842041267172,1.1248148893923908,-0.5145275721391025,-0.7232317142206823,2.0463094194709215,-0.0638000873512927,0.6756769881931031,-1.4402203619933005,-0.33576461227392435,0.8153134057857038,0.22514263006252572,0.12805645463121734,1.0349406557825478,-0.4539254908510449,0.22472278084639377,-0.30543526120311454,-0.07106540056829591
3dbb185d-309a-4682-8409-24f5556e96df_46.png,1.1660724910242233,-1.1230970394727882,-2.2134804588531107,-1.4072407823947557,1.8193176400366986,1.724461277383967,1.8498564215626616,0.9314516647178829,1.6070243082826043,-0.6955678313745852,-1.2777817865770933,1.4667926509682352,2.547056961654953,0.27986419464309586,-0.13299910401028125,2.1176409107539578,-0.672183816018143,-2.09107422367511,-0.17399022132583786,-0.07106540056829591
519d608c-1d5a-448f-8835-1d3a5261bbba_27.png,-0.09157511962621438,1.162222529953033,-0.3448954707348658,0.3427010205645295,0.2174539715238928,-0.5562853816622286,0.21063468991377082,-0.5836723611231244,0.08866607096329816,0.3125574092236101,0.6976791492794366,1.5309140198048905,-0.1417933706191695,0.16645573471524763,0.26290615953965557,0.39574478629999754,-0.04205055100912214,-0.19320543722807793,-0.9261048549854699,-0.07106540056829591
3b88f35e-b058-4cd6-a43c-563cda6b239f_69.png,1.721974413382068,0.6363328815988569,0.7032545517038612,-0.16028657773074098,-0.5909506802979905,-0.5435445361872653,0.6563781070593373,-1.813413670944431,-0.7922527572905913,-1.0462450963151817,1.4861285588125508,-0.04253119616119866,-0.9577441116549787,-0.5667339240490578,-0.5856660465427043,-0.9138138233497736,1.0530174768044924,0.6691233359958411,0.6764796434866118,-0.07106540056829591
3b88f35e-b058-4cd6-a43c-563cda6b239f_53.png,0.09006138321153714,1.9334696763057164,1.288720373417214,0.9533097208884704,-1.196975143397379,-0.6220241691772627,-0.09976296506803824,-0.7138688527424151,-0.6952937900970834,0.7477144561175727,1.0907132124444225,-0.8160835773219393,-0.8131452461549619,-0.5960773717226968,-0.6365218947460909,-0.9216106764933487,1.5743834891261523,0.7051804847703769,0.7561488774515104,-0.07106540056829591
a653df7d-134c-48e9-9911-e3a0e5f096f4_17.png,-0.7354815166476572,-0.1840957197073985,-0.47360233985341377,0.8824098841160708,0.36685840823219096,-0.3326399571609486,-0.15443050746094122,-0.3411748656323809,0.3337152298593573,-0.07797966204343627,0.14862086937293084,-0.07517901064355663,0.09576190841657244,0.4820960637452028,0.17347763783312883,0.5493248832328109,-0.09404130521829245,-0.30525645019198344,-1.1053157915142802,-0.07106540056829591
4a7aeead-7888-4bb1-a39e-eef6dfc4a6ff_93.png,-0.9717972030519317,-0.8867786120809191,1.610313920103087,2.3729324975521475,-1.9080538202941386,-0.642908165235597,-0.6795598633932539,0.19535199369510545,-0.4781394527805148,0.17150200827690465,-0.46649855430764003,1.4269929460897635,-1.171199579774051,-0.5952843055693552,-0.6274631540779764,-0.9528336539289198,1.0319131696536938,0.7217637304092984,0.7927900019332562,-0.07106540056829591
3b88f35e-b058-4cd6-a43c-563cda6b239f_39.png,-1.3400167671609624,-0.37196703717141294,0.5112430525712126,0.6481922609876632,-0.40724067807424924,-0.532858733805479,-0.5638110639029517,0.6578514362580731,-0.038393766784283995,0.5836892474751939,-0.8275235202165856,2.2313343000066093,-0.010965825642963795,-0.39781083338729784,-0.491129975827905,-0.622275386658345,0.6840643966977901,0.15671625973999084,0.14347966122262634,-0.07106540056829591
519d608c-1d5a-448f-8835-1d3a5261bbba_62.png,-1.4609077802536532,-0.9738452691476371,1.5196328501326704,0.9534332628702645,-1.5122683452459995,-0.5280814566722156,-0.6150291172275633,-0.11233726431610015,-0.47242216340226334,-0.29356462960911334,-0.32837132687074644,0.09800868619033612,-0.716746002488284,-0.5346147448387231,-0.45288149672614947,-0.7918462452214712,0.5669933380373051,0.7217637304092984,0.7927900019332562,-0.07106540056829591
27bb6d3d-77c3-486b-a22a-3741dde393ee_57.png,-1.3113434137500615,-1.1526525161648717,-0.4468335783651315,-1.249677915363601,0.7166614301566828,-0.5903044567631407,-0.6864597705600193,0.8422631735042294,-0.22229145105047438,0.499136920617801,-0.8584153092427583,-0.36567162008204984,0.5708724664880563,-0.35220952957015605,-0.18347850201913052,0.1613783404256706,-0.3712196101977757,0.2184850462482673,0.18371254697984493,-0.07106540056829591
a6a04226-e7be-4c2a-8240-4e24256bfed9_34.png,-1.1746964901257506,-1.188856508603219,-0.9324681763851613,-0.2157311277010477,0.7878840768054697,-0.31076200421179834,-0.3965877987576179,2.1618573242271077,2.5636293030006487,0.3339167803817609,-2.15539166885976,0.9983491209114722,0.04067662632132793,0.3036561792433437,0.07962845109964725,0.7094600316829472,1.3575011475990841,-2.3853127288647817,-1.7075820031331288,5.12115056472936
386822e1-0d1f-45b2-97d0-ac0273ee2394_1.png,1.0313074423075004,0.19993037628052915,-0.026144655530591927,-1.6408460548085335,0.46619363076252673,-0.20175943568371973,-0.5369995625075301,-0.5996925163709874,-0.6356664875187773,0.7090221378152562,0.46286875809012423,0.5035986869542516,-0.004080165381058231,-0.4592734602712715,-0.4241748137583997,-0.5517395885533565,0.29519599120714196,0.7217637304092984,0.7927900019332562,-0.07106540056829591
19ef2be7-6425-4194-a4a4-1b4a7fbefc4e_46.png,0.10559697191800164,0.1436559975346834,1.6946660959328956,-0.48082390958448545,-1.7479888562399741,-0.5261790709365729,-0.12478639303852788,-0.7784101011682605,-0.7011748628205187,-0.48047637785031316,0.7688376389489294,-0.017118646538320622,-0.8200309064168675,0.024893426343772774,0.2836022679625046,-0.4114491537493601,0.6998358812184241,0.6789363574977717,0.6981617767808571,-0.07106540056829591
78667ea1-0eed-4d74-b94c-83a1d16767bb_52.png,0.7611861314389962,0.3497145797714001,1.2131411674220618,-0.36876217459538985,-1.5335302650300853,-0.44584919290218433,-0.190913213058063,-0.941872760350964,-0.6365695303131854,0.19671578273203805,0.8460743233988418,1.4807137877143342,-0.7683884544525758,0.11450990167137311,0.2845076835910231,-0.3449257893680628,0.768611939855371,0.4796331300942195,0.2577959687892295,-0.07106540056829591
6764beec-de30-41fd-ac4d-374023ed0a03_61.png,0.23670589524426955,0.13642392843834275,0.08446629239188308,0.2551358826810359,0.24219237300763466,-0.33748629397097024,-0.47178505012738686,-0.37227403577149987,-0.6121710919148962,0.43768501101508317,0.2770411974630467,-0.4241896613372614,0.037233796190375146,-0.27647171192603365,-0.39547635451812174,-0.4977488597380402,-0.2278781207311615,0.7217637304092984,0.7927900019332562,-0.07106540056829591
4af4cf7a-5d36-4d0a-9b11-fcbd77f87c6e_119.png,0.7540061648787468,0.3243367052624742,0.545919589513042,0.34982511875195615,-0.8049683004138763,-0.3739869783022461,-0.30605659454598555,-0.007358108755093443,0.0944651512897084,0.7261114402635479,0.2808120776881803,-0.3255404186290321,-0.9577441116549787,0.16685226779191845,0.4262558078444551,-0.4489538696831544,0.2246311198321712,-0.21458108871677953,0.48528567270106276,-0.07106540056829591
a7ab7384-2203-4096-ab14-1eae445ccdd9_14.png,-0.4801219781416557,-1.1288647063856898,-2.0200215966190638,0.08092610130460141,1.7452307243740641,2.6307070990228554,-0.6973941461334371,2.322338668175275,0.0330368536991269,0.895384232675478,-1.4321026887039043,-2.063991858756608,-0.8406878872025841,1.2382846409564146,5.379981130462485,2.5009061929017866,-2.185692746091551,0.06436735971407008,-0.19744728449001517,-0.07106540056829591
7483fa58-40a2-4a34-b0a6-a30645af78bb_12.png,-0.8350299589624653,0.895082324401912,1.144210893284775,1.4736773901426885,-1.0605141206315467,-0.39466429529057984,0.3884566410598477,-1.0632743638217113,-0.671191851177761,-0.31664560287175686,1.038813250798562,1.4188156619721495,-0.16589318153583896,-0.5500795348288843,-0.5930772479364017,-0.8068583818469038,1.220640079641749,0.6472912649023985,0.6282410988707353,-0.07106540056829591
5ff99f98-8c70-4537-ae86-b6048ef8dd6e_1.png,-0.11674995961384182,-0.1987547373503634,1.1607737649975207,1.9603299291612963,-1.385922640385163,-0.6410267382729535,-0.36619705374505734,-0.9591392221321684,-0.6909370680805325,-0.3271574278151548,0.5701268296443373,0.27997884035977844,-1.143656938726429,-0.5405627409887851,-0.49126060487126183,-0.9201692802578745,1.222999794548039,0.7217637304092984,0.7927900019332562,-0.07106540056829591
22df8deb-bec0-46ea-b532-d6d7e8d8d57a_36.png,-1.424086289314889,-0.8108742271639635,1.623464052691229,2.0254471151592193,-1.7231348952196424,-0.6212070860791059,-0.6526269687206289,0.1154578277326362,-0.518178231396676,0.1923585278527545,-0.31343966848607363,0.9634405941273996,-1.0679146758454678,-0.5948877724926844,-0.6332138367699669,-0.9439736308569382,-1.9628583420721493,0.664483070014308,0.6662268517738296,-0.07106540056829591
4af4cf7a-5d36-4d0a-9b11-fcbd77f87c6e_120.png,0.7421735181528154,0.5739778474416368,0.9321418349177643,0.5330817968418321,-1.005727016103282,-0.6291546490137851,-0.3297437674370537,-0.7933591945140993,-0.7169068707091184,0.45912681136506034,0.849927013018208,-1.1799840426976433,-0.7546171339287646,-0.5659408578957161,-0.5430686907492978,-0.858384115240347,1.8952813868305756,0.7217637304092984,0.7927900019332562,-0.07106540056829591
27bb6d3d-77c3-486b-a22a-3741dde393ee_12.png,-0.21195623581917167,-0.5671387844741034,0.7150480188215148,-1.6081650061645147,-0.7280716457395285,-0.13162383156172905,2.5239427608651788,0.49392443811452486,0.5056672731189115,-4.260861778608693,-0.7250349468057763,-0.17452545061613137,-0.6960890217025674,-0.4065345610740554,-0.23302223082248777,-0.5870648133226548,-1.342134842870805,-0.5598625197033151,0.1648822746644383,-0.07106540056829591
00367bac-0715-41b8-93dd-c21b8877a1f3_49.png,-1.3485461378854888,-1.6871889623502987,-0.6152740471618254,-1.2179651461532015,0.6727037329074145,-0.5526453179153769,-0.2377174439847613,1.4705320297045028,1.9839859997667517,-0.5326211969468451,-2.1531239572556746,2.0956092848223946,1.8068484835001049,-0.1947858981318493,-0.4101330979182602,0.4159168483847225,-0.44033652602479906,-1.872981722543055,-1.8597116833194027,-0.07106540056829591
a653df7d-134c-48e9-9911-e3a0e5f096f4_18.png,-0.5418597674891561,-0.26897048077718594,-0.23802007615542603,1.2346162468723896,0.7346952904991482,-0.1934168864745743,-0.457436178955892,-0.5925982906015685,-0.6400630565876871,0.0012631121431435496,0.33362530942640517,-0.5745188597870068,0.1611756809046753,-0.3454684672667525,-0.30013064402276995,-0.3066901186838397,0.06456151370761679,0.7217637304092984,0.7927900019332562,-0.07106540056829591
268cf2e7-02be-4b54-8659-24b54163053b_59.png,0.7886078520429619,0.2641162548586998,0.38290002554271685,-0.6215716303627765,-0.3003990520743399,0.07611162643627772,-0.394543622678994,-0.8060264321985618,-0.6938770601446923,0.3644280562612915,0.6826022063313346,-1.994756439404822,-0.5411616658096922,-0.019518278243356595,0.043449826654250984,-0.3258910468892867,1.758488388218682,0.7217637304092984,0.7927900019332562,-0.07106540056829591
22df8deb-bec0-46ea-b532-d6d7e8d8d57a_23.png,1.345598087010008,1.4707079694325904,0.809660443803609,1.1131808483613985,-0.783838334859008,-0.6198494979728152,-0.15105905692799493,-1.0908056753970186,-0.7836931850180391,0.6560746967391184,1.3245167420703667,-0.6836561419990363,-0.8716733583811592,-0.5393731417587727,-0.4434141179451923,-0.8306283180324731,-0.39664713005643776,0.7217637304092984,0.7927900019332562,-0.07106540056829591
53345714-cf33-43b8-9e6c-89b5c2c7aad7_24.png,-1.0797720594332978,-0.5329733612885167,0.42750724121076794,1.0051308525195186,-0.4620826406328765,-0.5619750045604929,-0.656537566436257,0.20313332806798648,-0.524470269125773,0.6291955564433617,-0.1983697633740783,1.4317829234828199,-0.5342760055477866,-0.23642187118228306,-0.01755927563827518,-0.3601906741799276,1.2670783766291007,0.5290785872744901,0.609382692057868,-0.07106540056829591
9229a83e-46a1-420b-bbda-57bc886c344b_44.png,0.889802841653717,1.215442634022074,-1.6272183758352083,-1.2643396912645113,1.2074424051841843,2.4445162402359637,2.728778432309773,0.5920667778385124,-0.09135105766281043,-1.2225361729438455,-0.5144418650743947,0.07572319973516113,0.09920473854752522,0.4380808922347442,0.23111513133566255,0.5634656655674214,-1.1242804193240152,0.05607573689460932,-0.6498079483526894,-0.07106540056829591
8b0863a2-01d3-4fdc-9994-7b50b25bc730_10.png,0.5751124048022807,0.3441135396653906,-0.38656180561567083,0.05783968322561737,0.8786767188803156,-0.27745013659277096,0.18409415565496437,-0.9501778094401654,-0.24262974413538954,-0.0249858671415339,0.7946794974383112,0.05822740467253089,-0.11769355970250002,0.004273706356891281,-0.19524610271292592,-0.24665940883476833,1.2996038776493817,0.07851636746103981,-0.6284822394320895,-0.07106540056829591
505d1bd8-e981-43ac-b532-853c95be827a_9.png,1.0292556472745666,0.08347929733012331,1.242152247767151,-0.17412081846277158,-1.3182520444160093,-0.5229475802358184,-0.12108575614418522,-1.1974274605076778,-0.7348762411812694,-0.46372552450889176,0.9333492538338949,-0.3095010422820824,-0.4688622330596837,-0.5342182117620523,-0.48412701648898276,-0.750782874009822,0.47143201992982264,0.7217637304092984,0.7927900019332562,-0.07106540056829591
75769513-6d94-48cb-b36f-b1f9dc9210d3_23.png,-0.04673326556567792,-0.34643750557312775,-0.09557322274497128,0.3516204978561691,0.5853056611086268,0.11390261754713057,-0.5034216246149215,-0.33384247529372685,-0.6252186053796254,0.1662712250179751,0.18118900746981398,-0.9984523826286508,-0.19343582258346123,-0.21937094888543876,-0.36333252103231056,-0.5352006185837356,-0.3866039493926614,0.6571803563384526,0.6500913107176483,-0.07106540056829591
81faa7e7-ef94-4bfb-ad32-94fd63e1848b_50.png,1.207287842566133,1.8847387338596981,0.7623232712936482,1.1193424533983034,-0.9033808273712894,-0.5874653842162941,-0.45236739027918915,-0.3905216329484999,-0.6825267618122337,1.0355477213416782,0.8478367642267843,-0.3222481633532606,-0.6960890217025674,-0.5179603556185496,-0.5094942882992264,-0.8221767944626222,1.973291613000811,0.5645271765760379,0.6477309627737146,-0.07106540056829591
90bae25d-a144-44fe-8481-52b9f3c73315_14.png,1.0157172703236443,2.2154432097996604,1.6431633965794235,0.6481015073382056,-1.8484406009517746,-0.6577118366912444,0.9728779419577172,-1.4784755862137664,-0.7689385720280065,0.013623264491669573,1.7118638538716924,0.5740993491391181,-0.985286752702601,-0.5944912394160136,-0.6508208652590243,-0.9429822642643462,1.0416372122643847,0.7217637304092984,0.7927900019332562,-0.07106540056829591
48a4d49c-a4cf-463b-ae33-31db1940e1d3_18.png,0.2889865261129698,-0.8722101753556135,-0.7871567052741166,-0.30006156977530396,1.173150477458972,1.1105993598686987,-0.20981711921523877,1.862485158393978,2.2193564804357586,0.7158250006117695,-1.8095243475045497,0.7437846375695357,-0.7580599640597174,-0.06948144590387713,0.7902453790003302,0.3279621787482932,0.6121291515210263,-2.721846117427116,-0.2590701394176956,5.12115056472936
2ec83b5a-f1ad-4dae-bb33-773f1eee7923_36.png,-1.6525739412981364,-1.5730892152687606,-0.8443331599648286,-0.3630732108601624,0.9334992643025442,-0.5632045457566,-0.40129519469325814,0.7086134906624484,0.007854665274378994,-2.452456147579597,-1.2531829333366573,-0.1175845729514258,1.3937088677857712,0.058995270937461396,-0.20565845572025146,0.6002933066483276,-0.010997780919412654,0.09007899744781078,-0.6029342994264665,-0.07106540056829591
7483fa58-40a2-4a34-b0a6-a30645af78bb_22.png,0.7632590509584402,1.7720898601186643,1.2073766567531914,0.7852639088461852,-1.4134919448950263,-0.566413669549844,0.5588339636753802,-1.45657439512993,-0.7817085492216025,0.12032469228141268,1.6406887123801301,-0.027557072924634846,-0.6582178902620868,-0.5778368501958401,-0.5421062776459025,-0.8384861743255431,-0.10461225646956393,0.6602231537033924,0.737287303856343,-0.07106540056829591
92da35e0-d1db-40c0-86e2-73b0de7f8784_54.png,1.606905354374226,1.3507562191146738,0.6668374295837108,1.896892580816068,-0.8590733176887618,-0.6362137291138312,1.6318210892825473,-1.6547582909917058,-0.7871464962560978,-1.3366485783392528,1.5744986774917342,0.02262253403611275,-0.8716733583811592,-0.5409592740654559,-0.4590211716813746,-0.8384227542346842,-0.024496425066798815,0.7217637304092984,0.7927900019332562,-0.07106540056829591
19ef2be7-6425-4194-a4a4-1b4a7fbefc4e_15.png,-1.2098064005576619,-1.3643719750150827,0.3275984934752305,-0.8715595476979915,-0.7368430079221316,-0.47820474934017304,0.016707381197479138,1.7734223110822396,2.851899214201998,-0.7503248039158247,-2.2090265181544217,1.0105180938806368,-0.19343582258346123,-0.20430269197194842,0.08621887505122451,0.495215348892257,-0.40788820163908013,-3.381600656080172,-3.7680297822915376,-0.07106540056829591
78667ea1-0eed-4d74-b94c-83a1d16767bb_55.png,-0.41456640393017097,-0.9047394051452803,-0.6436278581008054,0.19209935663431082,1.1152407410193,0.13518368315427248,-0.6488458158771206,0.9814818282705138,-0.42429228944591985,0.1577737683210566,-0.6641185591583815,-1.107356828538945,-0.2726209155953752,0.5574373483126543,0.13460879673469325,-0.007360277794602102,-1.2397750304311592,0.7217637304092984,0.7927900019332562,-0.07106540056829591
48a4d49c-a4cf-463b-ae33-31db1940e1d3_35.png,0.30066413026408706,-0.35292110406635363,-0.02712567913905352,0.37393660315940896,0.36118490793891717,0.04727250141599824,-0.25883089359307804,-1.129332637786323,-0.6847933267060272,-0.49211985449013346,0.6881457878923398,-1.0393091615826038,-0.4791907234525421,-0.3216764826665046,-0.013590931864473273,-0.32072402946899653,-0.8055899251170363,0.6053767312003537,0.6841417050095592,-0.07106540056829591
386822e1-0d1f-45b2-97d0-ac0273ee2394_7.png,0.5232260045093192,-0.44417601962819026,0.9632859321218494,-0.9528040714557449,-1.545946720428885,-0.22701185218706882,0.5558235962067692,1.4276740385011584,2.1374288791148626,0.09518870207643729,-1.3640865173214511,0.09248127145417828,-1.2331705221312013,0.34886094998381467,4.622058190717962,-0.03281915935357521,0.7717622826526778,-1.9965192955596078,-0.06534491907215599,4.609129267689216
386822e1-0d1f-45b2-97d0-ac0273ee2394_43.png,0.43224151751714773,-0.3250604636249349,-0.5590817040085839,-0.17333601735651866,1.076535618593827,-0.029064704885340197,-0.5402942132120415,-0.13752028124125032,-0.5193669287866298,0.5560874444408316,0.03752821934017289,0.34758436211961014,-0.4413195920120615,0.4206334368612291,0.2951346761680348,0.016712370428894962,0.025753669158370615,0.4529325832168734,0.19880039680256548,-0.07106540056829591
268cf2e7-02be-4b54-8659-24b54163053b_99.png,-0.41914459949793637,-0.5879115787110609,1.7785270921538847,0.239295724021389,-1.6618836956833014,-0.535249323982628,-0.5224398014845667,-0.17568366687843484,-0.5449315702312277,-0.021524817348274865,0.019122527956135945,-1.844510936444355,-1.0025009033573649,-0.2284912096488671,0.3444704598216166,-0.5747682750268849,-0.9979056365178968,0.5572244629001826,0.4982144912020248,-0.07106540056829591
10b42c78-10e5-441c-bc2d-1bc4a35bb63d_13.png,0.6170683250542157,1.3675383205763696,0.36327770105795487,0.22708859833144596,-0.1830881874699643,-0.6413170178174807,-0.08821976504823734,-1.0654686524434775,-0.7457052341537892,0.5079966329570558,1.0974827786503323,1.3364521700753416,0.5261156747856701,-0.52311528561527,-0.536487190353092,-0.6043425664255985,0.9816037049540184,0.7080711422670696,0.7625358624529149,-0.07106540056829591
6764beec-de30-41fd-ac4d-374023ed0a03_13.png,0.17654731689226869,-0.8507944043246852,-2.7622260921873534,-0.704010946622681,1.8235512417360773,5.24443942840884,-0.18342894590639178,0.8692559767064224,-0.4069252604477473,-0.7263927118727668,-0.48817019974780285,0.3358738829961391,1.0769684957381152,7.549505089248835,1.4013194969271632,4.517638502762717,0.24182157335595958,0.5556269942835892,0.4257064429051203,-0.07106540056829591
44341a17-f4a0-402e-8f84-ad64321de876_5.png,0.1576132573174199,-0.31445702887881294,-2.1150507967338092,-0.7043182516738871,1.7460558853667727,2.786686455463132,-0.15870094953399427,0.8829380672042108,1.7890394732114197,0.6887035531212904,-0.9261990612213217,0.3626664495831317,1.583064524988174,1.814050668282413,0.130076686149263,2.454423083984126,-0.557904592914154,-1.7235803719245142,-0.9624372144724612,-0.07106540056829591
16c36170-95cc-4260-985e-1bc7fbeac4a2_16.png,0.9598143263118053,0.7761014080031332,-0.352550108196376,0.22322402252507337,0.8998821635168026,-0.2456409968912836,1.002236224760593,-1.5715411750533759,-0.7388936501384085,-1.081813923613834,1.4612443274540043,0.3449625432528701,0.11297605907133634,-0.4541185302745511,-0.4117444667212318,-0.4887977816114361,1.3975064030422448,0.6181564801331006,0.5848434401175865,-0.07106540056829591
519d608c-1d5a-448f-8835-1d3a5261bbba_66.png,-1.0123108432207069,-0.9076520266902224,0.7575789625365333,1.078834130771715,-1.168568828608605,-0.6584176498223612,-0.6093973362601562,-0.018691323263040332,-0.45580874110615566,0.06910090858468992,-0.29054341245256116,-0.46244059687197725,-1.1815280701669095,0.02172116173040639,3.8289776567622065,-0.1235743923949086,-2.5713910706474645,0.4157343854304852,0.11660998454763766,-0.07106540056829591
44341a17-f4a0-402e-8f84-ad64321de876_27.png,-0.589439958404621,-0.6068552405558462,-2.0083604477564565,-1.5291071385372195,1.604930211905394,1.2811041021135432,-0.4424029222164894,1.352894666429604,1.5690335369740722,0.7598693491897781,-1.2076912160355184,1.0470134684161239,2.250973570393014,0.8706984788825848,-0.03297962410244582,2.3486478002041142,-0.8595318586333415,-1.5162137315038717,-0.500824787267172,-0.07106540056829591
7483fa58-40a2-4a34-b0a6-a30645af78bb_4.png,-1.1410169858722343,-0.011270416346588659,1.34079024358694,1.274612509983432,-1.3681260526029015,-0.6086463603363224,-0.5399315817640686,-0.0411343229467142,-0.2950788514278463,0.6391279637797468,0.06618176037762265,1.3372146839143244,-0.9887295828335537,-0.5453211379088346,-0.4595050010199022,-0.8649218934103249,-1.1142912274274213,0.2251792004511347,0.388444689870136,-0.07106540056829591
19ef2be7-6425-4194-a4a4-1b4a7fbefc4e_70.png,-0.570036615510657,-0.19857509485631353,1.7049332750500998,-0.40288446436672776,-1.5413520931762301,-0.47375700840730384,-0.05081391312625882,-1.15491138817238,-0.719613066711908,-1.1359821580580438,0.8543074143960873,0.6696975190639202,-0.44476242214301426,-0.48623770948488576,-0.4297505841082327,-0.6931468842697539,1.172285035851508,0.7217637304092984,0.7927900019332562,-0.07106540056829591
505d1bd8-e981-43ac-b532-853c95be827a_144.png,0.946237382908376,0.38373383188667587,1.2977183241656458,0.020339938487539715,-1.3873271619372876,-0.45112274412335923,0.9780439691268745,-1.8640606050003754,-0.7961309621869063,-2.1272489645542563,1.5472256206282888,-0.565285361286328,-0.35180600860728917,-0.3716396503270252,-0.397575893465436,-0.6296922486710071,0.3315271837100561,0.7217637304092984,0.7927900019332562,-0.07106540056829591
2ec83b5a-f1ad-4dae-bb33-773f1eee7923_57.png,-0.09344560225919848,0.6425837888747155,-0.9199647494290916,-0.8268757424712518,0.8870322741175439,0.41775251538881725,0.0519095735261402,-0.6775221154694646,-0.42929942275965205,0.184575697394054,0.8311846532899376,-1.0499688129880536,0.9254839699761928,-0.05005132514700804,-0.03159528141679274,0.7400671207756087,-0.3611386732828771,0.2689194125721433,-0.20778162210268322,-0.07106540056829591
273317d8-7414-4eb9-bb2a-b42c7082fe9b_12.png,-0.14737950620782903,1.3792991289723362,-0.6204142563251236,-1.0995220321465753,0.22633803148406745,-0.4013241657601221,0.03592220278912498,0.022129772997325124,1.0052447569210676,0.6970858065156788,0.26887442739234296,-0.28502813405497585,0.48135888308328395,0.07564966015763491,0.023146542443328158,0.7508976493841436,0.9298436645169359,-1.1791478534026734,-0.8415386074660228,-0.07106540056829591
519d608c-1d5a-448f-8835-1d3a5261bbba_9.png,0.6576626512062684,1.0947857247274582,0.6011385342709937,1.1599998867169374,-0.8296546696161284,-0.5329005209593255,-0.005884774784936837,-1.1646605809679458,-0.7446667654715442,0.44672096899449415,1.2806457562689906,-0.6176417898834871,-0.4791907234525421,-0.45451506335122194,-0.3545725879542641,-0.6322931228683278,-0.42792863244035434,0.7102771703566509,0.768921195633816,-0.07106540056829591
a5f7c55f-08cd-4cf8-8e07-7d416d70c470_8.png,0.6148472735350823,0.07688773827586894,0.921002802872238,0.14616221514364489,-1.0403460118256687,-0.5739654773225153,-0.6588926579493513,-0.1951278063620412,-0.651977189477759,0.9227523108097666,0.3062310828858074,-0.9890748043651111,-0.9990580732264122,-0.5076504956251089,-0.3455076732010224,-0.8315788590327426,-0.7459917271224422,0.7217637304092984,0.7927900019332562,-0.07106540056829591
6764beec-de30-41fd-ac4d-374023ed0a03_47.png,1.2986278156756172,1.165616505799334,-0.19003605433778162,-0.2798386489350065,0.41534197608981277,-0.4281335716601736,0.531315470310939,-1.3105203571318838,-0.6185852563594169,-0.002725492567033901,1.455546331251939,-0.20926114419907196,0.2162609629999198,-0.07265371051724352,-0.31139511907044104,-0.279896049534392,0.31355249139814595,0.4155822455622382,0.11627382744230237,-0.07106540056829591
3b88f35e-b058-4cd6-a43c-563cda6b239f_41.png,-1.2533568797673744,-1.3766962122744784,0.6914891427169996,0.01450859510648866,-0.5016590912965514,-0.5609360413120897,-0.7482563808980823,0.737324691812612,-0.315986547209628,0.31544981853217824,-1.070863074517432,0.31159798950667433,-0.6410037396073228,-0.44777400104781834,-0.5103974403886736,-0.8111972897197826,-0.3058469077316516,0.6103212769183808,0.5465549222738153,-0.07106540056829591
519d608c-1d5a-448f-8835-1d3a5261bbba_54.png,0.8143785232931399,0.4910502481824832,0.5080333417079658,-0.1579553987059373,-0.3931956105975355,-0.36923223409281675,-0.47147908952055756,-0.44744735914005695,-0.6864761889537485,0.6632628329597219,0.6686281850917091,-2.595290425406213,-0.923315810345451,-0.322866081896517,-0.08008335709961949,-0.6831543699663966,0.60807597510887,0.7217637304092984,0.7927900019332562,-0.07106540056829591
258bd669-e070-417c-9e38-6240e5c933aa_38.png,0.3979939771257955,-0.14090528643408035,-0.25149944160578275,0.9890929084324291,0.26474511219301256,-0.1674749666743378,-0.18840761865537475,0.44340441553788945,0.49036931282241236,0.5045496960306414,-0.32974293066214955,-0.6842355471505964,-1.047257695059751,0.9151101834697142,2.192160466279331,0.09786855626932944,-0.7541579838545903,-0.6308357682405343,-0.38346416329065325,-0.07106540056829591
578fbdd2-3bf8-444c-8c21-8d2666ef631c_4.png,-1.1674083332250391,-0.16756541149605303,0.6237216319008246,1.0743804651479119,-0.4289732254770501,-0.4025199100371735,-0.22582864473700343,-0.36461021146391254,-0.4143572362147026,-0.2956178556828933,0.39996110742513913,1.4848472417536585,0.4779160529523312,-0.5576136632856294,-0.6012979674122717,-0.7253733721598035,0.5228657682438385,0.42866627423147907,0.14518333850129522,-0.07106540056829591
258bd669-e070-417c-9e38-6240e5c933aa_5.png,-0.46953778818216085,-0.4639404375871677,0.3152085234834938,1.2921557395860614,-0.20594643776089896,-0.3102125754026102,-0.6595147984950195,0.07908603214874978,-0.5747425651171362,0.6297003253186141,-0.05412485464613115,-1.2172689450765286,-0.985286752702601,0.05027154325070384,0.5881317724931555,-0.4690425215298966,-0.38194428917366713,0.7217637304092984,0.7927900019332562,-0.07106540056829591
6764beec-de30-41fd-ac4d-374023ed0a03_21.png,-0.07311661033064208,-0.6521116633699224,-3.1921368421268395,-0.18425805980478638,1.7723511083158396,5.975728207543693,0.6082094404710093,0.6235825763529764,1.4988323003970234,-0.2791813442508152,-0.7733679536013341,1.17435043087419,0.7946564249999871,9.110655812101767,1.6489750042682643,5.776705831745537,-0.6070654986087445,-1.4777223448373842,-0.9382426474012231,-3.9541644143882
9229a83e-46a1-420b-bbda-57bc886c344b_40.png,-0.6882784420499735,-0.5922998232309763,-0.3477317480785313,-0.4983374023494193,0.8726942399830716,-0.12507215641503683,-0.516038473849173,-0.3142865801752862,-0.5599110999906489,-0.06797086944893356,0.040991558537749974,0.22176132235511306,1.1871390599286042,-0.2744890465426797,-0.5067411846266006,-0.39813216290978043,0.7764011529362149,0.7217637304092984,0.7927900019332562,-0.07106540056829591
92da35e0-d1db-40c0-86e2-73b0de7f8784_47.png,1.787083214651337,0.8860247325306094,0.5762863316205096,1.3005785426243717,-0.5486608658866525,-0.590971443018081,-0.20429806057666347,-1.0088642228124503,-0.750152503495837,0.38038032109732023,1.1507259108371721,-0.5060224754196941,-0.7993739256311507,-0.5913189748026472,-0.5688203898361965,-0.8815773156469264,-0.08665764991497388,0.7217637304092984,0.7927900019332562,-0.07106540056829591
505d1bd8-e981-43ac-b532-853c95be827a_48.png,-0.5835728083585343,0.06848703677434959,1.0926989992972387,0.43804375826006836,-1.058397077982908,-0.42729816774553275,0.057537019019361466,-0.996517886925079,-0.6341583214693192,-0.710523416356043,0.788330827802575,-0.06290287130190231,0.18527549182134476,-0.5266840833053071,-0.5388467312062614,-0.6683951197043465,0.725094095591165,0.5145492298569029,0.3349440244640988,-0.07106540056829591
2ec83b5a-f1ad-4dae-bb33-773f1eee7923_81.png,-0.8383047575138086,-0.4276505516778947,-1.0847828313813173,-0.056956303965398296,1.149501170726478,0.3791302662715661,-0.3993643602969213,-0.17064803902336023,-0.4620227916985608,-0.0005314922222008679,0.14351849829435728,0.7366175449418295,2.547056961654953,-0.07860170666730548,-0.3042416552828878,0.7833623540359803,1.0452117042116431,0.4393160650087681,0.3276229980235659,-0.07106540056829591
a6a04226-e7be-4c2a-8240-4e24256bfed9_40.png,-0.8519121718531882,-1.4627030292649574,-0.7659001809069664,-0.6319930405840289,0.6661511079782495,-0.0576348765071133,-0.178063796601414,1.3268079167382054,1.4482215844957902,-0.23642484365154715,-1.6690674267204348,0.5423194882367648,0.2679034149642115,0.3433094869104235,0.06513130829147318,0.7037289556150961,-0.1731382118246777,-1.3497727156416686,-0.04640846569777199,-0.07106540056829591
a6a04226-e7be-4c2a-8240-4e24256bfed9_14.png,0.2589931110720656,-0.24646959781671793,-0.010374643237546647,-0.35226429274764454,-0.1801409247227961,0.07171638014374768,1.5819937941414084,0.7608435605631558,-0.2584135346400348,-2.911902610782943,-0.5472855242503277,0.5012329863768498,-0.8062595858930564,0.15693894087514848,0.34222974074033613,-0.33766049979902985,-1.2454937300357418,0.31121429594480554,-0.11432994681896248,-0.07106540056829591
9229a83e-46a1-420b-bbda-57bc886c344b_17.png,0.026028226689271024,0.7054899762792445,-0.1515824753293019,0.2661674585215523,-0.04424623170828342,-0.5029403778342194,-0.07418552543194352,-0.6518238654183953,-0.316267678195911,0.3877697574827106,0.7735029408045321,1.6210273470393008,-0.527390345285881,0.1700245324052848,0.6687444365250726,0.29126710565835623,-0.5160112853157124,0.14386044087312047,-0.3189895331019925,-0.07106540056829591
92da35e0-d1db-40c0-86e2-73b0de7f8784_51.png,-0.5233524027787717,-0.3417862302886962,0.10444820509787815,0.6235699185457544,0.26004705190382627,-0.15459194592432063,-0.266553921501698,-0.9070636684267243,-0.6835666155812248,-0.7901407764565218,0.5303848469132468,1.0455898329922086,0.9840120822023901,-0.5591997955923126,-0.5749477693900734,-0.608201723969374,0.6029108103407149,0.7217637304092984,0.7927900019332562,-0.07106540056829591
7483fa58-40a2-4a34-b0a6-a30645af78bb_16.png,-0.5060700181284987,0.21509564890157312,-0.20063749287660876,1.4196142285288205,0.9072429615218005,-0.12618862626178967,-0.32765004308202017,-0.8579722136137486,-0.7218209957087471,0.22725682019875856,0.7994821458160258,0.5495206170993564,0.5192300145237646,-0.5873536440359393,-0.6186161303075869,-0.7643507275737799,1.5714428731445167,0.7175798840325063,0.7882509037351597,-0.07106540056829591
7728da31-7807-4ad4-af12-f6b9d4769e58_12.png,2.718927292685972,1.9924141299318012,0.4826537145661348,0.4813932337726983,-0.14079730407861216,-0.6570701021366948,-0.3236620261845019,-1.0025897069224052,-0.7820676710814359,0.9627635587627064,1.2976524037367587,-0.12150592620922374,-1.0300435444049871,-0.5810091148092065,-0.5529800428135284,-0.9135154932559868,0.19499128989399395,0.7217637304092984,0.7927900019332562,-0.07106540056829591
a653df7d-134c-48e9-9911-e3a0e5f096f4_36.png,-0.6649213305807544,0.17583954838293414,0.9785539586246619,0.4845771151823563,-1.1363247157215541,-0.5565955738615067,-0.33102304199860433,-0.7206210579684821,-0.6454023938274371,0.06494260553645523,0.5876666721581557,-0.40513971799557535,-0.11080789944059447,-0.43746414105437764,-0.31842309009870434,-0.4475437404926648,-0.42581180949543423,0.6939982044542233,0.7314413302092305,-0.07106540056829591
258bd669-e070-417c-9e38-6240e5c933aa_70.png,-0.05454466955380646,-0.8546673724324059,-0.7210472333948185,0.7929121839004497,0.8216050574567573,0.2922214766816231,-0.09601030248346552,1.9909001203932049,2.7492731060095648,0.5069541236135828,-2.0084689997060163,0.47527333830717566,-0.7064175120954257,1.0713442156780084,0.9255051570899326,0.6716976685412471,-0.4901125483230614,-2.52900883442406,-0.5711583295483579,2.173906025669053
273317d8-7414-4eb9-bb2a-b42c7082fe9b_8.png,1.5726263374307579,0.6519745773802732,0.2549680615568231,-0.9591180081992563,-0.5609500980014845,-0.18775698291629966,2.3873288725020627,-0.7298428177848774,-0.6024044844040645,-2.158802777289653,0.9673988086237819,-0.9918334107063266,-0.5687043068573144,-0.44539480258779357,-0.062099336311599286,-0.4178627287589508,-0.03319053106556094,0.5374462800280744,0.3855356688173345,-0.07106540056829591
386822e1-0d1f-45b2-97d0-ac0273ee2394_22.png,0.8363217363607547,0.24111539842053442,-0.11212658793393336,-1.2430937798774855,0.3251787070236203,0.03371991822405036,-0.4756222544585834,0.13399641085924924,-0.572883359672189,0.7327252938430108,0.3584911248967407,-0.30814995098458764,0.11641888920228913,-0.18804483582844572,-0.31039929371324465,-0.3259269604128971,0.06374084342811372,0.4764381928610328,0.28521354968235557,-0.07106540056829591
78667ea1-0eed-4d74-b94c-83a1d16767bb_65.png,-0.03487444524203159,0.12793191386423858,1.8575388044825054,-0.6068969686329476,-1.7302044639865364,-0.5938592485135544,-0.679057877417879,0.17730958887961704,-0.6264386626410778,0.9827730860020151,0.2155418153695956,-1.3051018605162072,-1.15742825925024,-0.4235854833708997,-0.21596985922887696,-0.8669389842427738,2.7327682577969354,0.7217637304092984,0.7927900019332562,-0.07106540056829591
6764beec-de30-41fd-ac4d-374023ed0a03_33.png,-0.25693325631844416,-0.6136847079235552,-1.694927714155222,0.03169125482641955,1.3095555213698296,1.2750711630118219,-0.4268144151045717,-0.16679092709434967,0.056094762915628094,0.44544714058000523,-0.14238376818587978,0.7147095810945657,0.40217379007137,1.3489173693475671,0.8594340629984278,2.181326128892866,0.2461102179403878,-0.18194708697780093,-0.68011511442148,-0.07106540056829591
19ef2be7-6425-4194-a4a4-1b4a7fbefc4e_122.png,0.34988273395372355,-0.2890227104323448,-0.3835302137689862,-1.3719134626688392,0.18209797199259967,0.6960132167339121,0.29069014978550195,0.9699286640672086,0.7988714390586023,0.001433467975923964,-0.6964498662350554,-0.36616145030813607,-0.527390345285881,0.37384253381407495,0.7322167019221464,0.5051744137451089,-1.3685960327046751,-1.0453408392794488,-1.5929231310905598,-0.07106540056829591
6764beec-de30-41fd-ac4d-374023ed0a03_38.png,1.1151822443249022,0.5287054099943381,-0.47607669908807326,-0.4900634313579689,0.5238342871783571,-0.12387279052778172,-0.10812919153980054,0.5711695043035571,1.2858049823655386,0.8553401793486294,-0.2990996298527235,0.5007363491453409,-0.8165880762859147,0.12918162550819262,0.9349236692475783,0.18461368225645272,-0.1823793666360834,-1.283211523283612,-1.0885174690114454,-0.07106540056829591
00367bac-0715-41b8-93dd-c21b8877a1f3_41.png,-1.0660493200872585,-1.1347215155367565,0.011886736697159617,-0.9990401409575346,-0.4299903612828316,-0.4218811808163049,-0.2672314941815995,1.0400204504842643,0.2597505002614946,-0.8569610293898013,-1.1128294550851405,2.0625398302207563,-0.25540676494061126,0.6232618390400069,0.43498346032656665,0.49575173112021376,-0.624129720945626,-0.3032025619706491,0.14593466002723857,-0.07106540056829591
48a4d49c-a4cf-463b-ae33-31db1940e1d3_30.png,1.0319993867692454,-0.26202807586850685,-0.5039370792739027,0.3041556254037048,0.7043523322171322,0.2449219481809231,0.27669183266960473,0.472494441559069,1.3488354495391262,0.43634018547492615,-0.5485519443784417,0.34512667976783357,-0.9474156212621204,0.7069303182175453,1.6177086101270022,0.27274355895124286,-0.21732665410599739,-1.4376334895543033,0.2814859479550819,3.8571649360528575
41b05097-d935-4d5b-b15a-8c9cc622e21b_75.png,-0.9090330184186709,-1.057736658682642,-1.8628772461728147,-2.029222380709332,1.5045095494875842,0.9918427992677934,-0.2605672510045073,2.7484787565001314,3.780441452061006,0.44985640515288317,-2.79235047476975,-0.5543858327489777,0.09231907828561965,0.1930234508521911,0.5750381386719506,2.3535607151432747,-1.866175627657721,-3.522253964274511,-2.8386944949384354,4.356359260289649
505d1bd8-e981-43ac-b532-853c95be827a_148.png,-0.774013621486665,0.2855718235607574,0.46499444877720353,0.6110981506156509,-0.50579381563834,-0.4551344807194655,0.18776723132055442,-1.050422918368472,-0.6450451675246878,-0.8252704126029113,0.9261834877721261,-0.862784650158415,0.17150417129753362,-0.10477288972757814,-0.2255197917474078,-0.16984264449078024,0.8681262316262396,0.5512910080385501,0.5867828189698906,-0.07106540056829591
22df8deb-bec0-46ea-b532-d6d7e8d8d57a_44.png,-1.5596198187727461,-0.6584846796833935,2.299733622322423,2.144537579908445,-2.020482021399533,-0.5974143646077504,-0.677334836105735,0.6473374187087965,-0.3213718348944015,0.6659015485558373,-0.5249925750095129,1.3367840842975944,-1.171199579774051,-0.5960773717226968,-0.6294510443912571,-0.9524572677248371,1.867635060804415,0.42159177035799417,0.12955203310311678,-0.07106540056829591
268cf2e7-02be-4b54-8659-24b54163053b_80.png,0.1153913363588473,-0.0806777457685409,-0.7815431592960594,-0.7895702351403283,1.0404044886178379,0.25755943191031294,-0.4731154213489848,0.015642605778593974,-0.43636293031034934,0.5744749396452761,0.012511278319338336,-0.9294946987602867,-0.5308331754168338,0.6026421190531254,1.0484774717911274,0.5967730471468369,0.3568920158958609,0.33297029710412457,0.19465343594442036,-0.07106540056829591
519d608c-1d5a-448f-8835-1d3a5261bbba_22.png,0.5259164303466953,2.418202751938284,0.24886000550611923,0.4814123384652529,-0.22151624352618687,-0.5561693229444568,0.9322220327799963,-1.2288550253743156,-0.6708434603315351,0.23963802669927467,1.5509414977040714,0.5605994585369325,0.27478907522611706,-0.39265590339057743,-0.48659973668879647,-0.5623320296171669,1.2642991978985159,0.5587458615826524,0.6457905435005332,-0.07106540056829591
273317d8-7414-4eb9-bb2a-b42c7082fe9b_59.png,-0.8563753359002239,-0.9183590148467359,-0.7309638947931286,-0.7099816602146085,0.6628053559570687,0.06064869590814266,-0.24080120483780443,0.28405479352555274,-0.044660994013532275,-0.7294091487128286,-0.436316408522988,-1.3714609188549378,0.016576815404658458,1.511892463859265,0.5609440094867078,0.9959548891966813,0.004251347064044267,0.03888393178269985,-0.06944997292527672,-0.07106540056829591
27bb6d3d-77c3-486b-a22a-3741dde393ee_13.png,0.25489650557030324,0.696731058626977,-1.3273739965173872,-1.9080841282986098,1.301557183322268,2.5276400086966886,3.4229696041189444,-0.6794503159201796,-0.33395764480074674,-3.0760157667692085,0.5178290295891586,0.5938037459541435,3.993045616655121,-0.47830704795146983,-0.46578780464129393,0.5398839492147753,-0.24092534219398437,0.21110626263828847,-0.33552132213078817,-0.07106540056829591
258bd669-e070-417c-9e38-6240e5c933aa_13.png,-0.4633598894455394,-0.6607937461609434,-0.3653229098271369,0.5327999209665801,0.4117508303811582,0.21728395775726056,-0.7160568141198436,1.244945700309802,0.5842309013145679,1.118663496035382,-1.0014406735522055,-1.2934572262470347,-0.8647876981192536,0.17042106548195562,1.3786448532974824,0.2590154972756487,-1.2429222463939962,-0.611818284709661,-0.08705107212194549,-0.07106540056829591
4a7aeead-7888-4bb1-a39e-eef6dfc4a6ff_69.png,0.7008866638263116,1.0671030116358147,1.1825722644853465,1.1553787483658184,-1.2725189242308856,-0.6522428905831573,0.562084020931123,-1.6367466519171627,-0.7785912133160592,-0.503281713491954,1.4753083090106642,0.7629743858843394,-0.9956152430954593,-0.5889397763426224,-0.6174953040785262,-0.9313468834168226,-0.16113339677138439,0.7123310585779852,0.7825322410629595,-0.07106540056829591
2ec83b5a-f1ad-4dae-bb33-773f1eee7923_82.png,-0.5648470405868196,-0.08404353841985922,-1.1912744112838538,-0.397408007950441,1.3390738266616387,0.9570431574102838,-0.2796306406763761,-0.6164662322405549,-0.3420478980868718,0.19769140447781014,0.4491203181788469,0.7510096549630453,2.863797333702609,0.20135064546227785,-0.364730858154039,0.6853908030282302,0.9717527679995797,0.1830364569467195,0.28204385302757035,-0.07106540056829591
258bd669-e070-417c-9e38-6240e5c933aa_95.png,-1.5758412489876275,-1.6660951916176647,-1.7222944776284193,0.4565564956397083,1.4443308195473568,-0.3473291145035898,-0.559762040690104,1.5918168645664328,0.9024585942108813,-0.1007382286659222,-2.0358999302835654,-0.059099601713154724,0.26446058483325874,0.70930951667757,0.8258682598954352,2.076997125851376,-1.0648461466115349,-0.38064175490836516,0.5350184569723012,3.12384434817609
a3283dda-4e12-48f9-90f3-8f3223c77d46_28.png,-0.1812486060356053,0.37699933050949874,-0.5287512299453309,1.0530316362287684,0.5383033208237089,0.11843851543979848,0.3294945018091415,-0.11781364242939321,0.6869682139849427,-0.07254823391144721,0.24253784475469156,-0.892630501201711,0.22658945339277814,-0.1912171004418121,0.0022227101570821916,0.42106900111229556,-0.685240961630358,-0.7478313269224669,-2.4543195570706575,-0.07106540056829591
22df8deb-bec0-46ea-b532-d6d7e8d8d57a_48.png,-1.8055169516756853,-0.8358014331200879,0.2897121893457434,0.4097870194715203,-0.08758842375144457,-0.47277625463127787,-0.5925564964619856,1.888889631477204,3.2590828177852544,0.5836759621409985,-2.2718584545159795,0.28770131602849564,0.2610177547023059,-0.4037588295373598,-0.48639061469677725,-0.3332452638197831,0.36299282194085586,-2.979038564698646,-2.4893570827958578,-1.5811594614982587
22df8deb-bec0-46ea-b532-d6d7e8d8d57a_43.png,-1.4695240489610122,-0.40588061781555834,1.6696470329169049,2.0745877740613725,-1.6307718453676778,-0.5699256854614201,-0.6216639411155374,-0.007574114147887332,-0.5169055025674966,0.5428318335984411,-0.18668684378711928,0.7719418391725128,-0.8613448679883008,-0.5318390133020275,-0.5264534775344021,-0.8691025603897978,1.1383717675562637,0.6540614890393894,0.6432000900582383,-0.07106540056829591
258bd669-e070-417c-9e38-6240e5c933aa_35.png,-0.2850948222230236,-0.4697290196079645,-0.12946266448418686,0.8389150534018012,0.5093175478862536,0.09064273878349882,-0.5614785787909693,-0.3886210174217853,-0.606418260292525,0.2599930074966112,0.16982498032158638,0.38537024946920245,0.07166209749990296,-0.35498526110685164,-0.2702248944900181,-0.2995786292917509,0.1352949810188054,0.7217637304092984,0.7927900019332562,-0.07106540056829591
258bd669-e070-417c-9e38-6240e5c933aa_83.png,-0.7343891974654688,-0.36186171538038464,-0.2533339933027548,1.164681267764182,0.12258063267596875,0.19287992537034432,-0.5496266310737911,-0.3384971570003179,-0.4746982954285564,0.45520315714674847,0.12824852669880984,-0.14118609655860498,-0.7683884544525758,1.1613572240822796,1.4832055424992692,0.41649422324217933,0.6370139123071706,0.35951870411322373,-0.007600065874427317,-0.07106540056829591
a7ab7384-2203-4096-ab14-1eae445ccdd9_0.png,-0.6142543687635403,-0.8410590971023549,-2.8612117757697955,-0.22550687689335164,1.7226356677659345,3.147781278262566,-0.4576740106826581,1.2993920870543696,-0.32915253830078317,-0.18991861754501868,-0.6493867517632299,-2.0684517205421167,-0.6237895889525589,10.30065157519083,7.203634745905419,5.109364268047649,-1.3409067893378628,0.5503020988949446,0.41394094421832195,-0.07106540056829591
a3283dda-4e12-48f9-90f3-8f3223c77d46_12.png,-0.10258321294016312,-0.06643823386038775,-0.47598010828459697,0.4751671096453893,0.8486853893836039,0.13044948277158258,2.6334590729466505e-05,-0.051035292034155716,0.8977990165201577,0.2531150835839462,-0.03428268701878465,-0.7091491328891539,0.20248964247610865,-0.3779841795537579,-0.21567365040736167,0.01212165005452005,-0.8090971822640126,-0.9541329882653805,-1.8463924923187258,-0.07106540056829591
578fbdd2-3bf8-444c-8c21-8d2666ef631c_87.png,-0.7957364358865104,0.03329006923080214,0.6152690317470422,1.8789087677172123,-0.6440631262889874,-0.2881722905256231,-0.3188868110455259,-0.5750517365375865,-0.5640183964177401,0.1424069658795311,0.5292160241381875,0.018899489764894032,-0.2519639348096585,-0.43032654567430323,-0.503145695841363,-0.7110267721342521,1.335548721225389,0.6433356283279769,0.6195010141319717,-0.07106540056829591
4af4cf7a-5d36-4d0a-9b11-fcbd77f87c6e_138.png,0.49382390033987067,0.5909314718199294,0.402702083048838,0.043308684228949436,-0.14038841830236348,-0.5710776718270419,-0.5138577303336952,-0.7107853992251668,-0.7214120311780644,0.8402677635417457,0.8097771889655803,0.46884847280647884,-0.44476242214301426,-0.5417523402187975,-0.5144122070353485,-0.773215641616186,0.020681882153432966,0.7217637304092984,0.7927900019332562,-0.07106540056829591
258bd669-e070-417c-9e38-6240e5c933aa_57.png,-1.065437129076899,-1.0456474508804043,0.654717560314166,1.3019552107040726,-0.6084938807728086,-0.6255821371606043,-0.7161602461468485,0.9475294445253706,-0.12768586696460626,0.7863953745488279,-0.810002608733944,0.1445504289630159,-0.47230506319063653,-0.39146630416056505,-0.4462209288809488,-0.7000219042034469,0.02845647449085089,-0.007062308427890044,0.36129155310255456,-0.07106540056829591
268cf2e7-02be-4b54-8659-24b54163053b_12.png,-0.5570612447332558,-0.6398481445161989,1.093815930241852,-0.8178308916068338,-1.3141078661791998,-0.43236261191266223,-0.4646748724626082,0.9401160016400723,0.5463418678767432,0.5213783254194992,-0.8353186948988637,0.3863619784666171,-0.7511743037978118,-0.11865154741105607,0.3329589431883999,-0.21151975214991928,-0.21618918936397996,-0.5997231651840256,-0.7162949941183351,-0.07106540056829591
92da35e0-d1db-40c0-86e2-73b0de7f8784_26.png,0.7031994728498107,1.923421471771825,1.4285339456090238,1.835140265515699,-1.689237823294236,-0.6537284138539344,0.5385872992275043,-1.201472000223345,-0.7294758818342738,0.07796138355243024,1.3153177099068696,0.6468637017509603,-0.7821597749763869,-0.5921120409559888,-0.635230210541543,-0.9175360355544394,0.8696753715366046,0.6357286349156276,0.6026931588651149,-0.07106540056829591
27bb6d3d-77c3-486b-a22a-3741dde393ee_100.png,-0.712317086129004,-0.7908427042966611,1.2227698523940689,-0.3446712601232641,-1.231840850368792,-0.49567386166745836,-0.6121138205143131,0.11007049448854904,-0.5152408043874629,0.029545754130896128,-0.19925653755284164,-0.624559121935933,-0.6926461915716146,-0.5294598148420028,-0.5325851664055156,-0.8395634034350078,0.4696646584424078,0.7217637304092984,0.7927900019332562,-0.07106540056829591
92f1a624-99c9-48dc-9309-0fb5c6bc0e7f_33.png,-0.17308105960893197,-0.7644025379204402,0.3387875401869677,-0.9040850072600153,-0.06569861650760787,0.27312413468301955,-0.5919569623174293,-0.1727729492456861,-0.5850831038595464,0.07531941329032668,0.03740349091565289,0.2510361289307272,-0.14867903088107506,-0.4287404133676201,-0.46652049602198337,-0.649265095181023,0.37181507988687,0.7217637304092984,0.7927900019332562,-0.07106540056829591
258bd669-e070-417c-9e38-6240e5c933aa_39.png,0.15740661009155313,0.0830450293488146,-0.06103049616885153,1.0565499726162093,0.19311402985881376,-0.3504610626045154,-0.3844215291619663,-0.659303396633264,-0.4563789528363834,0.5008612052486253,0.5912673479383146,-0.25119357011139987,-0.5170618548930227,-0.09842836050084539,0.09880931304253858,-0.22762596106659078,-0.38569016708061854,0.3046722816101851,0.44738218197155644,-0.07106540056829591
92da35e0-d1db-40c0-86e2-73b0de7f8784_45.png,-1.2604222101416522,-0.5080005160692327,0.10764743230209402,0.3177748892804494,0.17432246895052614,-0.5321702987896704,-0.5102255319961433,0.12087937855022494,0.016636227776283163,0.3294228275505167,-0.27480100521608103,1.1807753318833962,1.2112388708452737,-0.5044782310117425,-0.5211003633881666,-0.37955544689321496,-0.5591856873561875,0.18432964582681888,-0.1960165853278759,-0.07106540056829591
92da35e0-d1db-40c0-86e2-73b0de7f8784_31.png,-0.3910567108733624,1.0882577337382067,2.116148011929039,1.4353959145092476,-2.122782809748434,-0.6550035291607548,-0.02489459038293797,-0.3582017852326626,-0.21864748605205483,0.37795093090724247,0.649538040288489,-0.394958507522185,-1.0197150540121287,-0.566337390972387,-0.5259590405304612,-0.8974605106969271,0.5223215103045679,0.06284596103160021,0.3554976869370046,-0.07106540056829591
4af4cf7a-5d36-4d0a-9b11-fcbd77f87c6e_107.png,0.5605164760788207,0.9190171785950803,0.07547934578032271,0.19923217947094174,0.1452719831503278,-0.32443728146950407,0.12067824570848991,-1.4706245173974912,-0.7971110209742415,0.04655040551426942,1.4231505254645205,-0.30382562590442486,0.1990468123451559,-0.3835356426271491,-0.37247663951296117,-0.4055724309749158,0.526272409480988,0.715069576206431,0.7779990892984233,-0.07106540056829591
95815a0c-6ff2-4053-978b-a34ec048fcec_24.png,-0.24870690010888083,0.586566829746354,1.8687474401051722,1.5542119054606558,-1.8483390885259532,-0.6120925822485314,-0.43421909533726005,0.2816926850020323,0.40487511932706294,0.8484668073944631,-0.025352073678546264,-0.1333841477730291,-0.9336443007383093,-0.548493402522201,-0.4736440804466852,-0.8462944267551954,-0.9587792001159237,-0.4602869759356626,-1.8189826279835002,-0.07106540056829591
6764beec-de30-41fd-ac4d-374023ed0a03_32.png,-0.2961797330753666,-0.5615591059006574,-1.1551472089037311,-0.3502168824534227,1.1276904847040565,1.4580876567426806,-0.4734520399518427,0.14670430519032002,-0.21686863806493684,0.3994459562655656,-0.28753817091511696,0.7659400824423729,0.40217379007137,0.35322281382719345,0.32270367841264597,1.0484762260157772,-0.2622763668421308,0.11571456524742799,-0.3242831588312643,-0.07106540056829591
505d1bd8-e981-43ac-b532-853c95be827a_81.png,-0.14179494588057492,-0.8900563049585654,-0.318012969721014,0.45887625235358614,0.5217813004670249,0.12665757417332052,0.023277172972665426,0.8596025823116716,2.6406422241670597,0.29803610867186653,-1.4608848886832693,0.9031505731729741,-0.6341180793454173,-0.40574149492071376,0.12983785998281966,-0.03401295936216472,-0.26121719405793625,-2.4766727197470972,-0.7227037059551241,1.2543657294822326
386822e1-0d1f-45b2-97d0-ac0273ee2394_0.png,0.10724325086188184,0.038587336173281715,-0.4470382397219413,-0.8991608189941132,0.6510049983952044,0.1848882076652475,-0.308660046794583,0.6350814093729935,0.37888155408361335,0.67045840133696,-0.30210893178706644,-0.22408807765876435,-0.3827914797858642,0.007842504046928461,0.25940636301997894,0.1498332311194644,-1.16537707286119,-0.47626166210159615,-0.8909094156490805,-0.07106540056829591
855258ad-52cd-446f-9db1-1bc38d82eebd_77.png,-0.08470427817041284,-0.2715826209526815,-0.6009552860133179,-0.9269936310283373,0.8979496199548379,0.18890167271810662,-0.5811179671761001,-0.38765726580707105,-0.5917053668848828,0.6142319512080285,0.20074470093182686,0.7451011365737176,0.5398869953094813,0.14821521318839093,-0.15240968210687647,0.16214961774686273,0.3572604132550258,0.5881088561543208,0.49747598489459577,-0.07106540056829591
81faa7e7-ef94-4bfb-ad32-94fd63e1848b_87.png,-0.05511926430895056,0.619158155705781,0.6600064389232414,0.0776326533695195,-0.6553630139287159,-0.4588737497408815,-0.48582207683422884,-0.25584927455557377,-0.628149054439305,0.7976054831418211,0.6458203325412529,-0.5282526673958664,0.013133985273705677,-0.5036851648584009,-0.4557453928453392,-0.5833043961901566,1.0616754239870199,0.5278614683285142,0.6780175175271382,-0.07106540056829591
8b0863a2-01d3-4fdc-9994-7b50b25bc730_1.png,0.9679844014126591,1.1624009270428355,-0.8200139227113259,0.16188487011234579,0.9150913332169303,-0.17431394021887953,1.1359388422079164,-1.1433768663148551,-0.1668342993011428,-0.48325748979166444,1.1958779086498819,0.07477544355797852,0.212818132868967,0.5411794921691517,0.08723572644940687,0.44843012270294635,0.31939508442787623,-0.019842057360636902,-0.8439418902579239,-0.07106540056829591
3b88f35e-b058-4cd6-a43c-563cda6b239f_14.png,0.1236204751638412,1.3475311455516013,0.011599709558076066,0.1464504057631386,-0.01680608802740457,-0.41262654518809133,0.39095015807016065,-1.0512939170087536,-0.3104441523493786,0.25494033370160624,1.1770662804240393,1.4331216532294806,-0.196878652714414,-0.29272956806953637,-0.12908961448361167,-0.2136285136126122,-0.13879215843230416,0.12948322332378026,-0.22956122976647797,-0.07106540056829591
3dbb185d-309a-4682-8409-24f5556e96df_8.png,0.06602841473916699,-0.5209590291252404,-0.1271988487827058,-1.1735817640894082,0.09430368876060162,0.15088980760948445,-0.20966259052818628,0.0933034899836204,0.4832105827928217,0.3683635781432365,-0.26263266449152683,-0.4969958821050969,-0.22786412389298905,-0.38869057262386947,0.09854105515340131,0.12952535516929276,-0.6802388415796059,-0.8869632364343359,-0.08311144464215371,-0.07106540056829591
a3283dda-4e12-48f9-90f3-8f3223c77d46_4.png,1.309703084479042,0.5265004658001637,-0.6922559700938974,0.7656333800021582,0.8933037960902729,0.40436018132588014,0.3729681595309316,0.6642185832144551,2.42864518215765,0.6619248842471538,-0.7605740177762493,-0.22240317327920042,-0.41721978109539204,-0.3070047588296851,0.26620276648417424,0.4000715070543231,-0.016875472283414964,-2.200919208549434,-1.4506781871318088,-0.07106540056829591
3dbb185d-309a-4682-8409-24f5556e96df_39.png,0.3973898511476174,-0.4465144280961752,0.15832544597360068,-0.11579928966946922,-0.2083767132813131,-0.15166721072188546,-0.7198692443128353,1.1334363612845177,-0.2763951822621029,1.0817743230272983,-0.563349274678696,-1.8922356949705588,-0.9956152430954593,-0.2106472211986812,1.5243145163161653,-0.09377382191144733,-1.8873945629533548,0.2590303211360892,0.49760545449401444,-0.07106540056829591
3b88f35e-b058-4cd6-a43c-563cda6b239f_40.png,-1.262802051872304,-0.9899352229101512,0.7403264555962857,0.12333170637701374,-0.524567505822559,-0.6230440803058669,-0.7377056947901115,0.617829988045634,-0.3988568960079185,0.6061877433423614,-0.7315559471751629,2.124862570584165,-0.6823177011787562,-0.5631651263590206,-0.542115720474625,-0.8440851116665553,-0.4331543553429211,0.7182645134396177,0.7850583885105032,-0.07106540056829591
258bd669-e070-417c-9e38-6240e5c933aa_82.png,-0.9830199074055387,-0.7272542553811813,-0.4448671530186755,1.3177814826621022,0.7756464774382374,-0.38982705092603054,-0.6704107741542198,0.2692933612833553,-0.45559613420943734,0.4503992693788986,-0.43752662892638744,0.04868189386527626,0.3815168092856533,-0.37719111340041633,-0.2453571763255044,-0.10732947278402838,-0.14148650664491533,0.6678301471157417,0.6736223080912472,-0.07106540056829591
578fbdd2-3bf8-444c-8c21-8d2666ef631c_112.png,-0.5718622537652757,0.8457671741921633,0.5061986654834028,0.5548681165477996,-0.5720725078826434,-0.3551032655800404,1.1350714376940205,0.18712012014906015,-0.06764665797621498,-1.0120413119281948,0.3165755746675369,1.4963891095653081,-0.004080165381058231,-0.2693341165459593,-0.3937191201801225,-0.4689572691791631,-0.3040123909890539,0.4781117314117496,0.304059197898061,-0.07106540056829591
3b88f35e-b058-4cd6-a43c-563cda6b239f_49.png,2.3249750551548543,1.2866553737397717,0.7449785187556099,-0.35579848188709956,-0.7717762044596725,-0.614715621536418,-0.15553016952050702,-1.2392270452436143,-0.792230424852734,0.6349415068557926,1.3906018042944084,-2.5337132806471243,-1.1298856182026178,-0.5960773717226968,-0.6128250526801824,-0.9452635626649933,4.036193002969559,0.7217637304092984,0.7927900019332562,-0.07106540056829591
00367bac-0715-41b8-93dd-c21b8877a1f3_95.png,-0.42180656834922775,-0.347931740206711,-2.2863153044710804,-0.8642214218750734,1.828645044615619,2.082675208111288,-0.6480790562996821,1.6887842950320502,0.0820789281026068,0.9939816085272173,-0.8476612271925322,-0.4785064521801555,0.9289268001071456,1.4464645062085835,0.7437590347751875,2.8067868431227714,-1.399769936702866,-0.13584870689896406,-0.6779084208924148,-0.07106540056829591
2ec83b5a-f1ad-4dae-bb33-773f1eee7923_45.png,-1.48186330949197,-0.9908077806016221,-0.75070331856943,0.14526238876099676,1.003673983641393,-0.5457291569223309,-0.6470023103179556,-0.056525392788464406,-0.5174790250372714,-0.08944248340450872,-0.3435905275729152,0.2353468722845502,1.8619337655953494,0.020531562500393997,-0.2988329940042327,0.44252629772870167,-0.4142873435686406,0.7217637304092984,0.7927900019332562,-0.07106540056829591
7483fa58-40a2-4a34-b0a6-a30645af78bb_18.png,0.42106088228602434,0.47557763843477285,0.7412544078655618,0.9945178145981322,-0.6799021818574481,-0.5453392594164362,0.23444511414240793,-1.4003003143477684,-0.7583083871757016,-0.5440938839945916,1.2255427535935572,-0.2991020801015143,-0.7270744928811423,-0.5215291533085867,-0.5108782754589336,-0.8318913330533867,0.7992893836270399,0.6879886796584674,0.7181631245484161,-0.07106540056829591
16c36170-95cc-4260-985e-1bc7fbeac4a2_23.png,1.6340733075462293,0.04075583312370099,-0.6465713837410952,-0.4298733192969532,1.505135126902351,-0.1294750536249196,-0.42690700844611207,-0.49650237010692677,-0.6820855939591685,0.31121941506590234,0.5056616989076935,0.10502797549277573,0.21970379313087257,-0.48782384179156896,-0.531445447723402,-0.6560582917663786,0.42486649628783196,0.7217637304092984,0.7927900019332562,-0.07106540056829591
6764beec-de30-41fd-ac4d-374023ed0a03_55.png,-0.3096674933314333,-0.18644019452106161,-0.26084969619275855,-0.7744984824776618,0.6474663248994336,0.3899198236110554,-0.10156342556207217,-1.0683650283064965,-0.6950799637515975,-0.8159536538343771,0.7220701901127538,0.3892017265830822,2.326715833273975,-0.5266840833053071,-0.5426229680534201,-0.2772233476754804,0.12444940485841109,0.7217637304092984,0.7927900019332562,-0.07106540056829591
16c36170-95cc-4260-985e-1bc7fbeac4a2_29.png,1.971809292882002,1.0888346839357788,-0.07020917949970798,0.44882659878203507,0.6022162989945816,-0.5896879739089818,0.431590583411504,-1.4324315167738428,-0.8007087525730778,-0.18500342495915129,1.520983236446954,0.31148172909088623,-0.8751161885121119,-0.2669549180859345,-0.249323818842422,-0.7353841098054537,-0.28071453798581913,0.7217637304092984,0.7927900019332562,-0.07106540056829591
95815a0c-6ff2-4053-978b-a34ec048fcec_8.png,0.37928241578513744,1.4902367287526708,1.5237045342070188,0.9152265029216027,-1.619965321137526,-0.6541770067320568,1.319871334542208,-1.7621654310361037,-0.8173624617556858,-0.7565650656324524,1.8278866609314834,0.1352101080634359,-1.2228420317383428,-0.5933016401860012,-0.6391611239984357,-0.9597068495389955,-1.9307921269537012,0.7172756042960122,0.7828733673258117,-0.07106540056829591
a6a04226-e7be-4c2a-8240-4e24256bfed9_31.png,-0.524193165871972,-0.884338565437642,-0.3397739283741612,-0.8556020429910821,0.7969668567887106,0.11744830017757878,-0.6738522116275947,0.07688703699011783,-0.5030982487857529,0.3437816762395163,-0.3412403382436198,1.6196506862332183,1.4763367909286378,-0.36410552187028,-0.4916718884921082,-0.288499248609047,0.26408238703522574,0.7178841637690002,0.7857302141545484,-0.07106540056829591
3b88f35e-b058-4cd6-a43c-563cda6b239f_97.png,-1.1150893808834867,-0.9883499325025524,-1.3560018404461354,-0.08432127268298398,1.0419770442459217,-0.4114707494133285,-0.3538771844925358,-0.2007396544199192,0.048743714237528324,-0.4726591247108927,-0.27782868316804665,1.0676729972745698,1.7758630123215298,0.6514156874836335,-0.09965861544830974,1.2424770528322966,0.6154154447400012,-0.1732751144877227,-1.1848222487650213,-0.07106540056829591
386822e1-0d1f-45b2-97d0-ac0273ee2394_48.png,0.42303636768009667,0.17792635993019576,-0.40108560279221356,-1.5877144749289238,0.8106738036506004,0.3455570393434473,-0.5879023649234857,0.08093881260763998,-0.5200109853651579,0.9203260646699342,0.10039492931052575,0.7509743442866903,1.3420664158214795,-0.23721493733562465,-0.4497624948615868,-0.18510643719547223,0.04750896492145427,0.46799443017332504,0.23207995023093894,-0.07106540056829591
505d1bd8-e981-43ac-b532-853c95be827a_17.png,-0.2517492886689549,-0.2678339621946922,0.9697015958247728,-0.05798887974777258,-0.8964182185861397,-0.42797086616247054,-0.10007945468360462,-1.1253873289440126,-0.7044173186742179,-1.1641452976343216,0.7351934064408382,-0.5925397580695784,-0.017851485904869357,-0.5865605778825976,-0.5968552645371162,-0.7939374354220644,0.8029145558137036,0.7217637304092984,0.7927900019332562,-0.07106540056829591
90bae25d-a144-44fe-8481-52b9f3c73315_17.png,0.14845960644404219,2.4050035535430663,0.791069496062006,0.5193057563641161,-0.6801967531100502,-0.6312670723523519,0.17171606717766175,-0.9349430906375783,-0.671488681222914,0.6485266566656243,1.2216409431566084,1.5481282560596903,0.7430139730356954,-0.5821987140392189,-0.6376111711854453,-0.780294569730908,1.6349207377469603,0.7217637304092984,0.7927900019332562,-0.07106540056829591
578fbdd2-3bf8-444c-8c21-8d2666ef631c_31.png,-0.09680893504369556,0.4510679507861189,0.455516755935486,1.0929278153527489,-0.45170789271385564,-0.4880147785649726,0.07389259538544518,-1.0368239443039655,-0.6878895462318917,-0.2577283519393887,0.9450888647370166,-0.06837891247147831,-0.1039222391786889,-0.42001668568086253,-0.4306620130631897,-0.5849428608613896,0.7511450673344959,0.5617125890134687,0.6411165891542714,-0.07106540056829591
53345714-cf33-43b8-9e6c-89b5c2c7aad7_13.png,0.6170858590834992,2.340712871377596,0.382640526978056,0.3542720197347562,-0.2865002301056932,-0.4946799013201293,-0.47869269921234137,-0.4593396839991608,-0.6227271522151988,1.1215848061757754,0.7087711840735311,0.26293193638579526,-0.25540676494061126,-0.3085908911363683,-0.39912910296877496,-0.5985107073753952,0.477842037295463,0.6450091668786937,0.699515509878654,-0.07106540056829591
7483fa58-40a2-4a34-b0a6-a30645af78bb_10.png,-1.3340106982446442,-0.5328891984324842,1.8288942324234054,1.2382512924634046,-1.8628147878131478,-0.5980018451997071,-0.4552709192767921,-0.3996044456965504,-0.5526195945302965,-0.22364789062592633,0.12556709188355814,1.7640852269316118,-0.8716733583811592,-0.5639581925123621,-0.5705545069179946,-0.8926211915612494,-0.2880356707229478,0.5147013697251499,0.33528018156943656,-0.07106540056829591
3b88f35e-b058-4cd6-a43c-563cda6b239f_82.png,-1.8157065862899198,-0.9942586073040798,0.6159792944099767,0.8657960987861353,-0.4950164384872619,-0.6656349297388535,-0.702723372938018,0.8947281763701934,-0.0245866713897166,0.5776391938993141,-0.9085996888171448,1.642949117174781,0.20248964247610865,-0.47235905180140786,-0.503233174334446,-0.5870361756865026,0.11542502804269157,0.0017618039304351674,-0.7980734990746663,-0.07106540056829591
78667ea1-0eed-4d74-b94c-83a1d16767bb_29.png,-0.5405082818983215,-1.1472105412493092,0.4716284693391902,-0.3419570011148177,-0.3833251860210194,-0.38971689041635194,-0.6761103743249626,0.7399416142123545,0.06461315699392257,0.7912672990738787,-0.9382896030078121,0.2682636557549151,-0.844130717333537,-0.2653687857792513,0.06662409158155648,-0.5164620126929527,-0.36331698065347556,-0.08693573925755792,0.6534739501522313,-0.07106540056829591
2ec83b5a-f1ad-4dae-bb33-773f1eee7923_80.png,0.7419401494693608,-0.6095619609238441,-1.6257943764335299,-0.2864808984458444,1.654099623654519,2.909003780988868,0.915386147809466,0.03147105357426345,0.9793601594629916,-0.4793904541327405,-0.44887429901135023,0.9728399381410321,2.498857339821614,-0.0373622666935425,-0.32355554792486624,0.9660749541892742,0.5425252843633527,-1.0317243210713436,-0.3795709477748575,-0.07106540056829591
855258ad-52cd-446f-9db1-1bc38d82eebd_99.png,2.0621633373926715,0.9826039525485252,-0.9915293232669719,-1.2543359631243691,0.9810495995347212,-0.22230133448366443,6.524698520248404,0.04640094560327861,1.1216402586216252,-1.9677330783781466,0.17550895384297294,-0.2973287986651739,-0.5411616658096922,-0.2697306496226301,-0.12934565159003236,-0.35368095194488314,-0.05532643825702309,-1.2579563051546123,-2.2338961864871933,-0.07106540056829591
578fbdd2-3bf8-444c-8c21-8d2666ef631c_122.png,-1.1379722500946972,-0.25366244853104003,0.37606472775848027,0.9604982635885422,-0.29392907058499235,-0.5706461401268199,-0.5760011786066254,1.2276872042569469,1.2285141819555483,0.8504140212617869,-1.1611812954504248,0.7934852064755339,0.10953322894038356,-0.4620491918079671,-0.4950444606038785,-0.5394423835598595,0.7419226582952705,-1.2691385854707657,-3.584520277703374,-0.07106540056829591
273317d8-7414-4eb9-bb2a-b42c7082fe9b_20.png,-0.2465782787683727,-0.5285857351263478,0.6893303444666522,-1.779508412230843,-0.7114096646788078,-0.21501969104418994,-0.23279079692600857,-0.47264701507283624,-0.18024974594912466,-0.11377755172891103,0.1975319502106692,-0.4608209141361375,0.5984151075356785,0.08239072246103847,-0.3424983777078139,-0.14547847690667354,-0.35913838202689535,0.05082691144008829,-0.1219807589932189,-0.07106540056829591
22df8deb-bec0-46ea-b532-d6d7e8d8d57a_37.png,-1.1470244417494186,-0.8789301208170175,1.2060779618826414,1.996206056344731,-1.2694228757055857,-0.5709196533184486,-0.6045570890083926,0.2849345718606092,0.09799494393540635,0.4432939634403809,-0.46649055331294925,0.8367458301173675,-0.6478893998692283,-0.5710957878924365,-0.6039269187668523,-0.8737252337324409,-0.1546615582168611,-0.20978868286699945,-1.2654999540459304,-0.07106540056829591
75769513-6d94-48cb-b36f-b1f9dc9210d3_46.png,0.22822919732974903,-0.18406012857685738,-0.9473706028043607,-0.8964865573003602,1.1341406470031052,0.7169176226206134,-0.23738949633027528,0.05841341088359781,0.6731771124872366,0.6177168592717055,-0.21033596276648117,0.9932753781103534,1.0735256656071623,0.08437338784439247,-0.291765920621515,0.30092720051446004,1.2424981365604788,-0.7739993842609486,-1.2817371261096815,-0.07106540056829591
16c36170-95cc-4260-985e-1bc7fbeac4a2_12.png,1.6551282538457175,1.6037770224350576,0.08665015481533701,0.6706372433214813,-0.04148410654374704,-0.620923523198014,0.3433472708630852,-1.4010970786539578,-0.7768501727343343,0.31680052038870715,1.590545695102395,0.448330367094654,-0.8165880762859147,-0.12301341125443485,0.3855442246428957,-0.3464534341095869,-0.10131389696318362,0.603094633176649,0.5305874597703016,-0.07106540056829591
41b05097-d935-4d5b-b15a-8c9cc622e21b_38.png,-0.49833035000239817,-1.2312791610583849,-2.3976068092927716,-2.3821398702048007,1.6335916732321452,3.6770706267717026,0.9172085953511578,2.7214246831839017,4.3714605739442725,-0.7560505864316852,-3.036302954425868,-0.3310145420975417,0.09231907828561965,1.803740808288972,0.9431000437311314,3.716436309986037,-1.3180888869647618,-4.009634032203732,-2.655999952639653,1.5296968337922392
a9e37804-c00a-4e4e-b99f-e267a0056a05_71.png,3.1560700752158937,1.7301406231944214,-0.4190770605012351,1.142154568265654,0.6857865966836179,-0.43242467946091706,-0.08362725917852182,-0.9176430963138525,-0.703333240094669,0.765372832427511,1.2681327405749647,-1.6729361008476102,-0.6031326081668422,-0.3260383465098834,-0.0631610031607331,-0.44824314845481034,-0.8480960300951986,0.5416301264048664,0.5946459334453245,-0.07106540056829591
19369012-66cc-4209-a974-c98c915c0a70_47.png,0.017440363577334375,-0.8263196346973545,1.0931661953649054,1.152758390465174,-1.2287060594175523,-0.6253042416864872,-0.7688161285175215,1.0859334957312212,-0.43632653396989446,0.9571208261418671,-0.6992800578664407,-0.13692997607851717,-1.3226841055359735,-0.5964739047993676,-0.5487426976720616,-0.96541503187071,-2.2771137992105444,0.7217637304092984,0.7927900019332562,-0.07106540056829591
75769513-6d94-48cb-b36f-b1f9dc9210d3_37.png,0.15610181759412212,-0.46524678556165716,-0.18588029582407686,-0.7927730574074282,0.3902012779144823,1.0273960098683805,0.4927117888067586,1.3918498752992503,1.3222531544086797,-0.2376708102847073,-1.1263491812654978,0.308750758515334,-0.3483631784763364,-0.22531894503550073,-0.054859151637342805,-0.09780038754105824,0.15449075173357524,-1.319268672058148,-2.188445738870611,-0.07106540056829591
78667ea1-0eed-4d74-b94c-83a1d16767bb_48.png,0.30074921090948975,-0.6166465691592744,-0.07278515482421918,-1.0338377709362905,-0.05059407653799172,0.43740510543901484,0.2324294283227196,0.8271874732259173,1.3295221503814547,0.08967951346682751,-1.0075886777230663,0.3952220083683275,-0.5411616658096922,-0.10992781972429852,0.36911155367296594,0.18297751558158104,-1.1832877865615494,-1.3208661406747413,-1.5143988666566073,-0.07106540056829591
27bb6d3d-77c3-486b-a22a-3741dde393ee_78.png,-1.2126114111310926,-1.4023706627591257,0.0662304843188803,-0.02885411048145784,-0.10495453589100441,-0.6547179529131494,-0.6564697472329215,1.6657448365026437,-0.09257808180693622,-0.25970946019701946,-1.4775401661881142,-1.2913290403986581,-0.6237895889525589,0.095079780914504,0.5723686422624933,0.04297149625310241,-1.9345252059422073,0.3678103269326845,0.010720496366445587,-0.07106540056829591
258bd669-e070-417c-9e38-6240e5c933aa_97.png,-1.6346846693730066,-1.693049187909843,-0.9976428245191102,-0.2742489425184371,1.0682720804480637,-0.6670169877322143,-0.6581237306348198,2.962617770198985,3.138932166638521,0.7440555553776893,-3.110791798490255,-0.6569617095791834,-0.2967207265120447,0.019341963270381603,0.26569338200329873,0.7176076535217624,-1.5566967434729253,-2.8548924322091054,-0.18087836007114422,-3.3714417204152234
2ec83b5a-f1ad-4dae-bb33-773f1eee7923_61.png,0.20951936844467686,0.8323754118792335,-0.7043052362261296,-1.0072366466950087,0.8118815908080032,-0.007703542202328596,0.043517953562717857,-0.984013585322247,-0.24512460296391891,0.39786987287009046,1.0204567429122813,0.38788376665736746,1.569293204464363,-0.1523568589280739,-0.35425686419862545,0.22501460677773474,1.0474280388973047,0.06094421267851288,-0.6673083850985267,-0.07106540056829591
258bd669-e070-417c-9e38-6240e5c933aa_58.png,-0.7526047105864505,-1.1812517128869127,0.49815723279526875,0.9062314827704193,-0.3119160014386772,-0.5123589600857492,-0.7411502290307619,0.6221110309591987,-0.3786651346802396,0.3745444218379287,-0.8011471876488349,-1.4956397184883048,-0.8751161885121119,-0.5080470287017796,-0.2470235457656258,-0.7342434606051301,-1.2413958010498198,0.7217637304092984,0.7927900019332562,-0.07106540056829591
578fbdd2-3bf8-444c-8c21-8d2666ef631c_6.png,1.5237651660692142,1.566675936192767,0.7377818924728967,0.9236194289638391,-0.9376022650084873,-0.5166781075882116,-0.32713040553317446,-0.32480167729423304,-0.46721018975455514,0.9294931756125447,0.733733640985948,-0.15391738639030864,-0.37246298939300587,-0.525097950998624,-0.48433505152176787,-0.7163720698964792,1.5202014540701498,0.2829162804508661,-0.1768551684116665,-0.07106540056829591
505d1bd8-e981-43ac-b532-853c95be827a_145.png,1.1734268780744677,0.8408646103130786,0.9245786302025013,-0.43203882302057006,-1.0104928703061655,-0.42900264440408087,0.21342580625926966,-1.3607921472776372,-0.7586500785370497,-0.2207542494517633,1.2557999815123735,-0.5860859572400823,0.1956039822142031,-0.43072307875097404,-0.4857036544979844,-0.5866047802111014,0.1427033767375613,0.6912596868257777,0.7253905023131637,-0.07106540056829591
258bd669-e070-417c-9e38-6240e5c933aa_29.png,-1.0133492639761823,-0.3891845290729551,-0.8630855011558459,0.6938975821819608,1.0054552460846717,-0.0310196271171873,-0.5622896221404491,0.08926267493000173,-0.3116509770952678,0.5435267687505484,-0.267490994063494,0.20009506275788383,1.125168117571454,-0.03300040285016372,-0.10642772872707691,0.6899415179049528,-0.25771684074128975,0.28740440656415217,0.3124073153656812,-0.07106540056829591
a6a04226-e7be-4c2a-8240-4e24256bfed9_20.png,-0.16818162213798443,-0.3412114542982541,-1.0407565864532566,-0.7152251379915822,1.171819485190251,1.1444050594301114,5.502799074063546,1.0578117184707803,1.7677012177351021,-5.70426526967328,-1.323224942748355,1.2446713378725665,0.8049849153928454,-0.17892457506501735,-0.2924624856945258,0.3025745042535182,0.3134095046214617,-1.6942934472869693,-1.2343617545176564,-0.07106540056829591
505d1bd8-e981-43ac-b532-853c95be827a_123.png,-1.0235254021316422,-0.2761445883496954,0.2738109491545318,0.466354649863036,-0.27793003307635045,-0.2652032843809559,-0.48251472938388745,-0.02287381906335806,-0.5748286643656723,0.13292084289815012,0.13919275848845217,-0.6988531579469088,0.5674296363571035,-0.06908491282720634,-0.3069451793353221,-0.13873861860061976,-1.0040463346129866,0.6988666802381269,0.7421983575800205,-0.07106540056829591
3b88f35e-b058-4cd6-a43c-563cda6b239f_91.png,-0.31458475591508495,-0.6569629807479294,1.015838442624452,0.20422856931576558,-1.3565967259299676,-0.6012489051529445,-0.6401135515133825,0.7202378658081218,-0.42540703356617543,0.5436449857678377,-0.474847366929837,-0.17431679778334183,-1.191856560559768,0.10657924013795715,2.3144902664328404,-0.44194000776814296,0.6895642874805424,0.47605784319041533,0.49375746048071123,-0.07106540056829591
519d608c-1d5a-448f-8835-1d3a5261bbba_72.png,1.6296941603055526,0.12250921343742979,0.27074232290132594,0.18770241607288515,0.017237048441495748,-0.39845107665318674,-0.48747141508521363,-0.6887511184771677,-0.7027941253078444,0.5820179957427295,0.7091210204866926,-2.260018188292144,-0.9026588295597342,-0.5588032625156418,-0.43879429161751976,-0.8374722132344146,-0.13812659041058603,0.7217637304092984,0.7927900019332562,-0.07106540056829591
41b05097-d935-4d5b-b15a-8c9cc622e21b_101.png,-0.9751124462344378,-1.0702202076030851,-0.24247168918459697,-0.2625084613506198,0.462193624045283,-0.4957499630208812,-0.6400578097024217,0.402382930918901,-0.09735059065519382,0.47533556212307276,-0.7039236681966572,0.7611103628143566,0.512344354261859,0.08318378861438007,-0.3005320772791783,-0.09490750692004613,0.14216480377733876,0.04976193236235938,-0.12919816915993726,-0.07106540056829591
273317d8-7414-4eb9-bb2a-b42c7082fe9b_2.png,1.272356441047692,0.5814775528038298,-1.0166268105830323,-0.5754743187932934,1.0879001552493828,0.4717879364274245,0.5369370319463368,0.644693964111524,1.5352347008168006,0.526670838514672,-0.4155506175350106,-0.8815659349096089,-0.33803468808347803,-0.23681840425895387,0.16971444077583858,0.2396712975776944,0.5981983992992637,-1.5239728647844681,-2.4532311039395607,-0.07106540056829591
2ec83b5a-f1ad-4dae-bb33-773f1eee7923_38.png,-1.4554394774670918,-1.116145472953473,-0.41017175259041144,0.6324440685988917,0.8838655672095376,-0.6564183616731637,-0.6904326132978872,0.6691627368097179,-0.13721749089811083,0.5309557330653557,-0.7910204987693064,-1.2856256858291204,0.2162609629999198,-0.4069310941507262,-0.3186768004368127,-0.26939754513479586,-0.7223605204805909,0.11145464893651237,0.31583906735009404,-0.07106540056829591
a653df7d-134c-48e9-9911-e3a0e5f096f4_7.png,-0.43696729143731683,-0.24289966381054265,1.0750304350906796,0.6065936442336828,-1.1220445845404146,-0.46259396743491066,-0.0280446220556788,-1.0281489748746124,-0.6859555650628507,-1.2511723664377872,0.7385929489611782,-0.4427370860788073,-0.004080165381058231,-0.5837848463459021,-0.5666200532298935,-0.7478812176025283,-0.03999469556874162,0.6236335153899921,0.5759686689908136,-0.07106540056829591
505d1bd8-e981-43ac-b532-853c95be827a_54.png,-0.7752959383490101,-0.8500676054308531,-0.4031975400151027,0.4717254838732572,-0.03311055774476596,-0.24570606329091782,-0.4452730061275158,1.5947930885856405,2.6287561385105485,0.6807150154501309,-1.7813165279678846,0.4942751050559054,-0.7064175120954257,0.34886094998381467,0.9306168750383688,0.6551597894510807,-0.23074012966079563,-2.5912340405370777,-1.7454915543597218,-0.07106540056829591
3dbb185d-309a-4682-8409-24f5556e96df_23.png,1.1231648527578724,0.24619688920671598,0.31076010487327826,-1.7970173861311192,0.0485168103245184,-0.43438821170796704,-0.4568902188852035,-0.20777955767923728,-0.6405532223856145,0.599165875921177,0.46097220228060726,-0.20766468185444129,-0.30360638677395024,-0.546510737138847,-0.4981918163525773,-0.7249281588024875,-0.25612805537949823,0.7217637304092984,0.7927900019332562,-0.07106540056829591
22df8deb-bec0-46ea-b532-d6d7e8d8d57a_41.png,-1.953540658131203,-1.0192449299949244,-0.11986177734741989,0.931618439898914,0.30025109315673953,-0.6554547391307896,-0.6792687672693474,2.2712138545007376,2.8286150219848407,0.7471060785069883,-2.2701357416206354,0.2143535564319197,0.09576190841657244,-0.29709143191291515,-0.3142856382063199,-0.04802252279358409,-0.5029459586186898,-2.4738581321845277,-3.8913244972627004,1.7104280538006909
00367bac-0715-41b8-93dd-c21b8877a1f3_29.png,-1.093694448024961,-0.9960715870725927,-0.6190971335974781,-1.1630860232159912,0.4808113434722729,-0.5736455224374284,-0.4415872337160961,1.7767328458478122,2.462644412813006,0.5221111864542622,-1.9756320037564687,1.221135171179624,0.04067662632132793,0.02132462865373559,0.0923196129026608,0.7149189470958918,0.29125843769216386,-2.3283363482062853,-1.0341429410197123,4.864050509194307
258bd669-e070-417c-9e38-6240e5c933aa_107.png,-1.4848367231655273,-0.6877136730301469,-0.5456662884792313,-0.183352284502717,0.6198097173471613,-0.5668754622407027,-0.6584191622329121,0.7694743877782099,-0.2117467772488151,0.6697341493706319,-0.5052228431571127,-0.6172914537498947,1.37993754726196,-0.18526910429175014,-0.2274808693637041,0.5180714829340383,-1.1551296577633652,0.1289507337849158,-0.29342943566234553,-0.07106540056829591
824faab9-9bc0-41fa-93a5-24d93dec52b5_13.png,0.36708326318396844,-0.5213733587435387,0.44601721035181263,1.5453765981658225,-0.7711628757952995,-0.03683365516446028,-0.6263657628700816,-0.21053943522625354,-0.49904541497717647,0.5323034083083151,-0.17747090172400423,1.6727042082262937,-0.844130717333537,0.13116429089154663,0.7816642348048968,-0.17608578524678922,1.3328374357490615,0.7217637304092984,0.7927900019332562,-0.07106540056829591
a6a04226-e7be-4c2a-8240-4e24256bfed9_29.png,0.12563069278078323,-0.7630857932736521,-1.2349524131994438,-0.7072902754892204,1.4265611477033182,3.361503004682529,-0.5906625135962283,0.7719357190153432,-0.3773022194625028,0.22444296940962596,-0.6789578680136311,1.794890852212445,1.2663241529405183,0.7358772328145134,-0.03008646225750187,0.9175002776315645,0.045915840292045144,0.6625813216612206,0.6620248879571167,-0.07106540056829591
41b05097-d935-4d5b-b15a-8c9cc622e21b_86.png,-1.2441921134644924,-1.1989431805902717,-0.31250972860569975,-0.6401442676941703,0.30827695272982486,-0.6648985816592295,-0.5741434279179927,0.8326688337809264,0.1419264436184678,0.11616263438858476,-1.0318550013105008,-0.2623906911187147,-0.41721978109539204,0.3845489268841865,0.5540318078884179,0.39011466490542146,0.5856798066021995,-0.18750019216881594,-0.4103643470065702,-0.07106540056829591
4af4cf7a-5d36-4d0a-9b11-fcbd77f87c6e_112.png,-0.06542237257426853,-0.17973414875651073,0.08822663010326295,0.29876840606820065,-0.1502616226562297,0.126389810453672,-0.23270253905865398,-0.886225227170027,-0.687355502718829,-0.4957335471889895,0.6267644382675727,-1.6089089846390552,-0.4895192138454004,0.5205597721822702,0.3258722433053409,-0.023851644443425146,0.027187231224240965,0.7217637304092984,0.7927900019332562,-0.07106540056829591
44341a17-f4a0-402e-8f84-ad64321de876_34.png,-0.5350256572348169,-1.0480412840549114,-3.4757815448042706,-0.5776032088845985,1.8159518874039566,2.25211128121491,0.416371210958838,2.402883400309279,3.5257993048230998,-0.18687588177446673,-2.6530372755337948,0.352021039022419,-0.5824756273811256,7.891316601339063,5.105413720392159,6.729296738481861,-1.448746596832284,-3.222842703564442,-2.0432615789784556,-0.07106540056829591
4a7aeead-7888-4bb1-a39e-eef6dfc4a6ff_75.png,0.513019207396882,2.0978424189171747,0.42734119021657646,1.1953246266022401,-0.7349497484631581,-0.604880724951528,0.71594349657533,-1.2550371025938984,-0.6603317896580669,0.08735800084406253,1.4156821271314268,0.06435096935879028,0.36774548876184215,-0.14521926354799955,-0.3356896605810948,-0.2622763467989535,0.9132278595804525,0.7104293102248979,0.7677462975856411,-0.07106540056829591
505d1bd8-e981-43ac-b532-853c95be827a_140.png,-0.1843155229981493,0.2548137035348879,0.4620621784260429,0.2019966490336691,-0.6677646853442119,-0.4844529362782237,-0.22153714464647628,-0.44659814947958604,-0.6088149260603214,0.10442393207272771,0.602505452010192,0.6695403499465582,0.3161030367975505,-0.3244522142032002,-0.2939393348497745,-0.21083042914794833,0.2558599662996132,0.5194177056408065,0.5062684273486324,-0.07106540056829591
07a9fdc8-46e7-4ddb-b62f-fe041b4ea954_28.png,1.9622510916522706,0.313323707093286,-0.9319926123065209,-0.22614288527843937,1.5410944110624765,0.6321029422242753,0.7217647997000038,-0.8083105493465138,-0.3595756970991117,-0.4865059034060904,0.6612839268245341,-0.2639585316722693,0.09576190841657244,0.07446006092762252,-0.10290035404007129,0.013679458754720684,-0.4820159832222996,0.1739841347860238,0.07501101913029246,-0.07106540056829591
4af4cf7a-5d36-4d0a-9b11-fcbd77f87c6e_87.png,0.44911070447350915,0.5028922452734401,-0.26263668039882526,-0.7872691953154263,0.1831902622805146,0.07503969287336841,0.11988547328593632,-0.21737558741021645,-0.566879483071713,-0.005716874152981275,0.6646791245356766,-1.3008038064188603,0.33331718745231437,-0.2685410503926177,-0.08309902776981022,0.18086346122214436,0.4226475280811845,0.4663208916226082,0.2559258920427216,-0.07106540056829591
3dbb185d-309a-4682-8409-24f5556e96df_135.png,-0.2979814468832347,-1.077061657716335,-0.04824716437968896,-1.8624554132983488,-0.15437331704193863,0.6300615482296901,0.6547659300156599,0.3445699105351496,1.2912444814499004,-1.1015141368670862,-0.9281147781321792,0.6933893946773555,-0.02129431603582214,0.630795967496752,-0.04471413342547545,0.2016679930016178,0.32988965779962964,-1.2714206834944706,-0.7222799412505971,-0.07106540056829591
07a9fdc8-46e7-4ddb-b62f-fe041b4ea954_33.png,3.647071596393204,0.4761130320043923,-0.8530124592930586,0.16879300974991884,1.0046614853992097,-0.40587076392336807,5.121216339394236,-0.6340712158081384,1.0461914832357941,-0.9363939703312281,0.4896791337182014,0.506877184252704,-0.9267586404764037,-0.37084658417368355,0.1947362310561634,-0.47284741211455705,-1.1380010812603998,-1.1783871540614383,-1.517057255110065,-0.07106540056829591
a6a04226-e7be-4c2a-8240-4e24256bfed9_25.png,-0.6491987253228738,-0.7009892077096075,0.6034858865749406,-0.7519249277782956,-0.6045957921095795,-0.4065619119756144,-0.6299772128668868,0.36678653524985616,0.1968526626847764,0.818828193564372,-0.5728467020649567,0.3456022029632535,-0.5652614767263616,-0.26417918654923894,-0.21246944367723056,-0.50662958796206,1.7311191711177811,-0.2793926725899957,0.12017538220406004,-0.07106540056829591
81faa7e7-ef94-4bfb-ad32-94fd63e1848b_3.png,-0.523887569891811,-0.3462846638386199,1.3041482510630715,0.8900671143948024,-1.397842739653136,-0.5814180860271551,-0.38343335072432216,-0.6720052457844203,-0.5663793225599885,-0.12059305970876907,0.41821156641839335,-0.4429450086923849,-0.5136190247620699,-0.5691131225090825,-0.5714168180004815,-0.8341706547941994,0.33851286188400664,0.4584096184737649,0.31430924155209977,-0.07106540056829591
505d1bd8-e981-43ac-b532-853c95be827a_46.png,0.7853929755233361,0.5857388708295793,1.5330020866566334,0.22803982986118404,-1.5770767407814126,-0.5986722576726768,-0.1220599991290894,-1.1553406948388347,-0.7615433070278396,0.06960590706481062,1.1183658458846117,0.2555256722068429,-0.544604495940645,-0.5381835425287603,-0.5728045937267972,-0.8437457838361943,1.6625527320260836,0.7217637304092984,0.7927900019332562,-0.07106540056829591
6764beec-de30-41fd-ac4d-374023ed0a03_69.png,2.5035069906644014,-0.45395675604376773,-1.157855266095869,-0.6053778942742893,1.5975561871320394,-0.45934875287898447,0.4011397611137964,-0.5281883895545492,0.09584226074459151,0.30525603511625543,0.286703624478493,1.1617034126392145,0.31266020666659766,-0.4755313164147742,-0.4648024921651925,-0.47638006113280057,0.5455913059891397,-0.21709139654285478,0.5012782734417927,-0.07106540056829591
92da35e0-d1db-40c0-86e2-73b0de7f8784_33.png,1.022585686730138,1.9575073135418937,1.1242331835564647,0.6037803242309366,-1.2792716004136369,-0.6307589854001592,-0.0693006847314113,-0.9615732050391607,-0.7267579747836898,0.70011150350363,1.3023617422052378,-0.4512852713127553,-0.7374029832740007,-0.5814056478858772,-0.5794556030122481,-0.8783454762460097,0.6300189190882954,0.7217637304092984,0.7927900019332562,-0.07106540056829591
268cf2e7-02be-4b54-8659-24b54163053b_76.png,0.07506239160883718,-0.48795328046836334,0.0627749743343477,-0.7942570766918348,0.12054787793068862,0.10933864969922033,-0.6407638726412584,-0.1076847447196636,-0.5827822135453249,0.5156096818839301,-0.02593364386974204,-2.550573535228025,-0.39656280030967533,-0.15989098738481908,-0.044466225587936226,-0.2981712019823067,-1.5213646487435208,0.7191773526490997,0.7870753311425247,-0.07106540056829591
2ec83b5a-f1ad-4dae-bb33-773f1eee7923_33.png,-1.6958574251328058,-1.51735384181466,-0.4317632564076279,-0.003739754341777799,0.11893371270665513,-0.5861890617097515,-0.4738601938787667,1.3624202576562876,0.7195912202383965,-0.7377506436410658,-1.5663995901762646,0.28761754879753487,0.09920473854752522,0.20690210853566904,0.19406423953919727,0.6357008403751743,-1.0428354161538906,-0.6665125673444526,-0.7867302470522783,-0.07106540056829591
a653df7d-134c-48e9-9911-e3a0e5f096f4_35.png,0.017778930797924496,0.5086728804084751,0.43650879790417063,-0.0033410135705268856,-0.4866323330590109,-0.2750286978475932,0.0021296589243174195,-1.1890512177355452,-0.7359854577355992,-0.22361317311445458,1.0480840328080994,-1.0131993272526563,0.009691155142752894,-0.10041102588419937,-0.29796657919141517,-0.36967463915903787,2.10770273827269,0.715678135679419,0.7793437177197717,-0.07106540056829591
27bb6d3d-77c3-486b-a22a-3741dde393ee_69.png,-0.6515310315909478,-0.752077734837565,0.09853696419535456,-1.2631379620357353,0.16082410353415091,0.2901301003785852,-0.5578680578243468,-0.0027419428330635264,-0.5663895084756098,-0.12748246663693205,-0.036579857505392256,1.0561979243510131,1.4005945280476766,-0.41525828876081294,-0.5122436913694556,-0.36562366070055824,0.900534509567773,0.7217637304092984,0.7927900019332562,-0.07106540056829591
75769513-6d94-48cb-b36f-b1f9dc9210d3_48.png,-0.9325247012434354,-0.6753229609578738,0.8585541673380221,-0.35315369863976154,-0.9821863636502856,-0.5517606984407628,-0.49038392470791586,0.01763946182728453,-0.3172523086769944,0.01989857256174532,-0.14270088042191312,0.60125830291376,-0.09359374878583056,0.024100360190431176,-0.06613872053456266,-0.06833349943799766,0.048463166048796434,0.22129963381083656,0.22193706674117258,-0.07106540056829591
4a7aeead-7888-4bb1-a39e-eef6dfc4a6ff_59.png,-0.5826316025608758,1.1972920302909504,1.468619920275091,1.6782792260307988,-1.662193129870509,-0.6336467908956326,-0.5287088971572924,0.16892836401635714,-0.5774046948712026,0.9388170002567559,0.33506499755291824,0.6165510179179963,-0.9543012815240259,-0.5710957878924365,-0.5804419024369142,-0.9114243030553936,-0.3199681966003484,0.7217637304092984,0.7927900019332562,-0.07106540056829591
3dbb185d-309a-4682-8409-24f5556e96df_36.png,0.8911090791253218,0.3267843148720167,-0.36104475276837344,-1.3009981048857693,0.5347663622279005,0.16301196404630722,-0.404898593095147,0.556328653429503,0.24506735438248214,0.9256190897396175,-0.006014898134640076,-0.049299680406779615,0.3057745464046921,-0.10279022434422416,-0.2656979849229013,-0.09048970130149853,0.28600758885488603,-0.3490727322471155,-0.9897249789054431,-0.07106540056829591
a7ab7384-2203-4096-ab14-1eae445ccdd9_10.png,-0.7890953690399891,-0.26409583318097757,-2.6610480399874015,0.07581041790213304,1.773311966034193,2.3005134202295907,-0.5212410428721819,1.3828856857740914,0.44717278389733395,0.8269559060605327,-0.6326627644772543,-1.887508763539969,-0.4413195920120615,4.000534053045192,4.1277124674546295,4.240533361170091,-1.830734815130311,-0.5047118174637826,-1.227015332172522,-0.07106540056829591
a653df7d-134c-48e9-9911-e3a0e5f096f4_13.png,-0.13647083312013156,-0.3147333052244961,0.5172758405418689,0.8445608566732813,-0.28261252080752314,-0.35770093243928414,-0.3345310599684044,-0.8494378923134824,-0.6807339389648344,-0.4452220241908989,0.5323128094524211,-0.17977075507556664,-0.3345918579525253,-0.46085959257795467,-0.5066536382208737,-0.7410873558070716,1.5663823076545629,0.7217637304092984,0.7927900019332562,-0.07106540056829591
19369012-66cc-4209-a974-c98c915c0a70_19.png,0.49471925121253574,0.9423231562048439,-1.2998060815566568,-0.2716088518582734,1.4961102291368786,0.417776579369523,0.14055267872983876,-1.2570718990479397,-0.44402908330137447,0.3514631485415092,1.3076124868957535,1.139616335174176,4.654069001798055,-0.3030394280629771,-0.5124011936252512,0.41392299391451404,1.1538619218195252,0.2457180826644779,-0.12053771655115113,-0.07106540056829591
3b88f35e-b058-4cd6-a43c-563cda6b239f_86.png,-0.26636528097796786,0.877387305215839,-0.7626507057599086,0.24835116577507502,0.7677171143364784,-0.15215859625424394,0.36341958731334495,0.029201405538390526,0.7189743520231676,0.1713823056468145,0.04841551191505666,-0.12946911961945368,0.3161030367975505,0.16447306933189365,-0.09305197485768864,0.31070688914309835,0.07578752146780984,-0.7786396502424816,-2.3797130941640177,-0.07106540056829591
519d608c-1d5a-448f-8835-1d3a5261bbba_34.png,0.3108713791333072,1.0927145079190428,-0.14508597459624006,0.38992207143700486,0.1188226380817034,-0.3992575865389425,1.3170953923563595,-1.3272172514465892,-0.2830240015558565,-0.7985007973474546,1.4243121831318988,0.8663412241838194,0.4572590721666145,-0.2098541550453396,-0.25899995173124746,-0.041742015404418326,0.10197300375735566,0.09837062026727154,-0.018829034403744494,-0.07106540056829591
a6a04226-e7be-4c2a-8240-4e24256bfed9_38.png,-1.144321984386456,-0.9690040822421325,-0.40501191805185216,-0.26287395579395695,0.45743555502203326,-0.48298898157541514,-0.6890347325496812,0.990286159534779,-0.14367623169600482,0.6883190520761192,-0.7259444055142382,0.8432818348371893,0.07510492763085574,0.08675258630441725,0.04142848626358333,0.23131939638241428,0.017599296146003415,0.11799666327113278,-0.5412494705971056,-0.07106540056829591
41b05097-d935-4d5b-b15a-8c9cc622e21b_93.png,-0.8364126923829975,-0.9854096648017119,-0.4556499342382765,-0.9874964741775043,0.7812680312421451,-0.0018755116143551838,-0.6240001423482503,-0.07641903194083612,-0.5426457674489507,-0.1348684990511016,-0.2473136715742169,-1.4978375367653247,0.3643026586308894,-0.29272956806953637,-0.1955741046146172,-0.032123995661694,-0.32191574339811996,0.7217637304092984,0.7927900019332562,-0.07106540056829591
258bd669-e070-417c-9e38-6240e5c933aa_90.png,-1.1944417449340092,-0.8063898623487182,0.34473475212946614,1.2616629039164327,-0.1676474700522743,-0.6156782233682425,-0.7267542869966778,0.6879215394889397,-0.4526016982477776,0.6727479708737593,-0.529178311626854,-1.239772217781173,-0.307049216904903,-0.19795816274521566,-0.2663873199448856,-0.4753160921316763,-1.2206301621131719,0.7217637304092984,0.7927900019332562,-0.07106540056829591
a6a04226-e7be-4c2a-8240-4e24256bfed9_16.png,0.27268279810768237,-0.28078303317986125,0.7816150229699321,-0.35109024118960214,-0.7156907054842311,-0.46069932844450256,-0.6664215185497913,-0.2665189020692973,-0.6146886998350369,0.744193435510306,0.09117569939236977,0.5832654278502477,-0.8097024160240092,-0.5239083517686116,-0.534801210324016,-0.8640873612419648,1.3060377604515268,0.7217637304092984,0.7927900019332562,-0.07106540056829591
a653df7d-134c-48e9-9911-e3a0e5f096f4_38.png,-0.3745981023029985,-0.2488021024557333,0.6891991178372753,0.9265681402100899,-0.7869984919539401,-0.39945754949078915,-0.2807315414428521,-0.9515939253053382,-0.6803884254319068,-0.4283903755191019,0.6498656443549021,-1.2301377494617114,-0.5583758164644561,-0.0183286790133442,-0.10098925528959521,-0.4533181562544663,0.3150292674705353,0.626067753281944,0.6414364899774961,-0.07106540056829591
268cf2e7-02be-4b54-8659-24b54163053b_41.png,0.847519678181992,0.14212808610886887,0.7129985274560212,0.05731688552610478,-0.98131453926997,-0.47735652340119944,-0.2746925355787037,-0.8813600479130126,-0.619762329718622,0.21993479883859723,0.7018364771528902,-0.9582441813351591,-0.6685463806549451,-0.3672777864836464,-0.07990870673638124,-0.5037374920105451,-0.52928577010616,0.4930975084340778,0.28754587261156545,-0.07106540056829591
41b05097-d935-4d5b-b15a-8c9cc622e21b_43.png,-0.6231158695193549,-0.9148335662112376,-1.9685445527029002,-2.673198383128067,1.5309138192807517,3.541506904657117,-0.36652221430899534,0.40218425477636843,-0.2520224085238383,-0.17575101135872595,-0.42860215025869397,-0.15368305124298617,1.6588067878691353,1.4286205177583975,0.41468834265941673,2.7733540364217264,-0.6902417526670211,0.2723425596077005,-0.2002180872325979,-0.07106540056829591
53345714-cf33-43b8-9e6c-89b5c2c7aad7_8.png,2.394102762649214,1.3244721036431548,0.5046560006840471,-0.3515636173744353,-0.4508690177338476,-0.3939589347713392,-0.47393420661665364,-0.7551888078463074,-0.7641415020719025,0.964501029622126,1.0850371519586215,0.2699556239123206,-0.7580599640597174,-0.5453211379088346,-0.545102801960503,-0.8602851972408863,1.1535344221057486,0.7217637304092984,0.7927900019332562,-0.07106540056829591
4a7aeead-7888-4bb1-a39e-eef6dfc4a6ff_74.png,1.6717830699372607,1.1014233987312063,0.6974727652955724,1.4351153474056852,-0.9136595688179583,-0.5880836375226076,0.1794087467669809,-1.4567347793599266,-0.7939342746539872,0.08781692494914262,1.4722289566185134,-0.5041581639336548,-0.8957731692978287,-0.5334251456087107,-0.45309253659811793,-0.8422249182357628,-1.0266109667157977,0.7217637304092984,0.7927900019332562,-0.07106540056829591
41b05097-d935-4d5b-b15a-8c9cc622e21b_5.png,0.38803272975870223,0.4298950310543339,0.07043213984305512,-0.5357973752886799,-0.05183056251885132,-0.1951900804320702,0.11709064081970691,-0.44237316776641133,0.53791417727797,0.3502204119428461,0.4085548436643314,0.31285498977602033,-0.3345918579525253,0.03678941864389671,-0.014741144334510585,-0.10756780437572579,0.015760801892867906,-0.6158499912182062,-0.5518729220971436,-0.07106540056829591
2ec83b5a-f1ad-4dae-bb33-773f1eee7923_15.png,-0.711876060088291,-0.28319905348851837,0.3352943794309319,0.019943994133076005,-0.6798239679321973,-0.1672017871220652,0.034879830924158084,-0.9222364075997069,-0.6715595804325661,-1.35954825433032,0.6686239664048165,-0.4159355184469934,0.10264756867847799,-0.09168729819744181,-0.04229200836762864,0.06939935991189071,0.01164977775256741,0.6048442416614893,0.5344532664816793,-0.07106540056829591
75769513-6d94-48cb-b36f-b1f9dc9210d3_54.png,-0.8237567574126913,-0.5589621249383365,1.200097476048769,-0.43628246874612897,-1.4719436159824888,-0.5857766718626054,-0.35068999161248793,-0.13443970293312815,0.19152958243502172,0.0054750360290102915,-0.2589487463391569,-0.09097253839015106,-0.8923303391668759,0.5161979083388915,0.9757703835828868,-0.06415035724922645,1.6917579771121918,-0.2581691609695411,0.0158650647841955,-0.07106540056829591
78667ea1-0eed-4d74-b94c-83a1d16767bb_41.png,-0.3869286097141136,-0.7031941192277716,-0.8645966367756988,0.09702693301491591,1.3498832460400976,0.31255979694801433,-0.6173067895587674,0.5779586407233809,-0.4475662671609484,0.4507826404149389,-0.4323692472847531,0.07568261278416294,0.5674296363571035,0.007842504046928461,-0.1365164793997652,0.22374242831070604,-1.3981897384795807,0.48001347976483694,0.25863636155257264,-0.07106540056829591
41b05097-d935-4d5b-b15a-8c9cc622e21b_16.png,-1.3532985665688613,-0.7245622821285069,0.2530860655389316,-0.399887119656944,-0.26092079315261807,-0.47756600076099837,-0.48762222765153534,0.0404083355827875,0.030785107703564386,0.11130784902429729,-0.24413536197483118,1.6015839392182745,0.4607019022975673,0.019341963270381603,-0.2971909912902481,-0.09512762243206446,-0.05744893963933187,-0.09682483069361203,0.19587465571956,-0.07106540056829591
3b88f35e-b058-4cd6-a43c-563cda6b239f_71.png,0.17976481805641512,0.703701176442256,-0.08465856447962489,-0.35141939789080007,0.3005882658166178,-0.08385092116657517,-0.4392256389917233,-0.16533955980912243,-0.6788461248268695,0.751075819760724,0.6867871193218369,-0.9766821145007306,0.25757492457135317,-0.29907409729626916,-0.3303540851123501,-0.31378120363639145,0.9806755254637124,0.7056369043751178,0.7571573487675212,-0.07106540056829591
a9e37804-c00a-4e4e-b99f-e267a0056a05_96.png,0.5973197168650021,0.5104787718443633,0.23878205388372625,1.015345105005935,-0.17180447544413568,-0.5537508388542015,-0.3183476638628438,-0.5611361049862631,-0.681049718955654,0.30679840317415485,0.689759674747742,-1.3184419997835726,-0.052279787214397175,-0.46839372103469984,-0.30086955990412134,-0.4011738941106433,-0.37421155134764617,0.7217637304092984,0.7927900019332562,-0.07106540056829591
258bd669-e070-417c-9e38-6240e5c933aa_105.png,-1.0416431582945989,-0.5704256052196587,-0.5585819367610467,0.8441718983601071,0.3637434815302909,-0.23092054199483594,-0.389064512338274,-0.03416711190223952,0.41200889696570353,0.158677858071645,-0.2666567080025096,1.1779656116466717,0.5777581267499619,-0.014363348246636222,-0.10241604654693841,0.4468993234992583,0.041339217789186616,-0.5215232729050746,-0.9844179462545692,-0.07106540056829591
578fbdd2-3bf8-444c-8c21-8d2666ef631c_32.png,0.8069527075187153,1.359900290928191,0.51295925668462,1.4841751436799144,-0.6902216983313062,-0.451093420378693,0.22478474862617243,-1.0065125299850362,-0.7240640231197506,0.295030788908019,1.2892380040574938,-0.26085879024939734,-0.3277061976906197,-0.5239083517686116,-0.4183656815099703,-0.642146289719343,-0.3282539214150221,0.5935858914112123,0.5095776406867318,-0.07106540056829591
3b88f35e-b058-4cd6-a43c-563cda6b239f_78.png,0.6198939158106446,1.8765172944493103,-0.04963638882429279,-0.223140318001527,0.08863478979544352,-0.3171217977491388,0.24848121181906724,-0.7964856540822648,-0.24857464273473082,0.561745052160471,1.1798394680160467,0.4946681043013053,0.5674296363571035,0.27629539695305866,-0.28274910475292186,-0.03372728766262856,0.47008416833381245,0.07767959818568139,-0.03190347964380768,-0.07106540056829591
2ec83b5a-f1ad-4dae-bb33-773f1eee7923_73.png,0.28396719483612354,-0.3023060106591759,-1.2828273596164221,-0.12136769204135762,1.2120617641107216,1.3130784615040298,1.5001598608232993,-0.5346719509591275,0.6341094295069247,-1.5923383145832057,0.19844995838156684,0.685810068786727,1.1354966079643125,0.33736149076036154,-0.17163770867883585,0.6944647014027664,1.2801629314235257,-0.6536567484775823,-1.4898421720517518,-0.07106540056829591
a653df7d-134c-48e9-9911-e3a0e5f096f4_24.png,-0.055086836644425874,-0.6328572128513859,-0.8103329664333179,0.8956657056992225,0.760340955449367,0.7981745230223681,0.09544609562362483,1.8162464587287623,2.537533342678135,0.27579428540908935,-1.7696047194693845,-0.09255108826185364,-0.8097024160240092,0.45711447991494253,1.329577351982445,0.705830156815789,2.8843633300795393,-2.373674028943887,-2.079082879540848,-0.07106540056829591
00367bac-0715-41b8-93dd-c21b8877a1f3_13.png,-0.5377338370309868,-1.2193415437608732,-1.5612023173816518,-1.6441230151030775,1.3511472422490274,2.3291653127830454,-0.00613437422735001,1.5812500869304995,2.1764428920278274,0.08843677073464482,-1.8196127266923572,1.179468405925059,0.9323696302380984,0.13790535319495018,0.10473663447813122,1.7367517724398618,-0.7959924365885411,-2.3086342352683005,-2.2794444218028187,-0.07106540056829591
53345714-cf33-43b8-9e6c-89b5c2c7aad7_30.png,2.034278601556046,3.1839926778763177,0.2186750151348747,-0.6195042657338456,-0.027530168534410565,-0.5450528338131693,-0.21179502447416487,-0.828229056537971,-0.7348848206299372,1.0682406377778146,1.2836845340752943,1.4149026892056975,0.10953322894038356,-0.5326320794553692,-0.6154938145156174,-0.8046670468080724,1.467458652660489,0.7054847645068708,0.7568211916621834,-0.07106540056829591
268cf2e7-02be-4b54-8659-24b54163053b_36.png,-0.5913707735760624,-0.4802123172987639,-0.5449669522314173,-0.8153169451904441,0.8822298870087423,0.11921581423541723,-0.5184867780572628,-0.33778225161734593,-0.6130629538926083,0.0296950517249526,0.18650037621145074,0.8736489314752811,1.9445616887382162,-0.3752084480170623,-0.42755580489379336,0.04172727530696617,0.17320095598208066,0.720470541529199,0.7914452804515978,-0.07106540056829591
92f1a624-99c9-48dc-9309-0fb5c6bc0e7f_22.png,-1.1410894425686853,-1.3831384782481888,-1.0838396717937062,-2.1461537098137793,1.1102458234255788,-0.3831875162458352,-0.39890696777031515,0.9707782065125784,0.7923485329019472,-0.05668332112875545,-1.2804913026849691,0.19737367972144548,1.8963620669048773,-0.14125393278129156,-0.21565747646536138,1.042467125160077,-0.5173029384392132,-0.7364208368039429,0.1471098780089659,-0.07106540056829591
78667ea1-0eed-4d74-b94c-83a1d16767bb_18.png,1.1258390142798478,0.14347977704817172,-2.627816013773467,-0.8700119015168802,1.6724284008947743,3.2910590534299744,1.2127891479494006,2.1760018564114576,4.495673985222348,0.2928927327631287,-2.4303227338029205,0.30947462774294254,0.5674296363571035,1.2359054424963896,0.29776465288672693,2.9225492120433874,0.19845193649000056,-4.058242720108645,-4.552026925236133,-0.07106540056829591
19ef2be7-6425-4194-a4a4-1b4a7fbefc4e_51.png,0.17998489073947094,0.2632498025264596,1.4486957841094212,-0.6085098261926738,-1.531740469183748,-0.5649106596031109,0.0397256523570175,-1.1900453728491527,-0.6951770256286917,-0.393005074531873,0.9903275176740544,-0.11654954869411312,-0.6134610985597005,-0.36014019110357204,-0.1993212778551513,-0.5621312765495562,1.5623745916077105,0.5504542387631917,0.4142771013236597,-0.07106540056829591
2ec83b5a-f1ad-4dae-bb33-773f1eee7923_42.png,-1.4189723702172778,-1.0721827901572374,-0.45640794562515447,0.02383912572671734,0.6614885123268321,-0.6566324532136038,-0.7262275268830982,1.042948440105782,-0.3682299772813141,0.492049812496219,-0.8845285230978003,0.27128547604850256,1.0287688739047762,0.26677860311295953,-0.30825185825253626,0.06503350659055042,0.6033119016442853,0.6326097676165643,0.5958019382057026,-0.07106540056829591
258bd669-e070-417c-9e38-6240e5c933aa_110.png,-0.8278359397373561,-0.4927926393384603,0.017479479145434653,-0.37882849782002426,0.17198438968877428,-0.21479774843243393,-0.2303242217909928,-1.0098027597757202,-0.6497644472749095,-0.9054979066636737,0.5512347803114626,0.8462048023390405,1.5142079223691185,-0.40415536261403057,-0.4512559846540111,-0.1462261461956125,-0.041127111865935415,0.6195257389473235,0.5668924271467122,-0.07106540056829591
81faa7e7-ef94-4bfb-ad32-94fd63e1848b_41.png,0.6223105152986393,1.691649553079395,1.2476258410166479,0.7425832775162599,-1.3652739086846055,-0.6156782233682425,-0.47460775349909673,-0.11437673876123926,-0.6161279608572332,1.0184897698901525,0.6107364901054688,-1.6893074252344407,-0.9956152430954593,-0.5849744455759145,-0.5627999220302607,-0.9110440866552858,-0.7620127358808829,0.7217637304092984,0.7927900019332562,-0.07106540056829591
48a4d49c-a4cf-463b-ae33-31db1940e1d3_4.png,1.0912787713068368,-0.5864720398322464,-0.701303573494678,0.21402602634290827,1.0104564638133102,0.4707392518373921,0.552079604570568,-0.20542200694383603,0.13720869712571745,-0.5558844896153758,-0.07312021745233846,-0.39824678850199413,-0.8338022269406786,0.26360633849959314,1.4175266928065353,0.30979903033189354,-1.0986796271346393,-0.23230538336755344,-1.1162927719420912,-0.07106540056829591
a9e37804-c00a-4e4e-b99f-e267a0056a05_79.png,2.0289662466154783,0.13036550738215721,-0.9269072120270881,-0.13576458128893684,1.5393073279533458,0.6880240811922692,0.9261882914202163,-0.7795691429562189,-0.1906556176400189,-0.5611975690630435,0.5795978564569292,-0.13765373539883446,0.12674737959514748,-0.18487257121507933,-0.17244613082685123,-0.06199667689455001,-0.44659151115339285,0.010205566618142913,-0.057659876826701886,-0.07106540056829591
22df8deb-bec0-46ea-b532-d6d7e8d8d57a_21.png,1.7934335659888374,1.9844316484690725,1.008086980717041,1.032517273082322,-1.222703138111801,-0.6174925006189605,1.7274309918261652,-1.6040840620434231,-0.7732070087321059,-0.7432291535337981,1.717758132719036,-1.0250271257667833,-1.2193992016073902,-0.5651477917423745,-0.42126923133293853,-0.9278680673514376,1.4333170113540563,0.5712213307789054,0.6464827019702247,-0.07106540056829591
9229a83e-46a1-420b-bbda-57bc886c344b_54.png,-0.578010880092103,-0.1694205649500199,-0.8847702538937641,-0.7917372312111486,1.1682633788959542,0.9811349992076465,-0.3376182272654506,-0.4083421632062872,-0.27975402904180136,0.274221648738932,0.32975577332302186,1.475259986707862,3.314808080857423,-0.16147711969150225,-0.5007296531732642,0.17932475928814556,0.42112187472440443,0.11746417373226833,-0.15786749528807434,-0.07106540056829591
10b42c78-10e5-441c-bc2d-1bc4a35bb63d_31.png,2.470002369764692,2.1545147649412457,-0.33215628776944783,-0.6004549362045655,0.8061140060839145,-0.32593507198907656,0.14509842341369283,-1.3212375841055266,-0.8020655586983328,0.6496172196322014,1.561990038657065,0.7939752091715233,0.11297605907133634,-0.1357024697079004,-0.4174008759264684,-0.5051630795401435,0.34608592981350894,0.7217637304092984,0.7927900019332562,-0.07106540056829591
00367bac-0715-41b8-93dd-c21b8877a1f3_55.png,-0.767872486639433,-0.36492281304674384,-1.812299322272874,-1.374468018771695,1.3421002024699002,1.1589017237241481,2.6090552416979653,2.414131945764371,3.409983478189668,-2.9326178181077593,-2.511479474724527,0.5440955649416201,0.6638288800237814,2.1899640249663292,0.2386965525859102,2.2926614821146964,-0.5667758855177651,-3.136503328334277,-2.2604468614888837,-4.385619860368189
578fbdd2-3bf8-444c-8c21-8d2666ef631c_71.png,0.0069811350068199355,2.2810064394710046,0.722121480020638,1.3348693651036865,-0.739189845828465,-0.5884002816329296,1.8510406253688518,-0.6344329770294388,-0.6330475826212066,-0.4799025988754698,1.095262861472522,-0.9987868950109576,-0.3483631784763364,-0.4826689117948486,-0.47215328682041824,-0.7072954448344424,0.9572384903198171,0.697345281555657,0.7388367865266482,-0.07106540056829591
519d608c-1d5a-448f-8835-1d3a5261bbba_65.png,-1.6615441416044796,-1.2244666119638792,1.2153723050314613,1.0747803122246091,-1.526928966241788,-0.6618582580407933,-0.7208639259617582,1.026881866879723,-0.03351053809884927,0.5237217433316969,-1.0595948047827044,0.7409824084205388,-1.047257695059751,0.18667892162545832,1.0632375573672366,-0.36039733928716927,0.6891951226408516,0.05493468788275692,0.2093556381892477,-0.07106540056829591
75769513-6d94-48cb-b36f-b1f9dc9210d3_17.png,-0.85867719244855,-1.173984994324511,0.8381062606898243,-0.564204759823201,-0.9270411294839089,-0.4288841406814721,0.041816279944775284,1.6062120413722019,2.964216766341426,-0.30824217839399315,-2.0425974066037895,0.21172963579959475,-0.6685463806549451,-0.27885091038605847,-0.16685902903927796,-0.36573097497730483,-0.690146217196564,-3.117866194474021,-2.503520794708505,-0.07106540056829591
44341a17-f4a0-402e-8f84-ad64321de876_4.png,0.04967930999554673,-0.14320002782601282,-2.218268467024106,-0.6612525044801283,1.6754028968850503,2.2042557266364993,-0.33693291266736025,0.00010273942518938123,-0.3391383683734653,0.45743488548290523,0.13465687745890637,-0.9070140633343217,0.37118831889279497,2.1285013980823555,1.2492399396483251,2.7328815898693377,0.06298965051884481,0.3943587339417836,0.06937991124777435,-0.07106540056829591
6764beec-de30-41fd-ac4d-374023ed0a03_36.png,-0.45610791699353054,-0.39066242061880474,-1.2344975916776955,0.07752976055237161,0.9854068937716803,0.2074947647050322,-0.591106899700277,1.2208252120156746,0.2523089035524706,0.8442585176788342,-0.7343894473857915,0.4285350233246728,-0.00063733525010545,0.7069303182175453,0.651380993222309,1.1716511810356252,-0.6078007540694332,-0.6500053916396547,-0.485045730104274,-0.07106540056829591
78667ea1-0eed-4d74-b94c-83a1d16767bb_58.png,-0.2792402612754547,-1.3530476223068113,0.027753393176931204,0.9525319186162784,0.5287852746819218,-0.03971314111470911,-0.7315623278687752,1.3831631385354832,-0.27298642077217283,0.02750165841714958,-1.2149761099913174,-2.2228448067884723,-1.0403720347978456,-0.3085908911363683,0.18307751365881306,-0.674584269414232,-1.2361514265453366,0.6893579384726902,0.7211885384964507,-0.07106540056829591
2ec83b5a-f1ad-4dae-bb33-773f1eee7923_93.png,-1.2156340202180904,-1.5313262540851502,-1.7687390160734224,-0.3935541116725394,1.4504157535810396,-0.39228612806776764,-0.0907699528996944,1.742717770976249,1.7828595935243297,-0.7226091555673575,-1.9260770933989313,0.7497864616933774,2.120146025416808,0.24576235004940722,-0.13259065394025404,1.8326321634677705,0.40474336053642607,-1.8464333155339558,-0.6528194654856713,-0.07106540056829591
3b88f35e-b058-4cd6-a43c-563cda6b239f_12.png,-0.14594288595965302,0.2818507542956956,0.6129527611463432,-0.1231339406508743,-0.4471396771410826,-0.521461733293381,-0.333670468342515,-0.7644819427945047,-0.6795292003243334,0.31408627606617695,0.7300895018503077,1.3538524837222001,-0.22097846363108348,-0.5837848463459021,-0.5902173182991448,-0.81150316992675,0.8768583626497851,0.6182325500672241,0.5640350917513451,-0.07106540056829591
4af4cf7a-5d36-4d0a-9b11-fcbd77f87c6e_129.png,-0.6090016096600496,-0.4693744119761343,-0.5130151591692129,-0.43538615980143663,0.4072413239982457,-0.2633647797311723,-0.6049122882149041,0.10438489218570826,-0.00936428186989285,0.7777563287945726,-0.3585112782901139,0.10623482035481409,-0.13490771035726393,0.7477732251146374,0.31252058001608096,0.4504144073215592,0.2934502762882364,-0.11219095738655765,-1.008213068472223,-0.07106540056829591
8b0863a2-01d3-4fdc-9994-7b50b25bc730_8.png,0.5146975529793574,0.8605815441394223,-0.3611609363357857,0.04679026316053129,0.41569623739581696,-0.38144511095762107,-0.018673184926256494,-1.249247779772542,-0.7645333283452488,0.08878078187499006,1.2344431969488392,-1.1437697767124244,0.40561662020232275,0.01815236404036921,-0.13608928246044613,0.09786013103092507,-0.006091938044046246,0.7217637304092984,0.7927900019332562,-0.07106540056829591
505d1bd8-e981-43ac-b532-853c95be827a_66.png,-0.33050598918352375,-1.0355908885366703,0.006082754788221948,0.15347388520947386,0.18545008578270705,0.2813577932743493,-0.391745693445489,0.3537798240613536,0.7521604686949811,0.44720983129673814,-0.7031350154329238,0.1908966377270545,-0.4516480824049198,-0.011587616709940636,-0.010563345127892327,-0.18642420487198424,-1.2459382580071499,-0.7523955229698764,0.42671897297860484,-0.07106540056829591
10b42c78-10e5-441c-bc2d-1bc4a35bb63d_26.png,2.7308325032651672,0.8704211756342938,0.4612273570559925,0.9930548066462961,-0.2849909483716522,-0.628184936821076,1.2302267348015798,-2.1095424861692993,-0.8458585131164306,-1.308715176326178,1.894532765140029,-0.04793920302661251,-1.1092286374169011,-0.5814056478858772,-0.5223534537632608,-0.9197795590280343,-0.02930040386454978,0.720014121924458,0.7909409672393983,-0.07106540056829591
268cf2e7-02be-4b54-8659-24b54163053b_53.png,0.9661684488297513,0.34927239963231566,-1.0641846597089089,-2.1869417315317605,1.181286204398464,0.6595994197643638,-0.1489133068827315,-0.5631912334261895,-0.6576038648077658,0.32135310298858316,0.8302210600809156,0.24357131460140646,2.3921296057620776,0.12719896012483864,-0.3632626741356363,0.4536450318760991,0.55565228520325,0.6327619074848113,0.5961380953110402,-0.07106540056829591
92da35e0-d1db-40c0-86e2-73b0de7f8784_44.png,-0.9720427093492489,-0.3541671625615435,1.1153159604430938,1.9247373247613648,-1.2244605079320383,-0.6404201213730222,-0.48808860080324074,-0.35732518732089547,-0.37297127157182564,0.20129600824783173,0.06156748291907236,1.4159928999671576,-0.5067333645001644,-0.5671304571257285,-0.6076526601259911,-0.8631766193903327,1.8862283894872465,0.2621491884351524,-0.2227406132901838,-0.07106540056829591
19ef2be7-6425-4194-a4a4-1b4a7fbefc4e_22.png,-0.5948230425233701,-0.08690806414623733,1.1857874759112226,-0.531304379138562,-1.431983748797549,-0.5629145855068302,-0.04293264040985569,-0.7913491481942142,-0.6340037916762087,-0.8999538732311023,0.6385042798413116,1.0125594805061415,-0.4688622330596837,-0.055999321297070005,0.11501387793235517,-0.1877079206497376,0.03867584904627668,0.7025941070101781,0.7504342066607789,-0.07106540056829591
53345714-cf33-43b8-9e6c-89b5c2c7aad7_22.png,-0.28700387761861,0.14305201990551641,0.9537749672646625,0.4361410608299168,-1.368384926234172,-0.34397934441505285,-0.5430500264105983,0.2073157816661751,-0.2936083118345951,0.804293285634115,0.0975439157447756,-0.16275509400038993,-0.7683884544525758,0.3270516307669208,0.6187871336400628,-0.10950948577009878,0.0878991204755679,0.16082403618265947,-0.44662124544470644,-0.07106540056829591
19ef2be7-6425-4194-a4a4-1b4a7fbefc4e_34.png,-0.4144614170812744,0.31009436676997676,1.5735486782089159,-1.7109171332735793,-1.3269244771591302,-0.38552793917413364,0.3200335681054545,-1.2265295397398979,-0.7348394986756407,-0.9343531298599502,1.1001522566732729,-0.11282498721916624,0.6121864280594896,-0.19280323274849528,-0.478048174639382,-0.46830707740353067,1.219733214642975,0.7217637304092984,0.7927900019332562,-0.07106540056829591
92da35e0-d1db-40c0-86e2-73b0de7f8784_40.png,-0.9326610255439344,-0.6741569902497033,-0.26402362255899864,0.6066090741870197,0.2941228882996421,-0.050999559770861555,-0.2530795774088327,-0.3462148008445779,-0.5358221215695953,-0.9615930835011,0.05102684888573419,1.1011250509932025,0.3746311490237477,0.5391968267857977,-0.0544705675647456,0.24336469889051404,-0.34633772023928233,0.5763940862993029,0.4715918877836376,-0.07106540056829591
4af4cf7a-5d36-4d0a-9b11-fcbd77f87c6e_89.png,0.6528091653957495,-0.044615662845765,-0.19264173518975486,-0.3631597048781725,-0.061960624307683766,0.4304007288376161,0.8520482763983372,0.7511902240927181,2.494077822277548,0.08387539108894855,-0.9532091567744208,-0.7088595576125882,-0.7201888326192368,0.5058880483454506,0.777851725851445,0.45084828272027694,0.5170690299004306,-2.3604378604063996,-2.0533850330523484,-0.07106540056829591
27bb6d3d-77c3-486b-a22a-3741dde393ee_83.png,-0.4410946204744062,-1.09669327453608,-1.5766388751341616,-0.9260325998694725,1.2630756591499102,1.129433274941421,0.20338639642850043,0.9559555235407879,1.2034442326922092,-0.511065342323644,-1.1044589349527687,0.9803082161201313,1.0700828354762095,2.323992204881059,0.28570175342757825,2.1550456106618423,-0.8815003959815987,-1.1970242879216944,-0.4745924903596718,-0.07106540056829591
258bd669-e070-417c-9e38-6240e5c933aa_10.png,0.24669363424107227,1.6985061146282876,-0.02405228207008033,1.2885736093351772,0.05505196615634104,-0.5965081537316714,-0.29735096238081743,-0.44194132132209335,-0.5704193633397067,0.8723934326508709,0.7782549056105124,-0.6341215413156709,-0.3104920470358558,0.3492574830604855,0.044450310923763885,-0.12394268541757433,-0.6260852247843977,0.647671614573016,0.6290814916340784,-0.07106540056829591
9229a83e-46a1-420b-bbda-57bc886c344b_33.png,-1.0296469458633422,-0.9321478960531893,1.949107932358213,-0.2380548798051822,-1.8866468805917866,-0.5648481184202541,-0.6620538379842843,0.026942442648242828,-0.49929899498108526,0.17737251047016833,-0.39731181454285525,-0.725749932105489,-0.9577441116549787,-0.45015319950784316,-0.03181581348306557,-0.6843472150264709,-0.7813613113016574,0.6428031387891124,0.6791870915802187,-0.07106540056829591
a6a04226-e7be-4c2a-8240-4e24256bfed9_17.png,0.9400773909620714,-0.3562059989327228,0.664337442305463,-0.42825879194671373,-0.41740853171083203,-0.503695543599329,-0.6809651763829214,-0.16410918386431297,-0.5961728770690378,0.7584487241929181,-0.004312587684566718,0.5392090355633089,-1.0093865636192705,-0.5829917801925605,-0.5903525878830189,-0.9232110114587373,3.977058661948896,0.7217637304092984,0.7927900019332562,-0.07106540056829591
48a4d49c-a4cf-463b-ae33-31db1940e1d3_3.png,1.0436681458424875,-0.6559933953629364,-0.47681565010982174,0.33729971034837375,0.9045506216621346,0.3567201625147763,0.6624638741093476,-0.04399709571331049,-0.12917363212413605,-1.1560252762585248,-0.092172645621604,-0.5008128176389043,-0.7787169448454341,0.08635605322774645,0.7226693490526868,-0.04103531656089769,-1.2697829131137528,-0.024634463210416974,-0.5421902335263842,-0.07106540056829591
a6a04226-e7be-4c2a-8240-4e24256bfed9_6.png,1.4835384668734277,-0.34521892077023697,1.986566924872072,-0.02851935990031361,-2.1753447790625797,-0.59289664668173,-0.6414392775840669,-0.3408885498695492,-0.6164591757340392,0.637774532995711,0.1858669241878483,-1.9301702827787797,-1.2434990125240597,-0.5120123594684877,-0.0313671360455853,-0.8905124010494613,-1.4390536515919294,0.7217637304092984,0.7927900019332562,-0.07106540056829591
10b42c78-10e5-441c-bc2d-1bc4a35bb63d_18.png,1.8049469533828386,0.999514741127662,0.8399180835957354,0.3517704854214184,-1.087913057129263,-0.5659437953906448,0.8540153429717986,-1.9276592892393085,-0.8331284255042092,-0.8020549067747886,1.8127804684924613,0.24705802123861167,-1.0197150540121287,-0.43230921105765724,-0.34631866691399543,-0.8399436198351157,-0.024073850016657367,0.7217637304092984,0.7927900019332562,-0.07106540056829591
81faa7e7-ef94-4bfb-ad32-94fd63e1848b_17.png,1.2504931361680398,2.1704589402351773,1.202561337352027,1.7611881019525226,-1.4371357422635171,-0.6254041423163511,1.0001428100822864,-1.4544545227373327,-0.646549483814838,0.014919174449202039,1.623295909232976,0.3066225688020855,-0.9680726020478371,-0.505271297165084,-0.5201962409343577,-0.8869619232029208,0.418457033604878,0.6074306194216881,0.5401679372724109,-0.07106540056829591
505d1bd8-e981-43ac-b532-853c95be827a_29.png,-0.11991600752649069,0.17210457357920245,1.3363430402248924,0.10711373790993962,-1.329454943037133,-0.4329260712963804,0.47093872776873885,-1.485823147427305,-0.7356256939727991,-1.6845785308594148,1.1331639147238668,-0.2574074232750854,0.4366020913808978,-0.2804370426927416,-0.4280350217374819,-0.41710148501762373,-0.13031735252560867,0.6486605237166214,0.63126651281877,-0.07106540056829591
16c36170-95cc-4260-985e-1bc7fbeac4a2_51.png,1.9051256757291413,1.8320059851503692,0.23443539089897003,0.6593320853758484,-0.3285852541264368,-0.596177826550352,-0.5594145834017816,-0.4189575304925245,-0.6025612659419192,1.1441241346112716,0.7310800229375434,-1.1581718532717429,-0.9198729802144981,0.6276237028833856,0.8386842153646811,-0.2490073552957358,-0.3978009969053105,0.4547582616358372,0.2028342820666108,-0.07106540056829591
27bb6d3d-77c3-486b-a22a-3741dde393ee_56.png,-1.0933166425605485,-0.7143793465048657,-0.33613490751137287,-0.6715801044047863,0.5105599216409479,-0.3252828412193888,-0.651103668897761,0.5220591154887881,-0.2427926062158602,0.6579934789050762,-0.42522317029285706,-0.08369210936371292,0.5812009568809147,-0.213026419658706,-0.16644384949667207,0.2081549721353295,-0.960901091461868,0.20479245810603855,-0.34947184200227804,-0.07106540056829591
824faab9-9bc0-41fa-93a5-24d93dec52b5_8.png,1.5963741244486909,2.9682745892806475,0.39930444319099573,1.4622859484668422,-0.5043855736740922,-0.5805937578136428,0.765056057829261,-0.8450856137227462,-0.7581175430212559,0.4365193609144195,1.3761486150737734,-0.40704368982960365,-0.5549329863335033,-0.22531894503550073,-0.26791522477569835,-0.5904375661537382,0.8520925216024193,0.6359568447179981,0.7356322413592454,-0.07106540056829591
9229a83e-46a1-420b-bbda-57bc886c344b_35.png,-0.6080456707346042,-0.2242266028409565,-0.6678474641979991,-0.4923832208665688,0.8859765155745457,-0.27580885823657114,-0.5677715195717171,0.8059360296173821,0.5080939507213228,0.903224209888739,-0.48679230690823666,0.48394925344702805,1.1940247201905096,-0.11151395203098172,-0.37898088898735227,0.07352153246556913,1.9981915055225936,-0.5683823523251464,-0.2646505864919783,-0.07106540056829591
a9e37804-c00a-4e4e-b99f-e267a0056a05_64.png,1.228157249920524,1.522928680289487,-0.4688887645185273,0.7947952716240431,0.40350599328282744,-0.23479987703423427,0.49843554376225074,-1.443762230018729,-0.7883798260394076,-0.14874491845331222,1.4765453068035654,-1.7772825302731252,-0.5928041177739839,0.3904969230342485,1.2631817141476156,0.5935257231327997,0.15302026621794868,0.7173516742301358,0.7830414458784793,-0.07106540056829591
a3283dda-4e12-48f9-90f3-8f3223c77d46_13.png,-0.3773795258197352,0.059274716271580666,-0.4574571902094917,0.3427647441467294,0.6190035884463334,0.22822816281259597,0.08411285642510974,-0.9330884171424677,-0.586246720991498,-0.6361542900966883,0.7454502011403716,-1.4234453871193404,0.20248964247610865,0.2925532530965614,0.04131712313934056,0.2947014357807097,0.8462016828000001,0.43125265199167784,0.1508980092920243,-0.07106540056829591
19ef2be7-6425-4194-a4a4-1b4a7fbefc4e_25.png,1.7782451367597132,0.415402959801906,-1.7426577786530257,-1.7482324564336829,1.6231863012869714,0.4023444880527255,0.19052335419583866,-0.8114482762020975,-0.19076863370182404,0.465673365825202,0.7768000549138163,0.8685975273914965,2.2372022498692026,0.16804186702193083,-0.32408710049170253,0.6276042106401303,-0.18166847514226048,0.012107314971230243,0.3653070630227849,-0.07106540056829591
92f1a624-99c9-48dc-9309-0fb5c6bc0e7f_31.png,-0.3752108733621698,-0.7366687719922396,-0.9614973097901303,-1.3689271259553601,1.1368364060324967,1.695483644585444,-0.7125110155892809,1.4349256438147522,0.3879066227979515,1.112999189499674,-0.9289740533021492,0.7105561722391321,1.094182646392879,0.4249953007046079,-0.14978316292742805,0.6694302387493865,1.1279858260551163,-0.42012205071845815,-0.011928287030540163,-0.07106540056829591
505d1bd8-e981-43ac-b532-853c95be827a_42.png,0.8581986671061805,-0.10034640469811036,-0.016609610824844898,-0.060578891783408216,0.1852240487771804,-0.026199150654335517,0.11564537953218411,-0.3107060028144122,0.03834112423040846,0.09584957460160497,0.31693643503798963,-0.7417675067107274,-0.30360638677395024,-0.21540561811873077,-0.231054438664948,-0.38157385327539484,0.7215074925697073,-0.1464224277421296,-0.22972231971008275,-0.07106540056829591
824faab9-9bc0-41fa-93a5-24d93dec52b5_3.png,1.510340852834822,1.8865026776820153,0.9313025106516859,1.35684527084804,-1.122804643369149,-0.5672272644997441,1.1302612290848304,-1.9254074059189348,-0.8498138286179968,-0.45207518449398487,1.9879270943319178,-0.36572640294865066,-0.9508584513930731,-0.3200903503598214,-0.32831935498539233,-0.8055340356253542,3.1268852789836505,0.7217637304092984,0.7927900019332562,-0.07106540056829591
41b05097-d935-4d5b-b15a-8c9cc622e21b_59.png,-1.2635052522335735,-1.0927378636767333,-0.8643118445408874,-0.7819902298065824,1.0541419111016284,-0.6395446495158572,-0.6954159311977837,1.2829459321083112,-0.049222667622023826,0.6702447626806965,-1.1681427040026067,-0.8040085306407637,0.12674737959514748,0.27946766156642505,0.29068618942245794,0.6891630957829031,-1.333336937377476,0.06398701004345261,-0.18369222778109026,-0.07106540056829591
386822e1-0d1f-45b2-97d0-ac0273ee2394_13.png,1.0928809203551635,-0.3469057220405653,-1.288389108329815,-1.4375310681805755,1.4238929816521146,0.6867816084123245,1.1874222884880472,0.48311646285386156,1.3502128143456145,-0.2099175710534412,-0.5820625724528601,1.1558943492369573,1.7276633904881908,0.7410321628112339,-0.30067262304632064,0.7288246701414791,0.14164965772017113,-1.3487838064980633,-1.8550011964244406,-0.07106540056829591
519d608c-1d5a-448f-8835-1d3a5261bbba_4.png,0.43943044099363443,1.3562722203031943,0.7311949720094209,2.224240419735162,-0.762478330496384,-0.4913341583759604,-0.28327367769939266,-0.7698204486406575,-0.7253725617143112,0.7505774155682301,1.1266896861320774,-0.06901418820949072,-0.716746002488284,-0.46522145642133345,-0.3521724084355915,-0.7225292226043549,1.2910957379824386,0.6747525111209796,0.6889174563840855,-0.07106540056829591
48a4d49c-a4cf-463b-ae33-31db1940e1d3_48.png,0.29759996250739024,0.3312293492199248,-0.5790685669849778,0.24580792050161263,0.9290891778261959,-0.17852448773981833,-0.4860115989914955,0.2099290082362209,-0.2703932438890337,0.8594489237231303,0.29539060054463145,-0.9318690266977195,0.07510492763085574,-0.16742511584156422,-0.10552726086218718,-0.0006162494335181337,-0.2967713872818616,0.1291028736531628,-0.5167100019074957,-0.07106540056829591
a5f7c55f-08cd-4cf8-8e07-7d416d70c470_2.png,2.3289463413126783,0.8247444989300553,0.4005678013436672,0.15339704977375634,-0.4087537827802354,-0.5592055825678734,-0.6732331678492021,-0.06031716999044463,-0.6973809385593253,1.1420961705374473,0.5826178598509525,-1.712301831593179,-0.9921724129645065,-0.521132620231916,-0.47066361719741306,-0.8758740696453086,1.2477856447882776,0.7217637304092984,0.7927900019332562,-0.07106540056829591
10b42c78-10e5-441c-bc2d-1bc4a35bb63d_22.png,-1.3079735155580878,-0.8475838440145417,0.22146727629704316,1.0005697982487434,-0.036183961549186405,-0.4651144506207259,-0.14876435237677504,-0.6422665965491661,-0.5498323801248823,-3.021862401123156,-0.010360600440499924,1.6738452575111484,0.18871832195229754,-0.4382572072077192,-0.3946209861249685,-0.4446977490662976,-0.7127058956221054,0.7217637304092984,0.7927900019332562,-0.07106540056829591
6764beec-de30-41fd-ac4d-374023ed0a03_0.png,1.7739831183105235,1.6422705403560347,-0.5220918700605712,-0.5426180677400837,0.8304918307689741,-0.5021904720873082,-0.3639593297117084,-0.2699137978565247,-0.4128496751887245,1.0266086635126634,0.7962360128608547,-0.06859975052032691,-0.2898350662501391,-0.2134229527353768,0.05655066507371039,-0.06921193810418907,0.2157769621757345,0.24914122970003508,-0.251482045796509,-0.07106540056829591
10b42c78-10e5-441c-bc2d-1bc4a35bb63d_35.png,1.965945532369668,0.962973472712914,-1.275273740471934,0.6155026346849721,1.4965631185740995,-0.21763726644849796,4.585801380632743,-1.0607953992799593,-0.23935154592927604,-2.985938865134823,1.047539399407373,0.2652028212715895,-0.2691780854644224,0.07564966015763491,0.18403015839755232,0.11958826738068618,-0.3568895122197591,-0.15479012049571386,-0.4345356428956603,-0.07106540056829591
a7ab7384-2203-4096-ab14-1eae445ccdd9_12.png,-0.4969131652338071,-0.753901452760706,-2.9578375842625975,-0.40489688946456387,1.8439766424388495,4.48515921766568,-0.5390898804185604,2.017259712062475,-0.0067721478505804395,0.6016295964519136,-1.0091290937851642,-2.213454717210317,-0.7821597749763869,8.325520320293586,8.972886464423695,5.2190042900521805,-1.6521568893965233,0.3832525235597536,0.04484044255816457,-0.07106540056829591
19ef2be7-6425-4194-a4a4-1b4a7fbefc4e_36.png,-0.6534727461105491,-1.253370709751082,-0.33063773483300724,-1.1367223916687885,0.22485856864498266,0.08363388678289083,-0.04968545113103031,1.1006843095319392,1.029142970677174,-0.4310931115333181,-1.2425812845651012,0.6146919556524977,0.48135888308328395,-0.3077978249830267,-0.19013845307933655,0.25910248295684646,0.28440769249649767,-0.6019291932736069,-1.5151321603248047,-0.07106540056829591
2ec83b5a-f1ad-4dae-bb33-773f1eee7923_24.png,-1.6439415117537837,-1.0357925961563388,0.22169024365320522,0.45804980546865626,-0.13293185274299388,-0.6555995243286293,-0.6380393367921852,0.24291221232810775,-0.4478575335483201,-0.1692341789023253,-0.5120986642216789,-1.0294524438114305,-0.20032148284536677,-0.3022463619096355,-0.08945484000508548,-0.20167865709447025,0.716167903371152,0.6459980760222992,0.6253837634753708,-0.07106540056829591
3b88f35e-b058-4cd6-a43c-563cda6b239f_22.png,-1.453484955280148,-0.5727942420261415,1.1396272873489228,1.0526346432798217,-1.20686320492199,-0.5942235911283368,-0.5554123213747955,-0.024842632840018176,-0.47183108653621253,0.17287171660596784,-0.11076760319427097,2.114354862747876,-0.47230506319063653,-0.4600665264246131,-0.42846914573316996,-0.6925276227831313,-0.6344032553157013,0.3976297411090938,0.09613389539592074,-0.07106540056829591
2ec83b5a-f1ad-4dae-bb33-773f1eee7923_35.png,-1.8875453505545035,-1.5406469666662685,-0.6377387858889227,-0.0723684961586385,0.6958073468299176,-0.5719409352088061,-0.6225381585174394,1.1481708374492234,0.24483189694307678,-0.43379373113390707,-1.4611362372499792,-0.2118906792823209,1.204353210583368,-0.3077978249830267,-0.22881098939773029,0.46579209115378223,-1.1776210260747277,-0.16969982758391852,-0.41471309223109803,-0.07106540056829591
19ef2be7-6425-4194-a4a4-1b4a7fbefc4e_7.png,-0.03628840336716232,-0.758035770915801,-0.1102033183884516,-1.4900823748421541,0.3619596973424106,0.6998332734154266,0.04768372490185573,0.3988076352184969,0.010797048316353102,-0.6124413451972445,-0.40666550377053345,0.6660018337369235,0.5605439760951979,-0.15870138815480667,-0.4014164705637669,-0.2736053189615605,-1.5805083908974118,-0.10663785219554266,0.3021654305022134,-0.07106540056829591
a3283dda-4e12-48f9-90f3-8f3223c77d46_11.png,-0.22455248154597798,-0.19840229874571386,-0.6513206563971724,0.44895701770410273,0.8188621612959818,0.24148131381881546,0.09077059639092315,0.044989639052119945,0.4656856704148838,-0.12501917628506973,-0.089146650017109,-0.6682903985516347,-0.2175356335001307,-0.14521926354799955,0.3073828042909451,0.4219934073222132,-0.006718989241794285,-0.5384107982804901,-0.9227214635353187,-0.07106540056829591
78667ea1-0eed-4d74-b94c-83a1d16767bb_3.png,-0.50258813836254,-0.6283843603809218,-0.6646317571094666,-0.6872206904873114,0.8992413518288593,-0.022239581336551045,-0.581289837759896,-0.3998494301921514,-0.5667333607477388,0.26621465876669903,0.04421524345877983,1.06992103086441,1.3420664158214795,0.19817838084891148,-0.35802541382269043,0.0670711929498923,1.3579282914190403,0.5544098753376133,0.6026296035596477,-0.07106540056829591
6764beec-de30-41fd-ac4d-374023ed0a03_68.png,0.15483157217067184,-0.7979229125041345,-2.8344165429501973,-0.26940949553340937,1.7959500025221884,4.526523501925194,0.7714852563701355,0.3517808894943896,1.177051338002705,-0.6197710251578498,-0.7261949220063065,1.4396901127269666,0.6741573704166397,7.763236417574395,1.515667915447455,4.826665503919469,0.6743393443996901,-1.1045232480275264,-0.32705140101796215,-0.07106540056829591
505d1bd8-e981-43ac-b532-853c95be827a_44.png,0.2386577012268243,-1.0262907024933419,-0.8110202847998551,0.5252937853942449,1.1705846820054016,1.2514323657594386,-0.32680059981832293,1.4292398545670042,0.9273987845252644,0.6061637087411222,-1.1929152027479888,-0.12521242689678797,-0.6100182684287477,-0.1158758158743605,0.7999840830227815,0.4335173601425567,0.6573445051094787,-0.9008840343789353,0.09407101564879974,2.408482631839158
5ff99f98-8c70-4537-ae86-b6048ef8dd6e_0.png,-0.34279479356869064,-0.047014709398408155,0.5928007266495163,1.6459118713113847,-0.7242633361914338,-0.5218307247358785,-0.3666875816815125,-0.24879197116219776,-0.562886115683809,0.10998218543016311,0.21173178987050795,-0.553489423808938,-1.0025009033573649,-0.11984114664106847,0.41950849417147346,-0.5439225002009687,0.835338489929409,0.6666890981038893,0.671101129801218,-0.07106540056829591
07a9fdc8-46e7-4ddb-b62f-fe041b4ea954_27.png,1.2351928577945293,3.2316242560999036,-0.25894763421173916,0.5634256563448915,0.41601890910194866,-0.20061235941757466,0.19846594290429875,-0.9134094111388886,-0.4998061470688544,0.8468341635347681,1.3248997605629504,-0.45925337818279016,0.4744732228213784,0.05027154325070384,-0.2895180641843347,-0.11433177559060707,0.4843289687685971,0.32893859059557945,0.2328899045006845,-0.07106540056829591
5ff99f98-8c70-4537-ae86-b6048ef8dd6e_4.png,-0.179980078293469,-0.4576558727316984,0.2953112198201013,1.0848413178084193,0.05499615028281665,-0.2271869641864387,-0.4798177547635669,-0.7155423417108782,-0.6326520164742415,0.054523156045742996,0.3923712582109568,0.1435654101076749,-0.1590075212739334,-0.5473038032921886,-0.5546652398468014,-0.7580574383635038,0.15421065441131407,0.5948790802913118,0.5124349760820988,-0.07106540056829591
273317d8-7414-4eb9-bb2a-b42c7082fe9b_17.png,0.02802219326774384,-0.12368462742573315,-1.354706038032318,-1.3478138765054393,1.3012088286635013,1.7140642432332636,0.817777281989449,-0.04222407090503726,0.04090706289199495,-1.132688925719009,0.13204109291725893,0.12610361238965787,2.8878971446192785,-0.0373622666935425,-0.2950429122378042,1.0964759719974866,-0.40825864665383577,-0.19145582874323758,-0.8639851206994285,-0.07106540056829591
41b05097-d935-4d5b-b15a-8c9cc622e21b_83.png,-1.3182299444698469,-1.608522680534995,-0.2093691428155069,-0.05980335124581145,0.5765927903496655,-0.6403850037184039,-0.7756098165667339,1.2239427471403135,-0.10131341735351182,-0.13145155858671845,-1.582828888130257,-0.8507057712153151,-0.49296204397635324,-0.02269054285672298,0.0924897343029917,-0.24414452086609645,-0.5101376847291221,0.7217637304092984,0.7927900019332562,-0.07106540056829591
10b42c78-10e5-441c-bc2d-1bc4a35bb63d_10.png,-0.1368232820554928,0.07358140621690235,0.3013776586131876,0.6033398785633092,0.13070285135049947,-0.5348196694949869,-0.1848698717197286,-1.0209260860599472,-0.7263197289453966,-0.33295164302260105,0.8454354434583046,1.010537736125241,-0.052279787214397175,-0.5405627409887851,-0.5705093098385089,-0.7631399070133276,0.5805513998863606,0.7217637304092984,0.7927900019332562,-0.07106540056829591
27bb6d3d-77c3-486b-a22a-3741dde393ee_22.png,0.9200331332605051,0.16834177728133393,-0.06430324857534508,-0.9812217862019454,0.1700679185817152,-0.10474898259370652,-0.4014435298457595,0.2007301835460472,-0.4810182153205975,0.6405861453178033,0.22634893669425488,-0.020836277331947924,-0.4241054413572976,-0.019121745166685796,0.12656711499293474,-0.1237831121566727,0.9026326430061337,0.35716053615539545,0.09784923760838354,-0.07106540056829591
519d608c-1d5a-448f-8835-1d3a5261bbba_29.png,-0.519373525413109,0.2919738882140088,0.2715516713007587,0.4707698489221114,0.09172240734812702,-0.47513835592186965,-0.10780836645004804,-1.0532512532211848,-0.7207152881350135,-0.18425905942900336,0.8964677434532748,1.1551483698025586,0.3436456778451727,-0.44817053412448915,-0.5608245638190129,-0.6829142465905688,-0.006184372782076691,0.7217637304092984,0.7927900019332562,-0.07106540056829591
00367bac-0715-41b8-93dd-c21b8877a1f3_87.png,-0.08811863479248859,-0.006077053720869794,-0.41609470955061706,-0.014097439890039105,0.6712498475512307,-0.1918125500882002,-0.5259620645838348,-0.44921622252131543,-0.6635040873194061,0.4959215401489981,0.4484392326867637,0.7115634177305257,0.7498996332976009,-0.06432651590715677,-0.2592941745859646,0.03968702181442225,-0.18229826883241168,0.7217637304092984,0.7927900019332562,-0.07106540056829591
2ec83b5a-f1ad-4dae-bb33-773f1eee7923_92.png,-0.8610169918759695,-1.3919695527720197,-2.321594223263639,-1.0370359248378733,1.6844527729413672,0.30923943804083304,0.1658972414668084,1.185176528475279,1.5006461482257214,-0.8509611002360212,-1.5516758264748478,1.105778793588448,2.595256583488292,0.7303257697411223,0.025652320870366983,2.943022128681739,-0.848190804848078,-1.468593952742565,-0.7616646205190643,-0.07106540056829591
505d1bd8-e981-43ac-b532-853c95be827a_118.png,0.1309565984675282,-0.08704822022197348,-0.2235640406013236,0.9156101510451221,0.5731715595516863,-0.2328924265926179,0.24278161164832449,-0.20410446729393134,0.729877140895216,-0.014803673859394524,0.11574774755835257,0.7019472128626607,0.39528812980946443,-0.37084658417368355,-0.4299766009807127,-0.34245192826221316,1.5926394061042433,-0.8019170500842706,0.027250521455036928,-0.07106540056829591
505d1bd8-e981-43ac-b532-853c95be827a_35.png,0.43546214060618577,0.00314408645565384,-0.5650780361655013,0.44272395495992434,0.8110327683652664,-0.01791162756081452,-0.1503189295491265,0.48290815733919373,1.0339792436397053,0.6728705075624498,-0.28845948483712447,-0.08117861729721448,-0.07293676800011387,-0.1499776604680491,-0.17344872554386395,-0.08335168883366867,1.2897197221524712,-0.9679016463417327,0.07128456639218553,0.8055424896767587
27bb6d3d-77c3-486b-a22a-3741dde393ee_88.png,-0.9273182970784936,-0.7805491205027915,-0.013321694608692683,-0.7158166567965925,-0.0860511447062355,-0.12420002747463152,-0.18498073598819528,0.3567934737379288,-0.3887757929403023,-1.3906741249258818,-0.42463334920932266,-0.6907803558067788,0.14740436038086416,-0.08137743820400108,-0.016814637579942063,0.1617982568087923,-1.114758368274605,0.44251100224195483,0.1757736350869718,-0.07106540056829591
578fbdd2-3bf8-444c-8c21-8d2666ef631c_1.png,-0.3870984258612468,0.8073435478118525,0.6838590980773749,1.9625486442618967,-0.6694166251623976,-0.5860967671869821,0.09007103666336484,-0.9568103378634707,-0.6059820022722093,-0.01746633891408301,1.0322964509653711,0.9243152987461491,-0.07982242826201942,-0.5512691340588967,-0.5577557173377474,-0.7442979947710214,0.3708194972997209,0.5149295795275204,0.3357844172274419,-0.07106540056829591
578fbdd2-3bf8-444c-8c21-8d2666ef631c_120.png,0.1055092190871386,0.34540375512684984,0.42812161796435527,-0.14521276393367127,-0.08157701415193092,-0.39299633293951475,-0.6047871788169698,-0.19678776052221722,-0.653497439188271,0.9009365218426968,0.4544462291787644,0.4483447424852399,-0.4688622330596837,-0.5540448655955922,-0.5525705422753092,-0.8133284718275653,-0.5282194889157527,0.7217637304092984,0.7927900019332562,-0.07106540056829591
7483fa58-40a2-4a34-b0a6-a30645af78bb_15.png,1.4942404432383891,1.686134406614459,1.3338604141828745,0.5331386019840121,-1.6073342882238135,-0.5903297084635314,1.208073081065389,-1.8156062773985053,-0.8281920573866369,-0.6183856560509582,1.860004510422284,-0.08849101726768065,-0.937087130869262,-0.5706992548157658,-0.5349284894130506,-0.8891816436490837,0.0658395342895402,0.7217637304092984,0.7927900019332562,-0.07106540056829591
578fbdd2-3bf8-444c-8c21-8d2666ef631c_44.png,1.7698606312944176,2.028123321624414,1.2470463240917435,1.656846989135477,-1.5519597495967996,-0.6164533409751836,0.5145601012895751,-1.5210814070116068,-0.7909371091330263,0.1938057060339874,1.499645817638514,0.5070515225798399,-0.8579020378573481,-0.5132019586985,-0.48785156093801957,-0.8489940926140634,-0.0005752909328066,0.6815227352579705,0.7083970474650306,-0.07106540056829591
519d608c-1d5a-448f-8835-1d3a5261bbba_1.png,-0.8659266889374183,-0.8234890548641127,0.02804021488699585,1.5806363108844612,-0.12724703676192797,-0.4317748794732704,-0.5139809816712642,0.38236179670930637,-0.061935994193149616,0.1896044143995555,-0.4628650217635844,0.685558910335655,-0.5928041177739839,0.4468046199215018,0.26902165044638365,-0.12701183530839164,-0.30711427916484824,0.01438941299493504,-0.6071955976534209,-0.07106540056829591
41b05097-d935-4d5b-b15a-8c9cc622e21b_77.png,-0.3255630328315561,-0.23377120434571635,-0.8553228300569478,-1.2631798260606792,1.0556136860217966,0.6238886955148449,0.09837749552670817,0.7422729584497731,-0.022146262444324074,-0.49175659055759463,-0.3413958336761489,-1.3060539583937256,-0.18655016232155566,-0.11865154741105607,0.5419250161818109,0.6893229490279674,-1.601173382098012,-0.09484701240640121,-0.7033959140849736,-0.07106540056829591
10b42c78-10e5-441c-bc2d-1bc4a35bb63d_12.png,-1.3296285444439435,-0.7307859904517339,-0.3411167829968256,-0.12089532159351377,0.6188841100333106,-0.4093739305721437,-0.4896431779755922,0.215590440741565,-0.3769175992906185,-0.19518106760192472,-0.2605242315132758,2.501461905073091,2.4300007372025583,-0.2348357388755999,-0.48653076673143697,0.0007051306018869747,0.5590183338715475,0.3406533604505974,0.31671049952105973,-0.07106540056829591
2ec83b5a-f1ad-4dae-bb33-773f1eee7923_102.png,-1.3218258095180742,-0.8957649488527979,0.2512113870239236,0.282623753164741,-0.3316884863378365,-0.41877172750467917,-0.5741294924652525,0.9877103742177297,1.3917410614548338,0.6278689778727381,-1.088255437869996,0.1006094678353139,-0.19343582258346123,0.14266375011499977,-0.134507525710384,-0.07816591558563266,-0.72825610672543,-1.3443717503189005,0.19820159371729196,-0.07106540056829591
268cf2e7-02be-4b54-8659-24b54163053b_50.png,-1.131224666638323,-0.8027442357010378,-0.8567548143549089,-0.7037850365595878,1.0983520310722141,-0.26801114829737105,-0.6167738359106366,0.47565045922249105,0.2145824517929586,0.6642348597274609,-0.5833018211442239,1.6322220998464325,2.6606703559763947,0.0776323255409889,-0.3957308453602847,0.5474764228199543,0.049512742737374035,-0.29019460323553176,-0.28465463392446827,-0.07106540056829591
258bd669-e070-417c-9e38-6240e5c933aa_91.png,-1.2719476640972778,-0.7518182953888987,0.4277734112989725,0.6487030002572303,-0.33305286480231144,-0.5643488686910507,-0.4836605332758597,-0.5027740512651974,-0.48588493054732657,-0.26470076325625685,0.10013255097856927,0.3094803112784496,0.7292426525118842,-0.3855183080105031,-0.45829565662602206,-0.3769812987202318,0.22508952708607993,0.4412938832959789,0.389035267141146,-0.07106540056829591
519d608c-1d5a-448f-8835-1d3a5261bbba_14.png,-0.6771731645952583,-0.07993701860037723,-0.9779738294607342,-0.8584458252529577,1.0941610316694284,0.8877306493378988,-0.23796611439699208,-0.4950307808083244,-0.20333850743382015,0.12974102583970445,0.3787707595262583,1.4893154644645994,3.442192795702676,-0.011191083633269839,-0.4703199970031721,0.382707169047342,1.0066684255513512,0.054173988541521986,0.04462695126113359,-0.07106540056829591
a3283dda-4e12-48f9-90f3-8f3223c77d46_16.png,0.6739500441149308,-0.360093677524347,-1.2323849507447908,0.3771386028432851,1.2241032200469668,1.3826436427497926,0.564485563953351,1.7396607812911742,3.983757895539198,0.37254317982791835,-2.1569455850894705,0.6422595758965179,-0.00063733525010545,0.027669157880468358,0.09830349032426994,1.0668923993488268,1.0217493061341119,-3.5229385936816224,-4.457805007396064,-0.07106540056829591
386822e1-0d1f-45b2-97d0-ac0273ee2394_19.png,1.109900055203301,0.11955154357206894,0.6963720820982111,-1.8348171021675936,-0.9175907284519266,-0.15127696213707148,0.013032447471524,-0.16148325279588024,0.306808732588115,0.5372057164762544,0.23717647412959894,-0.3006596775370793,-0.8510163775954425,-0.10001449280752858,0.4447196856064784,-0.2837339895319183,0.6729035898707206,-0.3998113783074855,-0.4690328454263468,-0.07106540056829591
273317d8-7414-4eb9-bb2a-b42c7082fe9b_21.png,0.6849916392355189,0.7728711666809617,-0.28598541152891394,-1.2634162358116061,0.7887076738934793,-0.11216288621323366,-0.4097221178036222,-0.34707825103612033,-0.6912232648044379,0.7550628068507599,0.7352793311439237,-1.0884930075184522,0.622514918452348,-0.37481191494039157,-0.4163336454051171,-0.3382742888486196,0.3236901159603412,0.7018334076689432,0.7487534211340927,-0.07106540056829591
78667ea1-0eed-4d74-b94c-83a1d16767bb_19.png,-0.03917155836754373,-0.6021792326944202,0.01855450122695556,0.060713247363565655,0.21019405737848978,-0.3490166164737115,-0.6954695052716514,0.9829750987100729,-0.3188303507319902,0.8990040861801858,-0.715803339133422,-0.46976572314055165,-0.8028167557621035,-0.00048469056315829465,0.4529428840452667,-0.27334858485301,-1.9363517776091848,0.3418704793965733,-0.0465942900935323,-0.07106540056829591
6764beec-de30-41fd-ac4d-374023ed0a03_42.png,1.1660382236733262,1.310534567614985,-0.3886362412732135,-0.5677449353031283,0.3192143854990377,-0.4031688002357699,0.16378122038739057,-0.8764807526866838,-0.27700048162761814,0.5446854780233078,1.0961827667289323,-1.1320080049431245,-0.21064997323822512,0.6157277105832617,0.13919092228306615,0.11791970593266568,0.3527937596703714,0.08832938896297043,-0.12667281573090472,-0.07106540056829591
8b0863a2-01d3-4fdc-9994-7b50b25bc730_50.png,2.530056545471567,1.7930906253057115,-0.8688111660940023,-0.21736649910232356,0.8225304344268779,-0.5484403682368818,-0.16803677383974716,-0.36597117619136077,-0.5779503772210377,0.9726746129789077,1.1207645147200727,-1.371399782380685,-0.5893612876430311,-0.11746194818104369,-0.21512745727997554,-0.5564235183711088,0.48771173768129633,0.4381750159969157,0.5241163816102798,-0.07106540056829591
a9e37804-c00a-4e4e-b99f-e267a0056a05_59.png,0.2990364417560502,0.032911446948441725,-0.5237882723332784,1.1423572936723605,0.7443427134816675,-0.222110408317056,-0.3980699115757203,-0.04628637322942626,0.05645414169165384,0.6774330653734444,0.13546670439360867,-0.16095122500256426,-0.4895192138454004,0.48883712604860635,0.6643105691413757,0.3916335982507448,0.6303196982642321,-0.17829573013987327,-0.6779489194159817,-0.07106540056829591
a6a04226-e7be-4c2a-8240-4e24256bfed9_35.png,-0.8259631066233684,-0.7010273772535942,-0.6701697836190528,-0.671023902132254,0.9587125910605788,0.13766917539031534,-0.5340498916775206,-0.13428951417908377,-0.21891130271729153,0.3636660760375208,-0.1806085690520764,0.556583852892589,1.4419084896191101,-0.18170030660171296,-0.3354963489327586,0.22436391880420234,0.8849794756261773,0.12141981030668998,0.058877837986686894,-0.07106540056829591
578fbdd2-3bf8-444c-8c21-8d2666ef631c_97.png,-1.4360557924776352,-0.5277291897940899,1.4956101906028405,1.860606443907011,-1.5113824260641275,-0.6115069487636698,-0.7086177597703961,0.5701522892403924,-0.42240167588729427,0.7534213899257242,-0.487115439123064,-0.7531976971198567,-0.8613448679883008,-0.5849744455759145,-0.52011707716082,-0.8667488760427199,-0.5009712220995823,0.7217637304092984,0.7927900019332562,-0.07106540056829591
273317d8-7414-4eb9-bb2a-b42c7082fe9b_49.png,-0.8142222163926817,-0.5927729768974608,-0.9614964374844399,-0.4256358697196255,1.0606451607756902,1.445902656855502,0.28590967014215773,-0.1500621517322886,-0.37194180240577007,-1.9690700842726534,-0.06258833901701494,0.05533066781389644,2.1098175350239496,0.007445970970257664,-0.3019160106831543,0.6070897302065954,-0.06826848354933285,0.29455498037176053,0.21125010871753394,-0.07106540056829591
4a7aeead-7888-4bb1-a39e-eef6dfc4a6ff_83.png,1.2253637096338008,1.3166003068844865,0.5558744941887084,1.2794500807710412,-0.8107729490968206,-0.5225577147575288,3.2004619205394085,-1.603308796606984,-0.7857195221319364,-2.6221904110481407,1.6657158007203228,-1.3308752874689032,-0.496404874107306,-0.4945649040949725,-0.4038254938339006,-0.6844752795164804,-0.35487417593836834,0.7191773526490997,0.7870753311425247,-0.07106540056829591
855258ad-52cd-446f-9db1-1bc38d82eebd_79.png,0.4075639212121666,-0.03307558855736897,0.3727382067498391,-0.694756411800918,-0.05867941068200584,-0.38337031462127,-0.6738156697737425,0.1708324669835937,-0.5930223376118398,0.9060767079929101,0.10657060637795984,0.03522464149478619,-0.16245035140488617,-0.585767511729256,-0.5860354053733966,-0.7998307896237362,-0.4632573545299328,0.7217637304092984,0.7927900019332562,-0.07106540056829591
a6a04226-e7be-4c2a-8240-4e24256bfed9_12.png,1.4766098280202484,0.30857304478980613,0.8129422707225382,-0.18351551843037459,-0.9422787489139067,-0.43156956212188147,0.1814547809059701,-1.127095576790174,-0.7292029367335374,-0.7304722352014134,0.8684957615754891,0.5733073712085656,-1.0575861854526094,-0.31414235420975944,0.056405387661493986,-0.7293817141262946,1.8616014513917978,0.6653959092237899,0.6682437944058535,-0.07106540056829591
90bae25d-a144-44fe-8481-52b9f3c73315_13.png,0.911961183815477,1.403768209789491,1.372151586236037,1.1923433419353204,-1.589411461698247,-0.6461606147093507,1.784950966556623,-1.8222230708699996,-0.7925714828165754,-1.5261603931288086,1.7853567764290421,0.2238148398469172,-0.8888875090359231,-0.5929051071093304,-0.6398290011738252,-0.9302450148607327,-0.7755846934604314,0.7217637304092984,0.7927900019332562,-0.07106540056829591
27bb6d3d-77c3-486b-a22a-3741dde393ee_84.png,-0.20855742431888227,-1.0574796279511498,-0.8000977329757905,-0.8331981936999384,1.0649879442650252,1.4376955125780249,-0.18796911640914984,0.7147423145476911,1.2612701303796519,0.3226362697354973,-1.0410740352117576,0.601549086928975,0.842856046833326,0.22712529544587973,-0.26800498806313233,0.3179005374189192,-0.32886242187521597,-1.2397755908990975,-1.58812136425731,-0.07106540056829591
78667ea1-0eed-4d74-b94c-83a1d16767bb_57.png,-0.6041763936787182,-1.3229438493925227,-0.20989214279736892,0.003796244865564433,0.6661362146619647,-0.49933084007330913,-0.7096279252556968,1.0069952297625284,-0.30688414480033516,-0.1982282873350806,-1.074920171676985,-1.5002357508181305,-0.6995318518335201,0.2330732915959417,0.23772187161601568,-0.31780210374041207,-1.5575711229601306,0.6895861482750607,0.7384588522974073,-0.07106540056829591
27bb6d3d-77c3-486b-a22a-3741dde393ee_65.png,-0.6119541827614747,-1.5016424455261372,-1.5184218273649213,-0.9806815165574101,1.4759262020818773,1.214494750002279,0.10676632839958226,0.9780918989426491,1.1824785241924776,-0.6834653281085753,-1.4593352349732625,0.4515350492069793,0.9908977424642956,0.3825662615008325,0.06120967369064265,1.3739330710340867,0.12218069216998362,-1.1630970973026162,-1.1202580740281662,-0.07106540056829591
41b05097-d935-4d5b-b15a-8c9cc622e21b_32.png,-0.04493507206220285,-0.0602015384567926,-1.0448877512130295,-1.6915542165398856,1.1469078275098614,1.4092878668474336,-0.13446379077477938,-0.5300023518392696,-0.45870968555413266,0.0005404572868119844,0.42646610664974693,0.5261683980125673,2.368029794845408,-0.11944461356439767,-0.2677578926399265,0.8589038556967667,-0.0973626357095126,0.36834281647154893,0.09047060371120866,-0.07106540056829591
519d608c-1d5a-448f-8835-1d3a5261bbba_2.png,-0.9505719626067358,-0.6543121647441348,0.8513430778499608,-0.03739412894599164,-0.6670485643809005,-0.5289773633593696,-0.4545196435357314,-0.6388003180205386,-0.6231684653957719,-0.43302407751635497,0.18530634075349575,1.296822818116537,-0.6169039286906534,-0.5322355463786983,-0.5770770691374042,-0.8580651039529996,-0.10872980683652178,0.6921725260352595,0.7274074449451852,-0.07106540056829591
a653df7d-134c-48e9-9911-e3a0e5f096f4_10.png,-0.20509825142085805,-0.11839061481620022,1.1135918193609402,0.8002608834221967,-1.127070582458913,-0.4723876737837851,0.23501368061420824,-1.5489231430871504,-0.7537762877529621,-1.8256943204121237,1.091143284272895,-0.9810708868009348,-0.4241054413572976,-0.566337390972387,-0.4959212978310919,-0.7496652887421651,-0.17539733420762635,0.7146892265358135,0.7771586965350802,-0.07106540056829591
3b88f35e-b058-4cd6-a43c-563cda6b239f_81.png,-1.5969233341766207,-0.7173449178084368,0.015391672885787052,-0.009086636953147877,0.15614899673053514,-0.6235665667967584,-0.6027913123078453,0.13386815000042074,-0.3250567974352289,0.18408174148141607,-0.5747136506500113,2.719207212264709,1.6932350891786632,-0.30502209344633113,-0.5117773612528468,-0.28246201402912596,0.7506973781000766,0.34369615781553714,0.5098975629318678,-0.07106540056829591
78667ea1-0eed-4d74-b94c-83a1d16767bb_46.png,-0.01394779772423409,1.3439749885294354,0.45016753054506997,-0.6874248045380715,-0.965511570164485,-0.6130337000889411,-0.2511022915033618,-0.3717837203587201,-0.3428057586348168,0.766282251286375,0.6762882000749062,0.7581089632954825,-0.4137769509644392,1.6189563945603804,0.9756107719518935,0.7755710632309312,-0.7379193380121718,0.1904152405566983,-0.3812386884566354,-0.07106540056829591
7728da31-7807-4ad4-af12-f6b9d4769e58_16.png,3.3207766859166656,2.466849819255124,0.1733207563029401,-0.18889756479593844,0.007764527958401743,-0.6278711799046858,-0.008011634549819189,-1.2428809848896818,-0.7752414713442343,0.8404216251399296,1.3472352963766085,-0.13747150669440514,-0.9129873199525925,-0.5647512586657037,-0.48579129675126426,-0.8619961710413716,-0.3790840410118769,0.7217637304092984,0.7927900019332562,-0.07106540056829591
824faab9-9bc0-41fa-93a5-24d93dec52b5_22.png,-1.1101305373042871,-1.2328712380167306,-0.29466247376905985,1.6989867585127278,0.9875229954795709,-0.634930260004732,-0.7086474887362418,0.3124094431985506,-0.39821693787220985,-0.17169507561839314,-0.776951726136372,0.3320619587517035,0.44348775164280335,-0.5215291533085867,-0.5086059379375494,-0.5692295429583182,-0.2169139835058614,0.7217637304092984,0.7927900019332562,-0.07106540056829591
10b42c78-10e5-441c-bc2d-1bc4a35bb63d_36.png,-1.322197647505375,-1.0121790161018345,0.6265868728787877,0.6786261265727016,-0.8092005705102475,-0.6204673720190031,-0.6578004281312471,0.378513857455139,-0.09044585606154146,0.4559873245935588,-0.6628773917424582,2.0254782790235946,-0.5411616658096922,-0.13966780047460836,0.02261472311758764,-0.2964936045087736,-0.1457848287604069,0.04633878532680219,0.5353676541092152,-0.07106540056829591
44341a17-f4a0-402e-8f84-ad64321de876_30.png,0.23067349024234823,-0.8559035865108146,-2.3368136738242447,-1.721091519514425,1.6650390305031189,4.338426412461912,0.3865409808231608,1.4415680554475832,1.3522776613931498,-0.050282828513475875,-1.2939011712940576,0.5496235277649072,0.8772843481428538,4.2035589883006415,0.7365404958507443,3.261891536473696,-0.154364958067561,-1.4230280622025926,-0.14741409844794745,-0.07106540056829591
92f1a624-99c9-48dc-9309-0fb5c6bc0e7f_30.png,-0.6705166423951608,-1.0527301192174459,-0.09716947396081206,-1.0729419970732001,0.5330464551791829,-0.2681789620796083,-0.71374352896497,0.6573177724163923,-0.4235124809158165,0.37648842908187136,-0.6173415411735589,0.05895307299795304,0.5571011459642452,-0.47235905180140786,-0.4835627775871121,-0.49451702033712336,-1.1602060207996674,0.7217637304092984,0.7927900019332562,-0.07106540056829591
a3283dda-4e12-48f9-90f3-8f3223c77d46_14.png,-0.1719474779990734,-0.28147665794529414,-0.15970552865164522,1.176770991010462,0.43583353857825324,-0.02465019226802162,-0.16036205550062632,-0.3793086272397159,-0.2307575666509316,-0.193501142698094,0.23361149317133073,-1.8820289376947024,-0.496404874107306,-0.171786979684943,0.212340987670577,-0.08560302245020361,0.1631244929322445,0.08977471771131681,-0.43369494802286923,-0.07106540056829591
75769513-6d94-48cb-b36f-b1f9dc9210d3_34.png,-0.27020571723645526,-0.4236813905790838,0.3440848872853347,-0.34532345814326454,-0.49653129631562865,-0.2873274914010276,-0.5562543323970313,0.05176450411368116,0.09715255762152565,0.7709699285047307,-0.21958631902387568,0.21441387041314672,-0.5996897780358894,-0.14323659816464554,0.3458892660897847,-0.05067618572829914,0.1361791004280073,-0.16931947791330107,0.34374197637064346,-0.07106540056829591
78667ea1-0eed-4d74-b94c-83a1d16767bb_26.png,-0.7745180592692573,-1.0318372479818072,-0.22383827244240492,-1.235685136197547,0.5371039328265785,-0.2984538901644028,-0.6993872255520137,0.3421065590020494,-0.4451732151461325,0.2847737133422898,-0.5641742789326554,0.9122785710609004,0.8807271782738066,-0.27766131115604603,-0.37665867898332794,-0.16586434318293058,-0.13725489230193813,0.6969649318850396,0.7379963937633052,-0.07106540056829591
19ef2be7-6425-4194-a4a4-1b4a7fbefc4e_102.png,-0.7372480679847604,-0.7914167049569467,0.9839201930351018,-0.3326670288373584,-0.9418661114232936,-0.4094827585230099,-0.5997437836319267,0.6539694477230124,-0.4646402321845148,0.2387531316187544,-0.4093387674822197,-1.5951146502296334,-0.6478893998692283,-0.42318895029422887,-0.3061197199408578,-0.658948643311999,0.6545938701631232,0.5076268658516649,0.31964887617126053,-0.07106540056829591
44341a17-f4a0-402e-8f84-ad64321de876_0.png,-0.23090209279591917,-0.8935657179032908,-1.7504878054770372,-1.1757570675267626,1.6796559288156285,2.4901047547583843,-0.6799831914798284,1.1089020659502986,-0.39060420856137196,0.4072921845209149,-0.7312772835901592,-0.8421164214735922,1.0115547232500124,0.628813302113398,0.3585188838074163,1.6822351551884704,-1.6094775653187807,0.6869237005807385,0.7158100248110545,-0.07106540056829591
22df8deb-bec0-46ea-b532-d6d7e8d8d57a_13.png,-0.3309597797059006,0.9271312800263023,1.5484294800347849,1.9956732440496894,-1.6775283949864634,-0.6230930074186871,0.10351410340674656,-0.9991000092307706,-0.6207144420410874,0.04855128209512798,1.1137586532699646,0.3684964704941707,-0.8854446789049704,-0.5695096555857533,-0.5938358854573342,-0.9057476267594952,-0.839408594600974,0.6393039218194317,0.6105928508405379,-0.07106540056829591
00367bac-0715-41b8-93dd-c21b8877a1f3_89.png,-1.060014981730721,-0.23031465952905167,-2.371845501117891,-1.0571007794697524,1.5538059539460194,-0.15585775240647393,3.055179561218431,2.2951715342620087,3.0433426872464726,-4.0002353482164965,-2.6867969430189045,1.3028680862978403,1.4522369800119683,1.8116714698223881,0.1756591493279546,3.050502146995272,-0.8634028564550971,-2.8185310036980753,-3.38833547286713,-0.07106540056829591
258bd669-e070-417c-9e38-6240e5c933aa_41.png,1.0458337393697117,-0.07273117594588652,0.5971453288212463,1.4208971997954123,-0.7003893096905338,-0.5382804568200661,-0.7327360026662277,0.7304821542527141,-0.5230293168644095,1.0736014162574945,-0.1937009250404038,-3.164462047965092,-1.1229999579407122,-0.10239369126755336,1.4210578137577576,-0.4543179926106922,-2.4541280801376875,0.7158302755476659,0.7796798748251095,-0.07106540056829591
3b88f35e-b058-4cd6-a43c-563cda6b239f_68.png,1.5556780766514802,1.159550539029965,0.6640424792263485,0.37684402776546194,-0.8231709719098,-0.5883761827116025,0.6516957949386293,-1.7308127626587808,-0.8047183239017689,-0.3069746884839182,1.6167351691403324,0.14627544660523048,-1.0128293937502233,-0.5223222194619284,-0.4011418419109717,-0.8561601596150399,-0.21739858639638407,0.6841091130181692,0.7095911183623201,-0.07106540056829591
505d1bd8-e981-43ac-b532-853c95be827a_60.png,0.8498271476569469,0.9996291673548263,1.150881729004454,-0.17228411886561878,-1.145702246839074,-0.5094711545902758,0.33178734829999607,-1.346530554527653,-0.7793265186123639,-0.27003405688553395,1.350810265638651,0.37778934767710576,0.5984151075356785,-0.5734749863524613,-0.591492138866887,-0.7013547419958001,0.806700214036378,0.7217637304092984,0.7927900019332562,-0.07106540056829591
258bd669-e070-417c-9e38-6240e5c933aa_53.png,-0.7492340490131921,-0.6155022588709282,0.5253910860034433,1.0069344273890217,-0.3042817978935888,-0.3898703895133217,-0.6463572536944481,0.7785639819717552,0.622693260368391,0.9373460642829251,-0.6746695616766475,-0.5073795693461723,-0.5859184575120783,-0.5599928617456542,-0.47858436882977734,-0.7429989773956721,-1.1426279387999136,-0.5635899464753663,-0.6041375354049671,-2.012614907478248
00367bac-0715-41b8-93dd-c21b8877a1f3_23.png,0.8143484410958269,-0.27571149926648836,-0.9511010529896697,-0.5593447588509403,1.184469156710531,1.0530376097313696,3.5308755308070605,-0.28374467172999157,0.06269586285878344,-4.307137493253183,0.15896690512368797,0.9182946239517548,0.8497417070952316,-0.24118026810233265,-0.30962554334107617,0.07111832104637261,0.2615514097091807,0.21711578743404444,-0.18544895229534136,-0.07106540056829591
4a7aeead-7888-4bb1-a39e-eef6dfc4a6ff_36.png,-0.907458900307521,-0.22427501753677012,0.6412364881686418,0.9088193608143141,-0.686525779549363,-0.44839834018865515,-0.42781590964150085,0.4020678118288251,0.5795117995455844,0.52269462170965,-0.22818643581484283,1.249202855830204,0.1990468123451559,-0.2772647780793753,-0.4513237579565361,-0.46152161460323327,-0.186033707790599,-0.6420180485566879,-2.2205222903086903,-0.07106540056829591
27bb6d3d-77c3-486b-a22a-3741dde393ee_109.png,-0.5533591035573775,-0.7409697589271895,-0.17411643853360487,-0.5150622558847782,-0.19743532347112544,-0.1797397398989389,0.032515449109236746,1.0242188033149486,1.4319683934231087,-0.18067005577426637,-1.0657669790680508,0.07180636886045483,-0.8820018487740175,-0.008415352096574253,1.6979795773991175,0.5339165552570593,-1.6493833743290065,-1.5303627392508414,-2.0978099208404513,-0.07106540056829591
41b05097-d935-4d5b-b15a-8c9cc622e21b_78.png,-0.12708484685689606,-1.0497908573967527,-0.3796800267494727,-0.7323918766524821,0.7956192711601988,0.6324954852308222,-0.5357751007267577,-0.5028595520231381,-0.5524709868155357,-1.0553897475269836,-0.05609651689724737,1.056901160960624,1.6553639577381825,-0.4557046625812343,-0.4938735172135495,-0.25269938986852336,0.25816180062560395,0.7217637304092984,0.7927900019332562,-0.07106540056829591
78667ea1-0eed-4d74-b94c-83a1d16767bb_10.png,-0.05263349774041903,-0.494801546999063,-0.6838899408065351,-1.0548973363994851,0.025987554860841876,0.9475292383868021,1.1491809287551116,1.7916149093406415,1.6486661216745155,-0.9015954323504131,-1.4020414296438097,0.366893085681073,-0.8028167557621035,0.8508718250490449,2.410841982599488,1.3564429864831042,-0.3928564919754485,-1.6450001299749457,-3.6770402321142974,-0.07106540056829591
505d1bd8-e981-43ac-b532-853c95be827a_71.png,0.0327020519551248,-0.038228871965685265,-0.8771298495994948,0.2346225592390778,0.5149082523033982,0.21586451753384045,0.5071600662077994,0.15707145107267362,1.8969290691685345,-0.03384897004993593,-0.42351878120406905,1.4966487243558348,0.10264756867847799,0.21959116698913456,0.12062591733093296,0.7362773580543147,-0.19619231338630705,-1.671244257247551,-1.0613270587536796,-0.07106540056829591
27bb6d3d-77c3-486b-a22a-3741dde393ee_105.png,-0.32706077477484036,0.2816517382401712,0.2418534191862173,-0.767654392473386,-0.713575680913012,-0.510046482911933,-0.18033403669115658,-0.6909033931096402,-0.44871248686408394,0.165477864205074,0.5430333210106335,0.42780971370766274,-0.386234309916817,0.2866052569464994,0.6348048993166708,0.44595130441688136,0.3992451122059459,0.29569602938361295,-0.1486179715633491,-0.07106540056829591
00367bac-0715-41b8-93dd-c21b8877a1f3_11.png,-1.0038652109120272,-1.3496265855553902,0.15333449302285407,-1.0672686861793061,-0.23596132863730335,-0.33007543075574064,-0.33741786642271926,2.210518086863658,2.210958832852627,0.2433672537709765,-2.1629096420779073,0.7343791819858465,-0.4516480824049198,0.29493245155658615,-0.01199190508686592,-0.049215047448085116,1.921642776467027,-2.0566145435171674,-0.4360499072466095,-0.07106540056829591
75769513-6d94-48cb-b36f-b1f9dc9210d3_22.png,-0.14650740767304193,-0.7526656882575985,-1.361550084241883,-1.4535562562363133,1.0718174613972604,2.289818422915339,1.083552068913493,1.5420987522483804,2.3492243718362653,-0.7515937202229388,-1.4914687842876708,0.2109356261542584,0.29544605601183377,1.1236865817985537,0.42195656661734926,1.7970526393713482,-1.4201503559603514,-2.928832408177141,-2.2954276974644983,0.8055424896767587
27bb6d3d-77c3-486b-a22a-3741dde393ee_72.png,-0.33135503189703874,-0.7295127488717525,-0.06666603206219131,-1.386251170398361,0.35729371902163304,0.6729247621674501,-0.5533483259856078,-0.02082492950590383,-0.5481524863105127,-0.05681566762383347,-0.014712588135442493,0.27396711370977284,1.0287688739047762,-0.3482441988034481,-0.42318806182040064,-0.22874575666172806,0.5269056121042784,0.7217637304092984,0.7927900019332562,-0.07106540056829591
07a9fdc8-46e7-4ddb-b62f-fe041b4ea954_23.png,0.1879159467249498,0.043402543005949056,-0.47001074577884455,1.1072833078300597,0.7734126266110334,-0.26055141025272716,-0.491511457672962,0.08045111042143223,0.02194176776277207,0.8036310165939868,0.0883579371124469,-0.10251849982567936,-0.5136190247620699,0.9523842926767692,0.5443251610588601,0.23513569427913675,-0.15143337375440621,-0.14695491728099405,-0.6433106564108249,-0.07106540056829591
7728da31-7807-4ad4-af12-f6b9d4769e58_9.png,1.30454834212434,1.5898967025578363,0.3082138440769889,0.840143537853832,-0.19444779131276774,-0.6051506803374428,-0.42665121546914747,-0.938702742362596,-0.7268248010091214,1.0018963378587156,1.1265272443589383,1.0525618078096535,-1.0575861854526094,-0.30343596113964794,0.6289177978863281,-0.5480374903308263,0.0036229243824005587,0.5774590653770317,0.67454820763866,-0.07106540056829591
4a7aeead-7888-4bb1-a39e-eef6dfc4a6ff_45.png,-1.4007191088119004,-0.9176190159593016,1.0573979757710483,1.0624011799374913,-1.0909823736508175,-0.6352526017480374,-0.650735463268692,0.23433771402350534,-0.32129046794064303,0.29861185733265905,-0.6342387648940476,2.0809150722674015,-0.4241054413572976,-0.5469072702155179,-0.597523765466703,-0.8433174955226892,1.1575936238308049,0.3137246037708808,0.2932702169880603,-0.07106540056829591
48a4d49c-a4cf-463b-ae33-31db1940e1d3_0.png,0.22080722503339167,0.2106216135994966,-0.11998847109710281,0.26040796620675327,0.4445355184145488,-0.015565338185832708,-0.5907052489846316,-0.19268181670749088,-0.618503684766899,0.8093818607194195,0.26675769092902996,-1.7892302762907184,-0.5032905343692116,-0.2134229527353768,0.12165086655895362,-0.22601882116354957,-0.7007586210827765,0.7191773526490997,0.7870753311425247,-0.07106540056829591
10b42c78-10e5-441c-bc2d-1bc4a35bb63d_11.png,-1.0538287176822887,-0.7986593301325298,0.1230871989781478,0.4725555062175952,0.35865667160912856,-0.5957844521772034,-0.5771739243738953,-0.2741473641166734,-0.5489554120883413,-0.27290199251694364,-0.18863450704601942,2.0009391807608283,0.9771264219404845,-0.5639581925123621,-0.5885937412709529,-0.6420409835789737,0.7476368793624396,0.7217637304092984,0.7927900019332562,-0.07106540056829591
44341a17-f4a0-402e-8f84-ad64321de876_15.png,0.13154118582581026,-1.191358680044426,-2.3616434700062214,-1.0461696938478136,1.7571419020658494,7.046492299142238,-0.14433938161666943,1.5390089341259214,1.5692520225150783,0.5089501043010461,-1.6556625305531545,-0.334922781362281,0.13019020972610024,4.316967448228489,1.3109783876598406,3.0400118098551987,-1.239174981274791,-1.5127145145341911,-0.5489695194131223,-0.07106540056829591
27bb6d3d-77c3-486b-a22a-3741dde393ee_62.png,-0.5956754665440297,-0.9909362978695292,-0.49119025067131744,-0.8903694468438049,0.9831615471995852,0.52725101828468,-0.6001271634206461,-0.37514065903740057,-0.5639514570766772,-0.42829011985477633,-0.16751038991855202,1.0712486416165141,2.4403292275954165,-0.5457176709855055,-0.547229341827944,-0.27380140007450965,0.48478678941219305,0.7217637304092984,0.7927900019332562,-0.07106540056829591
258bd669-e070-417c-9e38-6240e5c933aa_66.png,0.11885362564388223,-0.1900921845053373,-0.20509991920074405,0.5212562608012209,0.16347735097247207,-0.1872960587957709,0.34792336386623995,0.3289842508081808,0.11144468404438457,-0.561365507858958,-0.20057930282699366,-1.070867805678674,-0.6478893998692283,0.026479558650455964,0.5289389609316815,0.03926657494200216,-1.4036787570632234,-0.2271326278471559,-0.9458235155511636,-0.07106540056829591
53345714-cf33-43b8-9e6c-89b5c2c7aad7_19.png,1.4202460266408268,0.13516389122237407,-0.04806605032871405,-0.21114889226971237,0.1824309102234015,0.0784550590700342,-0.49883995743067056,-0.44826957630685815,-0.5070328678361244,0.7876498563203208,0.43126874399652004,1.0431642858415107,0.04756228658323349,-0.056792387450411604,-0.2942430403143035,-0.3259003181892056,1.359533362120999,0.3752651804767868,0.02719219452796468,-0.07106540056829591
53345714-cf33-43b8-9e6c-89b5c2c7aad7_42.png,-1.2199202490532326,-1.1900395190318218,0.35577699987356637,1.057655762696371,-0.7868811214775321,-0.5799031263157247,-0.5323556503010396,0.06616041134438704,0.21293885029904186,-0.06829174961514799,-0.7099111140182968,1.1188055388575764,-1.0610290155835622,0.5475240213958844,2.541950570404344,0.13588474697951078,0.31500919671490035,-0.28030551179947766,0.42793110206955115,-0.07106540056829591
6764beec-de30-41fd-ac4d-374023ed0a03_10.png,0.18737887774357664,0.03549129287915802,-1.0161731529531917,-0.38584093132128183,1.3426217972670265,0.6652348130264459,-0.1054566813809573,-1.367482816890471,-0.7301613751208043,-0.37564209192532816,0.9523142149649438,-0.04579365424176388,2.326715833273975,0.033617154030530325,-0.3973044704697743,0.2798603522190996,0.15627625814775514,0.6804577561802415,0.701523347834227,-0.07106540056829591
27bb6d3d-77c3-486b-a22a-3741dde393ee_68.png,-0.3241760053425426,-1.5626910174723314,-2.332567735814162,-1.159230900493412,1.7512586083512927,4.292632891516675,0.6943639834920359,2.278408607327265,4.375445381822256,-0.42879700236020724,-3.0214385616984845,0.6368368061871224,1.2422243420238488,1.5693897599765307,0.08072474475374038,3.1026457716921048,-0.25145472897219,-4.0284993758663585,-1.2950129764658675,-0.07106540056829591
824faab9-9bc0-41fa-93a5-24d93dec52b5_2.png,1.6763933806114346,1.5992578239223025,0.6432684729651822,1.6030198340624517,-0.8255110459916771,-0.5707559358271327,1.528589113443495,-1.0653713373965743,0.6103243931560115,-0.10456003298068765,1.080812632856718,0.5280258698833283,-0.21064997323822512,-0.5318390133020275,-0.47700134806871886,-0.6290469177792845,-0.3243047647127116,-0.8465701014147611,-0.9788803130175812,-0.07106540056829591
519d608c-1d5a-448f-8835-1d3a5261bbba_93.png,-1.3777808384408705,-0.5325059075895159,0.45660457609944294,1.2603071411311224,-0.29008570998183536,-0.6085504041435982,-0.5057070388643147,0.4103292547400969,0.5412958252560396,0.3934615103500549,-0.4967635245410402,1.4074916050485264,-0.5032905343692116,-0.37401884878704994,-0.38694445754450907,-0.6283538154167224,-1.285880559261884,-0.9547415477383684,-0.6526201558904302,-0.07106540056829591
00367bac-0715-41b8-93dd-c21b8877a1f3_15.png,-1.2732465700786226,-1.408534612725998,0.8611599658534305,-0.9849093001942226,-0.8194397790135038,-0.6135375875505414,-0.6539904753520757,0.46205968773692985,-0.32045195588576564,-1.2402136558544885,-0.980956641031163,0.6890902337773526,-0.3345918579525253,-0.4097068256874218,-0.2540108511330208,-0.473308457269408,-0.2085567882167583,0.6765781895399434,0.6929513416481309,-0.07106540056829591
48a4d49c-a4cf-463b-ae33-31db1940e1d3_29.png,1.067285167525467,-0.223983464573458,-0.27042082665782885,0.23363617091871142,0.4079445108839386,0.0051734613935029115,0.2711492385997353,1.01021761938004,1.900928850106571,0.5266468395203567,-0.9919168717180757,0.2998320837738966,-1.0507005251907038,0.04313394787062948,1.5531296724367312,-0.006926907373572898,-0.9596814610052785,-1.738033659407978,0.01899931913441251,4.356359260289649
41b05097-d935-4d5b-b15a-8c9cc622e21b_19.png,-0.6462626919217855,-0.8115390469920362,-0.40598975902322126,-0.8267383798135731,0.7480568155929278,0.4198636438286051,-0.7039654862922614,0.3759558254203015,-0.4680350790355745,0.6130144585020454,-0.46876244162221364,-1.8705059519556884,0.15084719051181694,-0.06829184667386475,-0.08815940463459149,0.020070891484127776,-1.336806844755754,0.6954435332025697,0.7346348227099352,-0.07106540056829591
00367bac-0715-41b8-93dd-c21b8877a1f3_22.png,0.8827007037661718,0.2529948533138227,-0.2813474042535571,-0.86751268443713,0.48878727084856155,0.0015239555761793566,0.9614325997838256,-0.445116269325421,0.200369428217396,-0.5106533007830657,0.4280553530420383,0.654491175006452,-0.18310733219060288,-0.14244353201130394,-0.11185046057682574,-0.14228383744129575,0.8851510065822553,-0.5636660164094899,0.04789829453049811,-0.07106540056829591
2ec83b5a-f1ad-4dae-bb33-773f1eee7923_105.png,0.30495121164946287,-0.09063853834149924,-0.5926538379520776,-0.490204551779232,0.4943836281098504,0.6092393273479976,0.4793408767408982,-0.8475191178642947,-0.06168224221086135,-0.6388851495516706,0.6594581711669529,-0.2887601462780512,1.0838541560000208,-0.29748796498958596,-0.19564375087044503,0.478117054958865,0.16632362053168198,-0.07773127722861524,-0.19872044048347293,-0.07106540056829591
53345714-cf33-43b8-9e6c-89b5c2c7aad7_6.png,0.6934434607551696,0.8693199525927481,1.0980977464232569,-0.2693312772242023,-1.0750658125939554,-0.4633119649416164,-0.5212419719023645,-0.1664234590889662,-0.06494402221402935,1.0520772102810205,0.3607581906644411,1.1808483625005521,-0.6237895889525589,-0.46244572488463787,-0.41944863178897973,-0.720385479119455,-0.21856926642665653,0.08475410205916625,-0.6146997981132672,-0.07106540056829591
a6a04226-e7be-4c2a-8240-4e24256bfed9_27.png,-0.44886869612508207,-0.6671201403356515,0.7178355227587465,-1.1058384177877911,-0.8937614002179365,-0.3540459096157655,-0.3273927017214178,0.17146527916377516,1.0886134352692716,0.46745001542233344,-0.5414580096739702,0.4664005577103539,-0.6960890217025674,-0.22571547811217152,-0.04348931376563354,-0.4037660895329809,0.755325500395075,-1.1103806329550354,-0.6694940723101342,-0.07106540056829591
19ef2be7-6425-4194-a4a4-1b4a7fbefc4e_61.png,-1.271722354639054,-1.0114875225063975,1.5099970211642773,-0.9070187305159578,-1.551479120082355,-0.6498971607767046,-0.4455845409154413,0.39612567274652416,0.5974010091678001,-0.07333078493791625,-0.8005842959274856,-0.12485879910021144,-0.8234737365478203,0.14345681626834136,0.37841575699144214,-0.26850055682872426,-0.6174837154780604,-0.645593335460492,-1.292435915700868,-1.1497040155182694
3b88f35e-b058-4cd6-a43c-563cda6b239f_5.png,-0.17612025389000852,-0.37748657617548,0.5943497888611826,0.28127036439847874,-0.3917850230659159,-0.47642182503096897,-0.2929516947890993,-1.1544743989030226,-0.6938301900499508,-0.7581969159173042,0.611327285436628,1.1591307851358275,-0.41033412083348647,-0.5147880910051832,-0.5615266395594685,-0.8116174980270799,1.2410784052567807,0.7217637304092984,0.7927900019332562,-0.07106540056829591
53345714-cf33-43b8-9e6c-89b5c2c7aad7_15.png,0.0036969220002924363,0.3516967970007282,1.7717464887549315,1.1859685544311835,-1.970692431046735,-0.6582820486829659,-0.6437389369629279,0.2882718739463977,-0.3896602377758781,1.0214929064141038,0.16014924397957145,-0.23981116642628597,-1.0989001470240427,-0.519149954848562,-0.22491536563863995,-0.8323536762979932,0.8520269029646086,0.2734836086195529,0.35068431829877056,-0.07106540056829591
505d1bd8-e981-43ac-b532-853c95be827a_131.png,-0.49957438490107486,-0.46684575276470114,1.0689835574693132,0.32841001402252373,-1.022006603356246,-0.4447121194402589,-0.06793934583705712,-1.112031399754446,-0.6805833449876936,-1.6662631153473004,0.6393734860973744,-0.4564826631982878,-0.017851485904869357,-0.5619755271290082,-0.5641547243965428,-0.7469926398577827,0.6170829239051492,0.6377825231369618,0.6950780657552029,-0.07106540056829591
505d1bd8-e981-43ac-b532-853c95be827a_119.png,0.05151010856772448,-0.1718075340705623,-0.359862158102566,0.6690349003673982,0.480992089844475,-0.010642259474601984,0.45708224259406444,0.99604360792904,3.198440415403917,0.12339084981881465,-1.3718537096646093,0.9510798752070473,0.06821926736895018,-0.33595167342665333,-0.31553723492015245,-0.019764196065710855,0.21112697149317464,-3.0201163291253326,-1.88132032352626,-2.012614907478248
519d608c-1d5a-448f-8835-1d3a5261bbba_70.png,-1.0242484918811166,-0.8418459467582262,1.163795332355403,1.106555228299594,-1.154834029175294,-0.07277079021924054,-0.7063679583446723,0.47367461995189536,-0.4246555362380458,0.6430654484541941,-0.47834504947952655,-1.9634212278943373,-0.826916566678773,-0.4077241603040678,-0.22503154104655895,-0.6985031189949911,-0.6429228172711184,0.7217637304092984,0.7927900019332562,-0.07106540056829591
578fbdd2-3bf8-444c-8c21-8d2666ef631c_66.png,0.7870093605638159,1.4362121979633662,1.295197541383306,0.34586357389763034,-1.4305593376256418,-0.6243416398546627,0.208706023254527,-1.3672776072724073,-0.7729569953898023,0.2138625740511664,1.402572945687662,-0.36256747125602173,-0.8923303391668759,-0.5869571109592684,-0.5998314787233751,-0.9114243030553936,0.16579019161993616,0.7217637304092984,0.7927900019332562,-0.07106540056829591
2ec83b5a-f1ad-4dae-bb33-773f1eee7923_52.png,-0.5071196344219876,-0.8084588480146574,-1.668701640491132,-0.6958519439205983,1.2048978519177924,1.5195449645513444,0.5405918366850002,3.1616500348862595,5.052214485319792,-0.37948191247494817,-3.3995665274184166,-0.5789403950883993,-0.4619765727977782,0.5919357259830138,0.8622389094986379,2.135974849095626,1.1106860405110353,-4.641090555362849,-4.919277508081453,-0.07106540056829591
4af4cf7a-5d36-4d0a-9b11-fcbd77f87c6e_142.png,-0.6286848522886038,-0.46781457500380713,-0.716108212716665,-0.13726410572524295,0.7943708977345528,0.21609572011519226,0.35266234682809133,0.2439182448644703,0.25038998401376966,-1.0354350783331197,-0.4318785918929109,-0.3473137615040077,0.20937530273801422,-0.05282705668370362,0.0453765511117384,0.4200401280666546,-0.6367439145907775,0.0909157667231692,-0.07638988698749388,-0.07106540056829591
07a9fdc8-46e7-4ddb-b62f-fe041b4ea954_32.png,1.6028451223765163,0.24152165185067936,-0.35661663751917405,-0.10033856078003446,0.744944700478721,-0.3038155357184258,-0.1739398316204969,-0.9079073513865028,-0.7028542243228294,0.15264683183751768,0.8818123717466251,-0.7390904607586863,-0.21064997323822512,-0.06075771821711958,-0.24715824644129397,-0.40053968268547685,1.1616812772219276,0.608191318762923,0.541848722799097,-0.07106540056829591
505d1bd8-e981-43ac-b532-853c95be827a_58.png,-0.13188244604850488,-0.9972794005874448,-0.888703005875595,-0.3908306729088264,1.0996984807274832,0.9735071826812431,0.46379169857338054,0.2772780427611711,1.0993106689603467,-0.7408706738427212,-0.7482887815973575,0.2561581437388244,0.5812009568809147,-0.16108058661483146,-0.14261035106923942,0.4574350635365308,-0.6529013376300637,-2.0426937455725684,-1.089533575332403,4.609129267689216
258bd669-e070-417c-9e38-6240e5c933aa_67.png,-0.36101125820989555,-0.20391590485554642,-0.4947563877889665,0.8342473571588779,0.6478819719105949,0.19476575136953786,-0.34283442206447207,1.655057748489981,1.072750414047806,0.6263348180725498,-1.1008063440207074,0.5269233118227491,-0.014408655773916576,0.24615888312607803,-0.045867614267844574,0.17141536693955264,2.0490719690905927,-1.0476990072372772,-0.22068490096495094,4.10571337059933
268cf2e7-02be-4b54-8659-24b54163053b_54.png,0.4427721498112769,0.21983788918255406,-0.34657845192339315,-0.749326415542438,0.8761662349453758,-0.033443136041546764,-0.2894969412164393,-1.1308184072670446,-0.7433640146424205,0.17969628398042092,0.9159049759753356,0.07475989904367916,1.0976254765238318,-0.43548147567102363,-0.5265282325260218,-0.46788234010842034,-0.00391341447406245,0.7127874781827261,0.7729567327183672,-0.07106540056829591
48a4d49c-a4cf-463b-ae33-31db1940e1d3_23.png,0.5653148594297226,-0.317218249373058,-0.3831538523708641,0.1333907265699518,0.1750633987865034,0.367874345185951,0.20129360110364966,0.7218112169749593,0.9159884334551475,0.1697371378909089,-0.6227194902564456,-0.05101584459396406,-0.8338022269406786,1.235112376343048,1.4369478580382578,0.43121520058382534,-0.33347218086116726,-1.4683657429401946,-0.6609178718931953,-0.07106540056829591
268cf2e7-02be-4b54-8659-24b54163053b_27.png,0.7792251526560087,0.6387464667985627,1.1744055235023176,-0.47386672767480115,-1.5066928164368774,-0.5826933958616208,-0.025074822238378043,-1.262523012336908,-0.7406478705629641,0.04846799992267089,1.1341323937326737,-1.3389852464863266,-0.7821597749763869,0.1902477193154955,0.3286347136337622,-0.34122880101581926,0.1734070939323718,0.6150376128340375,0.5569757925392652,-0.07106540056829591
41b05097-d935-4d5b-b15a-8c9cc622e21b_13.png,-0.6665627537327221,-0.705374024405761,-1.41581896520338,-1.7363028419633497,1.2895532050996856,1.4515629615447816,-0.61658555246028,0.9304561389237386,-0.3277627551306343,0.6467429129748646,-0.48491435338100425,0.6464777363306456,2.1717884773811,-0.08772196743073384,-0.08618583403903692,1.4580028309423594,0.38432547944940487,0.27842815433757995,0.14993977006889528,-0.07106540056829591
3dbb185d-309a-4682-8409-24f5556e96df_28.png,0.413772986994969,0.031158987015602914,0.5292721823734609,-0.7845776905314231,-0.3215248171805208,-0.3538505251119862,-0.6069143482585798,0.01934815672528036,-0.6105466401165451,0.7422363534647359,0.21991926339911988,-0.9832573375238316,-0.47230506319063653,-0.5706992548157658,-0.5193165065482731,-0.7836715926191521,-0.061031003199164366,0.7217637304092984,0.7927900019332562,-0.07106540056829591
3b88f35e-b058-4cd6-a43c-563cda6b239f_102.png,-1.4312257851688086,-0.8273720310924703,0.897352027934819,0.9309286155552584,-0.8801323793312364,-0.6525996393952465,-0.6217481731854336,0.12198038002331986,-0.4263083315209379,0.1417687820152264,-0.3688727587865663,1.5714802480852623,-0.4895192138454004,-0.483858511024861,-0.4570725557967758,-0.7266878090231812,0.02777288342282992,0.7113421494343798,0.7697632402176625,-0.07106540056829591
a3283dda-4e12-48f9-90f3-8f3223c77d46_31.png,-0.005559277716135542,0.4154633259176966,-0.8685907137995943,0.5402656453827244,1.0197897925272055,-0.020899005816788198,-0.13316934205357855,0.8678110077550996,1.7649643685164955,0.6762662081031016,-0.724609924654656,-0.5254927682550405,-0.15556469114298063,0.14702561395837854,0.20733970626463735,0.5555384449260073,-1.0730490117230584,-1.7636692272075951,-1.8287345882339312,-0.07106540056829591
519d608c-1d5a-448f-8835-1d3a5261bbba_20.png,-0.28483351668473095,-0.11106678808077519,-0.7702144580803407,0.6611207373108281,-0.2778162033206012,-0.39127226813207366,0.32212729246048805,-0.5663318696322273,0.3676442132709154,-0.7148633539297974,0.23918219099656265,0.9976379226659946,-0.9990580732264122,1.5678036276698475,5.017151390482496,1.4299290273828087,1.3635953337124023,-0.40323452534304266,-1.692923713482079,-0.07106540056829591
3b88f35e-b058-4cd6-a43c-563cda6b239f_25.png,-0.3925769499389997,0.06133184923491365,1.1860635005973892,0.48160226966611325,-1.4018091760859501,-0.5828253308793172,-0.7494820813857649,1.118310771266336,-0.37857202549661745,1.1798662227232657,-0.46218698806327996,0.3090909387321063,-0.9990580732264122,-0.16108058661483146,0.29598835376063815,-0.5828441110947665,0.39234147089804433,0.40401961557546723,0.5887562986252503,-0.07106540056829591
00367bac-0715-41b8-93dd-c21b8877a1f3_46.png,-1.0533019506424528,-1.0873665555626304,-0.9496392076531266,-0.2511546205074642,0.9164082450015012,-0.39859212615068185,-0.6043743797391322,-0.08940554490064233,-0.4624473201565457,-0.33533919621118485,-0.41737363175331016,1.4418726505087407,1.662249618000088,0.4864579275885816,-0.1297074331087333,0.9152533702356885,0.29606152277336956,0.5388916087764207,0.38872916131803675,-0.07106540056829591
4af4cf7a-5d36-4d0a-9b11-fcbd77f87c6e_96.png,-1.058289148177761,-0.7428875347959867,-0.7116445330256458,-0.4812378124450559,0.7970164916183792,0.011030548165666284,-0.22522601382517168,-0.2836407582142318,0.12817419736806346,-0.47559746331214475,-0.01727165416712963,0.8945195200154176,2.8190405420002227,-0.19676856351520328,-0.41333885184593216,0.5154327137369494,-0.04323970592817404,-0.24227054473773105,0.07295801772855456,-0.07106540056829591
505d1bd8-e981-43ac-b532-853c95be827a_0.png,-0.6328801539440672,-0.30064857358294905,-0.01772386246202884,0.8693949654712853,0.27403392380395764,-0.08249403569374769,-0.7606607918972277,1.3879261612355729,-0.49725076809860097,1.1057711111790862,-0.4666214091399255,-1.1400066933357824,-0.6031326081668422,-0.05877505283376559,0.1978517181104347,-0.2537137246499129,-0.1079767232336692,0.7217637304092984,0.7927900019332562,-0.07106540056829591
4af4cf7a-5d36-4d0a-9b11-fcbd77f87c6e_147.png,-1.0795849347643878,-1.1413852504644744,-0.27433542391690735,0.6746874830669372,0.6223234582651428,-0.44253564859103267,-0.7131415174065932,1.4785962583494356,-0.060060240355794395,0.7520695056241892,-1.0925139256533554,-1.219538230388515,-0.5480473260715977,0.05661607247743661,0.06598488960990932,-0.2687689791528985,-0.9796540543049364,0.09517568303408483,-0.14773665842647063,-0.07106540056829591
19369012-66cc-4209-a974-c98c915c0a70_48.png,-0.1904079915004219,-0.94798433676666,1.0859480066766314,0.3706067412631287,-1.124303891215394,-0.5438039532586819,-0.7021634774145895,0.17549495291252407,-0.48938396921336325,0.336560197926766,-0.4615725709784734,0.09778622610311234,-1.2193992016073902,-0.593698173262672,-0.6373032111287157,-0.9591414612689303,-1.7816828789610237,0.7217637304092984,0.7927900019332562,-0.07106540056829591
3dbb185d-309a-4682-8409-24f5556e96df_34.png,0.21511270454751463,-0.794253333118269,0.49060930957389226,-0.2945098497895487,-0.2659844992400775,-0.2508521291067678,-0.7218997946154465,0.5386725180313802,-0.4388299602573945,0.6778540675726213,-0.48852135794391616,-1.9499279517786487,-0.9577441116549787,-0.3252452803565418,-0.11417616560053903,-0.7203655620011932,-0.9352822249615708,0.7217637304092984,0.7927900019332562,-0.07106540056829591
92da35e0-d1db-40c0-86e2-73b0de7f8784_29.png,0.1808183904755214,0.7004315162145942,1.2401248746562392,1.1845736572338361,-1.3698511028066302,-0.626167598362185,1.3086923143540177,-1.6989845472841543,-0.7312600607593464,-2.030524223093772,1.4385274294754873,0.8112452012743945,-0.6444465697382756,-0.591715507879318,-0.6296671194253093,-0.9004255609299769,0.14116157524668108,0.6236335153899921,0.5759686689908136,-0.07106540056829591
8b0863a2-01d3-4fdc-9994-7b50b25bc730_46.png,0.281827292485242,-0.35840607548959363,-0.48284283578236054,0.8739138894056342,0.4845859187348972,0.0683557096220576,-0.194527759822144,-0.5759763528062078,-0.38713354805879746,-0.13920266399724354,0.31817161766396934,-1.547863633192959,-0.63756090947637,0.24734848235609042,1.0787316880865392,0.43079935293098814,0.42885624000971734,0.24046925720995685,0.11651911999692167,-0.07106540056829591
824faab9-9bc0-41fa-93a5-24d93dec52b5_15.png,-0.01459472677755509,-0.43596868337947486,1.1060968719128703,1.1689345407653098,-1.2578913737498187,-0.6518647835755967,-0.7099602083843689,0.20343446274764132,-0.556315055326923,0.8390919179178324,-0.17108099243079047,1.3496261333832162,-1.1884137304288152,-0.5619755271290082,-0.4750244224014023,-0.9279475872685069,-0.6689641148103141,0.6736114621091271,0.6863962780940588,-0.07106540056829591
19ef2be7-6425-4194-a4a4-1b4a7fbefc4e_67.png,-1.5579938169249417,-0.8603788111360144,0.7870250393526611,0.14074682128689564,-0.8099740209990607,-0.6554232678443421,-0.6708502054306275,0.6205741392899007,-0.3514199257020098,0.36959855625011906,-0.6429854640973189,-0.225554924040062,-0.04195129682153883,-0.2744890465426797,-0.10370609554195552,-0.10265255347598724,-1.442993742834964,0.39717332150435286,0.22210166317927876,-0.07106540056829591
505d1bd8-e981-43ac-b532-853c95be827a_132.png,-0.712901066903441,-0.14070305296861524,1.0613857815471799,0.43504188427969254,-1.018879508572614,-0.3923545983849651,-0.3395902486665531,-0.6980973504033279,-0.6740397521582273,-0.1319796069321057,0.5547319140895081,-1.5628638962482528,-0.24852110467870572,-0.28598850576613283,-0.37998933079173697,-0.5772140873605832,0.02007886758202983,0.7217637304092984,0.7927900019332562,-0.07106540056829591
258bd669-e070-417c-9e38-6240e5c933aa_30.png,0.11769581881366765,-0.18432926300922398,0.3767249970137115,1.7796772280849984,-0.13698103683362464,-0.48187656874464097,-0.6410150204673096,-0.0034966961916390246,-0.6224487812114661,0.701673504067208,0.19914472542670017,-1.4650836093295916,-0.9990580732264122,-0.15870138815480667,0.2144466222562597,-0.6253114619742277,-2.1179196720414537,0.7217637304092984,0.7927900019332562,-0.07106540056829591
19ef2be7-6425-4194-a4a4-1b4a7fbefc4e_78.png,-1.197903473114652,-0.890973032585188,0.6664116109840174,-0.5922836896847438,-0.5485061135558508,-0.6031320349565488,-0.4160385940156646,-0.4278774241034255,-0.5044798995983171,-1.0762675408942821,-0.05991461939628876,0.8564596598766356,0.9323696302380984,-0.47235905180140786,-0.5258610339081415,-0.48821410453391023,0.7990455227638878,0.4679183602392015,0.6170517961992722,-0.07106540056829591
92da35e0-d1db-40c0-86e2-73b0de7f8784_48.png,1.1756434346395144,2.1881223577012134,-0.06467316565831811,0.9789363549114922,-0.37857354010077787,-0.4962019349851276,1.7105105651090113,-1.22493522864303,-0.3172744069721122,-0.33643364169489415,1.548962089794306,0.08875411930736633,-0.1039222391786889,0.047099278637337455,0.1042989306942874,0.16787862451684846,-0.17750350591038236,0.10012022875211188,-0.5807479304742184,-0.07106540056829591
4a7aeead-7888-4bb1-a39e-eef6dfc4a6ff_76.png,1.7887624982710504,2.3014528573854554,0.6766635186701573,0.8493530701896534,-0.8584599890243889,-0.390750261998591,-0.1478830124101391,-1.0761458283985432,-0.7882255731588542,0.85474124323354,1.4349169571763483,-0.4450751412283664,-0.5342760055477866,-0.37600151417040395,-0.32432651636805676,-0.6317751407760613,-0.3510613144823886,0.7217637304092984,0.7927900019332562,-0.07106540056829591
386822e1-0d1f-45b2-97d0-ac0273ee2394_39.png,-0.09509093089439466,-0.4941410638645549,-0.6088425919335406,-0.4410528989893639,1.0387050163545408,0.1449074189331123,-0.31187015575247024,-0.7389460612755051,-0.6497646385643125,-0.7964172131706875,0.31111564361333793,-0.007871477019937864,0.8049849153928454,-0.1293579404811676,-0.33297366440370746,-0.09240792020001659,0.5263496294063111,0.7217637304092984,0.7927900019332562,-0.07106540056829591
a9e37804-c00a-4e4e-b99f-e267a0056a05_48.png,1.4068828082042624,0.22044578176165808,-0.9651498413355721,0.2417679195528311,1.3103813179802934,0.0837143368789365,3.239093163272342,0.1329101473420935,-0.24413130460768745,-3.225910016492648,0.3195624407773153,-0.7295905218623627,-0.09359374878583056,-0.2697306496226301,-0.15988372776058066,-0.18603963202875953,1.4987911052474094,0.15747695908122578,-0.45401670176212167,-0.07106540056829591
519d608c-1d5a-448f-8835-1d3a5261bbba_30.png,-0.04307179146395858,0.7319450983155038,-0.16370994656858104,0.33433427651606185,-0.07055292676276897,-0.498455699067641,0.06459362261027214,-0.8236423282087028,-0.4119665081263636,0.177900046057036,0.901492077764757,1.6747946248567545,-0.37934864965491144,0.12680242704816785,0.4987887022159917,0.32262127427175447,-1.180223200923053,0.23232977425874307,-0.2886274059362602,-0.07106540056829591
578fbdd2-3bf8-444c-8c21-8d2666ef631c_10.png,0.6756722083707978,2.1783428594595304,1.0964869514714166,1.452669988039722,-1.514674853575213,-0.6554371311300258,0.6186978815567405,-1.0955316341331818,-0.6098684720301379,0.32284403795138567,1.447966550611176,-0.20839365271279947,-1.112671467547854,-0.0008812236398290926,0.5176876594197165,-0.6492281491398155,0.30153905551665455,0.4122351684608045,0.1088783711248847,-0.07106540056829591
8b0863a2-01d3-4fdc-9994-7b50b25bc730_49.png,1.1790242827899062,0.5641169429668932,-1.8238230182678539,0.19127102042274655,1.6352372096623637,0.5435210867059395,5.489022485484581,0.9688099544711111,2.359828729139488,-1.9632817469376598,-0.8916166151442377,0.42191923629824984,0.44693058177375616,-0.11944461356439767,-0.09151806203961643,0.7050794711358683,0.6923009228752679,-2.3081778156635595,-3.7747677673014373,-0.07106540056829591
81faa7e7-ef94-4bfb-ad32-94fd63e1848b_82.png,-0.17151946511769864,0.18410538274113686,1.0284663422385316,1.1061120643191267,-1.328565529364446,-0.5918072814289058,-0.6972554109594902,0.8179863786358621,-0.1008914129389055,1.136251117847608,-0.2962691558466807,-1.7042376362809486,-0.8785590186430647,-0.4902030402515937,-0.07329224980121762,-0.6262431144185923,-1.597385000157569,0.025952042981706006,0.48144061947803934,-0.07106540056829591
92f1a624-99c9-48dc-9309-0fb5c6bc0e7f_28.png,-0.6120536040213057,-0.5081755626964983,-1.127385821354082,-1.0976077096410881,1.2644328456688254,1.1687061641086967,-0.4892353337253957,-0.32775267956712517,-0.5526022138317326,0.17147859427800294,0.1361277827649713,1.0312861454400128,2.949868086976428,-0.15830485507813588,-0.319390210311533,0.8686829815119469,0.5890030667067742,0.502378040397144,0.30805145603712986,-0.07106540056829591
78667ea1-0eed-4d74-b94c-83a1d16767bb_2.png,0.036009173662597954,-0.39331968979823256,0.6354475673160749,-1.221246774854175,-0.5140386612857573,-0.010455496824568793,-0.6126198322871461,0.14135212066231206,-0.4884944875976041,0.5571895670437589,-0.28698902035327495,0.27600516881580295,-0.2313069540239418,-0.4025692303073474,-0.4020199787787191,-0.5945391347077416,-0.06394280301922961,0.6950631835319523,0.7337944299465922,-0.07106540056829591
855258ad-52cd-446f-9db1-1bc38d82eebd_70.png,0.7649563595636973,0.15054744189581387,0.697406818388952,-0.630826752223463,-0.5530223141666383,-0.5168511019675968,-0.2882046602323313,-1.0940064701678798,-0.7414044894349884,0.14740137262523853,0.9331632830350437,-1.2571012506315742,-0.8372450570716313,-0.3482441988034481,-0.3743230952109735,-0.7836715926191521,0.7186867513684402,0.7217637304092984,0.7927900019332562,-0.07106540056829591
a9e37804-c00a-4e4e-b99f-e267a0056a05_47.png,1.6409700262741949,0.284037077115868,-1.157551020710554,0.542552329505271,1.4098789053787235,0.006988336720296765,4.52681353821365,0.39159429901995596,0.7729364326745138,-2.194831433929186,-0.08283832541129743,-0.12895437739609122,-0.16933601166679174,-0.33674473957999496,-0.20717992684363157,-0.22076525389738438,0.5343494237697969,-0.8332578629431497,-0.17396007836407962,-0.07106540056829591
41b05097-d935-4d5b-b15a-8c9cc622e21b_105.png,-0.8483501372225822,-0.9985294737182067,-1.5659556880076693,-2.202999875396902,1.2006721429310723,0.6280772435789201,-0.016546325161373998,1.537532571738208,1.3952925624527528,-0.29048794620938845,-1.4072165424707996,-0.20659631993781735,0.18183266169039197,1.0729303479846917,0.7977541389513162,2.075738493214249,-1.601129747569901,-1.4456969025713935,-2.996005891492013,-0.07106540056829591
81faa7e7-ef94-4bfb-ad32-94fd63e1848b_58.png,0.020366231969964,1.013035288067415,1.0272192887444598,1.9412796249577484,-1.254193272803719,-0.5415578823177581,-0.16795997401131232,-0.48331196140484195,-0.6072183441222122,0.40200125711038864,0.701371318047808,0.7158397688819461,-0.6754320409168506,-0.5350112779153939,-0.48813011484712193,-0.8049637110251924,0.10157683789749335,0.7217637304092984,0.7927900019332562,-0.07106540056829591
258bd669-e070-417c-9e38-6240e5c933aa_31.png,0.97832497230277,1.0761501338945492,0.2819288908819817,1.3134906585345383,-0.48277556727407056,-0.5796518178281068,0.3814155213053147,-1.270903154892416,-0.4507942100896491,0.1025349474378718,1.343306462673904,-0.11311403808094234,-0.654775060131134,-0.16187365276817306,0.06607669580835748,-0.37012648655669605,-0.18976751726675256,0.2251792004511347,-0.3044267898871038,-0.07106540056829591
a6a04226-e7be-4c2a-8240-4e24256bfed9_33.png,-0.8875525278740877,-1.070978630454088,-0.2158918913976019,-0.2848373336232789,0.623478359359512,-0.47545922319914447,-0.7144145984335926,0.1959952771946926,-0.44919509738178837,0.24331674605641063,-0.6030760562878967,1.9538336512665606,0.7464568031666482,-0.45768732796458833,-0.4170021808531915,-0.30326817108286896,-0.1334226642277965,0.7217637304092984,0.7927900019332562,-0.07106540056829591
a653df7d-134c-48e9-9911-e3a0e5f096f4_33.png,0.43039644775439384,-0.1922574861306303,0.2806573297804531,-0.049543074855898275,-0.7964938227315429,0.3301330123864172,0.42944576239642335,0.2912542206898085,1.273886765350255,-0.0170435195747034,-0.4396971905242558,0.6744302593967956,-0.6926461915716146,0.2267287623692089,0.5024979897749403,0.0775820559333274,0.8360864716568494,-1.2648786691598501,-1.3322002500404213,-0.07106540056829591
4af4cf7a-5d36-4d0a-9b11-fcbd77f87c6e_133.png,0.0894292348188796,0.1187043851917496,0.017644492632403492,-0.20684081658987802,0.015651427113116123,0.12062883543437632,-0.09984781649138962,-0.005876656665448163,-0.5438423886972482,-0.10792720787510977,0.3289766148638142,-1.4731434100410536,-0.386234309916817,0.4412531568481106,0.062292489091836864,-0.1604102858740811,-1.2369666143436304,0.7217637304092984,0.7927900019332562,-0.07106540056829591
8b0863a2-01d3-4fdc-9994-7b50b25bc730_9.png,0.36993430395647525,0.5594705289139531,-0.4224495932794964,-0.21022748405305697,0.6925800555455359,-0.20432637390191832,-0.2614228878027556,-0.8177787203011831,-0.6718190950202231,0.34187054494856955,0.8205651432819351,-1.035539591501788,0.7912135948690343,-0.2962983657595736,-0.3553993389425873,-0.15289258484020968,-0.3301997349210999,0.7217637304092984,0.7927900019332562,-0.07106540056829591
00367bac-0715-41b8-93dd-c21b8877a1f3_34.png,-0.02209824092249195,-0.20429707299245506,-1.1104448499263415,-1.6850013194586233,1.2313701076860903,1.822323482846641,-0.08817641030637897,-0.0681535803068521,-0.12063585445705337,0.05646523457369097,0.019889354395273555,0.758190962347604,2.4919716795597084,-0.06313691667714437,-0.33699824022536673,0.6875629897365945,0.0050640038113648166,0.01895360904234463,-0.7600877461715696,-0.07106540056829591
3dbb185d-309a-4682-8409-24f5556e96df_9.png,1.4815940514354602,0.42201665841266084,-0.8941280188880588,-2.476941834029327,1.1234920925643954,0.44672348705951037,0.6444484304835417,-0.09295439215139652,1.1737569603673152,0.45198097800242165,0.03272979493901484,0.7796492193767206,0.8531845372261844,-0.10596248895759054,-0.2913796422345429,0.2517693345383133,0.5510735296729189,-1.2034141623880676,-0.615692385768846,-0.07106540056829591
81faa7e7-ef94-4bfb-ad32-94fd63e1848b_83.png,-0.32379508022540143,1.0016847976656373,1.0817384916172996,0.6621912383395436,-1.2139568319844156,-0.6300450400102151,-0.5160496222113652,-0.24334913639063926,-0.574373534462884,0.89598638549536,0.4319026165558158,-1.6880018384541753,-0.5308331754168338,-0.5667339240490578,-0.45302577908759734,-0.7393027197294616,0.24487965909744103,0.7016812678006962,0.7484172640287574,-0.07106540056829591
6764beec-de30-41fd-ac4d-374023ed0a03_75.png,0.778696348190447,-0.988254355860448,-1.1760334851744483,0.3481480637938892,1.4729180242675108,1.817012367977346,0.6189917647711952,0.4092028697713265,0.26013886118634194,-0.9354219042674787,-0.6031688006073121,-0.7567688579689817,-0.1796645020596501,0.8040809220018907,0.46938148272612584,0.6499547671438566,-1.4471832799059354,-0.32959882911150123,-1.2961187236694385,-0.07106540056829591
386822e1-0d1f-45b2-97d0-ac0273ee2394_62.png,-0.330767451144483,-0.858537524594253,0.07012704688561244,-1.5352813740106153,-0.49888124069900325,0.48651921675495,1.0061548740711377,0.20612897363249336,1.3333579173632706,-1.5701335308853295,-0.7099959605479561,1.0279022765189036,-0.2863922361191863,-0.03419000208017612,0.2223024274771016,0.3458108568000754,1.349785643254247,-1.3658234717417257,-1.8981593043971932,-0.07106540056829591
22df8deb-bec0-46ea-b532-d6d7e8d8d57a_3.png,0.6292043149980606,1.8644780292275214,1.4345985186265526,1.588508824171892,-1.5925065375646994,-0.6431603258686037,0.7645627428022578,-1.476109634720985,-0.7502988781533158,-0.1518647832760871,1.5399642988299076,-0.4385059877448415,-1.1023429771549955,-0.5921120409559888,-0.5583168072349433,-0.9275655696684721,-0.8447407103497313,0.7217637304092984,0.7927900019332562,-0.07106540056829591
268cf2e7-02be-4b54-8659-24b54163053b_96.png,-0.304698694493079,0.2486201793910825,0.22359516967587187,-0.9956531594637539,-0.46803400841468007,0.05892361483561488,3.9477979542720676,0.79113333614265,0.7697998080432117,-4.128875471967615,-0.5419921000644206,0.48395782114310093,0.16461851103562808,-0.5183568886952203,-0.33703777629494586,-0.2513943520807306,0.37054940424987187,-0.7485920262637018,-0.6510896469167973,-0.07106540056829591
a7ab7384-2203-4096-ab14-1eae445ccdd9_8.png,-0.1725235523040684,-0.7125401261283892,-3.4131903951694404,-1.0078071562922595,1.7675211557955472,5.050439603652781,-0.15007800105508473,1.9426484658510972,0.6724062364020277,0.34266625829536834,-1.1700153696784232,-1.1288592395541583,-0.8613448679883008,9.995321106154316,12.26189339408933,6.752245686587407,-1.9593669962046603,-0.6764016587805067,-0.16136112469380628,-0.07106540056829591
a6a04226-e7be-4c2a-8240-4e24256bfed9_11.png,1.0860611977595662,-0.09215616894473246,0.9150016343697776,0.34158178339794787,-0.8683413952837316,-0.6143947542591432,-0.4741416900241188,-0.9068129036028748,-0.6787808161961819,0.2732127152551461,0.5508290526432023,0.13478663019762405,-1.1849709002978623,-0.5940947063393428,-0.6228114907448996,-0.9534382152673123,5.4325747239341355,0.7217637304092984,0.7927900019332562,-0.07106540056829591
95815a0c-6ff2-4053-978b-a34ec048fcec_28.png,0.6072077564534402,1.0395851185448202,1.8671227435470887,0.9860485688483908,-1.829138188633361,-0.6533124665354657,-0.3736983531167444,-0.2056008902375947,-0.017008796428445515,0.9248771522402123,0.5107334932359857,-0.9029236859480854,-1.1952993906907206,-0.593698173262672,-0.6093818113348384,-0.9504524980329504,1.4031841959572398,-0.203550948268873,-0.7313552055594493,-0.07106540056829591
a653df7d-134c-48e9-9911-e3a0e5f096f4_16.png,-0.6248484023066663,-0.6638353258674026,0.24866589648752557,0.9330996047947219,-0.2991332138771293,-0.542268670647726,-0.46979073200190014,0.25944285468405937,0.6911057879997924,0.5260863821134901,-0.47561683721310105,-0.2349060023271328,-0.6995318518335201,0.35361934690386426,0.20006644149324357,-0.23814243635087792,0.15614058987780102,-0.8432990942474509,-1.0792407852729342,-0.07106540056829591
2ec83b5a-f1ad-4dae-bb33-773f1eee7923_104.png,-0.20470294257889277,-0.6666375986819206,-0.8383418124962326,-0.41606939065501647,0.42066964038531923,1.2363023839311522,1.3630987992655874,-0.08411470749633812,1.4474061110635992,-1.7142030858906894,-0.38510244287356354,0.4788545002366949,0.6638288800237814,0.8913181988694663,0.030953548534990803,1.0390467224997193,0.09125538347956577,-1.0892331912687043,0.11515337529672492,-0.07106540056829591
6764beec-de30-41fd-ac4d-374023ed0a03_14.png,-0.16650265386416535,-0.31031778685836253,-1.3883304981382922,-0.584292753283225,1.083920987412731,0.9443825915158918,0.16051722767890775,0.5653169461205758,0.9374045691438023,-0.03312272244572104,-0.5093952011515598,-0.32106203927660754,-0.196878652714414,1.0943431341249148,1.1518962855826922,1.7334826033300648,0.32902752445524985,-1.015901774773657,-2.1109068909355693,-0.07106540056829591
386822e1-0d1f-45b2-97d0-ac0273ee2394_35.png,0.6656858035521154,0.447456553958097,-0.5293113731207915,-0.635674484350351,0.7429468472753141,0.07287685535445511,-0.4667797451798337,-0.4589336210371723,-0.6836117773762415,0.7212392039982942,0.6941481747670551,-0.7151850367276886,0.10953322894038356,-0.23642187118228306,-0.023830460991009026,0.09449218639819665,-0.014590601425997923,0.6577889158114406,0.7278520644268869,-0.07106540056829591
16c36170-95cc-4260-985e-1bc7fbeac4a2_49.png,1.3481072912805756,1.811686842163284,-0.32730791714403784,-0.048752283681791936,0.5004028274755092,-0.3960583888212508,0.060000187710373874,-0.8475633245848793,-0.6793679813591804,0.6110724098430077,1.29467954306321,-0.5611997966316759,0.06821926736895018,0.041944348640617087,-0.18472540930492204,-0.15946266318661484,-0.19995323343950241,0.5333385035854057,0.3764594269732331,-0.07106540056829591
27bb6d3d-77c3-486b-a22a-3741dde393ee_38.png,-0.47210897749556235,-0.21726351344032444,-0.15862507532191084,-0.948080270422873,0.38762990600983505,-0.0901100574174716,-0.575076483898131,-0.03515030466562624,-0.4223066604896964,0.7112244259059939,0.08194346557393084,0.27552548701834767,0.6810430306785453,-0.2804370426927416,-0.3352835730996352,-0.11855690087587475,-0.1492059937626982,0.3204187579737482,0.1755054162751203,-0.07106540056829591
268cf2e7-02be-4b54-8659-24b54163053b_74.png,-0.7260779140666896,-1.5502425204397263,-1.0461488561932608,-1.744210425159203,1.1383425872362711,0.1064804511059542,0.17824807839208576,2.0979083404433854,2.1565032712475607,-0.5706437135308428,-2.3068684801180943,-0.0027172098568361675,-0.09015091865487777,0.13711228704160858,0.29275720094373375,0.855167876535722,-0.9296583461774559,-2.144779597166296,-0.2844479408234474,2.883427859146533
9229a83e-46a1-420b-bbda-57bc886c344b_41.png,0.4425043252400295,2.267736030961221,0.30475881865095356,0.5708512004275109,-0.21778692997050758,-0.577156339698216,0.35009543643334645,-1.241930937749642,-0.7286107573991555,0.5361471444808296,1.4814830185889185,0.45969661899749015,0.06821926736895018,-0.4394468064377316,-0.48355718139917986,-0.6150321666772621,0.9262197726985187,0.6789363574977717,0.6981617767808571,-0.07106540056829591
258bd669-e070-417c-9e38-6240e5c933aa_106.png,-1.3066241554783848,-0.9129217819243687,0.4530060118424935,0.4204997109568167,-0.3309768126797138,-0.5996059993640949,-0.652207356754785,-0.0801716994797668,-0.5377012104392375,0.08231415404689464,-0.23981407500057295,-0.2259672534416698,0.1783898315594392,-0.3236591480498586,-0.38047892553577467,-0.4232326854473999,0.0018033991529709903,0.6833484136769343,0.7584224336436554,-0.07106540056829591
41b05097-d935-4d5b-b15a-8c9cc622e21b_95.png,-0.6454976644612178,0.10705895031092968,-0.8935654546447167,-0.2732842815902096,0.9626847394902053,0.17016834021114066,6.896462954270422,1.4021844314880472,1.138483430534946,-8.047363017879224,-1.2363840940992041,0.27869838708225314,0.08199058789276131,-0.095256095887479,-0.09103237975472243,0.1850617234945136,-0.09834252838467648,-1.1461335019930774,-2.3180642186637526,-0.07106540056829591
9229a83e-46a1-420b-bbda-57bc886c344b_36.png,-0.9140457546282433,-0.6191329986139972,-0.4953240850883357,-0.573629511271448,0.9301117778602525,-0.2003637556346205,-0.6858682880103797,0.6808194900787641,-0.49536164497577245,0.7140990918440049,-0.3362846524153315,0.3842981048093238,1.5727360345953156,-0.36172632341025523,-0.4400910603599669,-0.09808461053102345,0.5786174801443067,0.5779915549158963,0.47512153738967755,-0.07106540056829591
a5f7c55f-08cd-4cf8-8e07-7d416d70c470_0.png,0.25896928114734213,0.15801725232236236,0.7039595428376927,-0.04263090978592357,-0.6250543584157776,-0.5139632964721234,-0.6635975764711712,-0.13099784890244795,-0.6521490550240722,0.9592404130561958,0.337650150416879,-1.5620660352581877,-0.906101659690687,-0.45134279873785554,-0.2677991673587254,-0.759147634812195,-0.5780274163374556,0.7217637304092984,0.7927900019332562,-0.07106540056829591
3dbb185d-309a-4682-8409-24f5556e96df_33.png,0.01662120956002413,-0.3731383910991802,0.4193355704211932,-0.7477778184346725,-0.3519909155653239,-0.2757381532492547,-0.6738327019937583,0.42234504528662875,-0.49982604871467573,0.8966704689378382,-0.1327890347508274,-2.386416437889884,-1.0541433553216566,-0.14165046585796237,0.9556881734862218,-0.4341412978792069,-0.6132376209790671,0.47468858437619244,0.45538082296130283,-0.07106540056829591
6764beec-de30-41fd-ac4d-374023ed0a03_58.png,-0.07962732054923881,-0.4708084520726692,-0.9577130677366009,0.4690319205931213,1.1492455454758579,0.7464369867101459,-0.6305696244467093,0.28441119584963326,-0.5401954934321997,0.5262417989722493,-0.1398761145151665,-0.848026951287127,0.15429002064276973,0.9151101834697142,0.38525375493982067,0.7675056730063411,0.10587897727635166,0.6587017550209225,0.6534528817710206,-0.07106540056829591
a7ab7384-2203-4096-ab14-1eae445ccdd9_3.png,-0.037599910993884406,-0.21644761526193215,-3.6529804204209353,-0.44194090227570804,1.7875021569373521,4.375746980624439,0.11937853248292048,1.0755495402507065,0.17639483375253243,0.011921921882480164,-0.3528845527376243,-1.55147418771392,-0.8097024160240092,14.084370192783584,12.373733322103845,7.237797691940895,-1.7642962339476282,-0.2717856791776464,-0.22341747834688916,-0.07106540056829591
a9e37804-c00a-4e4e-b99f-e267a0056a05_111.png,1.197815526824703,0.20380788208926492,-0.7537322236674922,0.37314874878479587,1.2869688684515819,0.15135002333194367,0.014034871038635757,0.12665480963731945,-0.4436472858529216,0.07527331661873303,0.2356450908061761,-2.567031991216701,-0.606575438297795,-0.023483609010064573,0.568444363381353,0.06869962163315561,-1.7901239274386005,0.3193537788960193,-0.0963455416834273,-0.07106540056829591
75769513-6d94-48cb-b36f-b1f9dc9210d3_21.png,-0.944479351578658,-0.7911419190826677,0.9678269726594214,-1.1366258365450717,-1.041048464364629,-0.5908725798960066,-0.42959345405769545,0.7423982964462134,0.7636893861283225,0.3088999431110758,-0.8819283224570581,0.6177617778951479,-0.5618186465954088,-0.13609900278457118,-0.1331367933826297,-0.39911959604521696,1.5602175032086045,-0.8202499042080325,-0.7314672451071231,-0.07106540056829591
27bb6d3d-77c3-486b-a22a-3741dde393ee_52.png,0.5111004049221474,0.3018351896775004,-0.6668788050815142,-0.9169698953797097,0.942545560092218,-0.13437730745600673,-0.2978795805547624,-0.9909313979762394,-0.738586656491687,0.3171549924782224,0.9648421486228005,0.24973395314136215,1.424694338964346,-0.250300528865761,-0.35114886079225144,0.10071175403173405,-0.40071685727030687,0.7217637304092984,0.7927900019332562,-0.07106540056829591
578fbdd2-3bf8-444c-8c21-8d2666ef631c_22.png,0.38858652329484045,0.6345517086714476,1.215717512355081,1.1314843336401705,-1.2793983181002493,-0.6541787705195504,-0.32067178770318205,-0.970818787075966,-0.7525185247970418,0.5005082375026099,0.9961444123810201,0.21315050011044373,-1.2641559933097763,-0.5984565701827216,-0.6523117829939848,-0.9646526665929883,5.0121520238113675,0.7191012827149761,0.789932271004197,-0.07106540056829591
75769513-6d94-48cb-b36f-b1f9dc9210d3_47.png,-0.2997431423027883,0.3390079120010934,0.07436142291341295,-0.3410282814010995,0.012531859271159965,-0.3771143510056657,-0.5250804149404713,0.02537352363816886,0.0559390385371182,0.9166868174006536,0.21912150346595466,0.6936777670125797,0.34020284771421994,0.007049437893586866,-0.30529790802251466,-0.16350666990748716,-0.32759346417079593,-0.1943464862399303,-1.2313800078542139,-0.07106540056829591
578fbdd2-3bf8-444c-8c21-8d2666ef631c_16.png,2.0692169607206163,3.1955015283169694,0.3872045599930332,1.2368588150941038,-0.4705636826231581,-0.6105443469318453,1.4412534633835552,-1.4131559249899723,-0.7935123287122392,0.2327151790914825,1.7955060857148757,-0.9492588472176953,-0.6685463806549451,-0.5671304571257285,-0.5573303838254342,-0.8523006528386211,1.1207763346923068,0.7217637304092984,0.7927900019332562,-0.07106540056829591
a9e37804-c00a-4e4e-b99f-e267a0056a05_78.png,1.968631126009529,0.9828421738308125,-0.4522262930205623,0.7603688190409139,0.9680439948532996,-0.39607274965448913,0.9084596084441309,-1.4192180582877727,-0.5039217679446851,-0.375183562479267,1.4039517537176927,-1.1445822048873375,-0.1417933706191695,-0.30184982883296474,-0.25299361238656476,-0.3538082738795377,-0.3288466579140924,0.27553749684088724,0.24267835915756433,-0.07106540056829591
27bb6d3d-77c3-486b-a22a-3741dde393ee_103.png,-0.22845117697222753,-0.021336419514760455,0.10562735385380312,-0.8753106241219965,-0.33499968820575265,-0.20407510757650216,0.20804269570409356,-0.9470882682566224,-0.6591149641671601,-1.164091203932022,0.8016408139850641,0.23302292005211653,0.4400449215118506,0.18826505393214152,-0.1436860545614814,0.1258386607262256,0.40101620554486983,0.5480200008712399,0.40889858763826586,-0.07106540056829591
19ef2be7-6425-4194-a4a4-1b4a7fbefc4e_96.png,0.27542949248086823,-0.9435114629678819,-1.7426254548172557,-1.425060373316797,1.4606430897516947,3.742888582677355,0.700669311341886,1.9445302159234912,2.838521306821708,0.007744339393742589,-1.987187150995,0.902223102258438,0.7602281236904592,1.2164753217395206,0.20490530819631533,2.086412642671411,-0.2938512930086675,-2.6334528539756166,-1.4405004536005472,-5.679986198308158
505d1bd8-e981-43ac-b532-853c95be827a_73.png,1.068197685818162,-0.07915699865210728,1.367281870391498,0.07461932151495737,-1.7684813446682446,-0.5631638113065697,0.4682423725018733,-0.9860345027599162,-0.14426745518287576,-0.5246758054805215,0.6812456535076489,0.03864792341209041,-0.8510163775954425,-0.35498526110685164,0.2103109053996266,-0.44404334660457934,0.2792520326084305,-0.03087219780854342,-0.7604160065853386,-0.07106540056829591
4a7aeead-7888-4bb1-a39e-eef6dfc4a6ff_60.png,1.2818234488540967,1.5789392003471812,1.0085100190350298,1.4089111908949203,-1.1866375886510316,-0.5971433452689239,0.4480034499721865,-1.3360353698694873,-0.6755129408553334,0.11366003112896544,1.3222391035653578,0.49733057123232854,-0.1417933706191695,-0.46879025411137065,-0.5140604878352297,-0.7009436821698933,-0.4690035910788955,0.692096456101136,0.7272393663925175,-0.07106540056829591
41b05097-d935-4d5b-b15a-8c9cc622e21b_62.png,0.011796162108368808,0.8531711252313026,-1.7964551197741405,-1.1714852883452458,1.3116978397808863,0.8756474594182484,1.4323669800094918,1.3743215229417858,1.985117659975524,-0.3139727266489236,-1.1358056479071557,-0.3260141420019749,0.3849596394166061,0.5832119982962563,0.33550469995323373,1.6030576401095353,-1.2889282217137534,-1.8096915373523086,-1.6828586709893656,-0.07106540056829591
7483fa58-40a2-4a34-b0a6-a30645af78bb_39.png,1.3440375515700547,0.8466142299971919,1.6408792355410244,0.6252452586085988,-1.8074838756975335,-0.6471232165411752,-0.4679577554514722,-0.5618705970713341,-0.6868248877130833,0.8282179779827576,0.8037608875903324,-1.7178491813379784,-1.1952993906907206,-0.5762507178891569,-0.5591347115012758,-0.9439328052646158,1.4146419745983263,0.7217637304092984,0.7927900019332562,-0.07106540056829591
22df8deb-bec0-46ea-b532-d6d7e8d8d57a_27.png,-1.594070462059535,-0.15799420935765554,1.3788407568824141,1.5322949325244761,-1.4121157176042347,-0.4763040138724087,-0.5882210222761449,0.7647868976634982,0.6414676185117304,0.7733809751821165,-0.6074625019677757,1.4343229046558355,-0.8131452461549619,-0.06591264821383995,-0.13715881541628108,-0.5862186683356513,0.7723586145155877,-0.9130552238386942,-2.767608056438301,-0.07106540056829591
10b42c78-10e5-441c-bc2d-1bc4a35bb63d_17.png,1.2194007634436934,0.6830043456476582,0.3961613489467556,0.10522711246806096,-0.03871215527519618,-0.6185660288637159,0.37410002797016334,-1.6466389784191635,-0.8013741683945169,-0.5849711035383132,1.4532318488943754,1.345028427805464,-0.7649456243216229,-0.5397696748354435,-0.5064907825133903,-0.8380425378345763,0.7335203897940935,0.7217637304092984,0.7927900019332562,-0.07106540056829591
41b05097-d935-4d5b-b15a-8c9cc622e21b_8.png,-1.4598883894867623,-0.9580266001190879,0.21498721094040357,-0.12751590398728124,0.04626793855515075,-0.5505421660814532,-0.6862433065274548,0.37287155883989465,-0.48184615047656654,0.23900082447052226,-0.4720413809503493,1.2193888365955519,1.1492679284881235,-0.3736223157103791,-0.5225254827326793,-0.4473701867237485,0.47935255490098355,0.7217637304092984,0.7927900019332562,-0.07106540056829591
a9e37804-c00a-4e4e-b99f-e267a0056a05_86.png,-0.05809407518538278,0.06783415671715104,-0.36540005554798255,0.791971233131282,0.764762023111663,0.07763020176703239,-0.3357564507793596,-0.8330911420119573,-0.6936533841100854,0.04792183212357218,0.6811398835480164,-0.5947226470715755,-0.29327789638109186,-0.12777180817448444,0.09416997950183938,-0.06688430070460077,1.4128866561021338,0.6369457538616035,0.6053824157078117,-0.07106540056829591
578fbdd2-3bf8-444c-8c21-8d2666ef631c_30.png,-0.7594890292442573,-0.4762815856568337,1.700055211610149,1.4057440672915242,-1.8203948210380188,-0.5444275911772031,-0.5870346507328623,0.21979435801013492,0.16796180111427697,0.7020303817639979,-0.32708548328884285,0.019755462000826073,-0.9990580732264122,-0.5104262271618044,-0.41827592726505625,-0.8458493455031684,-0.11998169025770618,-0.7361165570674489,-0.164575296943295,-0.07106540056829591
90bae25d-a144-44fe-8481-52b9f3c73315_24.png,2.0625970723341345,0.7544759419545978,0.12989339732056468,1.056808121265477,-0.2351381175884956,-0.5426243544669839,2.7019836534576402,-0.6896718609888978,-0.5246314632623547,-2.278195428365707,0.9246312952308906,-0.23673987456614146,-0.7511743037978118,-0.5413558071421267,-0.24311133890395342,-0.6589063049386451,-0.8754862756398484,0.334111346115977,0.08196272400849801,-0.07106540056829591
22df8deb-bec0-46ea-b532-d6d7e8d8d57a_16.png,-0.1740221301848696,0.7635782081124889,1.0546488082265326,1.6665521603052826,-1.1112491071469677,-0.5344657194224434,-0.20735642793804662,-1.0612161210246234,-0.7254157624474592,0.3154141066838797,0.9893222121489813,-0.3924187128292329,-0.733960153143048,-0.566337390972387,-0.6140696058070052,-0.8998259169792617,0.08287944303204288,0.6943024841907174,0.732113644419906,-0.07106540056829591
3b88f35e-b058-4cd6-a43c-563cda6b239f_62.png,1.2493044650813778,2.8669049014009698,0.3146304925874626,0.16567245310534578,-0.23838237237621066,-0.5508008640956971,-0.4169552371292423,-0.19862816529603072,-0.706086277418556,1.1345849603454023,1.024450174629354,-0.8345758167671102,-0.307049216904903,-0.5671304571257285,-0.517506749060922,-0.7458561728567281,0.562051095889162,0.6909554070892836,0.7441719346156647,-0.07106540056829591
19ef2be7-6425-4194-a4a4-1b4a7fbefc4e_66.png,-0.28427815648627214,-0.42682993912085676,2.032441991186586,-0.31316828083834775,-1.91856451157842,-0.5868001684135083,0.13811242611666566,-1.4542160986244153,-0.7207535855886146,-3.064980944257907,0.8228799200823186,-0.0951082806751236,-1.0197150540121287,0.05423687401741182,0.8443464923609941,-0.42664839291787005,0.8205831836629321,0.7217637304092984,0.7927900019332562,-0.07106540056829591
a9e37804-c00a-4e4e-b99f-e267a0056a05_98.png,2.6277514346198187,1.0928645667146246,-1.3925557349894262,-0.03844018972994256,1.4723030674374797,-0.2736163309711153,4.272352790531013,-0.6505859873494114,0.328240526360273,-1.1773986398586813,0.9001634280607077,-1.305022924616526,-0.5342760055477866,-0.3093839572897099,0.042401817535115544,-0.23337678437984272,0.8752577373808089,-0.47861983005942443,-1.5137003357644612,-0.07106540056829591
92da35e0-d1db-40c0-86e2-73b0de7f8784_23.png,1.4494040046205827,2.1175471579541183,0.9003866543868042,1.0503275697308645,-1.0546286347714586,-0.6232222074772182,0.5338898129471459,-1.3931287101156908,-0.7022614697108056,0.2816595593460528,1.4553694409949112,0.9854473225990122,0.12674737959514748,-0.3085908911363683,-0.49784670969521505,-0.6171354768032786,0.8535751713055235,0.5397283780517791,0.6247461373667224,-0.07106540056829591
519d608c-1d5a-448f-8835-1d3a5261bbba_11.png,1.214108060569324,1.372798034113914,0.28804232204360875,2.194866592194301,-0.181004081739304,-0.48115653116985896,0.25589704041394784,-1.2115715672786325,-0.6311325141810789,0.3088147160500221,1.4621661236427037,-0.3476813397968288,-0.4619765727977782,-0.3260383465098834,-0.22525942357747702,-0.49653081884536154,-0.2544915519132783,0.574416268012092,0.534156045126281,-0.07106540056829591
519d608c-1d5a-448f-8835-1d3a5261bbba_94.png,-1.7898532167125407,-0.5233436441960544,1.1756314785520174,1.5053961860944618,-1.1806966130336893,-0.4626555724459969,-0.6789048971144644,1.0711257596749164,0.3406505704937873,0.8377992790540026,-1.019394455616542,0.8840284002088087,-0.3621344990001475,-0.5159776902351956,-0.5186003650013792,-0.7337909363432833,0.06691298965628273,-0.29574770842654674,-1.455428718561404,-0.07106540056829591
81faa7e7-ef94-4bfb-ad32-94fd63e1848b_20.png,1.2033364467522003,1.9016877069536708,1.0166228328117803,1.062541546901454,-1.0277691153638238,-0.6364684053098075,0.8105351820387301,-1.6275188160406144,-0.812279755729486,-0.018979747514520418,1.7984762454347831,0.5561202110376844,-0.985286752702601,-0.5861640448059269,-0.5971478268004461,-0.9223436606021007,0.022508583040265165,0.7111139396320093,0.7845483859393455,-0.07106540056829591
386822e1-0d1f-45b2-97d0-ac0273ee2394_29.png,0.5316866890424725,-0.5614459075152918,-0.3106965849066129,-0.7080211340329188,0.47482892295868395,0.7491538279036801,0.3233251220426902,0.3280320079560177,0.7342982230530579,-0.10023937559382275,-0.47860155207713634,0.777962842722563,0.05444794684513905,0.047099278637337455,-0.13166391589393953,0.04607627772431918,-0.829173108950386,-0.7911151194387346,0.251544520639993,-0.07106540056829591
81faa7e7-ef94-4bfb-ad32-94fd63e1848b_42.png,1.1074185187841947,1.0781482983281323,1.584848345606962,0.10421861537863374,-1.7454013853371118,-0.6339676581729075,-0.051332621644922076,-1.3166200811574993,-0.7705788124406433,0.3242153496235087,1.2817703135602818,-1.9685038405761914,-1.1402141085954762,-0.5972669709527092,-0.6398164724533635,-0.9524876742670426,0.2117911300900816,0.7217637304092984,0.7927900019332562,-0.07106540056829591
505d1bd8-e981-43ac-b532-853c95be827a_37.png,0.16115985229382793,-0.43270167571311974,0.23829436057054654,0.10929495153164777,-0.2001844009654508,-0.33572033157514586,0.021834389098963247,-0.1705090131676733,0.8016195869741598,0.16708159512884907,-0.12620516077108215,0.16755335325760293,-0.5790327972501728,-0.4180340202975085,-0.02621429405894792,-0.30471888136490355,-1.3520810708442121,-0.870151780993044,-0.7738792557363934,-0.07106540056829591
9229a83e-46a1-420b-bbda-57bc886c344b_37.png,-1.2364325380051837,-1.0588730473550372,-0.2879963248453607,-0.3982739326416756,0.6338821048546552,-0.6473630500429981,-0.6782397115036654,0.9801248220859755,-0.18301280258662175,0.5152869803317761,-0.8755608982060844,-0.5065536597738269,0.5330013350475757,-0.3676743195603172,-0.3638395690077467,-0.22824040264791964,-0.9346154094224871,0.0887858085677114,0.3941906772599028,-0.07106540056829591
519d608c-1d5a-448f-8835-1d3a5261bbba_61.png,-0.7798894154883211,-0.5294107102856573,1.2442560024535063,-0.5303975805044566,-1.5436785082496778,-0.5741060767336974,-0.5669059731181867,0.06312735036853978,0.22337224900008326,0.6847382954846778,-0.292861328226178,0.335528663711229,-0.8716733583811592,-0.0012777567164998906,0.7868785082826425,-0.12705133829243645,-0.03112299864723198,-0.3324134166740705,-0.5201380106055209,-0.07106540056829591
78667ea1-0eed-4d74-b94c-83a1d16767bb_64.png,-0.6793202745713534,-0.9560733770091451,1.4285601720898347,-0.25664881089512503,-1.4450747826824695,-0.518134571076696,-0.7311786384033283,0.5559352791041079,-0.4491018194674439,0.5576462448820725,-0.5879658812724661,-1.6075808250751584,-0.9508584513930731,-0.49059957332826454,-0.2519035036206369,-0.7735958580162938,-0.9919898207150727,0.7217637304092984,0.7927900019332562,-0.07106540056829591
27bb6d3d-77c3-486b-a22a-3741dde393ee_107.png,0.18225238639762315,-0.12290035052877334,0.5745287691582801,-0.7474988832881349,-1.1991023241196084,-0.42784899035426793,0.03282017100915599,-0.3171624367097333,0.46150056603307515,0.14186791640753196,0.14754045024324858,-0.12083386727870817,-1.0575861854526094,0.4999400521953887,2.408148176214368,0.13747983665636668,0.6394577503189482,-0.5738593875820379,-1.5348301951412533,-0.07106540056829591
00367bac-0715-41b8-93dd-c21b8877a1f3_65.png,-1.657150828419488,-1.3842704495581477,-0.8320172311321421,-1.2490167194937483,0.8469393729974947,-0.48034005860824575,-0.7640375069345425,2.0559729401725493,-0.07717082919172401,0.5251395607213919,-1.594857171597676,1.2887492343060893,1.8447196149405856,0.5546616167759588,-0.19046073772490757,0.8189956053058254,-0.21637385791689462,0.6157983121752724,0.6881264668266307,-0.07106540056829591
48a4d49c-a4cf-463b-ae33-31db1940e1d3_43.png,-0.4916028259800256,0.34431530275466676,0.058322902335675546,0.22017975837731246,0.12885381979832924,-0.239988164873895,-0.5476586354701469,-0.042322000146798766,-0.21961700326078357,0.8734500967761412,-0.012749089230093961,-0.699587515711865,-0.1417933706191695,-0.5155811571585248,-0.15857163821439177,-0.21832126338659158,-0.6257355575441716,0.13290637035933744,-0.5083060742740674,-0.07106540056829591
258bd669-e070-417c-9e38-6240e5c933aa_108.png,-0.9594482123149223,-1.141548582034201,0.29169972020388624,-0.10592464300640635,-0.3684735127672407,-0.5042837412696846,-0.6639803369064354,0.08215130398091201,-0.49548862586710424,-0.21181462679415097,-0.4731926854363816,-0.8536242472530489,-0.25540676494061126,0.17954132624538396,0.2164335568530435,0.10092195212616664,0.11541786061496076,0.6837287633475517,0.708750725598977,-0.07106540056829591
519d608c-1d5a-448f-8835-1d3a5261bbba_45.png,0.13201019200878258,0.11023216038030044,-0.50314515471939,-0.6047875714142477,0.0402029413442316,0.6480672658971797,0.37151329826485435,-0.5062768704698084,-0.27323935317755493,-0.47671299115671306,0.5986414589606367,-0.3685330496460921,-0.16245035140488617,0.928988841153192,0.5019650341587042,0.6360591341070491,1.0117242484187188,0.39839044045032873,0.07828807453920812,-0.07106540056829591
81faa7e7-ef94-4bfb-ad32-94fd63e1848b_39.png,-2.152972889729047,-1.1906320000149115,1.3933795216457265,1.4123319200652422,-1.4039297162163764,-0.6560280361315439,-0.6394746884244261,2.160784134127549,3.0941279574349463,0.2978318582960758,-2.561678708250985,0.5118651017786391,-0.6788748710478034,-0.5262875502286364,-0.47738752623905856,-0.7017880093266718,1.4195531265252663,-2.841960543408111,-1.9940918204968325,-0.07106540056829591
578fbdd2-3bf8-444c-8c21-8d2666ef631c_68.png,-0.3466588701406916,0.12579589244588812,1.0643030594814313,1.0892089789485637,-1.3151808488956644,-0.6123752765818203,-0.7125159704169218,1.0750658976494285,-0.013349474462661218,1.1482505495632094,-0.42276572988643807,-1.1862504561851017,-0.7580599640597174,-0.4985302348616805,-0.26193125423076286,-0.661555662682742,-1.5646221157361306,-0.04692295390860048,0.5498624293273476,-0.07106540056829591
78667ea1-0eed-4d74-b94c-83a1d16767bb_63.png,-0.8054621924410071,-1.060651947301293,-0.7076303133762344,-0.9157935017959852,0.8583534598499755,-0.021307293866716787,0.7934441234446908,0.861318017462426,1.2974032841535232,-2.061371407503752,-1.1982084314861938,1.1210559698756926,1.1458250983571707,-0.3605367241802428,-0.2936001204932442,0.42218614429997114,-0.1572921610102988,-1.2919595657078138,-0.7246757371612944,-0.07106540056829591
258bd669-e070-417c-9e38-6240e5c933aa_109.png,-1.3035405034235188,-1.2870700557038353,-1.5811658738026646,-0.0866781292249998,1.174614108959333,-0.19096343981247005,-0.47262241599870924,1.7628274120455192,2.150463481632614,0.4101325853530364,-1.9125850283611998,0.6772750485138344,0.8015420852618926,1.8513247774894679,0.2594260244708263,2.0510616725097632,0.1175764036092602,-2.0219266535568545,-0.29690330819066657,-5.248530752328168
3dbb185d-309a-4682-8409-24f5556e96df_26.png,0.6839707721297553,0.4696976751732094,-0.6966998153822881,-1.7054203779429018,0.9887441938945487,-0.020469478447141688,-0.4234887967273043,-0.7474215053639035,-0.6826522391933233,0.6671710621356762,0.6288781551404148,1.0299104153433656,1.5899501852500797,0.1581285401051609,-0.36745824814934996,0.1264140232929474,0.24800984865200612,0.6127555148103326,0.618461931105567,-0.07106540056829591
578fbdd2-3bf8-444c-8c21-8d2666ef631c_17.png,0.01695785748108566,1.3041698140924889,1.2762514697604836,2.2491922835388247,-1.5702244923725195,-0.6350259162971793,-0.09873638671617639,-0.48015421445074696,-0.5659618271740111,0.4550371283064829,0.7144525277277947,0.6134194156999421,-0.6031326081668422,-0.5829917801925605,-0.5758733157422197,-0.8521016236264191,0.5401314051611612,0.6993230998428679,0.763181083535643,-0.07106540056829591
519d608c-1d5a-448f-8835-1d3a5261bbba_73.png,-1.9851502532656875,-1.338532729890207,-0.25535979432139094,-0.040477907987979254,0.31319618327470006,-0.6657890544251497,-0.7273315244168498,1.803067730301678,1.5153725336311359,0.7791149102029578,-1.850696442153449,1.2679519401606079,1.3696090568691017,-0.41486175568414213,-0.3861377879782328,0.24401205147701094,0.7396708637521384,-1.5797321264969886,0.021520751828430062,5.905806578375279
41b05097-d935-4d5b-b15a-8c9cc622e21b_107.png,-1.4277774779182006,-0.9465017621819715,0.5962096911498148,0.17450301553470757,-0.6142990706288226,-0.5521669330049482,-0.7231025790252897,0.9678875201273853,-0.38581107794055053,0.6376161205583704,-0.7252267686142437,-0.08169806765906851,0.08543341802371408,-0.07106757821056033,-0.30429339148947276,-0.33367873851900043,0.12166609703892392,0.5194937755749299,0.34586913038755407,-0.07106540056829591
95815a0c-6ff2-4053-978b-a34ec048fcec_27.png,-1.0719688801835314,-0.7901822258728239,0.2835440443278161,0.8072716450189881,0.1263974448513605,-0.4310593147244513,-0.20292650235030013,-0.4520536959375867,0.36762741973993845,-0.5892953237479709,-0.10999315224398841,2.178543859835602,-0.16245035140488617,-0.5064608963950965,-0.5653086412424183,-0.7470551867477964,0.08237818871333784,-0.4871396626812557,-0.15951149463706618,-0.07106540056829591
19ef2be7-6425-4194-a4a4-1b4a7fbefc4e_98.png,-1.3244765985328688,-1.4601223529147545,0.8185265161067196,0.08900821522155838,-0.7427307321024597,-0.6072700341954947,-0.657722389595902,0.21296403830426391,-0.34155573651830223,-1.7705079672460622,-0.8686839186556795,0.6701162815446059,-0.10047940904773611,-0.48147931256483617,-0.4873495646406743,-0.6629939599216647,0.20828894206898865,0.7217637304092984,0.7927900019332562,-0.07106540056829591
95815a0c-6ff2-4053-978b-a34ec048fcec_18.png,-0.8535653168765147,1.5902229400239891,1.8876778318476217,0.9017161385375855,-1.8106779917588827,-0.6132859919788319,-0.07396565495537594,-0.31437093556588586,-0.5308232975393873,0.6023366721734841,0.6737409611596576,1.5155186554970574,-1.0025009033573649,-0.595680838646026,-0.6575999572254305,-0.9464138063310386,4.913344290515817,0.6213514173662873,0.5755857474169928,-0.07106540056829591
273317d8-7414-4eb9-bb2a-b42c7082fe9b_6.png,0.3764135860903812,0.901499540429798,-1.1144056942556235,-1.28688246307068,0.9324269217019913,0.7338497930405641,0.4918004101975493,0.3174067095545053,0.8682748046125279,0.271532319951573,0.12778989035593463,-0.18194415726667063,1.0631971752143041,0.04313394787062948,-0.05162958144496578,1.0369799443065806,-0.31694223756381346,-0.9468302745895252,-1.2695128467383103,-0.07106540056829591
505d1bd8-e981-43ac-b532-853c95be827a_40.png,0.06932235850780638,0.8860854882513542,0.7727087789728002,0.1738621242080114,-0.729348886704649,-0.48197697172511617,0.00722384109268005,-0.8348455349186099,-0.5976055735066444,0.26044452125709056,1.0012826684542189,-0.24632357658699963,0.24724643417849482,-0.37600151417040395,-0.45150926619838855,-0.5045228177703934,1.2424638744299374,0.46586447201786724,0.3628166115000961,-0.07106540056829591
505d1bd8-e981-43ac-b532-853c95be827a_16.png,1.0261661329848273,1.285052738581034,0.4139176010142759,-0.3157936249057325,-0.5450011899692613,-0.4449405049992001,0.9958327293881061,-1.0178413123344308,0.12498137273698039,-0.055348066168605714,1.169123043375004,0.8328827509131601,-0.03506563655963327,-0.37401884878704994,-0.32750914227560973,-0.3688063954603657,-0.9444203648536973,-0.23116433435570102,-0.37200033904713226,-0.07106540056829591
2ec83b5a-f1ad-4dae-bb33-773f1eee7923_39.png,-1.6193157217139897,-1.2129994826240047,-0.7163417329970085,0.39863156631889685,0.7265076370858607,-0.6628401741403344,-0.6365736368406435,1.827298618827955,0.841326864892171,0.44188148919017856,-1.6188710902247836,-0.3725763719768518,0.29200322588088096,-0.08415316974069666,0.030265009273681604,0.5464202162248704,-0.45431058199763963,-0.8436794439180684,-1.9879196801819174,-0.07106540056829591
3dbb185d-309a-4682-8409-24f5556e96df_4.png,0.2886852345817698,-0.7370413211373491,-1.1659448570975859,-2.839305829698469,1.046204606075535,2.173445321320475,0.5550720107889809,0.4202665226485895,0.7582873165743622,-0.4005425959259779,-0.48818590122111,0.09009089729377819,1.3833803773929128,0.009032103276940855,-0.06493015301378256,1.2274873830057962,-0.8651175500506849,-0.7657077614414878,-0.1477074965766311,-0.07106540056829591
19369012-66cc-4209-a974-c98c915c0a70_24.png,2.5125531402637704,1.9479406529743692,0.9566197113413735,0.3477892999795723,-0.9859299509033718,-0.5772278530466155,-0.030071765914286765,-1.3774836669898973,-0.7912717751429328,0.7102577843477622,1.3893018205113008,0.17380622109413565,-1.3123556151431153,-0.4176374872208377,2.911516804799814,-0.8037034444570779,-3.118955534555947,0.6900425678798017,0.7227012454704669,-0.07106540056829591
41b05097-d935-4d5b-b15a-8c9cc622e21b_94.png,-0.5510918073602029,0.34527423345024216,-2.6352352339073226,-0.6850592679637053,1.5324010546461602,1.675075191498281,7.735759040635679,1.8861787259518743,3.212431472890996,-6.477368001419334,-2.0566300645746827,0.5854274100699051,0.5467726555713868,3.3442718111550223,0.7527168683223702,3.6298425351792183,-0.513078656752181,-4.579549978656943,-1.9384674729622062,-0.07106540056829591
519d608c-1d5a-448f-8835-1d3a5261bbba_53.png,1.089354697503234,0.8885487931855691,0.8946660064373637,-0.11920918102212141,-0.8154588348889046,-0.5325735985540632,-0.2664000121681008,-1.1272692073390826,-0.757487478341986,0.5372204077733336,1.1098441691718364,-1.4874681553471432,-0.937087130869262,-0.5964739047993676,-0.6479938245266128,-0.938039451062944,2.9292003204142003,0.7217637304092984,0.7927900019332562,-0.07106540056829591
505d1bd8-e981-43ac-b532-853c95be827a_151.png,-0.13818644609164382,-0.7304266450380502,0.8840845255114467,0.35078092337938455,-0.8442171344850605,-0.35224618872561214,-0.1769433862011016,-1.076316638975091,-0.6570193107222821,-2.247467898046113,0.5075741003516653,-1.3359701517943,-0.09015091865487777,-0.5833883132692312,-0.5501136937631231,-0.742608221407503,-0.45157431187109937,0.7217637304092984,0.7927900019332562,-0.07106540056829591
41b05097-d935-4d5b-b15a-8c9cc622e21b_84.png,-0.9180169848143734,-0.8239973703091521,-0.7076146622120927,-0.29261241331419413,0.9772935719291614,-0.36898037797006755,-0.6432230155348129,0.3527562493300608,-0.4287466452720879,0.4237528679697463,-0.49699472929216015,-0.6337234701507232,0.33331718745231437,-0.33317594188995775,-0.025490695249095918,0.27705007015268024,-0.4775839569046064,0.4708850876700178,0.23846693523234588,-0.07106540056829591
16c36170-95cc-4260-985e-1bc7fbeac4a2_45.png,1.7382402989598449,2.0380564194885524,0.37977654023823937,0.5116267416193315,-0.523173652500486,-0.5258353857312918,-0.32599853709394244,-0.7886382765646913,-0.7688349227847379,0.9566831994850816,1.205630379134732,-1.2667276976512107,-0.5136190247620699,-0.41208602414744655,-0.2414919366999968,-0.5513593721532487,-1.138002640835698,0.7217637304092984,0.7927900019332562,-0.07106540056829591
258bd669-e070-417c-9e38-6240e5c933aa_4.png,0.6514206284429526,-0.2223879591075414,0.1818878589902689,0.9680626451389355,0.22631397536331163,-0.3294646120390996,-0.6139917001902371,-0.20722619934591052,-0.6184416692808774,0.6397819912554211,0.20148311537678396,-1.648550646697588,-0.8372450570716313,-0.434688409517682,0.07994275346493986,-0.5407133129502285,-0.9382193131204054,0.7217637304092984,0.7927900019332562,-0.07106540056829591
81faa7e7-ef94-4bfb-ad32-94fd63e1848b_84.png,-0.7226019883652605,-0.01288863737787569,0.44395434005168605,0.276667076433355,-0.6660040615351924,-0.4760627276883024,-0.3836721114812709,0.08107722760018463,-0.02459231342688549,0.4271830025633498,-0.06288131896831478,0.20324488011663744,-0.24852110467870572,-0.27329944731266725,-0.10228969702778899,-0.19793059881584302,-0.43683983032616386,-0.08229547327602482,0.4603840995715189,-0.07106540056829591
90bae25d-a144-44fe-8481-52b9f3c73315_23.png,1.6738706449421072,2.003296794192399,0.10096973100888992,0.6911411729081218,0.039766343441780636,-0.500953839398631,2.166567765665965,-1.2106937030717835,-0.736109580533608,-0.7927221092353623,1.5761046250858064,0.867947465861826,-0.38967714004776977,-0.556424064055617,-0.5279802091295441,-0.7714302396914544,-0.7324695011751589,0.5494653296195863,0.41209208013896814,-0.07106540056829591
505d1bd8-e981-43ac-b532-853c95be827a_47.png,-0.6690080724267556,-0.7666862611676806,-0.2255873232248473,0.3535978034349614,-0.2149962459174317,-0.23625538595862103,-0.2614414684064093,0.009951826692904054,0.5374771634207192,-0.043947372820041436,-0.36437658711664206,-0.24290867564415045,-0.6100182684287477,0.3575846776705722,0.9508622095653285,0.5172332704304731,1.2145495780755617,-0.590062283550342,-2.105724638836062,-0.07106540056829591
90bae25d-a144-44fe-8481-52b9f3c73315_22.png,1.7451736727876275,1.8306344326156248,0.046990954625862204,0.9141801716765154,-0.36048745060069465,-0.5661918800439615,2.970765401406292,-0.8260529224452705,-0.30352074469604384,-1.2165918599390027,1.0869268262223633,0.4760120397049036,-0.6306752492144645,-0.35577832726019326,0.1186599137202207,-0.29939313525865746,0.2469069304152865,0.10346730585354559,-0.1985273365431192,-0.07106540056829591
78667ea1-0eed-4d74-b94c-83a1d16767bb_30.png,-0.3490300748908393,0.09708653403025456,0.045347786419300457,-0.918251715761945,0.2438960637420041,-0.2415469780657979,-0.4078931670506526,-0.5271595266985015,-0.636596746158521,0.2983447009236817,0.426191322368982,0.77741827238502,1.5555218839405518,-0.5429419394488099,-0.5218934897811985,-0.36049073929910214,0.6659207932314856,0.7217637304092984,0.7927900019332562,-0.07106540056829591
22df8deb-bec0-46ea-b532-d6d7e8d8d57a_25.png,0.8724934746036365,1.5640018954449169,1.4212767060711071,1.423223308870243,-1.5762385394829173,-0.630399104606047,-0.36274446790949033,-0.08740349528861638,0.22112140501167535,0.997796124761851,0.2048995934750482,0.3186035611713941,-1.064471845714515,-0.5024955656283885,-0.32236876487911725,-0.8357729915772052,-0.5321507215295889,-0.41396038605445523,-0.4398925925657463,-0.07106540056829591
a653df7d-134c-48e9-9911-e3a0e5f096f4_27.png,-0.17587163097097888,-0.5923953628079979,0.20088099608121543,0.6169385954502619,-0.211682291579238,-0.14226694117130964,-0.03901089433203535,0.11887863518627739,-0.48190309152479577,-1.5876478496294077,-0.13963469207002002,-0.8435823228937397,-0.7374029832740007,0.3437060199870943,0.3398442723643993,-0.2715153307340662,0.14908674708736197,0.4558232407135661,0.20518738180397,-0.07106540056829591
855258ad-52cd-446f-9db1-1bc38d82eebd_95.png,0.15451505589338102,-0.4364409696881689,-0.6316840923107153,-1.4134289912932907,0.8555874545000414,0.6392512851759776,-0.40196564480842567,0.0787524725766919,-0.5879469219801434,-0.14597317723499154,0.03752258177709242,-0.954400313200798,0.7498996332976009,0.20888477391902302,-0.1369512192759702,0.3182129016595746,-0.7858306103024273,0.642574928986742,0.6178202286052855,-0.07106540056829591
578fbdd2-3bf8-444c-8c21-8d2666ef631c_101.png,-1.2263530137707475,-1.1510444998455798,1.7924252269548089,2.8548108656040023,-2.017514869430596,-0.6605996421867179,-0.7956301073267636,2.2625962495319905,-0.14868331012107472,0.9609777138499975,-1.5007437745763026,-1.5784089158795982,-1.2779273138335874,-0.5885432432659516,-0.41315993530495765,-0.9462141036652629,0.10826694722460341,0.7217637304092984,0.7927900019332562,-0.07106540056829591
44341a17-f4a0-402e-8f84-ad64321de876_32.png,0.21573231152850444,-0.6273938140854486,-1.8073516377568677,-0.5581683315390877,1.684171389065594,2.4355667969131285,-0.05437612452338235,1.4090234520880855,2.7348518627534424,0.6391011354661075,-1.6306764621083167,0.4030290032271212,1.2973096241190931,0.8381827665955793,-0.08589453839897636,1.6317335158019435,0.4726165348287646,-2.5490912970326627,-0.9009724344141012,4.609129267689216
44341a17-f4a0-402e-8f84-ad64321de876_8.png,0.22054308278673027,-0.5778912307760371,-1.388722004911153,-1.1351565411519142,1.6388508410620923,3.1127371872257332,-0.5408160184979802,0.8565060902104351,-0.20515733233964356,0.6707623140285757,-0.5812863564083756,-0.8781067335986443,0.7464568031666482,0.028858757110480752,-0.00905195073594583,0.6675122641641783,-1.7799976190880777,0.1872963732576351,0.14035318193895283,-0.07106540056829591
3b88f35e-b058-4cd6-a43c-563cda6b239f_23.png,-1.89289100466286,-1.479022560665549,0.8471483030167857,1.4065967757378206,-0.8611278873750348,-0.6666637302543726,-0.7250755294565749,1.089816611482632,0.21879583184136628,0.35622417777123006,-1.3835215056428116,2.0392368851089544,-0.4137769509644392,-0.5108227602384753,-0.4431987811703028,-0.6696704018043265,0.35975530674216816,-0.18833696144417436,-0.22047421193051647,-0.07106540056829591
3dbb185d-309a-4682-8409-24f5556e96df_144.png,0.024715141777061495,-0.560645234522776,-0.22841765999565714,-2.2391719555532563,0.12068103032495375,0.8377952647301158,1.3045742332309234,2.068737818908215,1.9163975800952164,-0.8956821139006287,-2.021499733028377,-0.4162925289725954,-0.7615027941906701,-0.19914776197522807,0.40158033182198943,-0.0486166693158332,-1.4024192823497421,-1.7813935218583692,-0.26335143190096666,-0.07106540056829591
578fbdd2-3bf8-444c-8c21-8d2666ef631c_94.png,-1.007075615867844,0.6598209701510991,0.6312448296124122,1.7236272194881455,-0.5737304447154983,-0.4433934415079008,-0.5457971686607835,0.164688658548204,-0.5487672144285982,0.9297660093066554,0.2567998660502782,0.4372740552024562,0.41594511059518113,-0.4981337017850097,-0.4615630924864294,-0.4868368544322469,1.1256973198809037,0.7217637304092984,0.7927900019332562,-0.07106540056829591
268cf2e7-02be-4b54-8659-24b54163053b_81.png,-0.25533903109550404,-0.5838571320149522,-1.2952790516496906,-1.2196339470828579,1.4642727094476444,3.0748915915803456,-0.6963443420270087,0.58403916090066,-0.4871203029314221,0.8133974176365065,-0.42285293569598154,-1.388600175872541,0.3057745464046921,1.2140961232794958,0.4160496153739458,1.004204212451421,-1.278158214619764,0.6059852906733417,0.5369744447717085,-0.07106540056829591
505d1bd8-e981-43ac-b532-853c95be827a_12.png,0.06436865729394362,0.3018990477649459,1.012927939758387,-0.2514064761443496,-0.986197087631943,-0.47987510077263174,0.5205464621100385,-1.3680448172884696,-0.7162410025242789,-1.4122046525834562,1.211154993196606,-0.3134116905697131,0.5467726555713868,-0.26417918654923894,-0.42246061749402175,-0.3678463391148078,0.6624462198124794,0.647823754441263,0.6762286848647052,-0.07106540056829591
a653df7d-134c-48e9-9911-e3a0e5f096f4_11.png,-0.3639559730035398,0.27422330062008354,0.5053471934205513,0.665417143213776,-0.45202121733150125,-0.3270090452376117,-0.13237687930775233,-1.019267064483489,-0.7219176703884457,-0.12277963605466011,0.9320330632749508,-0.43522906658941185,0.030348135928469584,-0.17456271122163858,-0.340696411378898,-0.4168413081140931,-0.18269439019204142,0.6533007896981545,0.6415193045315521,-0.07106540056829591
75769513-6d94-48cb-b36f-b1f9dc9210d3_29.png,-0.10174222135366251,-0.47810718418444614,-1.2047233116047316,-1.3550711123956418,1.2396515784335052,1.625853471580134,0.14890961489977428,-0.5887709520574135,-0.04229629619178722,-0.5344598659333024,0.24435877998593927,0.07054397323010388,1.8550481053334438,-0.19597549736186168,-0.20909533822587573,0.8902694923174086,-0.21548148949831153,-0.08746822879642237,-0.8171094454434537,-0.07106540056829591
3b88f35e-b058-4cd6-a43c-563cda6b239f_19.png,1.3377916142063222,0.7203811864702866,0.0782552928229029,-0.13812035379047485,0.1973512328790314,-0.3657226143711547,-0.18500612947985517,-1.3321900856165696,-0.7711805782919753,0.3618932466714105,1.1934154008726559,0.6702057960814581,-0.3483631784763364,-0.3783807126304287,-0.40199364951790817,-0.63557730477714,0.20721609296874277,0.7217637304092984,0.7927900019332562,-0.07106540056829591
273317d8-7414-4eb9-bb2a-b42c7082fe9b_54.png,-0.301271096360985,0.7136346224256831,-0.6160057300819369,-0.38620238250061667,0.1734922385122714,-0.12125001579554216,0.08554356290643687,0.08656816709872013,0.33746552218562975,0.3745036034186081,0.0662708290193815,-0.6868762749025203,-0.09015091865487777,1.2374915748030728,0.46792382917403913,0.7880717078804267,0.33462876971524547,-0.44263875121901214,-1.706451063462044,-0.07106540056829591
258bd669-e070-417c-9e38-6240e5c933aa_93.png,-1.1966439930176938,-1.2018259865492196,-0.9858921002744834,0.5249006005779004,0.9415667921423775,-0.5787901898280728,-0.5608353802278271,1.2806348987163683,1.6052685553229031,0.5763035318866672,-1.6374497311625484,1.2207777381752254,0.10953322894038356,0.7568934858780657,0.07570404694860781,0.5969891670054005,0.3291590036565749,-1.8318278881822452,-1.559183630577764,-0.07106540056829591
519d608c-1d5a-448f-8835-1d3a5261bbba_95.png,-0.7343446023599502,-1.0007250001434067,1.5876960529382995,1.0033666293723298,-1.6403858884705804,-0.5977096558408523,-0.7500751123190426,0.8890167931600059,-0.3014418918891829,0.7714260383187859,-1.0129905219038524,-1.9922774234439287,-1.2297276920002485,-0.552458733288909,-0.04407107389532244,-0.8823377484471422,-1.6869956697661461,0.7217637304092984,0.7927900019332562,-0.07106540056829591
7483fa58-40a2-4a34-b0a6-a30645af78bb_6.png,1.4139970173827443,2.047635917310747,0.9432238123038821,1.0043328892700536,-1.2159967496381094,-0.5132863757728686,-0.1231893901545008,-1.020766686439788,-0.781388746334296,0.7501746506748904,1.3741141473025904,-0.8154914779990177,-0.496404874107306,-0.2526797273257858,-0.34736145737547636,-0.6364511160060321,1.2121145044565673,0.7191773526490997,0.7870753311425247,-0.07106540056829591
10b42c78-10e5-441c-bc2d-1bc4a35bb63d_24.png,1.4378518669553786,0.527180782712846,0.4063891146462538,0.036344703102855584,-0.12198855837117369,-0.4555654520081054,1.0838608166108703,-1.9718430315280855,-0.8153543428165693,-2.0479848722760114,1.661704081833778,0.12460984234532245,-0.5205046850239755,-0.5718888540457782,-0.5758884442834167,-0.8426051346358706,-0.48655588126876564,0.7217637304092984,0.7927900019332562,-0.07106540056829591
41b05097-d935-4d5b-b15a-8c9cc622e21b_92.png,-0.9801115828203941,-0.9019164257615908,-0.3590386449772732,-0.9992451460925087,0.7473026019334819,-0.3682895525893533,-0.7635445015842668,1.2302371627568482,-0.39497376395447054,0.9192605108464245,-0.8429823703616564,-1.1189003654920948,0.7223569922499787,-0.527080616381978,-0.3529960600618696,-0.173994595046196,-1.6253714786026068,0.7217637304092984,0.7927900019332562,-0.07106540056829591
258bd669-e070-417c-9e38-6240e5c933aa_45.png,0.028982252866718027,-0.7292700366467567,0.6089540310909468,1.3487386007749054,-0.4456897979013645,-0.3371654266936954,-0.6073280763665999,-0.36955825237654966,-0.6022876292553941,0.10230352726378147,0.05222049418293357,-1.8525685525370434,-0.8716733583811592,-0.5492864686755426,-0.4788154837370205,-0.8483083806374886,-0.7309465978001403,0.7217637304092984,0.7927900019332562,-0.07106540056829591
81faa7e7-ef94-4bfb-ad32-94fd63e1848b_2.png,-0.17574748110416183,1.8621982228976615,0.007727887078102277,0.8888217500690028,0.16254275881316596,-0.4081504580247131,-0.48809974916543286,0.4018927539512693,-0.013157832282884266,1.0970277562894957,0.25679383968769076,0.49220443405536896,0.9254839699761928,-0.2300773419555503,-0.46551305839715335,-0.3051341359445109,1.4995592616333766,0.0260281129158295,-0.4425204676815876,-0.07106540056829591
48a4d49c-a4cf-463b-ae33-31db1940e1d3_34.png,0.0006746388367658092,-0.021901028544319554,0.24589832462540526,0.5919969619117758,0.11291632008368267,-0.23095835791572872,-0.4368225475858573,-0.749181191956005,-0.6761514862644462,0.22103080559638622,0.541418744611245,-1.7259456947080336,-0.6960890217025674,-0.5104262271618044,-0.28529753390454043,-0.6720780791874947,0.6792475350677051,0.7217637304092984,0.7927900019332562,-0.07106540056829591
4a7aeead-7888-4bb1-a39e-eef6dfc4a6ff_42.png,-1.7027721375257308,-1.1270220720676531,0.5779046465647578,0.6776694133567958,-0.3024494320482138,-0.663751816171784,-0.6981067122835528,0.3851122436794645,-0.35477400101839096,0.09972601910589936,-0.7501054657037137,1.4641699593651363,0.39528812980946443,-0.595680838646026,-0.6299060330385993,-0.7956439577588423,1.2407461843077017,0.5397283780517791,0.390578025397393,-0.07106540056829591
2ec83b5a-f1ad-4dae-bb33-773f1eee7923_88.png,-1.6908568524950844,-1.2197661547251875,-0.49660988736085226,-0.8428342452572511,0.9002940298798563,-0.6628457131276416,-0.7852308531385694,1.5253841994513935,-0.27028200519853757,0.8474254408067143,-1.2260320358005714,-0.21103493314138796,2.1580171568572886,-0.525097950998624,-0.4814700362465548,-0.08787558042176533,-0.7330400789712995,0.7217637304092984,0.7927900019332562,-0.07106540056829591
27bb6d3d-77c3-486b-a22a-3741dde393ee_91.png,-0.7060866520601456,-0.4726044444944823,0.4432070559723636,-1.3874072847731032,-0.3205228488670745,0.057338170830334406,-0.6327466518414563,0.27300074556657183,-0.5599470980100895,0.6556784098199403,-0.05705686833727427,-0.43895062481743113,0.3092173765356449,-0.36410552187028,-0.4046017567868139,-0.4149045977932211,0.6484061334624438,0.6130597945468266,0.6780026847567916,-0.07106540056829591
505d1bd8-e981-43ac-b532-853c95be827a_25.png,0.9421506793907167,0.7930125616151756,1.112931467728226,0.04227418273251866,-1.0586715610557822,-0.5542996972233343,-0.5426669562986065,-0.29973852713845506,-0.7094100172687933,0.9240015962019468,0.7124004135475038,0.042645808619322406,-0.8372450570716313,-0.5595963286689833,-0.5061952625495993,-0.854104848811669,1.0784481690435905,0.7217637304092984,0.7927900019332562,-0.07106540056829591
855258ad-52cd-446f-9db1-1bc38d82eebd_96.png,0.9938838095479903,-0.49035640796828683,0.25332548137809474,-1.2107682429103626,0.059622557869171235,-0.29139880583016864,-0.3842948713803942,-0.8090088431164605,-0.5592987946146265,0.19758335350108738,0.3810646791121292,-0.5519621330069907,-0.7029746819644729,-0.3530025957234977,-0.2476087029518283,-0.6411865705259931,1.0213505494694408,0.4614524158387046,0.6341036557016221,-0.07106540056829591
3dbb185d-309a-4682-8409-24f5556e96df_134.png,-0.29136707659741223,0.1417479570420526,0.3362654125318915,-1.3950221832096426,-0.5239026187402451,-0.18560945490095473,-0.03359805481101307,0.25144842088240454,0.035773541195684135,-0.018491475645593124,-0.341213209047076,0.09430341936308768,-0.15212186101202785,-0.08177397128067188,-0.10064950231216044,-0.12473722884658192,0.4308700661420493,-0.09788980977134093,0.026208824175324982,-0.07106540056829591
4a7aeead-7888-4bb1-a39e-eef6dfc4a6ff_2.png,-1.0826049974051386,-0.8008992145323991,0.6620195942100078,0.31992297219990823,-0.5829791047716142,-0.47754560464642637,-0.5089090962272855,0.10512669903200633,-0.4233909591851578,-0.27365483394176676,-0.4196235770864739,1.4326486390605095,-0.24507827454775294,-0.3133492880564179,-0.38454972770016976,-0.570681891437632,-0.7801326864749882,0.490815410410373,0.523043862834766,-0.07106540056829591
7483fa58-40a2-4a34-b0a6-a30645af78bb_23.png,-0.48750391201218213,0.4698664232647374,1.2549360171585555,1.1716438931872046,-1.3327769504781157,-0.6003451631720967,-0.18379777088891583,-0.6510163115268791,-0.6600813753247934,0.032918422467084256,0.6481082947908783,1.334843142549445,-0.22097846363108348,-0.5774403171191693,-0.6138009261067019,-0.8402065007366729,0.8338036310314196,0.7217637304092984,0.7927900019332562,-0.07106540056829591
258bd669-e070-417c-9e38-6240e5c933aa_94.png,-1.554354025256754,-1.5906439744272176,-1.6903674416294763,0.26427049816325077,1.3969587335695297,-0.4221511232877256,-0.5328449395305844,2.0755914017214003,3.126342986469086,0.408701586979458,-2.725758029384214,0.7625198371065153,1.2697669830714708,1.6482998422340194,-0.038947314954942434,1.9313719397304672,0.11702110430801134,-2.8706389085726682,-1.8634345258554654,4.10571337059933
19ef2be7-6425-4194-a4a4-1b4a7fbefc4e_52.png,-0.08320012141366526,0.5658727003541287,-0.3226441223975942,-0.3289129997534562,0.4852218221394969,-0.2932085479133033,-0.44352271326334647,0.01898201073481287,0.32135028349162714,0.9126630019223346,0.27172666033935416,0.5994927645064765,0.42971643111899227,0.02568649249711437,-0.2111610031820101,0.09848673805253802,0.2506785795824673,-0.8040470082397284,-0.28487512372373913,-0.07106540056829591
10b42c78-10e5-441c-bc2d-1bc4a35bb63d_23.png,1.113680723021867,0.8475465139154745,0.4285772511373693,0.45049782253022874,-0.34046985814670877,-0.5248727838994673,1.099157298568699,-1.8978331093555108,-0.8217184633182029,-1.4277904324431208,1.72331577038642,0.29079010053987114,-0.7683884544525758,-0.42636121490759527,-0.418263855056676,-0.7853825664196374,1.0310113939224175,0.7217637304092984,0.7927900019332562,-0.07106540056829591
27bb6d3d-77c3-486b-a22a-3741dde393ee_20.png,-0.20928984393300926,-0.24493438677779075,0.02951757287878686,-1.2444392911729842,0.23468513977119973,-0.004147367232174124,-0.46005232795031936,-0.5999566853931891,-0.6615002992009155,0.11515820322289118,0.4323926575424551,0.5935502258248594,1.6415926372143714,-0.43111961182764486,-0.5218938539792919,-0.34155548908245387,0.17599324729049043,0.7060933239798588,0.7581658200835318,-0.07106540056829591
273317d8-7414-4eb9-bb2a-b42c7082fe9b_57.png,-0.32149784851868185,0.5271501727313369,-0.3199980762579693,-0.6435288759726653,0.584974948762763,-0.2588738110386384,-0.281766481066358,-0.6766355821806017,-0.6213230643867879,0.3810888206078802,0.6409929193189352,-0.9812669913612724,1.0838541560000208,-0.009604951326586647,-0.339781219453143,-0.0021367821974425305,-0.04908548644418033,0.7217637304092984,0.7927900019332562,-0.07106540056829591
578fbdd2-3bf8-444c-8c21-8d2666ef631c_72.png,0.9345374359273241,0.3011124833878779,1.1189274551601833,2.291612578777376,-1.5144490693859924,-0.5742863445997902,-0.08587210577660437,-1.2335940713862845,-0.7131777266394181,-0.19989955641080726,0.9532249465559534,-0.8679796919603507,-0.9508584513930731,-0.2661618519325929,0.09424210881138001,-0.6289235177752525,-0.9264481466867316,0.7217637304092984,0.7927900019332562,-0.07106540056829591
a5f7c55f-08cd-4cf8-8e07-7d416d70c470_4.png,0.20928979553015922,1.8381774801983706,-0.39816079453026265,-0.1030266812275183,0.05894723424502717,-0.40426605727287607,-0.5144197935942167,0.08537148939840104,-0.5066670025835545,1.126136618074659,0.6831265608598992,-1.6555183933453055,-0.3173777072977614,0.24615888312607803,0.4460568568578905,0.3227916780861599,-0.7763361634805482,0.5140928102521619,0.3339355531480881,-0.07106540056829591
578fbdd2-3bf8-444c-8c21-8d2666ef631c_118.png,-1.2043195992393467,-1.0284452436330709,0.25341608479506406,0.7858436733656411,-0.16758818569933925,-0.38568546127141184,-0.5512824725360548,0.5779760122817849,0.32559777617975055,0.2876813161775587,-0.7853391866104137,1.1937324111478078,0.2782319053570699,-0.3779841795537579,-0.39116995634472007,-0.3379043852150091,0.3799111119495917,-0.6478754334841968,-0.8813114039977659,-0.07106540056829591
a3283dda-4e12-48f9-90f3-8f3223c77d46_7.png,0.24213500398720167,0.1184343455583363,-0.7140746324670534,0.39555292056040386,0.8984697533307591,0.5799016168795249,0.19448938404570026,0.1487997766642489,0.3220012580330993,0.032592563247738536,0.04442479325801413,-0.8543717173201822,0.1956039822142031,0.4023929153343724,0.06721194789348842,0.46239579472184666,-0.8629578894449392,-0.45131072370909037,-1.2953480265861175,-0.07106540056829591
505d1bd8-e981-43ac-b532-853c95be827a_14.png,0.1121030644601765,0.2283633665234735,1.5535880636450528,0.2660424072115953,-1.5706294028508017,-0.5395261146681694,0.5818008284981437,-1.4468172918792712,-0.5814817580022134,-1.4420103229783165,1.110438202829572,0.2698130314004315,-0.2175356335001307,-0.5183568886952203,-0.521549439214347,-0.7238357982915945,0.2653177382373015,0.5140167403180385,0.33376747459541806,-0.07106540056829591
3b88f35e-b058-4cd6-a43c-563cda6b239f_13.png,0.9556225579280275,0.7902868057987035,0.42571755345937357,-0.1743974348073002,-0.09997687408312071,-0.4539611156217313,-0.5336510280524233,-0.6181707446191217,-0.7199749295649291,0.8849154232784687,0.8123045492020026,1.0189086945235066,-0.6616607203930395,-0.5235118186919407,-0.5210027708647569,-0.825115180230909,-1.017391875224997,0.7217637304092984,0.7927900019332562,-0.07106540056829591
6764beec-de30-41fd-ac4d-374023ed0a03_28.png,-1.123111116651875,-1.0964440923529892,-0.7196123496845543,0.4135797672696834,0.6594313112906925,0.0649649543111989,-0.3416220376760744,1.3616509967080286,1.3571683226961764,0.039132946665255075,-1.3301025327289688,0.9483010323971914,0.07854775776180853,0.5986767882864173,0.08528133144810686,0.5333177834585867,0.25865102374238025,-1.3422417921634429,-0.29329848984713885,4.864050509194307
8b0863a2-01d3-4fdc-9994-7b50b25bc730_53.png,0.4897520170785609,-0.47668837741705944,0.0591653704806979,0.48318102037510213,0.5262256798278958,-0.1344664688403194,-0.49847453889214977,-0.7540797209651836,-0.6621955937797461,0.0015424980371052635,0.3874093417525127,-0.6100810854282039,-0.6134610985597005,-0.3026428949863063,-0.3571100714718048,-0.6892750019024118,-0.37248986205043116,0.7108096598955154,0.7685866903489842,-0.07106540056829591
3b88f35e-b058-4cd6-a43c-563cda6b239f_96.png,-0.5774865150518712,-0.6591858143351351,-0.7681095259095245,0.019101833313725624,0.7275307094285206,0.07343936525436746,-0.49386376209550814,-0.23657884857261,-0.388117037437072,0.16155723758280738,-0.02354107433550737,1.0255127497316412,0.8703986878809483,0.6066074498198334,-0.09082955240543773,0.5465322669350449,0.3676341604624803,0.5105935932824812,0.5568121581798476,-0.07106540056829591
a3283dda-4e12-48f9-90f3-8f3223c77d46_23.png,-0.14043172268137236,0.21961915505752252,-0.2889366256236863,1.0080110018116877,0.5546140741380121,-0.1295170986674521,0.031244845496058087,-1.2051201961343572,-0.7353035405066257,-0.6918877146691579,0.9859110608957422,-2.1515289636737673,0.1577328507737225,-0.05203399053036203,-0.10801386142014581,-0.007554801999016235,0.48641029408152825,0.7217637304092984,0.7927900019332562,-0.07106540056829591
505d1bd8-e981-43ac-b532-853c95be827a_80.png,-0.4610710919985418,0.42854282894615076,-0.5242419216558811,0.3817587863483799,0.698620225266781,-0.353966654343692,-0.16245516050220488,-0.7061795618514006,-0.5869982001187772,0.14450082719550272,0.6708935672431061,0.6088355782483547,1.2181245311071793,-0.05322358976037442,-0.33207009482510624,0.09865490062004866,-0.15958862288914763,0.4753732137833039,0.2483835698397904,-0.07106540056829591
19ef2be7-6425-4194-a4a4-1b4a7fbefc4e_57.png,-0.9708675046924939,-1.203454335164183,-0.3561532058732117,-0.8194113659230865,0.13534936082772087,-0.3178901097252216,0.12324267868941471,0.46851215315068745,0.8798316456507056,-1.2709539704738124,-0.9220231618108456,0.3971435337253173,0.06821926736895018,0.03282408787718873,0.10917985201294454,0.49563585470155186,0.004042233765265351,-0.8512103673962942,-1.0803670857912926,-0.07106540056829591
27bb6d3d-77c3-486b-a22a-3741dde393ee_97.png,-1.2647184359576467,-0.7039378155814081,1.1743648229346617,-0.547356946999024,-1.0840967898842755,-0.5008077381038556,-0.7390571240291834,1.1265174802883504,-0.4428703960031001,0.8528439205032055,-0.5958863343303051,-0.14802101239433182,-0.4895192138454004,-0.5009094333217052,-0.5109585825032055,-0.7798694286180735,2.391844082164727,0.7217637304092984,0.7927900019332562,-0.07106540056829591
a9e37804-c00a-4e4e-b99f-e267a0056a05_55.png,1.725227857791492,0.20341706652859684,-0.34658495773018705,-0.23108813023693714,0.8018335413797492,-0.3424952255635038,-0.03268110202070781,-1.0937860640822406,-0.6908700576605327,-0.0448221865377756,0.981336905471035,-0.46459643781037613,0.06821926736895018,-0.2308704081088919,-0.39112028183162845,-0.4727439140906265,0.22706221778380264,0.5532688263257609,0.42049600777239654,-0.07106540056829591
578fbdd2-3bf8-444c-8c21-8d2666ef631c_65.png,-1.3859330718277314,0.6117189403434216,2.055266161986126,1.7183868654482226,-1.9495827377169541,-0.6485488242733264,-0.5244911001279245,0.8612794493007595,0.40393597882440335,0.8440153703401219,-0.5199046762783609,0.3429669478697701,-0.8579020378573481,-0.5940947063393428,-0.6103741521779463,-0.9047489353189658,0.23504716459562053,-0.416546763814654,-0.26388207673903363,-0.07106540056829591
a3283dda-4e12-48f9-90f3-8f3223c77d46_40.png,-0.0003122354125194038,0.5014599942233281,0.06120424120141796,1.0163501013513936,0.04175958353196964,-0.36116092164612557,-0.39724183600622476,0.30200428060511464,0.6795949336051851,0.8571382815757503,-0.037354321225492475,-0.47764150088086044,-0.6444465697382756,-0.14402966431798714,0.13679424136482168,-0.2292008558124617,0.7737618408780649,-0.7397679139053767,0.27673434264183766,-0.07106540056829591
19ef2be7-6425-4194-a4a4-1b4a7fbefc4e_29.png,-0.9308632916608622,-0.5859887247328928,0.850223113920649,0.036306787440890484,-0.8345654075090831,-0.4403982417851383,-0.15241853776198347,-1.036030085613097,-0.6777454092717367,-1.988181099114062,0.5208593776247445,-0.018635894712501894,0.03379096605942237,-0.16187365276817306,-0.34922247698618863,-0.43252618117817193,0.849216590632088,0.7217637304092984,0.7927900019332562,-0.07106540056829591
00367bac-0715-41b8-93dd-c21b8877a1f3_92.png,-0.6990303082030268,0.2743840038374989,-1.4074823329607113,-0.6982097030152813,0.8919022752994449,1.073244283078987,-0.2644069327495243,2.8251936986878454,4.362438222726958,0.7483737233601762,-2.9693594830014596,-0.05182091284523556,0.10609039880943077,1.2870582093869225,0.30907874639827315,1.9540912506561028,-0.59629879919723,-3.9289999020328294,-1.2559791116162533,-3.9541644143882
2ec83b5a-f1ad-4dae-bb33-773f1eee7923_43.png,-1.4278648792198398,-1.0194471625639907,-0.5724428348010359,-0.2466930922808854,0.8491833078487735,-0.08720981769660763,-0.6929310851358418,0.4184553873188726,-0.4688725156298196,0.28574525490153585,-0.48805308946334963,0.819393290150582,2.829369032393081,0.12442322858814306,-0.44019603963148973,0.25869166827655055,0.7400245415212617,0.7217637304092984,0.7927900019332562,-0.07106540056829591
a3283dda-4e12-48f9-90f3-8f3223c77d46_17.png,0.585578762628713,0.07513759545448978,-0.6598089289967857,0.662999352807441,0.9339820865277776,0.2590780125084688,0.1620869790109093,0.46604325484139275,1.0788561568814052,0.39350253009488845,-0.39800369035032124,0.5187875509213219,-0.22442129376203626,0.008635570200270058,0.14644550531741918,0.27095090601907706,0.11546068534231217,-0.8799648024949746,-0.13402145236265178,-0.07106540056829591
78667ea1-0eed-4d74-b94c-83a1d16767bb_27.png,-1.185413458189341,-1.4007239433000909,-0.6855138820536067,-0.7739015090248096,0.47131608039939704,-0.4276147278754192,-0.5874226756724952,1.122815509228576,0.5834329427374825,0.34528516821063276,-1.4483434623328726,1.1392430438762005,0.026905305797516803,0.5391968267857977,0.34586134931265794,0.7799462300290184,-0.5954059828013791,-0.5591018203620802,-0.09006262328786933,-0.07106540056829591
386822e1-0d1f-45b2-97d0-ac0273ee2394_2.png,-0.1374711198448553,-0.5484669943077596,-0.6844438169860717,-0.08103851073161777,1.2031389206038432,0.39852508237887013,2.1966770145331744,-0.9773230108085819,-0.6075816670235568,-9.106226464228865,0.2625029586407784,-0.8197890337694593,1.331737925428621,-0.49099610640493535,-0.4571549148887747,-0.22208606342542578,-0.17870100912489384,0.6602992236375159,0.6569825313770605,-0.07106540056829591
16c36170-95cc-4260-985e-1bc7fbeac4a2_30.png,1.034645404839937,1.3972280101334265,0.002398364689402842,0.5090062957126811,0.46823805964377,-0.38786245650311757,0.16070551112926423,-1.3237669863090173,-0.7925305593419921,0.30561625763635303,1.486856481503188,0.7460462366177694,-0.16589318153583896,-0.4017761641540058,-0.45393067135448084,-0.638428927777949,0.6367837278293436,0.7217637304092984,0.7927900019332562,-0.07106540056829591
a6a04226-e7be-4c2a-8240-4e24256bfed9_3.png,0.49645582415732903,-0.27250840402148874,1.465921778681044,-0.529401906203666,-1.6595993280013468,-0.5840623489050011,-0.13776494469056952,-1.3887283903560066,-0.7288237386583968,-1.0314100731257967,0.8674578963540956,0.21638141479842157,-1.0541433553216566,-0.3847252418571615,-0.012256281442909769,-0.7488028779649246,0.2260168689173372,0.7000837991841028,0.7448876144227174,-0.07106540056829591
27bb6d3d-77c3-486b-a22a-3741dde393ee_74.png,-0.6151393234420713,-0.3939390752576253,-0.343385247414911,-1.111833761156165,0.7312879090304093,0.47623312119798306,-0.5061000186315884,-0.5681135730367033,-0.6338438415367108,0.16863887273557018,0.3035296160449224,1.0365381854047426,2.4437720577263695,-0.47672091564478664,-0.5256594017842602,-0.1888230346504026,0.9690752618352104,0.7217637304092984,0.7927900019332562,-0.07106540056829591
386822e1-0d1f-45b2-97d0-ac0273ee2394_33.png,0.3721905193719185,0.25079945260106745,0.538312903753791,-0.841314501888204,-0.3750207062397207,-0.4029432185350343,-0.5295905468006559,-0.24613463638400296,-0.6632804554286669,0.6544786358312689,0.479177598873404,-0.8942119990043638,-0.3827914797858642,-0.43587800874769445,-0.4806367326173782,-0.7258786998027571,-0.6760712846558715,0.7217637304092984,0.7927900019332562,-0.07106540056829591
78667ea1-0eed-4d74-b94c-83a1d16767bb_39.png,0.03711948544051209,-0.05236704315298856,-0.33887088189807507,-0.5541216984960229,0.792825218355833,0.3482070775653283,-0.573918602613784,-0.2254120516538248,-0.6562319543161041,0.7068147561862972,0.3676077152841263,-0.3016542481814702,1.0184403835119178,-0.4727555848780786,-0.4741449529158639,-0.35649846709796956,-0.14993572284180925,0.7217637304092984,0.7927900019332562,-0.07106540056829591
268cf2e7-02be-4b54-8659-24b54163053b_6.png,-0.7203485840221897,-0.989264887296263,1.9870465387384026,-0.275989726913014,-1.7611434877226853,-0.5046581454311534,-0.6320483308208085,-0.06504458571669615,-0.484415425154271,-0.1532899207404237,-0.27944690925447657,-1.4647572172844492,-0.937087130869262,-0.5714923209691073,-0.524809801834794,-0.8848091550478433,-1.088750006293362,0.7217637304092984,0.7927900019332562,-0.07106540056829591
519d608c-1d5a-448f-8835-1d3a5261bbba_13.png,0.2279181134299782,0.5123537506702341,1.1286138632868874,1.1509071901938062,-1.1901209820134193,-0.5836617987666339,-0.5272397907617477,-0.3660639606210756,-0.6822941654053503,0.828587403927331,0.647940289569353,0.1784924701597053,-0.8200309064168675,-0.5853709786525852,-0.5896167808059021,-0.8961787741081311,3.0917152776773364,0.7165149049547773,0.7811925817991255,-0.07106540056829591
41b05097-d935-4d5b-b15a-8c9cc622e21b_51.png,-0.5393904192477519,-1.0535068641089662,-1.6187023821509583,-2.3965820850550092,1.4347249492016625,2.0249285554222323,-0.38588506137641515,1.0641610343205956,1.0675740069414694,0.5236332718672685,-1.1464235438705266,-0.16910654698628816,0.7051428415952148,0.03322062095385953,0.350464385538906,1.8093103784023334,-0.13756966377655128,-1.060935175774765,-0.5081757593523905,-0.07106540056829591
19ef2be7-6425-4194-a4a4-1b4a7fbefc4e_5.png,-0.31544847474597126,-1.0227173383743784,0.3493922654022006,-0.5912776815608102,-0.14484065493917,-0.19808834290051922,-0.6498730135824373,0.1886298601399999,-0.4842980028190396,-0.03284184820894876,-0.44552221807352965,-0.03716254335268517,-0.8062595858930564,-0.24712826425239462,-0.11466199913831066,-0.6240170304622267,-1.3075555230320322,0.7009205684594613,0.7467364785020713,-0.07106540056829591
6764beec-de30-41fd-ac4d-374023ed0a03_16.png,0.9996805061480091,-0.8662233326260852,-1.5338053354554082,-0.963223671531538,1.3786259301862986,2.090852868269922,1.4504905008132163,1.8011103280118,3.5449073068452965,-0.07470636636590539,-2.222027720877694,-0.28891919348154377,-0.6272324190835117,0.5732986713794863,1.0478782916448133,1.2408603969732348,-0.5801198355550541,-3.5294045380821197,-1.613651079557767,2.4707306995983336
4af4cf7a-5d36-4d0a-9b11-fcbd77f87c6e_140.png,0.612373813035268,0.2054905465363507,-0.19546264224157756,-0.31919998691068197,0.5171377265579512,-0.0053837392418172505,0.36245556366045045,-0.7919951839995492,-0.4932086789409367,-0.4796345809887192,0.7937314769917325,-0.8684913944620581,0.13019020972610024,-0.405344961844043,-0.381461727809493,-0.42204737752275256,0.011819404084426955,0.3741241314649344,0.12684560256810581,-0.07106540056829591
41b05097-d935-4d5b-b15a-8c9cc622e21b_61.png,-1.4316379078165384,-1.0604515149729277,-1.2914809511541543,-1.358627790229654,1.0922622153663664,-0.3362375803904443,-0.7281970708703801,1.2239170410409081,-0.2708999988708486,0.7893502115985529,-0.8812257648706578,-0.23101870680256964,1.8481624450715382,0.9166963157763973,0.07064186010175831,1.760574741630917,-1.3225989866990133,0.3327420873017541,-0.06676371641376144,-0.07106540056829591
273317d8-7414-4eb9-bb2a-b42c7082fe9b_33.png,0.9005889878376596,1.0230795712076104,-0.8833571390436769,-0.1921485899329521,1.3011130129602424,-0.22607032633367113,-0.19423170887059663,-1.2637012362489732,-0.7142600842445647,0.6253038972944907,1.1653262125772637,0.9260688664377574,0.6741573704166397,-0.044499862073616864,-0.2532680723950076,0.032907947760720375,0.4114629609916429,0.5503781688290682,0.4141090227709896,-0.07106540056829591
3b88f35e-b058-4cd6-a43c-563cda6b239f_46.png,1.8513270097993062,1.377935175097354,0.5508933189012649,-0.32806193177971493,-0.6380535539068518,-0.538973806763988,0.839140950393634,-1.1812663172991975,-0.7896416853562104,-0.33514061661851097,1.4405492706539367,-1.870579679940646,-0.9508584513930731,-0.48425504410153175,-0.3460587490522105,-0.8125281082487968,-0.1304112831265449,0.6930853652447414,0.7294243875772091,-0.07106540056829591
19ef2be7-6425-4194-a4a4-1b4a7fbefc4e_126.png,-0.07358811060773486,-0.21174793127938177,-0.04223778986710222,0.46490707626131805,-0.4803660398627681,-0.26580047326922995,-0.2979796061377644,1.8926155390859112,0.4484546898909122,0.47150222815541054,-0.9856859959082512,-1.661496130621996,-1.1539854291192873,0.7628414820281277,6.174305711148792,0.673437724937299,-1.5047842188327285,-0.4913995789921713,-0.9162719100562297,-0.07106540056829591
a9e37804-c00a-4e4e-b99f-e267a0056a05_61.png,2.649950867119252,2.7213977052383287,-0.7447381211069442,-0.29599583937845986,1.057442463218092,-0.17095617706533664,1.0464574421027129,-1.6781006187024579,-0.821678516819654,0.27640790632507556,1.8568957400691315,-0.453031707591266,0.3264315271904088,-0.4378606741310484,-0.3367616359643888,-0.2977550332813049,0.2813113978689376,0.7217637304092984,0.7927900019332562,-0.07106540056829591
386822e1-0d1f-45b2-97d0-ac0273ee2394_20.png,-0.289114840337691,0.27518628329410605,-0.005269461998556265,-1.3387349038592007,0.3295576338660988,-0.08079247215111114,-0.580181814428686,-0.23036989280840983,-0.622020307581317,0.8187726096956865,0.32719595517441064,-1.238676209712043,0.44693058177375616,-0.48147931256483617,-0.3870270619499181,-0.34281067669408655,-0.8573050374712415,0.7217637304092984,0.7927900019332562,-0.07106540056829591
6764beec-de30-41fd-ac4d-374023ed0a03_30.png,-0.5160617169960747,-0.7993360556284163,-0.651844058915552,0.500352205359858,0.6926433963445501,0.0991309646376359,-0.3228831892146883,-0.544345542950735,-0.5629311822875217,-1.137426232931834,0.15690874720340944,0.2079691870577342,0.30233171627373934,0.136319220888267,0.14882863452693665,0.5501267703436263,0.031804398881139666,0.5340231329925171,0.37797213394724916,-0.07106540056829591
505d1bd8-e981-43ac-b532-853c95be827a_53.png,-0.6278378523486874,-0.4442276625817218,-0.5241949677961492,0.46552985268137226,0.2054398315184779,-0.3570417338342219,-0.24105049460349032,0.08153565943116975,0.7265405310962579,0.1911438816141285,-0.3104789540606951,0.2716001686436579,-0.2691780854644224,0.43490862762137783,0.3912488511806705,0.5031564151422729,0.15246103885518578,-0.7621324745376836,-1.5444490855953805,-0.07106540056829591
2ec83b5a-f1ad-4dae-bb33-773f1eee7923_77.png,0.28121415540984035,-0.26285408626562096,-0.17315143899535057,-0.08268428017493049,0.43908412550835907,0.24758783515102373,-0.10157426424753682,-0.8015631583716933,-0.21538290606602176,-0.04688758994978948,0.4570536618258254,-1.0168584402642165,0.006248325011800113,-0.2669549180859345,-0.19319947927675288,-0.17228290737002067,-0.1626755256826867,0.06588875839653995,0.2798387141545898,-0.07106540056829591
27bb6d3d-77c3-486b-a22a-3741dde393ee_76.png,-1.2206340250366847,-1.2381184468906679,0.365179959677274,-0.8720192718955956,-0.2192440189000239,-0.5873726666830651,-0.6823776119373228,0.3205496258257832,-0.42249773424638,-0.2556410453686827,-0.6573131899085272,-0.4691271728899236,0.24036077391658925,-0.2300773419555503,-0.3980417612413814,-0.43027005688614733,-1.0128541218943965,0.668971196127594,0.6761434863812765,-0.07106540056829591
273317d8-7414-4eb9-bb2a-b42c7082fe9b_55.png,-1.0712684167656576,-1.0407093735597317,0.2086502195251557,-0.9929695246482781,-0.12350148319691535,-0.1588685208315462,-0.20295499260923555,0.9535473786851453,0.3622909752822052,-0.7765865700715795,-0.8753767369269544,-0.900108471554571,-0.196878652714414,-0.06591264821383995,-0.09739544637305657,-0.1243146543700736,-1.5878178289238418,-0.42286056834690394,0.36474873651013096,-1.5811594614982587
519d608c-1d5a-448f-8835-1d3a5261bbba_19.png,0.8321672897928307,1.5075067532401791,-0.43896112144551835,0.2296818117832735,0.3134720599104023,-0.4217851931497335,0.3679863900146731,-0.6946053081496194,0.19086518927155868,0.4910289039374278,0.9779580238658956,0.23603561176011398,-0.007522995512011013,0.11966483166809348,0.02501112976882106,0.19152392769638743,-0.2577974100630745,-0.31522161156216105,-0.8446304033800048,-0.07106540056829591
3b88f35e-b058-4cd6-a43c-563cda6b239f_63.png,1.4205942006559698,2.0153601131640992,0.43157522176002966,0.48803875429981786,-0.7040756772271639,-0.42923792478441186,-0.2699399268408397,-0.5013678337008357,-0.5843914214043235,0.9716561788602994,1.2026249227572394,-1.1316972847114954,-0.8200309064168675,0.097062446297858,0.46526485966846165,-0.29145678809884357,0.009727694095866688,0.3975536711749703,0.23366730236278796,-0.07106540056829591
3dbb185d-309a-4682-8409-24f5556e96df_43.png,1.1719627492564855,-0.031942685409973415,-0.9615973834222624,-1.613757051242533,1.1493853109316325,0.12482550655443568,0.6677577977669865,1.2916803931640453,0.6570470780836699,0.06987876398053902,-0.5633086778719326,0.6457358336113114,0.5261156747856701,-8.815748648749673e-05,-0.15096366548334123,0.3273500094824674,0.9813768548700207,-1.1368529700300112,-1.1961184658950479,-0.07106540056829591
258bd669-e070-417c-9e38-6240e5c933aa_11.png,-0.2544965102289079,-0.5149841635497698,0.003864807038896853,0.9033563961130874,0.04528690364579837,-0.35467757565749064,-0.614823801557191,1.4597624694027806,0.2677851166284498,0.8830504442804004,-1.0244447800442555,0.38253304685391337,-0.923315810345451,-0.10080755896087017,0.9260731257508701,-0.1524584888164535,0.10707490960691382,-0.282207260152565,-0.25918704267426446,-0.07106540056829591
92da35e0-d1db-40c0-86e2-73b0de7f8784_30.png,0.12243430289685973,1.6390868593380397,1.6594381247691972,0.7812623098780794,-1.7877119390655682,-0.6572705066194546,0.7889451399466986,-1.283054081142845,-0.7088835532732324,-0.19175495293914688,1.4762325924306021,1.2226028369137387,-0.7442886435359063,-0.5675269902023994,-0.6161053762768165,-0.9016232364134203,0.3740550773225236,0.5932816116747184,0.5089053264760588,-0.07106540056829591
19ef2be7-6425-4194-a4a4-1b4a7fbefc4e_60.png,-0.7996089078824667,-0.9461612626906989,0.4105850428350638,-0.6607713144685609,-0.4399208512336952,-0.17800281137664448,-0.15122999848160806,0.6901379396599447,0.6536073234902975,-0.39804602617488194,-0.7912203182991006,0.4455023824401149,-0.16245035140488617,-0.3605367241802428,-0.15402158285233358,-0.15214751209793476,-0.6659799518196815,-0.6937456037606632,-0.3845235877439677,-0.07106540056829591
6ab94b0b-0d10-4c2a-a48b-13560294cd7b_6.png,2.389889642298819,3.543103068808471,0.3067433387427602,-0.08656680584188485,-0.3985997860033936,-0.5845540974725846,0.604325784630679,-1.0635494594828618,-0.741384107159256,0.7547349156230246,1.5108086033392045,-0.8217132357917114,-0.527390345285881,-0.5691131225090825,-0.5915697735873504,-0.8570533578399694,-0.004419449069300359,0.7217637304092984,0.7927900019332562,-0.07106540056829591
386822e1-0d1f-45b2-97d0-ac0273ee2394_8.png,-0.3898566245692228,-1.5067828543583963,-1.5685301839615318,-1.2934412281268077,1.518999761726863,2.5147075273867467,-0.08535525531830705,1.0106967217076568,0.7496010498825206,-0.3182657729792108,-1.3728322865018894,1.7437211460224014,2.5057430000835197,0.20174717853894866,-0.23476977376918104,1.3172051991203424,-0.5197208833609595,-0.740756823048982,0.1938870264173674,-0.07106540056829591
386822e1-0d1f-45b2-97d0-ac0273ee2394_18.png,0.5056645578806144,-0.4240270255190903,-0.23305007746557607,-0.23982625618054865,0.934913025602243,0.1094818232728594,-0.28678726985028896,-1.2527022339627467,-0.7064335617593074,-0.8896187764007165,0.6291015971053188,0.8589230731085986,0.5502154857023396,-0.5457176709855055,-0.5711419873681326,-0.6680858069863622,1.331604075516967,0.7217637304092984,0.7927900019332562,-0.07106540056829591
273317d8-7414-4eb9-bb2a-b42c7082fe9b_10.png,-0.04939799153141801,-0.09603869014821419,-0.6662785514922852,-1.180805424032924,0.7965064439013222,0.5873378479694858,0.12456066284191038,-0.34806201478806365,-0.10583997316281622,-0.30194497259930103,0.3758822822565648,0.10605986558062928,1.4832224511905434,-0.011587616709940636,-0.306108034725071,0.35804445522344125,0.19882120423234775,0.059955303534907474,0.4570438771130554,-0.07106540056829591
273317d8-7414-4eb9-bb2a-b42c7082fe9b_34.png,2.064457288110536,0.28136243570874475,-1.885258059618899,-1.1802647283611147,1.5998362598573383,0.14821034366230296,5.429519960344283,1.267712731577176,2.936487619448792,-1.1049579896571988,-1.2453696795572924,0.2994005778447341,0.5502154857023396,-0.21699175042541397,-0.25627307944326055,0.43524580298079035,0.8247807483773035,-2.6504164492851556,-1.5645607677826976,2.883427859146533
519d608c-1d5a-448f-8835-1d3a5261bbba_87.png,-1.1044452648623446,-0.726432706557126,-0.6130121727192682,-0.21685722042951205,1.067528312365559,-0.3121377790662591,-0.6989248781977664,0.10151962791894198,-0.5411489181015985,0.6216696075038657,-0.3182356760274695,0.2580296016143396,1.472893960797685,-0.39424203569726063,-0.3854774113438027,0.01934544440865165,-0.37501688918958936,0.7217637304092984,0.7927900019332562,-0.07106540056829591
81faa7e7-ef94-4bfb-ad32-94fd63e1848b_80.png,-0.45796543363971515,0.7970991160187014,0.5162744513355162,0.4777233355788794,-0.5177610719486799,-0.6020858670605419,-0.34356618817169654,0.12923444388995312,-0.13508365572179973,0.7203559428456872,0.2619808046391488,0.5549350403765886,-0.13146488022631114,-0.2701271826993009,-0.3828688861211411,-0.5061541026429622,-0.3236897801945843,0.017660420162245248,0.20808074776778196,-0.07106540056829591
90bae25d-a144-44fe-8481-52b9f3c73315_20.png,1.4831167614892546,0.48333579289910816,0.724392637502309,0.9047553905347689,-1.0080856027886747,-0.596072843802655,-0.2838233538908118,-0.8570605095761143,-0.6999216359008436,0.32673214599374895,0.8278258679065839,-0.15433459736652913,-1.0093865636192705,-0.324848747279871,0.15256729097928115,-0.6572958301934926,-0.25554965055738593,0.7168952546253948,0.7820329745624686,-0.07106540056829591
19ef2be7-6425-4194-a4a4-1b4a7fbefc4e_33.png,0.01787402506965435,-0.5268035068471745,0.0193482318617273,-0.4361893926007731,0.28386509772078117,0.038604274209294784,-0.624379806016239,0.014398931930331304,-0.5600196500957516,0.5863033800008626,-0.015562588452519566,0.04807063733915892,-0.02129431603582214,-0.36926045186700035,-0.3574840817627055,-0.45934830089384715,-0.21235715844513905,0.6044638919908718,0.5336128737183362,-0.07106540056829591
2ec83b5a-f1ad-4dae-bb33-773f1eee7923_97.png,-1.2582187836729877,-1.4556607430320034,-1.4827815698802596,-0.24975686745707187,1.0837465821867953,0.28725088667627946,0.6695904646406868,1.8629615859582525,2.2307130793701315,-2.5179781145140456,-2.0486812986283707,0.7277391924076734,0.9323696302380984,0.8516648912023864,0.03322639075737889,1.5224312766934949,-0.3019447932918509,-2.1745990113427056,-5.281030883365538,-0.07106540056829591
92f1a624-99c9-48dc-9309-0fb5c6bc0e7f_29.png,-0.5684709598078093,-0.43587736173610653,-0.7244230207529033,-1.4276462429329189,0.9223030404720655,0.9743209735158427,-0.5681186671833119,0.2497269288252133,-0.04775779257384547,0.7408517925281891,-0.27632618314473495,1.2108933839137253,1.0390973642976347,-0.23364613964558748,-0.17502103247384104,0.5027985093964196,0.7594058816477669,-0.07385171058831708,-0.6909721553584287,-0.07106540056829591
a9e37804-c00a-4e4e-b99f-e267a0056a05_74.png,1.9999038108633433,1.610943799976245,-0.13121006812362035,0.792328116807322,0.6129836244357963,-0.40133888214866015,-0.16919341641718397,-0.9983573373442002,-0.78893521798529,0.732564896313139,1.3634640719087037,-1.8985384841481021,-0.6237895889525589,-0.5679235232790701,-0.4459071718741943,-0.7604783922125725,0.4405279485547395,0.7217637304092984,0.7927900019332562,-0.07106540056829591
2ec83b5a-f1ad-4dae-bb33-773f1eee7923_67.png,0.04230699153989823,0.36766055634370814,-0.008165130716526749,-0.28988311212213563,0.25016564564448357,-0.0868889504193328,-0.5378979346941818,-0.24042173075984347,-0.6666651360300098,0.8177184598902484,0.5329900394729621,-1.4612121462522754,0.05444794684513905,-0.26576531885592214,-0.3487124470264338,-0.423986878117115,0.273134325939522,0.7217637304092984,0.7927900019332562,-0.07106540056829591
a5f7c55f-08cd-4cf8-8e07-7d416d70c470_12.png,0.9064515936120838,0.25396973803969153,0.9074177401084262,0.30814742927891214,-0.9722665300802665,-0.6012391958908754,-0.7378921201801026,0.47215089246110226,-0.6025620012589827,1.1462062502976689,0.012193672976815442,-0.7843981132557143,-1.0300435444049871,-0.4806862464114946,-0.3772714642807093,-0.8543918430392143,-1.0603989920589179,0.7217637304092984,0.7927900019332562,-0.07106540056829591
519d608c-1d5a-448f-8835-1d3a5261bbba_6.png,-0.8605131304923986,-0.2821623470938805,-1.8818287370627926,-0.5909687613911015,1.6191748697394979,0.15461541941670737,-0.5996920676184243,-0.26273511788311016,-0.5359228532461503,0.7044728603683671,0.03371347526297991,0.7060747850502448,3.52137788871459,1.75298457447511,-0.061484688196194404,2.4287572034529994,-0.14711266167405193,0.5246665310953275,0.3572984719690171,-0.07106540056829591
2ec83b5a-f1ad-4dae-bb33-773f1eee7923_63.png,0.3011882360266364,0.1727385138799004,-0.4429710654877146,-0.22471110700963187,0.6624927596750576,-0.1253263282517733,-0.3027984856953263,-0.861707904923484,-0.48978515283942453,0.42585243684359486,0.6826437015074414,0.5539873962806876,0.212818132868967,-0.057981986680423994,-0.14593596036296902,0.0038092447276699038,-0.09425079776881608,0.3471193048510943,0.6112311158663131,-0.07106540056829591
4a7aeead-7888-4bb1-a39e-eef6dfc4a6ff_61.png,0.48665346230722906,1.5964416996624653,1.5681757685786475,1.659012403676623,-1.8038720513406703,-0.631079852677434,0.27130531567042543,-1.0334001939792183,-0.7065069543173319,0.1920760342921151,1.236364982288686,0.43364101775613273,-0.9887295828335537,-0.5397696748354435,-0.5362524298438505,-0.8998277028521038,0.1769299480818827,0.7217637304092984,0.7927900019332562,-0.07106540056829591
9229a83e-46a1-420b-bbda-57bc886c344b_14.png,0.11457280999103191,1.0366166190428558,-0.10626267552995815,0.43750943959573035,0.14062517709439454,-0.5789324676067625,0.07235071495892387,-0.9881750042736425,-0.5964337050337118,0.26415151726590186,1.0374465602295866,0.9109135872402377,-0.30360638677395024,-0.02427667516340617,0.12992305528196027,-0.014441203290964951,0.5196463180836075,0.4804698993695779,0.28953083750558184,-0.07106540056829591
a9e37804-c00a-4e4e-b99f-e267a0056a05_82.png,0.8650748438672121,-0.010010691535232314,-0.3268694920689479,1.7160434913564317,0.8227900044150084,0.2263160002374863,-0.02140143689606063,0.7919738331516136,0.3935735496999855,0.3642738111657095,-0.5058751482795006,-1.4553043049401726,-1.15742825925024,0.0030841071268788867,3.149699811009897,-0.06619778228125503,-0.9165409300226002,-0.49748517372205076,-1.7370905823371223,-0.07106540056829591
4a7aeead-7888-4bb1-a39e-eef6dfc4a6ff_51.png,0.1427375867856495,1.1494284615279913,1.541509237610671,0.11088210553522478,-1.6285282009593691,-0.6249833744092124,-0.47629549166429896,-0.4717069803739104,-0.7038943515136619,0.8969846138404882,0.8158069894182831,-1.5458227596291834,-1.064471845714515,-0.595680838646026,-0.6223063327358777,-0.9405108576636451,0.23478135063816633,0.7217637304092984,0.7927900019332562,-0.07106540056829591
268cf2e7-02be-4b54-8659-24b54163053b_97.png,-0.5655939316713773,-0.652429586558163,1.5020610463632798,-0.48693821869103127,-1.595263384217735,-0.5592459265523646,-0.47298164100267903,0.08818900764562591,-0.20904698372617558,0.21697753755635948,-0.155262017259111,-0.9298838353078969,-1.0266007142740343,-0.2903503696095116,0.31908324290507434,-0.5928307198986711,-0.545729139739465,0.0988270398720125,-0.5836052658695828,-0.07106540056829591
4af4cf7a-5d36-4d0a-9b11-fcbd77f87c6e_145.png,-1.4101027225318494,-0.09538599145414592,0.3414593907210004,0.3441977312173612,-0.21615422411235194,-0.4748723841065523,-0.5286175425226622,0.029109992978751338,-0.48157225333635534,0.4911046198059523,0.018836798555537267,0.16608068251453273,0.9633551014166734,-0.33040021035326217,-0.49803202869517355,-0.41588180419114584,0.12035231929130821,0.5053447678279602,0.31460651959120206,-0.07106540056829591
386822e1-0d1f-45b2-97d0-ac0273ee2394_30.png,0.7404567752267931,0.5593425786334115,-0.2238375006227404,-1.0426326838008142,0.3768525526214289,0.013690430358212905,-0.16068164188346842,-0.9405857962269087,-0.5778520638165359,0.42595544916717326,0.9526194973363031,-0.13315242165571264,-0.07637959813106665,-0.20668189043197321,-0.04499526091324482,-0.045103224816502877,0.947473444604799,0.423873868381699,0.4281218871357988,-0.07106540056829591
855258ad-52cd-446f-9db1-1bc38d82eebd_69.png,0.5059216941542714,1.4370586393879885,0.5253955119271493,-0.271558346148166,-0.49798276358280724,-0.5991846322775548,-0.0190141390033003,-0.6989334724321413,-0.6565635672076962,0.5305334071372836,1.057471208708124,-0.12013578085229883,0.5639868062261507,-0.5655443248190454,-0.4789485100277171,-0.4733002981956165,-0.8286661049322119,0.5345556225313816,0.37914868381593,-0.07106540056829591
27bb6d3d-77c3-486b-a22a-3741dde393ee_25.png,0.5340399505519823,-0.05511442128340563,0.3191053861474292,-0.9875893895275204,-0.06774304538885119,-0.31406298272990807,-0.493107221850079,-0.6313932360287663,-0.6575788952286964,0.4937967363604902,0.527102477541581,-1.250524788675513,-0.16589318153583896,-0.4029657633840182,-0.48293893202429045,-0.673979161188034,-0.35655681354944563,0.7217637304092984,0.7927900019332562,-0.07106540056829591
92f1a624-99c9-48dc-9309-0fb5c6bc0e7f_32.png,-0.29760940190902824,-0.7397823141798349,-0.2736014298638211,-1.901518266169034,0.7176583831554539,2.2730898739369967,-0.678149905252673,0.37734771219102164,-0.4920184652414856,0.6115696595099708,-0.29493480833606134,0.8798297646238049,2.0168611214882244,-0.5409592740654559,-0.553343243825654,-0.3728477723026076,0.2296270552253951,0.7217637304092984,0.7927900019332562,-0.07106540056829591
8b0863a2-01d3-4fdc-9994-7b50b25bc730_2.png,1.0822769827161816,1.2442566061309919,-0.6033816052145737,-0.021911283713980635,1.0359670257519822,-0.19355190276939116,0.8553937140861686,-1.6554009598903026,-0.7715795248312416,-0.5425319319396958,1.6312367798510616,-0.8572630121977959,0.842856046833326,-0.2851954396127912,-0.34267686785918244,-0.09214845799806344,0.42791670603847426,0.6315447885388354,0.5934488384683434,-0.07106540056829591
9229a83e-46a1-420b-bbda-57bc886c344b_20.png,-0.29374901713379786,-0.2519947302412462,-0.15551626551980316,0.03837820359673371,-0.30135454112733184,-0.44556665824001307,-0.021632455734820505,-0.9711653119204445,-0.4132162389300101,-0.7001614876390675,0.6231110975865967,1.520715045414581,-0.9577441116549787,1.0852228733614864,2.306662948324298,0.33518111625778974,-1.2337360545269505,0.25302079634033325,-0.1404149477577961,-0.07106540056829591
16c36170-95cc-4260-985e-1bc7fbeac4a2_33.png,0.5249147479981726,-0.10115364709171941,0.9875095323108279,1.180103021772154,-1.3583804961700283,-0.5859778566741034,-0.45703421856351895,-0.6428092626447348,-0.6491994051981631,0.3402239874826027,0.5011151650076545,-0.5619841648712479,-1.1677567496430985,0.0582022047841198,1.3644571550196207,-0.5603024638390617,-1.3729034732427923,0.613896563822185,0.5544546142492384,-0.07106540056829591
9229a83e-46a1-420b-bbda-57bc886c344b_34.png,-0.18680921675581796,-0.449986626514866,-0.42108269376045443,-0.7051739809189688,1.1075309708085532,0.7319643411860176,-0.45348749100277375,-0.5298413306341849,-0.6443058003563443,-0.14529709914293562,0.33791589893111407,0.4085521784404908,1.424694338964346,-0.4973406356316681,-0.5872305175766412,-0.574932788959936,1.1604877011267822,0.7217637304092984,0.7927900019332562,-0.07106540056829591
92da35e0-d1db-40c0-86e2-73b0de7f8784_28.png,0.9419920020247801,0.7899902235239491,1.2024821858482881,1.0778447568737286,-1.336992642494073,-0.6609205094639926,-0.17782070037027936,-1.2487189873022868,-0.7753623878242487,0.33256052832263683,1.1764817025851044,0.8069068703820098,-1.2125135413454846,-0.5972669709527092,-0.6440762374103934,-0.9595216776690381,2.9172548360990316,0.7217637304092984,0.7927900019332562,-0.07106540056829591
00367bac-0715-41b8-93dd-c21b8877a1f3_4.png,0.5771777596301934,-0.2907055615712387,-0.2525092746984497,-0.3150914040459677,0.6484641822350954,0.10240415144078202,1.5639356151271993,-0.05950251569901795,0.11686565259334117,-2.1335318303322093,-0.005558720074056564,0.11726422162791637,-0.2691780854644224,-0.4128790903007881,-0.28662803644016976,-0.4274246099943711,-0.5849327798616397,-0.011398294672929157,0.3738324577023501,-0.07106540056829591
19ef2be7-6425-4194-a4a4-1b4a7fbefc4e_14.png,-0.9751155940552361,-0.7391259920646128,1.3554841268328095,-0.9879811665620699,-1.4162561307330774,-0.5267696389155623,-0.34843833212639874,-0.140990316919221,-0.36773304733681283,-0.6006589394561543,-0.02724973311964081,0.29527592750021586,-0.4000056304406281,-0.3105735565197223,-0.14318304088756773,-0.3703026746019048,0.16104563221685966,0.45749677926428295,0.20888510996267762,-0.07106540056829591
505d1bd8-e981-43ac-b532-853c95be827a_23.png,0.3918410388432516,0.07858108553220813,-0.8010238738153163,0.4675969237773585,1.1576383261555196,-0.021889246901936447,-0.33934870081905616,-0.1011474780150428,0.2441263708601123,0.7303423150372005,0.1562231728096962,-0.6478353076417478,-0.26573525533346964,-0.06194731744713197,0.17100089596696033,0.15751127262668516,-0.7763440000515095,-0.36618846742490146,-0.6475398891933403,-0.07106540056829591
273317d8-7414-4eb9-bb2a-b42c7082fe9b_48.png,-1.4632742380184407,-1.342800482813215,-2.4423484326682754,-0.5910375011531512,1.7515887995025679,-0.5894030938891415,-0.25896436426265645,1.9891017803903945,0.37822228100774496,-1.462628879336055,-1.6993972101958903,-0.10037142562425004,0.48480171321423676,2.94575606910087,1.4950965097996842,3.7196150297623403,-2.1625998934062953,-0.2978015966478811,0.383468467908374,-0.71824856953828
3b88f35e-b058-4cd6-a43c-563cda6b239f_83.png,1.8249129144564873,1.8137151428351663,0.6139360201274551,0.4337477149535051,-0.687886472699322,-0.545408289645056,0.15986226140011833,-1.1799947558234258,-0.8010755139409294,0.47192411657993627,1.52292599021459,-0.807249726129231,-0.4585337426668254,-0.5853709786525852,-0.5586752944442813,-0.817130635828644,2.303662566257953,0.7217637304092984,0.7927900019332562,-0.07106540056829591
7483fa58-40a2-4a34-b0a6-a30645af78bb_2.png,1.227013118218365,0.6533710058123644,1.5216891945845623,0.4078404538047822,-1.721140829279691,-0.6535405620866717,0.10370486427092367,-1.353324957472425,-0.7723803896017404,0.017497176675154796,1.2577482080957674,-1.0846552796991318,-0.9784010924406954,-0.5889397763426224,-0.5980243057113016,-0.9218802540583598,0.2865280556529877,0.7217637304092984,0.7927900019332562,-0.07106540056829591
a9e37804-c00a-4e4e-b99f-e267a0056a05_63.png,2.1227235891706346,1.983506770138944,0.1640162472961281,0.8875178931053006,0.030116950393328602,-0.41449444051692796,0.4365039143709716,-1.4474753000794771,-0.8108511817347451,0.30067269449351386,1.6735291859792916,-1.8572582369905166,-0.48263355358349486,-0.4997198340916929,-0.2838007464147179,-0.5739822479596665,-0.689514748163117,0.7217637304092984,0.7927900019332562,-0.07106540056829591
8b0863a2-01d3-4fdc-9994-7b50b25bc730_47.png,0.15385871113216673,-0.3496254813692432,0.12016299717814354,0.4013688655398757,0.20086360312207371,-0.43291017584428704,-0.5909003453229945,0.028405718314847443,-0.5512718451475026,0.5870723099417207,0.005220544482069544,-1.6229241034722295,-0.9198729802144981,-0.08970463281408783,0.577926225373006,-0.3732238209095903,-1.2162683585042393,0.5207869644550294,0.6183404354751816,-0.07106540056829591
41b05097-d935-4d5b-b15a-8c9cc622e21b_45.png,-1.000910552434193,-1.2353573892040224,-1.8977038766810748,-1.6727375044280879,1.5052859675926682,0.9029224265180439,-0.15823488605901662,1.8565534624558298,-0.03376651809018235,-1.6171010127095025,-1.249513290223599,-1.1539999022108356,0.20593247260706143,0.6196930413499697,1.407107552660594,2.6869056859253977,-1.5805849769472469,0.3838610830327415,0.060317900657132724,-0.07106540056829591
92da35e0-d1db-40c0-86e2-73b0de7f8784_37.png,-0.8582568760671716,0.09568326077944746,0.46489773911407634,0.5236501653555727,-0.46505352661378707,-0.3669602499202016,-0.178089809446529,-0.2175157759749391,0.039811356660544826,0.10029532198599284,0.320383849945333,1.1854937951383617,0.8256418961785621,-0.42953347952096166,-0.4857742339410043,-0.3778378098136083,-0.2541673136674286,0.43064409251868985,0.14955338087067585,-0.07106540056829591
273317d8-7414-4eb9-bb2a-b42c7082fe9b_46.png,-0.768959935111717,-0.5131036639291209,0.0831149864097823,-1.6434537001509837,0.048570010611279094,0.14864126916158749,-0.6380018659081504,0.3657678317834585,-0.5241111272473643,0.5676669503264908,-0.19666500590846617,0.045272265332198525,1.1492679284881235,-0.3970177672339562,-0.3359232020477048,0.03579214932866446,-1.253279933450027,0.7021376874054371,0.7732715778958796,-0.07106540056829591
a9e37804-c00a-4e4e-b99f-e267a0056a05_87.png,0.26545547352903415,-0.3256821405137726,-0.5062880833860197,0.9854892007587882,0.9143024910584515,-0.06915493545406268,0.32869863261931204,-0.9897951468885202,-0.25850117765208663,-1.1605862133364513,0.5261525306100571,-0.32712905509141715,0.07510492763085574,-0.19914776197522807,-0.135073236359818,-0.04165086192041412,0.3566778198243248,0.03812323244146492,-0.16718411294426866,-0.07106540056829591
a653df7d-134c-48e9-9911-e3a0e5f096f4_29.png,-0.9079507211038828,0.08022171601517628,0.6643438590365217,0.9889573947598523,-0.9293643738569657,-0.5793574810604674,-0.4933812857539696,-0.032626537997680526,-0.49365052510029656,0.48709746569275103,0.21812664180126656,-0.625718671395781,-0.22786412389298905,-0.1527533920047447,-0.016659612757693343,-0.12227839406420066,-0.8249040210324964,0.417864343585943,0.12131618402235844,-0.07106540056829591
78667ea1-0eed-4d74-b94c-83a1d16767bb_54.png,0.5834903345460191,-0.66128744480796,-1.384160104877976,-0.480436745300537,1.556214849537106,1.8578363550034087,0.42674166521136886,0.41810036909334325,-0.21106185971420105,-1.2095869441966287,-0.28007524090327957,-0.3296401473140947,0.4228307708570867,0.8139942489186607,0.2607027830971613,0.9543150297070542,-1.6752756018697728,0.6335226068260462,0.665494271980058,-0.07106540056829591
5ff99f98-8c70-4537-ae86-b6048ef8dd6e_2.png,0.5000074813535008,2.0779142421796397,0.33096983416578035,1.2110240010832334,-0.28929098848625123,-0.5531091042996519,0.1495292780316223,-1.013180883653327,-0.6794263560971544,0.5713358352956184,1.2838009886339636,-0.2103861619957831,0.39873095994041724,-0.5266840833053071,-0.49980551554806396,-0.5633361887566463,-0.5596073811495234,0.7217637304092984,0.7927900019332562,-0.07106540056829591
19ef2be7-6425-4194-a4a4-1b4a7fbefc4e_48.png,-0.26330252347378147,-0.36413943918187425,0.02194329367767528,-0.5451993827855509,0.25470946664319605,-0.14019092329892607,-0.5255715622303815,-0.4651391937501749,-0.5902795858676989,0.3130824272968468,0.15731054680435466,0.43690396643385954,0.5949722774047258,-0.20787148966198563,-0.4450978831953469,-0.4026702577611125,0.46367000589055474,0.7217637304092984,0.7927900019332562,-0.07106540056829591
386822e1-0d1f-45b2-97d0-ac0273ee2394_32.png,-0.1880412664212105,-0.2689153886312401,-0.6802171018727249,-0.18157989705442368,0.9989331687504759,0.44016478514612567,-0.5292133605464878,0.057186559865514214,-0.5478969079089597,0.48336459893308087,-0.08634932080118302,-0.27554122001810544,0.92204113984524,-0.2495074627124194,-0.29874957564308896,0.039055029739732745,0.05843196666553883,0.6443245374715822,0.6216860353166632,-0.07106540056829591
27bb6d3d-77c3-486b-a22a-3741dde393ee_9.png,0.28243750568715703,1.3532017833032286,-0.8509521985785775,-2.04606992269318,0.6854890283007203,0.514142433409901,4.9737826558468985,-0.31318295502185445,-0.19777035239656274,-3.060290919741769,0.5078755815134699,0.9096996254583709,2.123588855547761,-0.33991700419336135,-0.40589596712755494,0.2583468968865663,0.4429845431874998,0.21825683644589683,0.021930522518573595,-0.07106540056829591
578fbdd2-3bf8-444c-8c21-8d2666ef631c_125.png,-0.9510577209853649,-0.24759267381024022,0.6752259187249915,1.6994981178127813,-0.49751541807586125,-0.5674576335324307,-0.7255614122421166,1.7074527164837765,0.6733180094078892,1.1124827679570386,-0.9801701464586965,-1.3572740622702264,-0.7787169448454341,-0.5595963286689833,-0.3753915627457252,-0.7284220039353584,-0.781923378748162,-0.7200658009673919,-2.296998025277597,-0.07106540056829591
4a7aeead-7888-4bb1-a39e-eef6dfc4a6ff_71.png,-0.0690260650449882,0.034040267121816514,0.6264050912637555,1.175846827959972,-0.67496947591021,-0.5004550992095834,0.29079791728669285,-1.2418889339577053,-0.7184777145817277,-1.3739244538610706,0.9316587316824766,-0.14456563030134942,-0.5308331754168338,-0.29550529960623195,-0.39622181338560203,-0.6903314255924891,0.18366663026891483,0.7217637304092984,0.7927900019332562,-0.07106540056829591
27bb6d3d-77c3-486b-a22a-3741dde393ee_54.png,-0.23977258822574285,-0.5637573059054303,-1.5429622667340324,-2.251410564468144,1.3479266876900688,2.423542015464823,-0.5370268140595554,0.06995424571722471,-0.3298343242920972,0.6165965513703012,-0.023661793024879797,-0.3323162702864438,2.133917345940619,1.4440853077485585,-0.017898350439922713,1.7031677670429477,-0.8289404806568884,0.23407938274358342,0.36551181976412084,-0.07106540056829591
a9e37804-c00a-4e4e-b99f-e267a0056a05_92.png,0.5169273322995733,-0.6330505273917092,-0.9222887071741132,0.9875315720625011,1.1778001915252152,1.0974087231208713,0.8287469607098085,-0.0005509880445665469,1.2962469022714433,-0.5062155979749859,-0.44760987261503804,0.38918070771946095,0.02346247566656402,0.19976451315559465,0.036802043836023056,0.38951763361725916,-0.4268845430089217,-1.3409486032833435,-3.7304371805800196,-0.07106540056829591
258bd669-e070-417c-9e38-6240e5c933aa_98.png,-1.7818388872172461,-1.7164477986148199,-1.7714296097367406,-0.0005307225034883722,1.5092799486622859,-0.6670169877322143,-0.6702766841311864,2.847275924514721,3.177606327027874,0.720489778277021,-3.105029657722446,-0.1681440509127999,0.5639868062261507,0.097062446297858,0.21283731899395733,1.934234000157684,-1.3832473962219518,-2.9947850410622094,-0.226181906347905,6.984276517835765
7483fa58-40a2-4a34-b0a6-a30645af78bb_27.png,-0.836888292722809,0.7055516468991394,-0.9767913177367588,0.9173054017783803,1.2570112822118835,1.0511960532415645,-0.5573072332707355,1.0929028418086633,1.2540720599799726,1.0442744089482283,-0.8777489943133545,1.5653349079867307,3.2459514782383674,-0.15909792123147748,-0.526787735268923,0.20070250215423838,1.3075185067298116,-1.0185642224679792,-1.3384020270157655,-0.07106540056829591
22df8deb-bec0-46ea-b532-d6d7e8d8d57a_29.png,1.9591834875590994,1.2962679137285353,0.8742164702116964,1.2320023870691803,-0.7853375827052531,-0.6573909694139696,1.5898317121159533,-1.9106925039152802,-0.8352780743485996,-1.3562589380720516,1.9003955477840389,0.18052412769516699,-1.2331705221312013,-0.5929051071093304,-0.5618627737397142,-0.9507767004665573,-1.1870118333531905,0.7217637304092984,0.7927900019332562,-0.07106540056829591
3dbb185d-309a-4682-8409-24f5556e96df_0.png,0.7211151500952628,0.3468856217358728,-1.6630135030678295,-1.9726508967273886,1.5589590031456262,2.745398353736452,3.648063088373607,-0.31403482761874035,-0.03009339318157968,-3.2059646051603745,0.28826534740594145,0.5670424780650437,3.70729071578604,0.2881913892531826,-0.3752193332958141,1.0204633899708588,0.07426848711116608,-0.11264737699129862,-0.2974200578015975,-0.07106540056829591
519d608c-1d5a-448f-8835-1d3a5261bbba_40.png,-0.7743626929584593,-0.1472054660858171,-0.2892091332593871,-0.2696417296838251,0.7241357071575198,-0.31848425172419587,0.22547161160790072,-1.0197670622948958,-0.644599725095134,-1.4521188719608054,0.6548108867978757,1.943945348555428,2.3955724358930306,-0.525097950998624,-0.5984764305556983,-0.47474516372496167,0.15155881441166671,0.6183086200013476,0.6577456539555194,-0.07106540056829591
258bd669-e070-417c-9e38-6240e5c933aa_59.png,-0.580758200912148,-1.001217974779236,0.4830613863525158,0.9456880052234634,-0.3588697180778986,-0.41738224601240137,-0.7486589606439104,0.9142934697690287,-0.3491342378302526,0.6761400582583262,-0.8501986610141118,-1.2815325515815326,-0.9439727911311676,-0.3597436580269012,0.17092329299337408,-0.5905216613643584,-0.5953152290438941,0.7217637304092984,0.7927900019332562,-0.07106540056829591
48a4d49c-a4cf-463b-ae33-31db1940e1d3_33.png,0.44694117111760584,-0.6687404399248708,-0.4222446333950722,0.09340507173107156,0.7613212776706484,0.8350819797865163,0.08944270258314586,-0.33434231750468063,-0.22509033378664256,-0.6985098239811165,0.09100798434945942,-0.4906473352612228,-0.028179976297727703,-0.06829184667386475,0.005674760727013306,0.0960690006738073,-1.0377331037725934,0.087644759555859,0.028490617472338428,-0.07106540056829591
81faa7e7-ef94-4bfb-ad32-94fd63e1848b_5.png,-0.3284794802346804,0.6598834721195503,0.7071794477747912,1.741641402066916,-0.7145258328919113,-0.6251934300662525,-0.3373042150637046,-0.6769535921323068,-0.6188008607003702,0.5413568107390699,0.792136451727147,1.8830107232702857,-0.48263355358349486,-0.5425454063721391,-0.5099037037008544,-0.7722801475486546,-0.5458553403576749,0.5240579716223396,0.3559538435476686,-0.07106540056829591
75769513-6d94-48cb-b36f-b1f9dc9210d3_31.png,0.23192807611942967,0.4593814207666558,1.2957130053336212,-0.4161837710882502,-1.2892589421984377,-0.48078895589695136,0.17362398549615957,-1.2433800206268102,-0.6539382789626492,-0.3938449744373099,0.9719074926046455,-0.9461061812068853,-0.28294940598823354,-0.37560498109373314,-0.3308852108004482,-0.52567919178764,0.48028228367208897,0.5312846153640713,0.5487603652645736,-0.07106540056829591
2ec83b5a-f1ad-4dae-bb33-773f1eee7923_27.png,-1.2089141775371326,-0.4598314583906898,0.5114950861385038,0.29140139400700316,-0.33507711619306746,-0.5957503721473059,-0.672154873483838,0.5606202183091956,-0.2578052441166391,0.797036866253617,-0.5462993147727062,-1.198269786874696,-0.355248838738242,-0.4644283902679919,-0.3717323368174312,-0.5892806426686391,-1.2088423750053447,0.2432077748384026,-0.26459217290465575,-0.07106540056829591
a3283dda-4e12-48f9-90f3-8f3223c77d46_6.png,0.452036567669606,0.11684152103464855,-0.45128158040165867,0.3066468364776185,0.6416368106194615,0.27642334262113993,0.4640713366583671,0.8383350640085607,3.0447167977966836,0.3490400649434284,-1.131880508288602,0.06845356457094122,0.06133360710704462,-0.2808335757694124,-0.19265074785973738,0.23055594151609815,0.5614017775573794,-2.795177533922163,-2.2528177593960725,-0.07106540056829591
19ef2be7-6425-4194-a4a4-1b4a7fbefc4e_108.png,-1.4464858448916922,0.05046914130495855,1.7071568773813042,0.050873058925207035,-1.4735262769267585,-0.65763467195424,-0.6495809884283482,0.7655434694320081,-0.3472057751906521,0.832969273944416,-0.3501517470527333,-0.8609471415581703,-0.5239475151549282,0.14424988242168296,0.09386995369109716,-0.2632219198360237,-1.3855093063844703,0.6359568447179981,0.6031973945231203,-0.07106540056829591
78667ea1-0eed-4d74-b94c-83a1d16767bb_49.png,-0.18617167569634613,-0.2417279514304997,-0.18093180836926365,-1.0515394381511247,-0.05274732888146526,0.2934054668734027,-0.04967337373865526,-0.5131241990961352,-0.3271644841089722,-0.3491023178964796,0.2883507906711615,0.4675771263746398,0.006248325011800113,0.6300029013434104,0.15621742260762744,0.3387392430186383,0.4356852286751111,0.1860792543116592,-0.05345796658163063,-0.07106540056829591
81faa7e7-ef94-4bfb-ad32-94fd63e1848b_22.png,0.6707600306670658,1.916199398661391,1.3780642801559377,1.7319775012545637,-1.6460963912501005,-0.6521262170634918,0.07949619577064442,-1.0397205877320461,-0.7331409300363217,0.5478829095083264,1.2204881698621943,0.2287386942244442,-1.1643139195121457,-0.5952843055693552,-0.6156423063222181,-0.9496323052918485,-0.616081017320849,0.6327619074848113,0.5961380953110402,-0.07106540056829591
824faab9-9bc0-41fa-93a5-24d93dec52b5_17.png,-1.373623274147556,-0.5823199708109187,0.7390868524110066,1.8294684326444801,-0.5862730292974969,-0.6496636757066004,-0.6825881921120637,0.2402326127477937,-0.512562998122683,0.5944341304925898,-0.33263386477086626,0.39906686421898285,-0.6306752492144645,-0.48861690794491053,-0.5338109092478033,-0.8279375647555681,0.05898066092532712,0.7217637304092984,0.7927900019332562,-0.07106540056829591
92da35e0-d1db-40c0-86e2-73b0de7f8784_25.png,1.7392244448331997,1.9911265821931283,1.145785831674692,1.612405019412342,-1.3974395897495002,-0.6156782233682425,1.5913717344821092,-1.8508010991564172,-0.8113420590814144,-0.7145412247467584,1.9166909192285222,0.21177486470315526,-0.9749582623097426,-0.558406729438971,-0.5164905205082134,-0.8893717518491376,2.8914337849694522,0.7217637304092984,0.7927900019332562,-0.07106540056829591
a6a04226-e7be-4c2a-8240-4e24256bfed9_24.png,-0.5860272619055601,-1.512087222651267,-0.011254139747760484,-0.6935447315144371,0.3864923119990276,-0.5378878461520068,-0.739851444835375,1.332346675717186,-0.19502682111972008,-0.1347334690744942,-1.416690414629814,-0.2516843469895177,-0.6100182684287477,-0.15830485507813588,-0.09811178169195298,-0.48625335055293406,-1.5352580996926708,0.6567239367337117,0.6490828394016375,-0.07106540056829591
855258ad-52cd-446f-9db1-1bc38d82eebd_73.png,0.23566644199951955,-0.4119112112843036,0.500177606207186,-0.4942507251641811,-0.25726160268010606,-0.2242201450929574,-0.36476758597064,-0.8489026284534936,-0.6553045953642616,-0.3665222907623741,0.5015721901918684,-1.1120389011274474,-0.35180600860728917,-0.5929051071093304,-0.5806524219063397,-0.8215031244298844,1.1230114725304747,0.7217637304092984,0.7927900019332562,-0.07106540056829591
48a4d49c-a4cf-463b-ae33-31db1940e1d3_19.png,0.43445663028300147,-0.5889928466436285,-1.6346726847819397,-0.22166646244389754,1.4641802198113525,2.8630338563697135,0.6754294193388315,1.3078494318547522,1.9999487103555298,-0.005026234014726725,-1.2330291753711626,0.32232297004759475,0.18183266169039197,0.8905251327161247,0.37941663114441143,1.4027800168229458,-0.1782161942871233,-1.7807088924512577,-1.080976077101035,-0.07106540056829591
4a7aeead-7888-4bb1-a39e-eef6dfc4a6ff_63.png,-0.13882302309181935,0.11364353913623555,1.8977304464810025,0.9458024387707535,-1.8575723832879947,-0.5864793011362335,-0.3065557934308123,-0.7264813144276677,-0.663506117969158,0.06862204941881189,0.6718623615118615,-1.6057256798572088,-1.0197150540121287,-0.5786299163491817,-0.5385557740462499,-0.9066715980540453,2.035673120636944,0.7217637304092984,0.7927900019332562,-0.07106540056829591
78667ea1-0eed-4d74-b94c-83a1d16767bb_61.png,-0.575883242641087,-0.9086148762110634,-0.7632214862663991,-1.112124304607816,0.9979788072697566,0.18584319204816338,0.802643689990317,2.1616365857080146,0.9932847934885842,-1.7339405786750508,-1.7437531323983866,-0.16955286020545793,0.15429002064276973,-0.3292106111232498,-0.1644364065858457,0.07635058392382482,0.9660284348773415,-0.9189126087662032,-0.6515041522687505,-0.07106540056829591
75769513-6d94-48cb-b36f-b1f9dc9210d3_13.png,0.3305418467567617,-0.8792232100827605,-0.8550125518580324,-0.6530835709233416,1.2867578324580922,0.9874694995521296,-0.19293664079594058,1.0359902825833687,1.1378226887413532,0.5206020749641886,-1.212239116587305,0.9652746139561994,0.16806134116658084,-0.06948144590387713,-0.08687590329746603,0.2586445390131822,-0.5167464454953813,-1.1309195151683786,-0.81348619538806,-0.07106540056829591
00367bac-0715-41b8-93dd-c21b8877a1f3_56.png,-0.5918851649236764,-0.5810950225412057,0.8879264929903772,-0.08364070842891427,-1.1715600243702677,-0.6074075999246964,-0.48462734401930213,-0.7369917321763898,-0.5680211455285186,-0.15662764447454985,0.19804524245578953,0.6187416765200437,-0.9818439225716482,-0.16425285122819785,0.7671330883174656,-0.38332216442871153,-1.623602727719598,0.5218519435327582,0.5584262962381369,-0.07106540056829591
505d1bd8-e981-43ac-b532-853c95be827a_137.png,-0.19779044112341157,-0.09913578492182488,0.9198457344197157,0.5205188045278243,-0.8848331215924276,-0.3156673191162822,0.2491333910073087,-1.3916769462486263,-0.750691691552965,-1.8938321281845978,1.0420166441750107,-0.3848322320947217,0.31266020666659766,-0.5132019586985,-0.5283248098460666,-0.6323454653762232,0.38191026942053163,0.7217637304092984,0.7927900019332562,-0.07106540056829591
6764beec-de30-41fd-ac4d-374023ed0a03_1.png,1.2235398563689412,-0.5687160297367873,-1.5434324807096853,-0.061508304878405834,1.4592739546868556,0.7943862515016477,1.4977050534039311,0.4775968893185525,0.47749941163722376,-1.0005553642905183,-0.3906676393419151,0.38528026921530073,-0.2726209155953752,1.614197997640331,0.8074812693471545,0.9934652028946417,-0.8945822986853321,-0.5691430516663813,-1.5435628787103934,-0.07106540056829591
19ef2be7-6425-4194-a4a4-1b4a7fbefc4e_119.png,-0.13290547120800594,0.3668268968941561,-0.41843342065822303,-0.854766562084856,0.5093523982313238,-0.34204938908328003,-0.5747538007480135,0.20928055576328594,-0.5733320741388281,0.8931056793540111,0.23255352280027725,0.8495529832756872,0.28167473548802263,0.07049473016091454,-0.016161825303245593,0.25238357301429465,-0.2938545102642781,0.4926410888293368,0.2865374012955523,-0.07106540056829591
3dbb185d-309a-4682-8409-24f5556e96df_7.png,-0.4507814812590857,-1.059727162987089,-0.03714714153264742,-2.8794535842888216,0.11742680378352288,0.6954979534932804,-0.31083242903841657,1.4368094439078913,-0.2838129617374606,-1.026178694676761,-0.9538483312006795,-1.587295799151991,-0.3931199701787225,0.173593330095322,0.32248573016450216,0.10591405495944216,-1.6845870276576078,0.3686470962080429,0.012569360445799399,-0.07106540056829591
3dbb185d-309a-4682-8409-24f5556e96df_45.png,1.3407321003500956,-0.35736182662068694,-1.2419264855244032,-1.3936406169536815,1.4173908013684875,0.48287848797398625,0.451809067277172,-0.14168023400112423,0.26698473325473027,0.01725554911601575,0.05187727397663287,1.1946263789382094,1.8653765957263022,-0.09446302973413741,-0.3054249233265073,0.5927456781995437,-0.7798018021397725,-0.37539292945384417,-1.0970640900384554,-0.07106540056829591
a9e37804-c00a-4e4e-b99f-e267a0056a05_88.png,0.4753853377826339,-0.3052131226636672,-0.6899413378327357,1.5531501119185498,0.6419861661517565,0.6784659265097103,0.39977873189617047,0.9311103209558483,2.4529090990635227,0.21862764592482276,-1.2112498755731984,-0.45893723746848974,-0.9646297719168843,0.9139205842397018,1.9973367529972286,0.6084551733564726,-0.9416396754230295,-2.3271192292603096,-4.262998889418847,-0.07106540056829591
27bb6d3d-77c3-486b-a22a-3741dde393ee_77.png,-0.7035573745124489,-0.7534042320040439,0.45019584616221725,-1.3966901443525956,-0.17637036661224575,-0.13694424567420532,-0.6671405879111858,0.2197942747713107,-0.5188969967619635,0.47528844352680677,-0.23468663956920927,0.9153426667713449,0.42971643111899227,-0.370053518020342,-0.5552268971159015,-0.6580100723835038,1.8445949681275449,0.7217637304092984,0.7927900019332562,-0.07106540056829591
519d608c-1d5a-448f-8835-1d3a5261bbba_15.png,0.8012005813888534,0.26672156088558424,0.8783111735954932,0.20919534139017232,-0.8942374944461468,-0.5412370150404834,0.3644604107946743,-1.7125838839428627,-0.7842532704523153,-1.197282384437431,1.3547758408385069,-1.1469105447154595,-0.6306752492144645,-0.5369939432987479,-0.5422052707128889,-0.8344304820335516,0.500205997324304,0.7217637304092984,0.7927900019332562,-0.07106540056829591
a9e37804-c00a-4e4e-b99f-e267a0056a05_108.png,0.298478024277847,-1.0503125402275661,-1.3507469348302437,0.3100999655177208,1.5702873560314463,2.2044652997536978,0.6957751803395271,1.614072759170531,2.5529132914481383,-0.17475024358773758,-1.8658804922454775,-0.10903495312538393,-0.41033412083348647,0.603435185206467,0.6321617357593103,0.9478287326586831,-1.9610033415236987,-2.4225869965852933,-3.7369566564978016,-0.07106540056829591
578fbdd2-3bf8-444c-8c21-8d2666ef631c_102.png,-1.5978138236599073,-1.112016647026463,1.7708961284037485,2.7317429447933534,-1.9768234082013512,-0.6660527822260708,-0.6818672646903038,0.47279504674285416,-0.39387723614384795,-0.271042744178396,-0.7572386592884407,1.5597603587236701,-1.2675988234407292,-0.593698173262672,-0.6102602571361244,-0.9610248071597116,0.5194630753544699,0.7217637304092984,0.7927900019332562,-0.07106540056829591
78667ea1-0eed-4d74-b94c-83a1d16767bb_16.png,-0.4097071099399263,-0.7937911020138252,-0.09534370557656081,-1.0322317619550834,-0.4930856189739246,1.072869109934132,0.43494314366406894,2.7399565373535513,3.541316559505417,-0.20104185294843718,-2.5259904101563264,-0.3690702337305544,-0.8131452461549619,0.8266833073721261,1.4648794717397615,1.0569849826115434,-0.5045894943010396,-3.126462097029976,-1.301265439014216,-0.07106540056829591
a9e37804-c00a-4e4e-b99f-e267a0056a05_94.png,0.8987489754723522,-0.4774643877462656,-1.0837771252660313,0.7534792074773803,1.225424912785689,1.5682391903105475,0.7156787229732663,1.4427097486880394,2.4628176395794488,0.1933625083917431,-1.4722525861783688,0.41255604139659413,-0.4000056304406281,0.39446225380095645,0.4236660271497904,0.653116460860435,1.0381756250924696,-2.1105481268107242,-0.9417282459452758,1.02906003938068
27bb6d3d-77c3-486b-a22a-3741dde393ee_108.png,-0.8972356937253009,-1.1172345626967168,-0.8152100546372341,-0.8345542523325538,0.5036482259140143,-0.135239909569172,-0.3889486932421668,0.0415268893649958,-0.3877966852058052,-1.627475799560849,-0.5813028583297803,-0.17921554426290423,0.1577328507737225,1.2882478086169349,0.7662467445631039,1.3926784692744278,-0.9503546553039587,0.597389388117387,0.5505598965874667,-0.07106540056829591
75769513-6d94-48cb-b36f-b1f9dc9210d3_19.png,-0.29636381094932623,-0.14635448019399785,1.6431550787781812,-0.47820781927109524,-1.548414434149756,-0.4265753402216641,-0.10129431648582266,-1.1020917160744235,-0.7064343144164621,-0.9189137850138422,0.7236907722754932,-0.11576084914104809,-0.3931199701787225,-0.4600665264246131,-0.46823313998419436,-0.7157223047822662,1.043478839882073,0.7217637304092984,0.7927900019332562,-0.07106540056829591
41b05097-d935-4d5b-b15a-8c9cc622e21b_34.png,0.38065673500702696,0.13970820131453185,0.29034707857291486,-0.6828720118368604,-0.7476975980048914,-0.07136185096584828,0.3939871577373424,-1.1218400929316188,-0.15154704954787707,-0.47126826603730276,0.8548047645144634,0.5193899402238034,-0.654775060131134,-0.03300040285016372,0.6633208002248893,0.11167885974515641,0.12652719571332607,-0.293313470534595,0.045344658742993635,-0.07106540056829591
3b88f35e-b058-4cd6-a43c-563cda6b239f_4.png,-0.9871320615875626,-0.4073613936362893,-0.11266618652679045,0.48666195599671624,0.47600990230838547,-0.3469296975622813,-0.3984062205018504,-0.4871593214962559,-0.41035191092552026,-0.048799780560405875,0.20936642335584807,1.519053439448325,0.7223569922499787,-0.372036183403696,-0.4303954251238259,-0.31001684214167075,0.03169481262707404,0.26747408382379695,-0.2109751146033855,-0.07106540056829591
75769513-6d94-48cb-b36f-b1f9dc9210d3_2.png,0.10884099569278646,-0.49632242486767847,-0.9156313858396262,-0.2270722719073384,1.1127823326078743,0.7971950864339135,-0.511425219638711,0.7366232724522858,0.5168942948416028,0.8480837877392169,-0.6492064227491977,0.09271300916611007,-0.04883695708344439,-0.08851503358407543,0.25395171695978,0.5445585570198104,-0.9562642825039671,-0.5357483505861679,-0.08883529065580623,-0.07106540056829591
00367bac-0715-41b8-93dd-c21b8877a1f3_44.png,-0.7310105084513124,-0.6946217409474424,1.0216437595338024,-0.4527487244527606,-1.1647928521780089,-0.4300659384227169,-0.4953944941598375,-0.2977433246740817,-0.5619301545100432,-0.36613566904328426,-0.027883501074146583,0.3322508642636874,-0.49296204397635324,-0.0754294420539391,-0.19041636083923513,-0.4934098997553902,-0.4068844563576088,0.6930853652447414,0.7294243875772091,-0.07106540056829591
16c36170-95cc-4260-985e-1bc7fbeac4a2_46.png,1.056602585831714,2.3734750728758462,0.38254770898157286,0.5817271057474153,-0.6611798327993004,-0.6124997615649123,-0.5095299980660435,-0.17869849529268922,-0.5393461258681688,1.1467951985823752,0.8872930204222663,-1.0626538644599988,-0.4585337426668254,-0.285591972689462,0.1933641754523487,-0.09130317194444876,-1.0852853473863204,0.3768626490933802,0.5349900237397474,-0.07106540056829591
a5f7c55f-08cd-4cf8-8e07-7d416d70c470_11.png,1.1198686418685477,-0.3321572699049328,0.38397316156863137,0.08380745755155668,-0.21746338712523627,-0.43214214076704327,-0.7015676593907639,0.027119311626812775,-0.5914600120860747,0.8943031647177493,-0.030589798292428635,-0.029636247367750845,-0.8544592077263953,-0.4588769271946007,-0.34316760790468553,-0.7737859662163477,-0.928118488136968,0.7217637304092984,0.7927900019332562,-0.07106540056829591
75769513-6d94-48cb-b36f-b1f9dc9210d3_20.png,-1.3523939224264476,-0.2781090512310016,0.5282148888720233,-0.8701052566433924,-0.8010375020757122,-0.5170495719689864,-0.38857708116909456,0.4897537467791155,0.44541477951134023,0.2160176206291334,-0.47971090525101917,1.221468044856296,0.5571011459642452,-0.19795816274521566,-0.22967772156901742,0.14222521442601202,0.7067029001964665,0.34582611597099494,-0.037854205354768605,-0.07106540056829591
258bd669-e070-417c-9e38-6240e5c933aa_92.png,-1.307511087195825,-0.9463163452519632,-1.3515704935913277,0.5684620698873916,1.2580951047616762,-0.12176730040569546,-0.6452619271090682,0.6963567810168422,0.036458693684737635,0.5904272250802148,-0.6739983022488406,0.6223444297973167,1.744877541142955,1.4960311407924332,-0.06987315909606559,1.3131126924592869,-0.8990336290874985,-0.04471692581901918,-0.31814330188235,-0.07106540056829591
578fbdd2-3bf8-444c-8c21-8d2666ef631c_134.png,0.6015776354791138,0.6047528772219946,-0.21643498279843393,1.5806719134904061,0.13136960808465148,-0.07443416976485578,-0.2693143798511684,-0.5244878875330319,-0.5129460920941765,0.6019488935213495,0.7904239926503258,-1.3876898091896221,0.5054586939999535,0.0982520455278704,-0.250048766272355,-0.02464081552079489,-0.4629508449011747,0.34575004603687143,-0.03802228390743625,-0.07106540056829591
6764beec-de30-41fd-ac4d-374023ed0a03_43.png,-0.6372633564583935,-0.9072983671290269,-0.5815614934346447,0.3714168319863911,1.124704173410997,0.14926936565493756,-0.7187890918871059,0.4654353369494223,-0.44344064751933,0.5558559742979533,-0.5526643464485034,-0.05093042247321794,0.7671137839523648,-0.1507707266213907,-0.3630270253783525,-0.17874730004754424,-0.3349439271204799,0.7217637304092984,0.7927900019332562,-0.07106540056829591
81faa7e7-ef94-4bfb-ad32-94fd63e1848b_89.png,-1.4948696433357291,-0.6491745294797607,0.4634261772045512,0.9309397794069918,-0.32477743711805146,-0.6481856224634237,-0.6651453407555163,1.2873089276700698,0.5394123959163314,0.7912391720395666,-1.0590633878499176,1.4546014045014477,0.2610177547023059,-0.5223222194619284,-0.5487426976720616,-0.6323768908124885,2.575403149140322,-0.5183283356718879,-1.9472265636696104,-0.07106540056829591
81faa7e7-ef94-4bfb-ad32-94fd63e1848b_86.png,-0.25945822992270495,1.1311337644805597,0.9708629041141136,0.33389941095337533,-1.0692518193810752,-0.5211365589168001,-0.058318928618676755,-0.9013886524965627,-0.5757254210280189,0.3282696304135824,0.874034938654111,-0.12190478170158833,0.42971643111899227,-0.519149954848562,-0.5599840450332321,-0.6656483059599858,-0.15188127989635827,0.7011487782618318,0.7472407141600766,-0.07106540056829591
258bd669-e070-417c-9e38-6240e5c933aa_21.png,1.523329951675712,1.3009526657332648,0.38423095402178403,1.914857824477685,-0.1356180842461291,-0.6118278160409446,0.7431975260144353,-1.9227758284226892,-0.824433900718695,-0.5180203153008509,1.7515439223909777,0.6684822292154879,-0.7787169448454341,-0.4525323979678679,-0.2913676989683082,-0.7131414503991438,-0.6321064052728983,0.7217637304092984,0.7927900019332562,-0.07106540056829591
855258ad-52cd-446f-9db1-1bc38d82eebd_61.png,0.8862128306863813,-0.11972018078998789,-0.737934401638087,-0.7905293823355508,1.2686757513491231,0.41764856835160363,0.795834208427999,-0.11448851606336359,-0.03379542232702321,-0.826787254202608,0.10272710526872113,0.6707208945976878,-0.1796645020596501,-0.10873822049428614,-0.06122829221087082,-0.09261804868154261,-0.477164121516179,-0.12459035664868705,-0.7625155396113048,-0.07106540056829591
268cf2e7-02be-4b54-8659-24b54163053b_22.png,-0.3224872249148834,-1.0789353767399303,-1.649911714055626,-0.5063751270676,1.6838337829847199,3.5484580192130672,0.16768159877100952,1.8530137279511667,0.7680298406584541,-0.6133292687554387,-1.4615487199619297,0.48247360699424174,0.9461409507619095,-0.10239369126755336,0.11573593674569926,1.3717610331151733,-0.25100595904332235,-0.7755207829434184,-1.2127212662982192,-0.07106540056829591
2ec83b5a-f1ad-4dae-bb33-773f1eee7923_60.png,-0.8987300956245913,-0.7464144332483091,0.328762050329389,-0.5505186806610068,-0.44441860169476133,-0.17893645627692262,-0.33403309979048784,0.20487152574328532,-0.4049245569984877,-0.6772107357773787,-0.2756801137924015,0.26512425615804464,-0.14523620075012228,-0.1511672596980615,-0.04930897560607592,-0.097650674327525,0.2498793203183519,0.3719941733094766,0.019964816763217076,-0.07106540056829591
2ec83b5a-f1ad-4dae-bb33-773f1eee7923_17.png,-0.7915658873242212,-0.5817375166653604,0.06902488798048731,-0.22203938722544636,-0.023531229588460642,-0.2934777225384289,-0.3991705026654687,-0.2992806800465842,-0.43974606233067726,-0.15482072859486443,0.1315900670550705,0.1627172742246271,0.41594511059518113,-0.31097008959639305,-0.27719881086851716,-0.1202472279042509,0.14013449349471493,0.32429832461404634,-0.08542043575996963,-0.07106540056829591
578fbdd2-3bf8-444c-8c21-8d2666ef631c_132.png,-1.6211526253579895,0.01543039145968409,1.2726765334170131,1.2209859835742791,-1.1602659107260334,-0.4882870279232842,-0.4396384380695608,1.4473899376276333,2.6512545118350705,0.5270426101805786,-1.6217720906323556,0.9933892263630418,-0.48607638371444767,-0.5437350056021515,-0.5635717308272183,-0.7579440752353381,1.686750803189596,-2.373674028943887,-2.4297968785961634,1.2543657294822326
16c36170-95cc-4260-985e-1bc7fbeac4a2_28.png,1.9074427101780926,2.672104237510012,-0.0026834605647915806,0.7553401924604194,0.09954482186649023,-0.5970855254270754,0.42728483819150886,-1.0112111505517123,-0.6874824441938657,0.6524960144229341,1.5470595868670993,0.7513502970319953,-0.37934864965491144,-0.2300773419555503,-0.07857444035779826,-0.3054512112460013,-0.6884138587326014,0.49134789994923744,0.28368006590018774,-0.07106540056829591
386822e1-0d1f-45b2-97d0-ac0273ee2394_26.png,0.8466902701676836,-0.07995477480705379,1.2047772745868675,-1.6966039648966924,-1.2522743613594638,-0.26224895520212227,0.3827047055221469,-0.439766913880677,0.1366418340787509,-0.13264776855777238,0.241952233785985,-0.12424583502543078,-0.7546171339287646,-0.3878975064705279,-0.3204022569154248,-0.6928501799441433,0.7441511629520353,-0.26600436418426093,0.3858018756211385,-0.07106540056829591
a6a04226-e7be-4c2a-8240-4e24256bfed9_39.png,-1.5783777673629964,-1.372252851486343,0.010350312719969864,-0.3427282257593732,-0.09435633385790143,-0.6647152428211334,-0.714074263710004,1.7165597928016532,0.9515141896318123,0.7986733439016029,-1.6486726626413775,0.7833484826087678,-0.20376431297631956,0.1950061162355451,0.04430432278891489,0.12089702757250367,0.38292795393268486,-0.9657716881862749,0.26865474728643934,-0.07106540056829591
7728da31-7807-4ad4-af12-f6b9d4769e58_14.png,2.410093641961119,2.0058017461444857,0.8222862788347598,0.5509466024259716,-0.8702495289062253,-0.6541822966412214,0.2649104912463106,-1.5838106511555725,-0.8127947171484224,0.4312196360399749,1.5578873519523342,-0.2241093293809104,-0.9784010924406954,-0.593698173262672,-0.6302281287864486,-0.9344273952619192,1.779728071731936,0.7217637304092984,0.7927900019332562,-0.07106540056829591
a653df7d-134c-48e9-9911-e3a0e5f096f4_32.png,0.7124876847146699,-0.6833161448266973,-0.6976688834348008,-0.07230608211680045,0.5658968666080801,1.5793013833501532,0.8165834782047052,1.1345796869019704,2.192574657675809,-0.06480725945630303,-1.385682648548689,0.12334184240933593,-0.7993739256311507,0.8667331481158768,1.208684865288939,0.5708180363810411,-0.4348285205088168,-2.0979965876803477,-3.468178997409874,-0.07106540056829591
855258ad-52cd-446f-9db1-1bc38d82eebd_76.png,0.12213537267047202,-0.6792220870563563,-0.510267533830989,-0.5617570075035251,0.9027891618272659,0.40081917129972744,-0.4406371455159419,-0.6125524043349261,-0.6144370479063005,-0.26860524253087464,0.22822867148594247,0.46973174311490234,0.8084277455237983,-0.1721835127616138,-0.38078619274675257,-0.19425499923088443,0.2582209509376011,0.6097127174453929,0.6624981322315583,-0.07106540056829591
268cf2e7-02be-4b54-8659-24b54163053b_32.png,1.4173843439352543,0.01451472290082032,0.5685645483725883,-0.6433205904513386,-0.48405691323936395,-0.33780716124824506,0.07737583921704089,-1.298571025697442,-0.7329487548210888,-1.0032888371442132,1.0537049727793089,-0.4852236527174235,-0.3827914797858642,-0.4636353241146503,-0.42715335153851236,-0.6722681873875487,-0.10574626350122643,0.7217637304092984,0.7927900019332562,-0.07106540056829591
78667ea1-0eed-4d74-b94c-83a1d16767bb_38.png,-0.8215748076272769,-0.6221211051135576,-0.30742718712158823,-1.111576354217953,0.3960586713108578,-0.29918290461862046,-0.5391270416258677,0.006792129359153656,-0.27680049008131774,0.38403481539572104,-0.14251066041519717,1.6406613749260546,0.9151554795833344,0.4281675653179743,-0.29119343585642976,0.10390111516735048,0.2311521210967749,0.5954115698301762,0.5136115259507772,-0.07106540056829591
90bae25d-a144-44fe-8481-52b9f3c73315_18.png,-0.8562549331108085,-0.30353458481871715,0.7091815108750225,0.4128751804010978,-0.5237582540586105,-0.5359040923927253,-0.667170626553759,0.47878419422719815,-0.05030422668211248,0.9390786224583654,-0.42087377021388983,1.4969588795915205,-0.2313069540239418,-0.5825952471158896,-0.6160555816838749,-0.8342036566885174,1.347004955337924,-0.012995763289522514,-0.5321089699428911,-0.07106540056829591
a5f7c55f-08cd-4cf8-8e07-7d416d70c470_20.png,0.5076566304271094,0.8105731393008693,0.5015281795039076,-0.010760951460487826,-0.27236038771763277,-0.5356857175291583,-0.6840864081199991,0.3962266246477379,-0.622967935714996,1.1536122586405437,0.38112095820351394,-2.012759914603855,-0.6788748710478034,-0.5730784532757905,-0.4487800691926082,-0.7748372217073011,-0.3937161431470493,0.5416301264048664,0.39477998921410595,-0.07106540056829591
578fbdd2-3bf8-444c-8c21-8d2666ef631c_114.png,-0.4719131380658517,-0.6164557886162619,1.1825354015701057,0.9540238835826986,-1.4425883620686495,-0.6106741542842961,-0.6371796741964785,0.4710655203027329,0.20443838311626716,0.8555120444907998,-0.5184942416510423,-1.0717584723854667,-0.906101659690687,-0.5480968694455303,-0.3751452442758817,-0.7908334932639792,-0.903173210845101,-0.2935416803369655,-1.4505544405340158,-0.07106540056829591
07a9fdc8-46e7-4ddb-b62f-fe041b4ea954_22.png,0.45289219355220645,1.067497681583623,-0.7175797893709392,0.6085946903948737,0.7475226334653213,-0.33517270564712653,0.22231600575406352,-0.846924285475061,-0.25011582709024405,0.21053854781473358,0.9487704674686971,0.7259071977716863,0.24036077391658925,0.2707439338796675,0.12052770300389022,0.5160147465449177,0.2918481125878618,0.0642152198458231,-0.6600810073337767,-0.07106540056829591
22df8deb-bec0-46ea-b532-d6d7e8d8d57a_58.png,2.3597444137428063,1.0086951602071808,0.6898109337809425,0.674466502676089,-0.7073766947005082,-0.6089400105454712,-0.4251610510561285,-0.8538094265578872,-0.7579737130918475,0.8295092597426976,1.0544675715222345,-1.7620652075642569,-1.0816859963692789,-0.5786299163491817,-0.5527681755564551,-0.9226406868585756,-0.24591545769283496,0.7217637304092984,0.7927900019332562,-0.07106540056829591
92da35e0-d1db-40c0-86e2-73b0de7f8784_52.png,-0.21074275770593442,-0.007277978667058804,-0.044414777486185886,0.9172244589143019,0.13856022053035622,0.4187969636348436,-0.3132088882457123,-0.9831262963271464,-0.6613732805974851,0.05093539839971293,0.6075290771329027,0.4880403209544315,-0.0660511077382083,0.08080459015435529,-0.08121475067220661,-0.10207919866490275,2.058454497557754,0.5653639458513964,0.4472204976466954,-0.07106540056829591
4af4cf7a-5d36-4d0a-9b11-fcbd77f87c6e_128.png,-0.8266825219244789,-0.4653237186597497,-0.6832395023435145,-0.4032343493082413,0.4034648001693659,-0.3432308401907149,-0.5704845973818706,1.1120024791212395,2.1759543116360924,0.9253753217329845,-1.3634999281191522,0.4285320505136105,-0.1796645020596501,0.5820223990662439,0.37490437994231274,0.8715289049125167,0.7831480063311305,-2.035695311633207,-2.5746231692543824,-0.07106540056829591
386822e1-0d1f-45b2-97d0-ac0273ee2394_75.png,0.3969734613626183,-0.8792906432803087,-1.0115259030184598,-2.985217184631796,0.8576427735252116,4.0061542752806005,2.4748156448050525,0.36990185321453806,0.41041082270981927,-3.437262734920327,-0.6506622623703294,0.13271084645483158,1.0907398162619264,-0.0377587997702133,-0.06253743916268821,0.9291782856194533,-1.2245389820088657,-0.4898781803097014,-0.8116162808641812,-0.07106540056829591
578fbdd2-3bf8-444c-8c21-8d2666ef631c_138.png,-1.760573610462692,-1.1494722088210727,1.1351172013777686,1.8917683936540928,-1.166708151853203,-0.6146979666890023,-0.7285711603572728,1.6788303808225775,0.2453237680735793,0.6689270184024902,-1.3585631949539698,-1.199678517179037,-0.9611869417859316,-0.564354725589033,-0.44116325971812886,-0.8439261764957225,0.7220074901687077,-0.24866041920410448,-1.3472942816932838,-0.07106540056829591
22df8deb-bec0-46ea-b532-d6d7e8d8d57a_24.png,1.1496849718084172,1.0243686685088382,1.745193834828384,1.669101317384559,-2.014507531011743,-0.6472218332449471,-0.46552927055394633,-0.19472840638005817,-0.11938055372479518,0.9885700616294043,0.20316013912024355,-0.13060919688905578,-1.0541433553216566,-0.5599928617456542,-0.4764060799312961,-0.8875330513092987,0.18830218470641424,0.09160039613028065,-0.31944473839940024,-0.07106540056829591
386822e1-0d1f-45b2-97d0-ac0273ee2394_14.png,-0.03677180847475162,0.33846367135540484,0.37938725671421364,-0.4475591972529283,-0.3301010381927896,-0.5463474410473979,-0.627832391851806,0.43058317374097127,-0.6330501858318146,0.939115052081014,0.292977914383442,-1.1364302472744983,-0.4516480824049198,-0.12658220894447203,-0.15076630110144068,-0.43443068644571703,0.3257914057973475,0.7049522749680064,0.755644641793505,-0.07106540056829591
16c36170-95cc-4260-985e-1bc7fbeac4a2_25.png,1.4074387772084913,1.1927333868732855,-0.4404530987868781,-0.44598693588444926,1.0240501248244513,-0.5659437953906448,-0.4214269690752095,-0.9286893154575002,-0.7353666488300932,0.8554202484599376,0.8880301420832081,-0.3714296799791981,0.051005116714186276,-0.3783807126304287,-0.24149407922934998,-0.26999923607343107,-0.4941497782953891,0.7217637304092984,0.7927900019332562,-0.07106540056829591
578fbdd2-3bf8-444c-8c21-8d2666ef631c_64.png,-0.43566421448085524,-0.11139817544169717,1.7179738094873531,0.906400319370115,-1.5873374197665213,-0.517047303601949,-0.4068402661769484,-0.5326884238926651,-0.6184355152947516,0.1960505274736763,0.5003756659901328,-0.9022464444660673,-0.9474156212621204,-0.5794229825025233,-0.5585301340968613,-0.900025604014653,1.19967507458187,0.6440963276692118,0.6211817996586554,-0.07106540056829591
53345714-cf33-43b8-9e6c-89b5c2c7aad7_17.png,0.26902980044994595,0.2125335546728405,0.7776701989193637,-0.1116524505863234,-0.6816850384262173,-0.4340673444306922,-0.4235690029997423,-0.6634935535569436,-0.697096968600597,0.41701043348230754,0.6863619594822061,0.8312056794209219,-0.7374029832740007,-0.5687165894324118,-0.5657391598506114,-0.8696004990435289,-0.34492260418374193,0.7217637304092984,0.7927900019332562,-0.07106540056829591
7483fa58-40a2-4a34-b0a6-a30645af78bb_1.png,0.5342072831972722,2.1366094943588485,0.7230587129378108,1.0961596334824388,-0.7956518257211023,-0.6245011003818648,0.7762332199570857,-1.3214828132522694,-0.712975962835973,0.15603517835853845,1.5876557815939214,-0.024961216575631762,-0.2588495950715641,-0.49575450332498494,-0.5392699952732594,-0.7567992672272805,0.9773454963829714,0.5315888951005654,0.3725936202618554,-0.07106540056829591
258bd669-e070-417c-9e38-6240e5c933aa_111.png,-0.20250597037006768,-0.0296845800060562,-0.18621179318226677,1.1727492306660712,0.4302586086619673,0.01601034165322307,-0.32904885286040897,-1.0753025323160197,-0.7140469374470538,-0.06942624889897293,0.7266861079742807,-0.6061831938745468,-0.15212186101202785,-0.13451287047788799,-0.007105063855781263,-0.07784183083513811,-0.12574320884298462,0.6876843999219734,0.7174908103377406,-0.07106540056829591
505d1bd8-e981-43ac-b532-853c95be827a_63.png,-0.008446350282822014,0.03203500512910887,0.7325460660696457,0.3418884301469231,-0.8078658692509691,-0.4921690444595407,-0.3764823468975092,-0.588799750312864,-0.6713835781924029,0.15687960285474606,0.564391791272679,-0.37330500296804786,-0.3104920470358558,-0.18249337275505453,-0.3000105378679665,-0.5123696637037103,0.29257179279031353,0.7027462468784251,0.7507703637661166,-0.07106540056829591
27bb6d3d-77c3-486b-a22a-3741dde393ee_59.png,-0.6511159549178092,-1.1298222611365423,-0.7633651513597879,-1.054166107019141,1.0186257345392695,0.6097437140672117,-0.600866981122787,0.006012497147774214,-0.4826285487006903,-0.5664670935274329,-0.3415779927284148,0.05409844137266056,2.781169410559742,-0.3391239380400197,-0.4104788072534748,0.37141450879557614,0.24215839733093858,0.7187209330443587,0.7860668598265139,-0.07106540056829591
4a7aeead-7888-4bb1-a39e-eef6dfc4a6ff_90.png,1.2325968179602915,2.075134423594502,0.2150354598547043,1.4370740502836732,-0.024873880806207973,-0.6126425110514626,1.4449166293938627,-0.6869724488095451,-0.7087944337581809,-0.3827942030985452,1.1146178319184232,-0.19802664625832675,-0.2588495950715641,-0.5925085740326597,-0.6173398693948277,-0.8480024887573908,1.8815668383720632,0.7217637304092984,0.7927900019332562,-0.07106540056829591
273317d8-7414-4eb9-bb2a-b42c7082fe9b_28.png,-0.352880317894927,0.15604361376460962,-0.6018222121288482,-0.5232100812101121,0.5046374892918911,0.017333106260938685,-0.10875876432693005,-0.7137024388204685,-0.6749387090784361,-0.38166732533353886,0.7552037792779609,-0.7539661650353712,1.1940247201905096,1.6712987606809255,-0.0339813178966533,0.8449179048302699,1.1842113051560996,0.7217637304092984,0.7927900019332562,-0.07106540056829591
258bd669-e070-417c-9e38-6240e5c933aa_88.png,-0.30291136030040483,-0.2372012285647755,0.025135601803195826,1.7442891031631782,-0.26375772199842745,-0.4941531458688044,-0.5551215349276166,0.24597598686943767,-0.2483792064585062,0.6680049000226381,-0.10993575443020899,-1.6462045603444702,-0.9508584513930731,-0.12618567586780124,1.4501686142776644,-0.005275535622949062,-0.22411191804016423,0.12659256582708753,-0.25112936839589345,-0.07106540056829591
53345714-cf33-43b8-9e6c-89b5c2c7aad7_12.png,-0.9430763433250661,-0.7961931884917978,0.29467160635381073,0.646533132342457,-0.4654939472013364,-0.44850176397768887,-0.4538411418256474,-0.15565353624795533,-0.24193625478047198,-0.16138660446326958,-0.2515118028922328,1.4099919908517098,-0.49296204397635324,0.022910760960418785,0.2158735717157391,-0.0863313217027097,0.4693210449372765,0.17444055439076475,0.3379030541757749,-0.07106540056829591
3dbb185d-309a-4682-8409-24f5556e96df_140.png,1.717423596138229,0.62379020284303,0.38090456856161015,-1.2628081871873014,-1.338949117653443,0.46192741424701866,1.3825229623250639,-0.9469737498218344,0.027415127525869616,-0.5940709173813687,0.8551865317727028,0.6961858970525923,-1.1884137304288152,0.9852965380404454,5.8912551596650555,0.2941954489832856,-0.8794574095557693,-0.13250162979753036,-0.46114412525132736,-0.07106540056829591
8b0863a2-01d3-4fdc-9994-7b50b25bc730_4.png,0.34469221649495496,0.6020954901558595,-0.899173490905106,0.020729265644056867,0.990873832553821,-0.10240995822270425,0.39472387867220754,-0.3129526921457588,-0.005563238171735149,-0.12683667152244274,0.5280816669530485,0.3415589555143846,0.40905945033327556,0.6676735436271363,0.1358344133188213,0.7448872662659316,0.017141003926260934,-0.15585509957344276,-1.0971976119038296,-0.07106540056829591
3b88f35e-b058-4cd6-a43c-563cda6b239f_28.png,-1.5821583848846477,-1.345419902947116,1.2542453548386974,1.2039453858782394,-1.4551419638118714,-0.5554081601861313,-0.7260791917305969,0.8229203246815606,-0.2707521586426734,0.2508394560370142,-1.0593687418058104,0.8576421521815879,-1.0713575059764204,-0.0183286790133442,0.6463554032351474,-0.556540893047456,-0.1459897042561219,0.44388026105617767,0.1787990490350064,-0.07106540056829591
7728da31-7807-4ad4-af12-f6b9d4769e58_15.png,2.6395319343608423,1.4020876348803335,1.1252343775024296,0.34478756924793125,-1.4043225003163526,-0.6477649510957249,0.16189931491400808,-1.6132577175175935,-0.8148564965159715,0.24622871331277976,1.55306431898565,-1.5426014201610405,-1.1402141085954762,-0.59766350402938,-0.6398164724533635,-0.9524876742670426,1.825618291620875,0.7217637304092984,0.7927900019332562,-0.07106540056829591
3b88f35e-b058-4cd6-a43c-563cda6b239f_87.png,0.9835096308836727,1.0920802808934549,-0.0835857933817907,-0.18423563141530416,0.32293090928885904,0.5182277607819676,-0.6121590333165368,0.19360074562476237,-0.6279771559865852,1.0992380747793862,0.45838602007175755,-0.6758541098771628,-0.6272324190835117,0.24417621774272402,0.09037153952055514,-0.3517513632657893,-0.7043829038498743,0.6065177802122061,0.538150994640387,-0.07106540056829591
00367bac-0715-41b8-93dd-c21b8877a1f3_63.png,-1.0441671902197305,-1.4051815020061873,-2.2048968084522196,-1.0964957965323225,1.6773377543408061,-0.13379834367855004,0.6148263031087853,1.5733054259025487,1.3444260746554428,-2.3747378037635403,-1.790974414588015,1.5994803049678805,2.1167031952858553,2.23001386571008,0.14327777727261737,2.9211168129429868,-0.9838911283758128,-1.3019247270779915,-0.9316558096588949,-0.9339762925282746
7483fa58-40a2-4a34-b0a6-a30645af78bb_0.png,1.8995848242824764,1.6370999135609383,0.8237446541048867,0.6394208188665259,-0.8899004018202806,-0.6573586945389494,0.7190436702949338,-1.6768569024866928,-0.8146131330928492,-0.11816815927162015,1.708297882205991,0.18329660337031964,-0.7029746819644729,-0.5219256863852576,-0.5693644440271997,-0.866015534614216,0.17509600286834787,0.6866194208442445,0.7151377106003816,-0.07106540056829591
7483fa58-40a2-4a34-b0a6-a30645af78bb_31.png,2.1798724580707085,1.6422607792235004,0.44659498128048397,0.032800807283538506,-0.5489109632195218,-0.6387220979364739,1.9329095521571742,-0.5331616987614094,1.3383846135037751,0.13344262285164912,0.5570037753960596,1.016249351616654,-0.4757478933215893,-0.519149954848562,-0.3899879136062984,-0.5880273860879573,0.16347578177190572,-1.3377536660501568,0.049679086671008156,-0.07106540056829591
27bb6d3d-77c3-486b-a22a-3741dde393ee_41.png,1.3140614878126813,-0.1249185738666304,-1.6695856108670075,-1.9135913302199248,1.632639546406384,0.6815202946971805,-0.3475823856514228,-0.6290868057282417,-0.6479482243864119,0.2880683915446602,0.5292656278043061,-0.14725621489923602,3.239065817976462,-0.017535612860002606,-0.2894838298816936,1.1144740747090733,-0.5272767749978392,0.6181564801331006,0.5638670131986775,-0.07106540056829591
824faab9-9bc0-41fa-93a5-24d93dec52b5_10.png,1.7953484133001236,2.288549122201242,0.7294210439665139,1.961693252573616,-0.7935152982302264,-0.6474440838184501,-0.43755864916726755,-0.6205487644477137,-0.7499105658104874,1.0512114969055542,1.0940421253766202,-0.1231936961496581,-0.844130717333537,-0.5909224417259764,-0.5987054522640403,-0.9045804078534521,0.34517854628326705,0.7217637304092984,0.7927900019332562,-0.07106540056829591
00367bac-0715-41b8-93dd-c21b8877a1f3_58.png,-1.5213814271844917,-1.539231076136457,-0.27610600346818953,-1.2194255015918605,0.34647330179384617,-0.6563159223267852,-0.6730290908857399,1.6042290660339449,0.9393965009868002,0.6064532039790909,-1.809456395424263,0.05074548031428537,0.2885603957499282,-0.056395854373740804,-0.11839272445794714,0.25332714946588336,-0.6871992482754645,-0.998938179464118,-0.7247881126060312,-0.07106540056829591
519d608c-1d5a-448f-8835-1d3a5261bbba_32.png,0.003846069160582863,1.1750113322176357,1.0901109795750428,1.9651978245055146,-1.594014335952621,-0.6027877372001954,0.8298587001617493,-0.4153901965069678,0.5770109111539359,-0.2627062194005143,0.5841334465068669,1.1125121942188911,-0.9302014706073565,-0.2701271826993009,0.6553513215543318,-0.26568546252076536,-0.7450960463983672,-0.925987112639688,-0.3007442613787509,-0.07106540056829591
4af4cf7a-5d36-4d0a-9b11-fcbd77f87c6e_135.png,0.15512960017858307,0.43982108861075225,0.7109610960639589,0.26854403652679737,-0.7731324262877943,-0.547754375777384,-0.48080995899866935,-0.782570953969215,-0.6942710057521687,0.6943993783878891,0.6763485861250457,-0.13998752469616632,-0.4206626112263448,-0.45173933181452636,-0.38350077706465957,-0.639447889263486,-0.21891593954217925,0.6436399080644708,0.6201733283426447,-0.07106540056829591
44341a17-f4a0-402e-8f84-ad64321de876_18.png,-0.1995730927967776,-0.7935966382777311,-1.444970690038636,-1.0202222106736278,1.5422929137444015,2.1126138754976234,-0.6002312148011063,0.6568458144289576,-0.4691686903449772,-0.009548145332626698,-0.5260757233810136,-0.7020249577301294,0.9461409507619095,-0.10596248895759054,0.13819998871640465,1.0811958559576555,-1.7699390258671714,0.7217637304092984,0.7927900019332562,-0.07106540056829591
a3283dda-4e12-48f9-90f3-8f3223c77d46_33.png,0.45583019718591467,0.07773178982864433,-0.9422601836807158,0.40035779014092143,1.2001276093431805,0.39748937959396463,-0.17176342357920485,-0.53555967732779,-0.2890182350522303,0.3022619758023708,0.5019213676321559,-1.9148718818234913,-0.17277884179774453,0.1347330885815838,0.43715612620021693,0.5375399811490251,-1.3227686606626101,0.09403463402223243,-0.5941942146877028,-0.07106540056829591
41b05097-d935-4d5b-b15a-8c9cc622e21b_57.png,-0.896684405017973,-0.8906870640612919,-1.2959287589934925,-1.8518232667922379,1.3083215266806216,0.7012553736949927,-0.6849553610175326,0.3149097955320116,-0.47601287933087444,0.630157356193015,-0.4141683205332896,1.2047266416046027,3.380221853345526,-0.22293974657547594,-0.2713201801392857,1.286155989114896,-0.6634496249574409,0.5328060140465413,0.542768172736326,-0.07106540056829591
6764beec-de30-41fd-ac4d-374023ed0a03_3.png,0.10621908529629191,0.024043909666986257,-0.4971347107434275,0.5568712943638535,0.6482532301431745,-0.030944462116918224,-0.06496954601975635,0.2046853163058047,-0.4195158393767304,-0.14306163253504176,-0.11673852501614031,-0.4878892412570726,-0.6237895889525589,0.21126397237904782,0.835694112634391,0.25104032504488555,-1.4154881718804875,0.5208630343891528,0.35087071010100757,-0.07106540056829591
19ef2be7-6425-4194-a4a4-1b4a7fbefc4e_41.png,0.21291847208457948,0.9322799918681788,-0.7759980598798475,-0.38815666623231904,0.6841394514225921,-0.2917659977584823,-0.17162995290962638,0.6322251630232515,0.6874331024500917,0.7673916757095508,-0.1389262380728647,0.5841925489938876,0.9185983097142872,0.12045789782143508,-0.10143760394018628,0.7431705237180887,-0.3638091445346606,-0.9075021186476792,-1.8379610912857476,-0.07106540056829591
3b88f35e-b058-4cd6-a43c-563cda6b239f_8.png,-0.7615500266692206,-0.20394615989909748,0.8440816698296965,0.5367646020423826,-0.9062900201460401,-0.54300351227789,-0.4049642445613895,-0.5914992080414058,-0.6480877610323348,0.04272617937847741,0.4730394636214008,1.3933058987462787,0.2713462450951643,-0.4794966471814822,-0.5488448239608835,-0.6731931813119583,1.3721708563973825,0.7013009181300787,0.7475768712654144,-0.07106540056829591
19ef2be7-6425-4194-a4a4-1b4a7fbefc4e_68.png,-1.5178261143979683,-0.9926032716484877,0.929485973132959,0.2513455801506498,-0.9576147897646894,-0.6666961204549395,-0.7561354858773927,1.2213662822316287,-0.34258580932808247,0.6527924515285595,-0.9717954223330234,-1.1377684530894783,-0.4757478933215893,-0.35220952957015605,-0.2333716646666191,-0.5251244405458062,-0.949418811377537,0.7217637304092984,0.7927900019332562,-0.07106540056829591
6764beec-de30-41fd-ac4d-374023ed0a03_20.png,1.6026303108242994,0.18592718657470633,-0.41405178319894964,-0.8787864291831798,0.7210778361967979,-0.14393007153026618,-0.18297434047033376,-0.42521445143289394,-0.5814954534015448,0.37756767844249856,0.6039375897537044,0.3557189840916346,0.12674737959514748,-0.23562880502894146,-0.2860187783308497,-0.281501578294662,0.7903586304149428,0.4415220930983494,0.17358861390228025,-0.07106540056829591
3b88f35e-b058-4cd6-a43c-563cda6b239f_73.png,-0.3225410455132716,-0.07787836280519966,1.2996551591490721,2.5334021589361786,-1.755586706330983,-0.6394603667313921,-0.42525333472094135,-0.35044634774982697,-0.486254280642769,0.27789838321326876,0.3002265519589656,-0.5418400673911138,-1.174642409905004,0.22791836159922133,1.5587848558401471,-0.5279140578438393,-1.0125298630907373,0.38264396408676565,0.04349581413681612,-0.07106540056829591
81faa7e7-ef94-4bfb-ad32-94fd63e1848b_81.png,-0.46846683299137537,0.6981204991746474,0.48891147459506534,0.5117544748755398,-0.5168355820646087,-0.3517910625345478,0.5875982865147953,0.1339434298071882,0.054758191172391966,-0.44570935207972134,0.33524492632549185,0.9857041532325305,-0.07982242826201942,-0.2510935950191026,-0.39717061575008766,-0.4965129091128922,-0.3662105966615877,-0.20994082273524642,-1.2548681069072793,-0.07106540056829591
22df8deb-bec0-46ea-b532-d6d7e8d8d57a_5.png,0.6754481276965677,1.3919619850668283,1.2232060859670366,0.9456170463181641,-1.4259393054640412,-0.6434518976912199,0.04421813264373099,-1.1448907509637598,-0.5795087173507777,0.47639909004548964,1.252744548782166,-0.2932168709954466,-0.9439727911311676,-0.5948877724926844,-0.6288049800394409,-0.9290163164310835,1.7407879038692857,0.39839044045032873,0.09439620199392564,-0.07106540056829591
7483fa58-40a2-4a34-b0a6-a30645af78bb_21.png,-0.9108733442208405,-0.7333749146451984,0.3770163395002495,0.3616741665965468,-0.05852402488991026,-0.35176229877017384,-0.27592907475185097,-0.7653147157131085,-0.4457491925499934,-0.8324273547002112,0.2573863555658197,1.9968793899698591,0.7430139730356954,-0.5556309979022754,-0.6105986747808821,-0.7119375185315966,1.3524076026316283,0.3487167734676877,-0.031467220353361657,-0.07106540056829591
78667ea1-0eed-4d74-b94c-83a1d16767bb_22.png,-0.5497399834547022,-0.6363605591523183,0.054388507799630656,-0.7750261940158846,0.3011400724168168,-0.1314895019605333,-0.6369944875133975,-0.05607171885670523,-0.5433621943254793,0.4243999116121239,-0.08697687066834243,0.416863917582461,0.7257998223809314,-0.5199430210019036,-0.5148089171589937,-0.5194211945441882,0.0033075808649250457,0.7217637304092984,0.7927900019332562,-0.07106540056829591
a6a04226-e7be-4c2a-8240-4e24256bfed9_13.png,-0.3716362966226647,-0.4345278224664031,0.587398162717776,-0.3727686474069885,-0.7242359066927094,-0.3839014451947287,-0.2221763174121602,0.8480062532862954,-0.4807748873913975,-0.8616014868750734,-0.47871503821202666,-0.2394755677734544,-0.6272324190835117,0.03084142249383474,0.12049932997607778,-0.3241619968201603,-1.605039449762118,0.5787522542571312,0.4887356441159372,-0.07106540056829591
a9e37804-c00a-4e4e-b99f-e267a0056a05_83.png,1.7385964368814388,0.9638838412424549,-1.0714071056659962,0.2519153382735939,1.3816729710021827,0.3576758104883384,0.0719945867222297,-0.52907814965344,-0.16582028283494218,0.5720604427938473,0.7299900897349503,-1.221833366378511,-0.307049216904903,-0.1539429912347571,0.5017530501262415,0.45912765340745304,-0.9825345028619552,0.05432612840976898,0.04598384682117583,-0.07106540056829591
4a7aeead-7888-4bb1-a39e-eef6dfc4a6ff_37.png,-0.1599909734692423,0.2915861962266004,0.4481279497332104,0.17312619184697986,-0.2579772830305442,-0.4561515952946473,-0.30276008578110863,-0.47254499644516645,-0.4210942466713908,0.4453885061458108,0.5618196841333521,0.9582467620303311,0.24380360404754203,-0.5726819201991197,-0.5437216714936786,-0.6572613451915887,-0.128421277244536,0.33989266110936245,0.10056128344783066,-0.07106540056829591
4a7aeead-7888-4bb1-a39e-eef6dfc4a6ff_34.png,-1.0420632416933011,-0.9253075210272514,0.651855992590568,0.7642556902432578,-0.4879520566758648,-0.4854349663318987,-0.408740442577257,-0.10489154112688573,0.3330440432082051,-0.0477020883231053,-0.36311441733052585,1.2935103063231028,-0.45509091253587264,-0.49535797024831413,-0.5001091887786783,-0.7350464342068298,-0.05218224884490952,-0.42597943564596713,-0.0002696767676926276,-0.07106540056829591
3b88f35e-b058-4cd6-a43c-563cda6b239f_88.png,0.9724257578386973,0.6624489108999512,-0.28157354922961597,0.06040325975629034,0.42716262881224093,-0.2172600729869981,-0.6078978815453104,0.6350399951250932,0.15419591280701228,1.1430863905975839,0.017344610529487197,-0.05480242180149362,-0.6719892107858979,0.6886897966906885,0.4619556792919084,-0.043983266122395184,1.3051076954335483,-0.25588706294583635,-1.3673555569630795,-0.07106540056829591
78667ea1-0eed-4d74-b94c-83a1d16767bb_24.png,-0.1865024173897266,-0.3477559292950412,-1.2843919926571081,-0.9913080291043735,0.9822528767145047,0.9406902162303991,-0.3142503310804968,0.6931963827779626,0.700348403112907,0.5808823575712865,-0.5423675550925042,0.7960629935827472,0.02001964553561124,1.6613854337641556,0.8074408015800626,1.5803989573112889,0.5745365124038956,-0.7635017333519065,-2.4889437389203795,-0.07106540056829591
6ab94b0b-0d10-4c2a-a48b-13560294cd7b_5.png,1.3973782579058875,0.5149501402506117,0.5153753705965342,0.5822215378792379,-0.20799086664214228,-0.5004868708265807,0.016390272228457504,-1.4332659329536155,-0.7798226837644137,-0.3004053745487717,1.2376768834731127,-1.7694511483149538,-0.9784010924406954,-0.4525323979678679,-0.395530569708484,-0.8429853510359785,-0.07708362766599011,0.7217637304092984,0.7927900019332562,-0.07106540056829591
92f1a624-99c9-48dc-9309-0fb5c6bc0e7f_27.png,-0.41264106012611307,-0.5422105148989907,-0.9602440113194473,-1.4561743278279071,1.1923018489023722,1.402606817163616,-0.5397671434217343,-0.01726607731169215,-0.24487491449485707,0.5750852264451995,-0.2784805300712532,1.5415509766832478,2.516071490476378,0.1910407854688371,-0.38316733769828787,0.47650385923877425,0.3190253006077775,0.15078280487835835,-0.23559876765167584,-0.07106540056829591
9229a83e-46a1-420b-bbda-57bc886c344b_30.png,-0.8179943112782148,-0.4967480143977879,1.325179405849348,-0.5096877845694261,-1.6024156787393615,-0.5841691286660862,-0.5510604343223942,-0.03808204897463418,0.17911039240353396,0.6328409698424436,-0.21502468062782137,0.4896736032078473,-0.8510163775954425,0.05225420863405783,0.6071992918246233,-0.19922049330597588,0.1340511442573457,-0.2895099738284203,-0.26628425809459444,-0.07106540056829591
2ec83b5a-f1ad-4dae-bb33-773f1eee7923_28.png,-1.5490836294956227,-1.278590830087228,0.7015040690648,0.5005020189751733,-0.644156443409861,-0.6670169877322143,-0.780011251895545,1.5814803394598724,-0.24524203138634795,0.6321198420802511,-1.2510515216384932,-1.8895228513683184,-0.7408458134049535,-0.2847989065361204,-0.07159238426907027,-0.5567142097867044,0.25288494730397504,0.7217637304092984,0.7927900019332562,-0.07106540056829591
3b88f35e-b058-4cd6-a43c-563cda6b239f_6.png,-0.7902684227578382,-0.16954420305504744,0.22131963093919238,0.27771087348725176,0.010214943195729399,-0.4798157704891717,-0.47129668992802465,-0.24346519596273017,-0.09714908575794483,0.5168268498496186,0.08153321387643125,1.616524876733299,0.40217379007137,-0.5135984917751708,-0.45140648487447965,-0.43399516773372887,-0.6585399125513667,-0.03543639385595301,0.08890072111671017,-0.07106540056829591
10b42c78-10e5-441c-bc2d-1bc4a35bb63d_33.png,1.676916612170719,2.4447812382355796,-0.10218923898643004,-0.19794099889170516,0.004220814985789133,-0.44577990133383905,0.6000881682907471,-0.8416716909607703,-0.05622606469272491,0.6230743782945232,1.2136118906216382,-0.09261617270262969,0.04067662632132793,0.3096041753934057,-0.16269341957664293,-0.08954509858975546,0.6300415278654367,-0.09568378168175963,-0.13208869561948935,-0.07106540056829591
a6a04226-e7be-4c2a-8240-4e24256bfed9_37.png,-0.6341366399510839,-0.6720969439681016,-0.9120199334041765,-0.5355814681244905,1.097645461043128,0.41589549829945144,-0.5840608251181032,0.0970953851602483,-0.28863443743697237,0.5598108218118549,-0.17867306827625745,0.2560404509049328,1.1148396271785959,0.33815455691370316,-0.1279849479952467,0.6339337711257091,-0.15075510961587069,0.1917844993709212,-0.024696414473736942,-0.07106540056829591
53345714-cf33-43b8-9e6c-89b5c2c7aad7_18.png,-0.7049011305630883,-0.11821888665501669,1.7421358788176375,0.1656434979580872,-1.6980977135844322,-0.6061333386562493,-0.4632940239344179,0.14280520183984338,0.15779718222597489,0.5906867335471471,-0.07902845130344528,0.37765491390954437,-0.7718312845835286,-0.5084435617784504,-0.3959323999429332,-0.7512456215937803,0.3062048165781679,-0.26760183280085426,-0.1202375035252524,-0.07106540056829591
a6a04226-e7be-4c2a-8240-4e24256bfed9_7.png,1.363357175519164,0.5987967085576557,1.6432713096993479,-0.12588008054508376,-1.8121860621243933,-0.6169616924773418,-0.3952769371698562,-1.0859466896458503,-0.7357035641154378,0.5414813538325586,0.8925366939129209,-0.8687130873722336,-0.9095444898216398,-0.4791001141048114,-0.35551975922118023,-0.8011615470241138,0.052980056771206346,0.7217637304092984,0.7927900019332562,-0.07106540056829591
00367bac-0715-41b8-93dd-c21b8877a1f3_10.png,-0.06859939486082049,-0.2252672807291559,-2.8369132098281846,-0.4185850717939244,1.6973517732184062,5.081897941517692,0.8620170799352227,1.553534891355074,2.938819841930771,-0.18375116022815752,-1.8445793611813541,0.2166039270614144,0.4882445433451895,2.0468155842881712,0.9661387583149952,3.9373347415629385,0.0675221174953664,-2.755088678639082,-5.38725541043654,-0.07106540056829591
4af4cf7a-5d36-4d0a-9b11-fcbd77f87c6e_85.png,0.35877147903066575,-0.25233668758731675,-1.1633049040005976,-0.8847351925304667,0.7157331120578525,1.0943796928041847,1.3829865483862214,2.436467037788042,3.9120430921395823,-0.32808536770681207,-2.36867046037001,-0.011255226371576388,-0.5239475151549282,0.365911872280659,0.9546346737644109,1.5497815270024062,0.1809432200129279,-4.153330137763011,-1.4918273428066575,-0.07106540056829591
258bd669-e070-417c-9e38-6240e5c933aa_19.png,0.4514682139755507,0.4410428697512892,0.15576688879524325,1.2541061734806347,-0.05874755831138062,-0.46679580671272425,-0.24086252082986118,-1.1032527130620182,-0.7393165727339783,0.18936649267939498,1.0290985837522346,-1.189806699353819,-0.5136190247620699,-0.33833087188667815,-0.11333386527849376,-0.4401460751216991,-0.6009982217139492,0.7217637304092984,0.7927900019332562,-0.07106540056829591
4af4cf7a-5d36-4d0a-9b11-fcbd77f87c6e_127.png,-0.2633204583314301,-0.3006858553551287,0.13065310771951166,0.20897964650247441,0.15959744620540492,0.008408630931289886,-0.6739014502272767,0.04809654129685508,-0.6055953135348208,0.7972473397563862,0.06970913807751887,1.2996584351681784,0.22658945339277814,-0.21897441580876795,-0.389823831627315,-0.42417698631716894,-1.0212666925825047,0.7217637304092984,0.7927900019332562,-0.07106540056829591
81faa7e7-ef94-4bfb-ad32-94fd63e1848b_43.png,0.9807166575947146,1.859449307983473,0.7862296642912744,0.3852060350517932,-0.7699015638386963,-0.5936754634542125,-0.24371866928814756,-0.5952834189385232,-0.23412375144678468,0.9444358134761686,1.0237586499832083,-1.5194221048092935,-0.6513322300001811,-0.5774403171191693,-0.5098624722520673,-0.8033825640261585,-0.7237501950315457,0.12423439786925923,-0.21221755792045557,-0.07106540056829591
81faa7e7-ef94-4bfb-ad32-94fd63e1848b_30.png,0.7231705560164,1.6599899848963184,1.518799521039921,2.130099917564012,-1.8224763541599844,-0.5916131775726307,0.20598922932364264,-1.2140851371603731,-0.7664948853857297,0.30714840663950965,1.422768313485638,0.11673618641962091,-1.0713575059764204,-0.49575450332498494,-0.25573964073734146,-0.8334799410332819,-0.10576103126480725,0.7217637304092984,0.7927900019332562,-0.07106540056829591
578fbdd2-3bf8-444c-8c21-8d2666ef631c_12.png,-1.1728798747497307,-0.4952975405702931,1.555986147297353,1.7653734026757106,-1.6837813989387684,-0.577388342654581,-0.717260837236597,0.6732911386701572,-0.5198015273299137,0.8179783530349731,-0.3408345890513714,-0.451533660100088,-1.0679146758454678,-0.5885432432659516,-0.6114890354891138,-0.9376186851396433,0.7927271833515567,0.7182645134396177,0.7850583885105032,-0.07106540056829591
9229a83e-46a1-420b-bbda-57bc886c344b_42.png,0.18501114081336917,0.32068613531857576,0.4831987097878574,0.4961842316184878,-0.5499495717456245,-0.3567825749551724,-0.21441612829623302,-1.012912300354556,-0.6926542938785425,-0.0032006221505775524,0.7250850596262934,1.489894772028147,-0.2863922361191863,-0.32246954881984624,-0.34083302104489405,-0.5462979646258296,0.5126950526734242,0.6933135750471119,0.7299286232352145,-0.07106540056829591
22df8deb-bec0-46ea-b532-d6d7e8d8d57a_30.png,0.11518339001287578,0.8787229334734825,0.6405240874283533,1.547756951452284,-0.8726444778752195,-0.5657702021230221,-0.4897088294418349,-0.06391381167763487,-0.49856208622626796,0.8911359794915208,0.5020384187422643,0.18221693887772944,-0.16589318153583896,-0.2689375834692885,-0.36054578941209914,-0.5069871896845213,-0.35705055702765076,0.5234494121493516,0.3546092151263202,-0.07106540056829591
4af4cf7a-5d36-4d0a-9b11-fcbd77f87c6e_126.png,-0.47754863683426,-0.4511681778663236,0.5538601701885942,0.3270710803869806,-0.33189558372051425,-0.44631175267427126,-0.6555292590113215,-0.15873631286277226,-0.5909424439124084,0.6104090860289021,0.0024859970548656526,-0.07491264947778327,-0.5377188356787393,-0.4564977287345759,-0.5260556906597382,-0.8030468757418815,0.46267698736875584,0.7088318416083045,0.7642166479796011,-0.07106540056829591
a5f7c55f-08cd-4cf8-8e07-7d416d70c470_7.png,-0.9934748197618984,-0.4107289283650152,0.5565502210210089,0.8921503936132247,-0.5246047527173563,-0.3355610903073213,-0.7063289390769998,0.48163760982551085,-0.4907673722471568,0.8416343080214895,-0.2820761583473852,-0.9767441456928004,-0.37934864965491144,-0.44936013335450153,-0.3187801864171394,-0.5621955395563227,-0.6004943178160737,0.7217637304092984,0.7927900019332562,-0.07106540056829591
9229a83e-46a1-420b-bbda-57bc886c344b_29.png,-0.4534358679358745,-0.7234949109275939,0.35866378249888126,1.3314178291636996,-0.7049494093483849,-0.3743375336950171,0.06491166060947638,-0.21154733211124196,0.7109407289664623,-0.5666942301830932,-0.27725261726962414,0.9737861580316821,-0.9611869417859316,0.1573354739518193,0.7802484067696894,-0.24964251337878002,0.7033448594702852,-0.7881483920079183,-0.11719359385719828,-0.07106540056829591
19369012-66cc-4209-a974-c98c915c0a70_36.png,0.061012014434640854,2.148511171284927,-0.516491677087293,0.03500890281564834,0.5853570167241223,-0.49504818700030523,-0.3143196986674703,-0.8031759985290954,-0.6882515145323663,0.9615882983320735,1.0700839190249172,1.5429960882334268,2.1373601760715717,0.585591196756281,-0.37844317022787344,0.28659582194583194,1.608908794172062,0.6444766773398293,0.6220221924219985,-0.07106540056829591
3b88f35e-b058-4cd6-a43c-563cda6b239f_29.png,-1.8529487241646372,-1.3360076342931322,0.7743713813799458,0.9320942111311094,-0.9338642203280251,-0.6574530967825882,-0.7364948587853516,0.9471539599957112,-0.2593605199958472,0.23606781658831705,-1.1355522575701906,1.333654460652337,-0.5136190247620699,0.18826505393214152,0.021396414933855534,-0.30519841793470015,0.047614504253848416,0.529839286615725,0.3687278135504801,-0.07106540056829591
00367bac-0715-41b8-93dd-c21b8877a1f3_51.png,-1.2895049135276422,-1.1009960268006513,-0.8448220689540157,-1.0346957905668843,0.9666069883064201,-0.4557405433279543,-0.45622720101149744,0.7531672681510873,-0.24722325899956177,-0.8880139321661644,-0.8751805858761745,2.2921160005282677,2.7398554489883087,0.03639288556722591,-0.3638638870487743,0.6179872507593492,0.3098188172463449,0.32627614290125717,-0.081050393390589,-0.07106540056829591
27bb6d3d-77c3-486b-a22a-3741dde393ee_44.png,-1.1161807943509436,-1.2838270732530508,-0.6667646857408799,-2.0073340649863733,0.7597235180642544,-0.5190294295805091,-0.7517925794500906,1.0304217713305048,-0.35724781325475974,0.4617439773026601,-1.0121598837765318,0.21893696681517538,2.1167031952858553,0.2612271400395683,-0.30983118366907636,0.5158285614682458,-1.1595008969320217,0.7217637304092984,0.7927900019332562,-0.07106540056829591
27bb6d3d-77c3-486b-a22a-3741dde393ee_98.png,0.03755001537078413,0.3254718844138607,0.7038995911044014,-1.19681672364621,-0.7415186570172715,-0.32882287748454997,-0.34436948960298713,-0.7422620707815998,-0.6599344445252842,0.3598102752707731,0.6220255314221136,0.15520751916624792,-0.07293676800011387,-0.30978049036638067,-0.3209416596458549,-0.43672412752072837,0.05212191716233128,0.7217637304092984,0.7927900019332562,-0.07106540056829591
386822e1-0d1f-45b2-97d0-ac0273ee2394_69.png,-0.2561776253115284,-1.0927927528812582,-0.023354157548201963,-0.2820487190837849,0.35259309712824605,0.08536308342211568,-0.5493277930316955,0.006961994934651033,-0.4981866591076887,-0.6246780812906302,-0.36025271576069967,0.7866730209169635,-0.2588495950715641,-0.3875009733938571,-0.21100636507675138,-0.3834772768927185,0.4096142941134584,0.6144290533610495,0.6749925194468747,-0.07106540056829591
10b42c78-10e5-441c-bc2d-1bc4a35bb63d_30.png,1.4773830817746265,1.5238894146750217,0.2461321363852414,-0.09058268241513061,0.09301721230624779,-0.26753722752505865,-0.2345612187774694,-1.0107621082529554,-0.7730726879137123,0.7211487844005038,1.3001391580346775,0.8633213223159618,-0.15212186101202785,-0.5413558071421267,-0.583706848439364,-0.7954583010224958,0.40367296279620685,0.7217637304092984,0.7927900019332562,-0.07106540056829591
4a7aeead-7888-4bb1-a39e-eef6dfc4a6ff_72.png,-1.9884999165275767,-1.2886410220788176,1.7261434628871875,2.6503456275204473,-1.6491225079236609,-0.6358415683456287,-0.6001556536795817,0.9491365127746515,0.35101785287653525,-0.5060864324934186,-1.3393519875035325,1.914350152080546,-0.4206626112263448,-0.5607859278989957,-0.5674098647241995,-0.8012044487655604,0.6462496522309897,-0.34656242442104024,-1.5677051917440032,-0.07106540056829591
a9e37804-c00a-4e4e-b99f-e267a0056a05_84.png,0.5927599008298832,1.013219881619781,-1.2140471324921032,0.16835341191860073,1.3077454352569227,0.5462535225217628,1.0607564553210704,-1.3241682878576948,-0.5577719925905654,-0.6741351328847547,1.404363845868518,-0.43911577175481065,2.281959041571589,-0.19557896428519086,-0.323798333369644,0.5898438969019314,0.2103562819059447,0.361876872071052,0.4719210725614859,-0.07106540056829591
44341a17-f4a0-402e-8f84-ad64321de876_1.png,-0.794226188911446,-1.1957640858904788,-2.8378949268197187,-0.9241218648430042,1.7076269367364696,2.2765631804017614,-0.07490738188388583,2.3109746706693692,1.9807745245780928,-0.006724080823997048,-2.0302041169788967,-0.012770409738009166,-0.10047940904773611,5.953459455648873,2.498635966701486,4.657227415663868,-0.8157614739497835,-1.6788512506599003,-0.9441480629600284,-0.07106540056829591
48a4d49c-a4cf-463b-ae33-31db1940e1d3_49.png,0.005501949255255153,-1.4428726840007304,-2.022112116140057,-0.9396905301042634,1.5772708705426242,4.20938884231734,-0.11912488310527504,2.8590863356441107,1.6894101138628441,0.40119947995732064,-2.3095333470811767,0.39110989615097264,-0.2588495950715641,3.4763173256863977,1.9076484947051189,2.880229147146105,0.5580993823118696,-1.7718847800929325,-1.3869414601231584,4.864050509194307
6764beec-de30-41fd-ac4d-374023ed0a03_59.png,1.2474035874297174,0.14904344533416933,0.2606735509574927,-0.8201481446453406,0.05247243863847651,-0.416694695690143,-0.2625432982030678,-1.2868250697493413,-0.7382910807039095,0.08665665717042174,0.9384381841645678,-0.3600983863247216,-0.5067333645001644,-0.35101993034014367,-0.44706814425194535,-0.727421969352437,1.211653690151877,0.7053326246386239,0.7564850345568481,-0.07106540056829591
268cf2e7-02be-4b54-8659-24b54163053b_37.png,0.31535362386802485,0.3873797727536506,-0.061574436636581874,-0.7647415894062325,-0.23149786330792846,-0.3458098917523336,-0.33731907954662765,0.23927855086427474,-0.14552794264434543,0.6461286272237805,0.1112740801145356,-0.8023395367305458,-0.5101761946311171,-0.09961795973085778,0.734217467954489,0.39772152569797653,-1.1256088504018582,0.14789214738166562,-0.4751945993983615,-0.07106540056829591
7483fa58-40a2-4a34-b0a6-a30645af78bb_24.png,-0.8282329679848731,0.19759161660853872,0.94471240272971,0.8894308978753248,-0.9778002061619046,-0.4568235908828327,-0.28217432531655445,-0.1772883961250399,-0.11404251807525445,0.3104125703153374,0.28048078047462766,1.6101576355046248,0.13019020972610024,-0.4025692303073474,-0.546580866956369,-0.6751452476218687,1.3534610474315527,-0.00029208429089914913,-0.47534890812515773,-0.07106540056829591
48a4d49c-a4cf-463b-ae33-31db1940e1d3_40.png,0.6586343047564338,0.09815532486093229,-0.08184494845674785,0.22124789702592634,0.4913753510744944,-0.42322775414709474,-0.41193692575913177,-0.3156605446178682,-0.26885244504685313,0.6996585080576357,0.2542646119335334,-0.3807896846707539,-0.8579020378573481,0.02528995942044357,0.26283065971023256,-0.43135046783986253,-0.05672560848673343,0.11769238353463882,0.39299299518726954,-0.07106540056829591
273317d8-7414-4eb9-bb2a-b42c7082fe9b_51.png,-0.18414069541224828,-0.2904967014770014,-0.9377872304241259,-0.9603858786187587,0.8457161168135483,1.3020722596659782,-0.23084571740020396,0.46397346899183406,0.9400183925558155,0.5191066069101834,-0.5616961664527984,-0.7147313181726338,-0.2140928033691779,0.7957537273918039,0.7737480366850257,1.1527423523852378,0.14956723010964898,-0.9610553522706183,-2.106725500057039,-0.07106540056829591
92f1a624-99c9-48dc-9309-0fb5c6bc0e7f_21.png,-1.1534208831367483,-1.5329345663385892,-0.7411274802957363,-2.4853974483929258,0.7056839976235135,-0.46952758424262664,-0.5700665337996647,0.9444384897861696,-0.06814612059892902,-0.3419261843508092,-1.2009887658049727,0.01446979016342063,1.930790368214405,0.06692593247087736,-0.25354098614988163,0.726659455358916,-1.3741179523892684,0.1906434503590688,-0.3579645631180633,-0.07106540056829591
16c36170-95cc-4260-985e-1bc7fbeac4a2_35.png,1.3376548608853351,0.9623976545029251,-0.03368305735353708,0.6977827975442707,-0.1565728558720227,-0.3904371081809866,0.8682471563402759,-1.1003425408586467,-0.19318781973731575,-0.22993981249468412,1.0677665884327867,-0.22821309589076522,-0.6444465697382756,0.07446006092762252,0.34785633462705673,-0.12452221058810223,-0.8131547239720092,-0.2473672303240051,-0.305485278166764,-0.07106540056829591
a7ab7384-2203-4096-ab14-1eae445ccdd9_44.png,-0.2877424870794912,-1.128312600165988,-1.9318580156849299,0.38005149430111423,1.6703424535459752,2.379411566622775,-0.39741866141766147,0.7267306817351775,-0.17946577261230212,-0.2931357866797501,-0.7804574429194366,-1.5530786389900746,-0.4000056304406281,0.8274763735254678,2.299519414428732,2.1758350364294112,-0.8646160522672304,-0.19107547907262012,0.35938547454475445,-0.07106540056829591
3b88f35e-b058-4cd6-a43c-563cda6b239f_65.png,1.6897675902202371,1.4794518715198042,1.2849387512547834,0.31705092000701257,-1.582726922658666,-0.636384086837761,0.3950174522099345,-1.6823603726350664,-0.8235912428898206,0.15487898313021342,1.7324803240326876,0.12944107193043225,-0.937087130869262,-0.5881467101892809,-0.5679242097769306,-0.9031027738383673,-0.3967555663552002,0.6741439516479917,0.6875728279627371,-0.07106540056829591
00367bac-0715-41b8-93dd-c21b8877a1f3_98.png,-1.2885517168667568,-1.3005209849179018,0.507380695508839,-0.21817994159745843,-0.5530365824155701,-0.6670169877322143,-0.7444780151451221,2.0632157114835032,0.8402297057640072,1.0063840921462885,-1.8111977944811428,-0.7310810869617745,-0.9818439225716482,-0.07979130589731788,0.7735344598767456,-0.288942950614406,-1.0113052591393905,-0.7871594828643129,0.47326245326153793,-4.169892137378195
16c36170-95cc-4260-985e-1bc7fbeac4a2_43.png,0.20885583816139325,-1.0806949338767209,-1.8618756260012275,0.27233729068941076,1.7237392651726546,3.3632168191366465,0.6579639615811725,0.1685713325292343,0.86840135804309,-0.7914886974794135,-0.7068046704659262,1.6712288390780576,1.9101333874286883,0.6863105982306638,-0.03467489107400613,1.80673872067003,0.7632384060400191,-0.9179997695567212,-0.6228468157946917,-0.07106540056829591
16c36170-95cc-4260-985e-1bc7fbeac4a2_24.png,1.4028791724431795,1.3024091431295963,-0.5929403324133362,-0.06533320834759326,1.3414817824521628,-0.5665855299451944,-0.36031040883086823,-0.9376483380610414,-0.7051270581588581,0.8100584634406696,0.7874067142448706,-0.15649894754481528,0.6672717101547342,-0.45332546412120955,-0.4391511160846995,-0.374558746103093,0.03617593958411606,0.7217637304092984,0.7927900019332562,-0.07106540056829591
a653df7d-134c-48e9-9911-e3a0e5f096f4_21.png,-0.19464565880046159,-0.21752236478630424,-1.222052938554476,0.5042844485113178,1.16663299817462,0.6685294128933222,0.11705193122876201,-0.6102623988835475,0.13131018286718157,-0.3436547323566672,0.39825733948519,0.31814052658446795,0.9323696302380984,-0.00920841824991585,0.06091037901496139,1.084688969076156,0.047721044759506816,-0.95869718431279,-0.3914585279791695,-0.07106540056829591
41b05097-d935-4d5b-b15a-8c9cc622e21b_102.png,-1.4087843607649415,-1.3146523447690726,-0.5466088605984082,-0.41665908706342003,0.7928802934029467,-0.6087375923638018,-0.6513455264219854,1.522348960803291,-0.059617591605327695,0.032604180031279434,-1.4061574818451308,-1.3711168872934365,-0.4516480824049198,0.4218230360912415,0.4712695210344769,0.20592840722081282,-1.3268242270133956,0.1748209040613822,-0.4156947917536921,-0.07106540056829591
a9e37804-c00a-4e4e-b99f-e267a0056a05_52.png,2.1338611472179765,0.991377496282868,-0.8823304405670359,-0.060649551668836066,1.221133699251586,0.07996354534865677,0.8919897613655773,-0.5797689415759579,0.33350648486837703,0.28227657694388275,0.6961354066465124,-1.1285794945789653,-0.5583758164644561,0.1926269177755203,0.4591074089699642,0.1335565493429118,-0.0021038840943342196,-0.4430191008896296,-1.5989584093973477,-0.07106540056829591
19ef2be7-6425-4194-a4a4-1b4a7fbefc4e_63.png,-0.9598960973285742,-0.568772188045923,1.3904521778103325,-0.1134740657497087,-1.4069343783326411,-0.6335244208101042,-0.5363910477378746,-0.10659322932439047,-0.4810832060348825,0.14280667503389152,-0.005110338444469432,-0.08818154152476494,-0.5687043068573144,-0.2340426727222583,-0.15444508807002644,-0.49268786484906085,0.15357420889299928,0.5040515789478608,0.3117491841958375,-0.07106540056829591
3b88f35e-b058-4cd6-a43c-563cda6b239f_92.png,-0.4146283790591265,0.48832687926855867,0.2474323505451706,0.9619604656084689,-0.5873286585285257,-0.5032982258073735,-0.4095044150641476,-0.560909254563096,-0.47559499293201923,0.5897220789508781,0.4246888016870618,1.0224187633444042,-0.21064997323822512,-0.11072088587764012,0.13612849666530938,0.08484613123450511,-0.5783597668713772,0.3543459485928262,-0.019029407455890334,-0.07106540056829591
78667ea1-0eed-4d74-b94c-83a1d16767bb_7.png,-0.40554499056144866,-0.11149854508221309,0.3672106569403799,-0.7231705085719314,-0.16151418340854437,-0.27620064401147887,-0.6665391957062641,0.23817271373163407,-0.5396637254323938,0.8645063492400563,-0.05389992915774593,0.12601574066486665,0.22658945339277814,-0.4568942618112467,-0.4378962052032589,-0.5025015647393885,-0.6890460850196493,0.7217637304092984,0.7927900019332562,-0.07106540056829591
2ec83b5a-f1ad-4dae-bb33-773f1eee7923_87.png,-1.4397293680728964,-1.443151338960144,-0.9027495926160367,-0.5797954846595172,0.9718620366444488,-0.6417352842025218,-0.4633414044737345,2.395075823143467,1.3553554476653922,-0.021373865983526103,-2.1199057295326575,-0.3121567369915291,0.10609039880943077,0.3290342961502748,0.11446662342258145,0.6103752296219124,-1.394119067520426,-1.2864825304509222,-0.5553786090222996,-0.07106540056829591
505d1bd8-e981-43ac-b532-853c95be827a_152.png,-0.1961826809735106,0.41909961693615483,1.4212999876408274,0.15734189324133896,-1.4255340125382525,-0.5225700986237657,0.06992161070794276,-1.2119099307914702,-0.7341053630888421,-0.3305728420783961,1.1004357215654421,-0.6295349484520588,-0.5549329863335033,-0.5881467101892809,-0.5680695986449145,-0.8402450383070592,2.338358229357742,0.6268284526231789,0.5830279682028935,-0.07106540056829591
78667ea1-0eed-4d74-b94c-83a1d16767bb_8.png,0.047495039868415696,-0.10462769635472312,1.7431748780559941,-0.5470128230942235,-1.437851133968743,-0.5354614040495366,-0.6605995960716623,0.1586185833365391,-0.5988233210367989,0.8474450104699521,0.1447403642946418,-1.8481258531977833,-0.795931095500198,-0.5798195155791941,-0.5190743494198047,-0.8523006528386211,-0.22855515092304127,0.7217637304092984,0.7927900019332562,-0.07106540056829591
00367bac-0715-41b8-93dd-c21b8877a1f3_37.png,1.5809670391726356,1.7175321887318222,-1.8953956867975639,-1.2390847265924472,1.5202311370946384,-0.3330806280006191,-0.11838506540313426,-1.371884096676976,-0.7701570362203836,0.8029913352963768,1.2687017625203862,1.0880345157737898,2.5229571507382835,-0.285591972689462,-0.4315906947401571,0.20381505673013545,0.5384669067631089,0.7217637304092984,0.7927900019332562,-0.07106540056829591
3b88f35e-b058-4cd6-a43c-563cda6b239f_44.png,-0.773788353807987,0.6632455757347226,1.440526016868078,-0.4507361310765642,-1.3184870157855526,-0.5637488756001395,-0.09305474779563237,-0.4723728631799071,-0.1676366098006577,0.27834566642635844,0.5684984253358252,0.3546371910209115,-0.3242633675596669,-0.5948877724926844,-0.6337250085648105,-0.8663038695440471,0.5599825570434374,0.0842216125203018,-0.6158763479819456,-0.07106540056829591
75769513-6d94-48cb-b36f-b1f9dc9210d3_27.png,0.20137991606077446,-0.7561174196674959,-1.6814536257921797,-1.530301469256016,1.414561255323915,2.661885557095641,0.8856048465967441,0.5167166462094569,1.5156924470629844,-0.5307770785484983,-0.8114165280675474,-0.2571485174469758,0.7912135948690343,0.30920764231673487,0.20085633367219666,1.659857253756108,-0.07877789634920095,-1.4137475302395264,-1.6420190382028934,-0.07106540056829591
505d1bd8-e981-43ac-b532-853c95be827a_149.png,0.6545777102391859,-0.2617933294538826,0.6639110283700169,-0.4754340148932095,-0.6057899548253196,-0.2686071291919549,0.016271356365074555,-1.0064895474909263,-0.32438733151378635,-0.21700791421519486,0.6056907908732243,-0.7137388806959111,-0.2967207265120447,-0.4664110556513459,-0.4329274335176102,-0.6331208433934139,-0.0542684261434235,0.1569444695423613,0.36204823293288546,-0.07106540056829591
7483fa58-40a2-4a34-b0a6-a30645af78bb_33.png,0.4369358158004225,1.1281326137614605,1.25276457741458,0.970761670497619,-1.3119294246620723,-0.6380917067480413,0.4210538327562732,-1.181537197520566,-0.7457144383577113,-0.20513901385928765,1.2408653377221492,1.6656951620418436,-0.8613448679883008,-0.5750611186591446,-0.587953834101523,-0.9012335371416467,1.8216884783990963,0.7182645134396177,0.7850583885105032,-0.07106540056829591
3dbb185d-309a-4682-8409-24f5556e96df_19.png,-0.22764827778473296,-0.556867614401673,-0.27555821078681436,-1.483180717039297,0.6559081201793104,0.8560401971810082,-0.6376088861408767,0.18593772369562608,-0.4942983176573358,0.5186743993844855,-0.24471159078717136,-0.7503155788971759,0.49168737347614233,-0.3022463619096355,-0.3351599865321442,-0.2264063205918707,-0.40979422423205,0.6986384704357564,0.7416941219220128,-0.07106540056829591
578fbdd2-3bf8-444c-8c21-8d2666ef631c_116.png,-0.879466516307221,-0.24353885789565866,1.229862514813447,1.2507727136973545,-1.2976059934710589,-0.5806233072455967,-0.4882815294045107,-0.18642452146521848,-0.2938721199762902,0.4030466701381718,0.1478973354271526,0.6951024321832698,-0.4688622330596837,-0.5155811571585248,-0.5781588513078871,-0.8286075820095395,0.186083016953685,0.18585104450928874,-0.11242812029290561,-0.07106540056829591
578fbdd2-3bf8-444c-8c21-8d2666ef631c_115.png,0.6429645350624117,0.9005177464624708,0.015881546006352897,0.5587021570107091,0.2812019854191118,-0.39641961443913354,-0.548999535700482,-0.4223310979705569,-0.7141327236151518,0.9742736018066596,0.7720701895907642,-1.6355152409754643,-0.37590581952395863,-0.22056054811545114,-0.2279285888503496,-0.4652404510572357,-0.8622108810141678,0.7217637304092984,0.7927900019332562,-0.07106540056829591
19ef2be7-6425-4194-a4a4-1b4a7fbefc4e_0.png,-1.2941498448809026,-1.0137828845836523,0.5681149620002452,-0.9333168461567313,-0.6820132836626324,-0.5561927393021611,-0.6012277545103946,0.9632873041930206,0.3767372166674868,0.4403829032517352,-0.9899492825079084,-0.7859406357589012,-0.34147751821443084,-0.2808335757694124,0.10343020522547558,0.0063660200384716295,-1.3682548192012196,-0.42605550558009064,-0.760313804857515,-0.07106540056829591
372d139f-2c82-4ef1-b50b-d092a9b46c49_0.png,1.7400463921183853,2.8351370528719744,0.22695128494395764,1.4014857981556608,-0.06208563469221763,-0.6453710651171533,1.450920641787797,-1.5289792925170431,-0.7063245458726422,0.07053989278981396,1.8507136551997199,0.5830516192785036,-0.22786412389298905,-0.16147711969150225,-0.33657055844830414,-0.5094118763937717,-0.13661165871890585,0.5034430194748729,0.4613680371625337,-0.07106540056829591
78667ea1-0eed-4d74-b94c-83a1d16767bb_36.png,0.29461868308461725,-0.24758136669747302,-0.1537933921982462,-0.4713175002806649,0.2023082017140644,-0.3053777715444135,-0.2815716944047227,-0.08261322381069391,-0.18786323480353273,0.308208557783997,0.022446022141732223,0.6457808245837029,-0.39656280030967533,0.3048457784733561,0.1750353402946362,-0.017884122129300194,0.28481522231754886,0.15336918263855712,0.2665208812008814,-0.07106540056829591
578fbdd2-3bf8-444c-8c21-8d2666ef631c_100.png,-1.1061871020274698,-0.7989732215978529,1.4658846155764562,2.464846015165186,-1.7539361962718223,-0.6284776306239923,-0.6547439188302294,0.06574291895350488,-0.505218663689982,0.127005382376622,-0.358694562366019,1.174455249095519,-1.0679146758454678,-0.5889397763426224,-0.5744290803629527,-0.9265916715863626,-0.11519295473081413,0.7118746389732442,0.7709397900863433,-0.07106540056829591
a6a04226-e7be-4c2a-8240-4e24256bfed9_21.png,-0.583294791513668,-1.246384275150494,-0.26007677096471504,-0.8377232874236462,0.3242995091382898,0.309295096013404,-0.06416624458846575,0.6818270224444648,1.7681628639113325,-0.057910420000939676,-1.306287232393942,1.1417479832230042,0.49168737347614233,-0.057188920527082396,-0.3158696766205881,0.05638435837739356,-0.15679134256219032,-1.676188802965578,-0.23715396322684593,-0.07106540056829591
3dbb185d-309a-4682-8409-24f5556e96df_1.png,0.06698160992988285,-0.47402644073114647,-3.0489553973684327,-2.3850816392017857,1.8118559765149655,7.5469227402234464,3.840034169201902,1.675935762050194,3.0080844117108847,-2.644863853158333,-2.2153122411514263,0.5451235242133189,-0.28294940598823354,5.571994635891565,2.8619724616072797,5.135664965656238,-0.7160161566596536,-2.768629126913064,-2.170214917672157,-5.679986198308158
3b88f35e-b058-4cd6-a43c-563cda6b239f_70.png,0.8865826915529423,-0.26947998419580776,0.8975916510219798,0.10520241458015663,-1.0285564719438323,-0.5739654773225153,-0.5668031604446367,-0.45646586317679116,-0.6264354432190387,0.3725817315927322,0.27139143182383924,-2.110584006945489,-1.15742825925024,-0.4616526587312963,-0.06235392157156693,-0.8353810230338213,-0.0031448545204296524,0.7217637304092984,0.7927900019332562,-0.07106540056829591
4a7aeead-7888-4bb1-a39e-eef6dfc4a6ff_84.png,2.13197379547815,2.0561392246787946,0.5123649168515162,0.8413713014114795,-0.592659308143045,-0.5875925175713704,2.213390886873045,-1.1080231732530008,-0.7698908232714902,-0.6958451125741528,1.5942304965236487,-1.6655313318909277,-0.9611869417859316,-0.5480968694455303,-0.3977581068777135,-0.8366621095160827,0.47594388721597886,0.7217637304092984,0.7927900019332562,-0.07106540056829591
273317d8-7414-4eb9-bb2a-b42c7082fe9b_26.png,1.7187008161082735,0.14549406834185996,-0.5674948333592897,-0.6442552163897919,0.7672463061651663,-0.042304163937044836,3.3593183398595245,1.1224723118724402,3.703624898358108,-0.5616824332589193,-1.4897494498259274,0.1200108430017419,-0.7649456243216229,-0.3252452803565418,-0.04153248423849784,-0.26216238246042567,-0.11849127516033829,-3.6907488683580487,-1.5694332297903906,3.8571649360528575
19ef2be7-6425-4194-a4a4-1b4a7fbefc4e_4.png,0.17203404695703162,0.5303310260542347,1.5878464724675723,0.08722092585462399,-1.555170589328138,-0.5302344711830529,-0.5144201032709441,0.04927363220507216,-0.6242196397079659,0.805736979764071,0.5189892015309008,-1.2051931512673273,-0.6306752492144645,0.07287392862093932,0.07694248098464336,-0.3627216642822467,0.5771758059824322,0.5757855268263149,0.4702472593622891,-0.07106540056829591
3dbb185d-309a-4682-8409-24f5556e96df_18.png,-0.3147363328520044,-0.9030202953457991,-0.08721875734245411,0.443050191705552,-0.1421415388161809,0.09179244555619452,-0.48598063131873953,1.365853667941125,-0.12983140870797907,0.1422191090754977,-0.8910245390165016,-1.188375918989755,-0.9267586404764037,0.14900827934173252,2.058264126337998,0.33259976467144553,-0.4459881179027198,0.17002849821160215,-0.3632447395021294,-0.07106540056829591
578fbdd2-3bf8-444c-8c21-8d2666ef631c_47.png,1.4686803042168606,1.5155204649096212,1.2190888159699822,0.7854835088060991,-1.535642982121548,-0.6413476055502284,-0.14330103554916074,-1.2198062413849082,-0.7688375526305135,0.6239694642633913,1.2174637763394274,-0.5649993057001815,-1.064471845714515,-0.5445280717554931,-0.3324719250595555,-0.8532511938388908,0.4802055921418608,0.7217637304092984,0.7927900019332562,-0.07106540056829591
268cf2e7-02be-4b54-8659-24b54163053b_1.png,0.9037776175681631,-0.2168766524631929,-1.4837575254989106,-1.3081816186780524,1.327373291579853,1.0312617382722373,4.714437996493912,0.8322390429961057,1.5281381425814557,-2.8071479955539123,-0.8169530366049362,1.8893649077543144,1.8309482944167743,0.26836473541964273,-0.2897557965482831,0.8734613234088917,-0.2051636753676462,-1.5036621923734954,-2.913046078817147,-0.07106540056829591
3dbb185d-309a-4682-8409-24f5556e96df_2.png,0.5541111085727224,0.41508366192498675,-1.2368431306940275,-2.0949446223927435,1.2214577316460182,1.114052305454594,4.020285843952414,0.05574290860508258,0.01082872988548039,-3.594393482417427,0.26263259793229266,0.3090897427958449,1.882590746381066,-0.0183286790133442,-0.2430915699483816,0.7910218811676554,-0.1670994628913366,-0.02402590373742903,-0.8550521284293064,-0.07106540056829591
19ef2be7-6425-4194-a4a4-1b4a7fbefc4e_20.png,0.050991930577642244,-0.7909780345732876,-1.028175491634175,-0.07206178610961977,1.101857470838465,1.7653158919540013,1.0713981863869437,2.166526036709785,2.7558357987310353,-0.6430800905750594,-2.0310531648808126,-0.2991197978815265,-0.6823177011787562,0.14543948165169535,0.9456680445532081,0.7595772435054929,-1.2296070283305134,-2.9374283107330954,-1.99681010351477,3.8571649360528575
a7ab7384-2203-4096-ab14-1eae445ccdd9_6.png,0.13085684803347358,-0.48862300896545413,-2.2704576221727066,-0.026324477436243877,1.7616204645145002,2.812092431886303,-0.02669597990715479,1.524123164838764,0.2708361263408453,0.07422158351577961,-0.8094251204418318,-1.5361047909964682,-0.33114902782157246,3.375994457288686,2.5919585621443915,2.947738406334235,-0.8300163010826312,-0.29932299533035095,-0.19827848500428455,-0.07106540056829591
81faa7e7-ef94-4bfb-ad32-94fd63e1848b_18.png,2.7937081419177825,2.7436132723737847,-0.3369083370983645,0.26676718599120186,0.4216382702016863,-0.6031433830842847,3.0337908089993126,-1.5871612171020077,-0.8021216528208791,-0.5592683964763776,1.8891652294550634,-0.30820954996453537,-0.9439727911311676,-0.4097068256874218,-0.0191687182140903,-0.6681683271240197,-1.0329135409506291,0.7217637304092984,0.7927900019332562,-0.07106540056829591
81faa7e7-ef94-4bfb-ad32-94fd63e1848b_40.png,1.1076240236249668,1.287726645417501,1.414891176899415,0.27184235732246187,-1.6206912235812698,-0.638459800054755,0.27490159150758037,-1.4731943452157712,-0.780553815319237,0.02608500348075386,1.41978118591517,-1.4502485311357316,-1.0059437334883177,-0.483858511024861,-0.4459219945857267,-0.8705510400437985,1.911518092005112,0.7217637304092984,0.7927900019332562,-0.07106540056829591
4a7aeead-7888-4bb1-a39e-eef6dfc4a6ff_79.png,2.7204283794610413,2.809219214008821,0.6038439845124259,1.1824058751997522,-0.8914858236184909,-0.6303771338960994,1.892268817139104,-0.8613223528573033,-0.7572244361282318,-0.15314738406477935,1.3720039707677085,-1.419581020671276,-0.923315810345451,-0.5699061886624242,-0.48177919254754986,-0.8616093854389706,0.30576506069484716,0.6124512350738386,0.5512611217485361,-0.07106540056829591
505d1bd8-e981-43ac-b532-853c95be827a_139.png,0.3173036973231285,0.4577925421753359,0.7557108284326467,0.37301811342235375,-0.8517990481762209,-0.46686858341392873,-0.2338139688338669,-0.7227265392452626,-0.6379688848037252,0.2884015586958233,0.7346087101751342,-0.563374144750148,-0.1383505404882167,-0.44539480258779357,-0.3149769047471017,-0.4457250699527799,-1.5612472499765555,0.519189495838436,0.345196816176881,-0.07106540056829591
6764beec-de30-41fd-ac4d-374023ed0a03_34.png,-0.1806314539238334,-0.8154589088542499,-1.9259298673122687,-0.15549207669169146,1.5137729412169543,3.2197504826951038,-0.4148159902952575,0.8548865232240102,1.1810767787209684,0.7308058760477302,-1.0162181097735277,1.0067285957962595,1.1664820791428876,3.5361938202636884,0.30790975011886873,2.3387188172612476,-0.04414146176895808,-1.167204873745285,-1.1099052991534941,-0.07106540056829591
44341a17-f4a0-402e-8f84-ad64321de876_49.png,0.6137559719060084,-0.2763209604169646,-2.799965915261477,-0.5543215682242767,1.774118382804703,2.2235411208580773,0.11788031647498488,1.9466950417618802,3.9370889273965006,0.7301573937598838,-2.3179579732565014,0.6569993784790286,0.7912135948690343,3.635327089431388,0.6047803538668812,4.2110176426650865,-0.5469992552272979,-3.8075162172376107,-0.5308890650759985,5.8368640550832795
8b0863a2-01d3-4fdc-9994-7b50b25bc730_3.png,1.3739120905840518,0.8853075076762181,-0.7482598016057005,0.06181149313625126,1.0861926836166198,-0.05676955620423519,1.8041283172642346,-1.5978188278005017,-0.628554089537543,-1.6109743357930035,1.5996099068773295,-0.5581178263723576,0.5674296363571035,-0.29550529960623195,-0.26652237219567737,-0.032651123576810916,0.48187488375767007,0.5103653834801107,0.32569970406732734,-0.07106540056829591
3dbb185d-309a-4682-8409-24f5556e96df_141.png,0.02388414692573848,-0.14646928862451308,0.23617766261421244,-0.8614846124467811,-0.5541395120577103,-0.043649549787528136,0.14689238069644836,0.32053946193153554,0.28424541970767275,-0.1801966879785732,-0.1962358753252733,0.8782236417906055,-0.7442886435359063,-0.08692890127739225,0.6280235938360689,-0.010906104115841267,0.4292172601869697,-0.38847695812308497,0.13716926414598501,-0.07106540056829591
00367bac-0715-41b8-93dd-c21b8877a1f3_16.png,1.259686456152718,0.10376413560479254,-0.33363190535581067,-1.3824828257447717,0.5324221849326504,0.4354189357789239,0.47062750265754133,-1.0711918752110439,-0.6547233703468651,-1.0137748337699157,0.9016144582108807,0.7818809144626652,-0.08670808852392499,-0.2689375834692885,-0.08542364780184732,-0.11524894114376286,0.24550193858164687,0.5051926279597132,0.4752695524587197,-0.07106540056829591
41b05097-d935-4d5b-b15a-8c9cc622e21b_29.png,-1.1021937246076228,-0.9069999229078276,-0.09434204399839825,-0.3580093632752412,0.2646413972191098,-0.44284385110457997,-0.6489080608993603,0.5265692587373666,-0.4461479319482992,0.29844893884630697,-0.43039065330328097,0.8271453282235448,0.6087435979285369,-0.12499607663778885,-0.3247729100446462,-0.14312561235996632,0.4620228497620227,0.507474725983418,0.31931271906592285,-0.07106540056829591
7483fa58-40a2-4a34-b0a6-a30645af78bb_7.png,2.4290857595149085,0.4808715410140178,1.362211588856337,0.7951807228602733,-1.8402628854268013,-0.45749065567175434,-0.589116297695521,-0.4499210235111884,-0.7002742931769991,0.8748871669055942,0.5906240960864958,-1.7327370280755783,-1.1884137304288152,-0.08375663666402586,0.953335621475862,-0.6802527317898137,1.0966131661672343,0.7217637304092984,0.7927900019332562,-0.07106540056829591
19369012-66cc-4209-a974-c98c915c0a70_54.png,0.05564257479570494,-1.1638631168943705,0.9580170030062956,0.8059152482064298,-0.9773776022833748,-0.6057313377727229,-0.7101791498307538,0.12017847296680095,-0.44652796021572005,0.017756706077374788,-0.627564921175198,-0.09723979611053886,-1.315798445274068,-0.5980600371060508,-0.6408814136926209,-0.968076546671465,-1.9067343756052295,0.7217637304092984,0.7927900019332562,-0.07106540056829591
00367bac-0715-41b8-93dd-c21b8877a1f3_27.png,-0.24978656321248674,-0.8721116485751181,-0.8078377169393165,-1.6674857700335064,0.8933330074252313,2.2662211201482148,0.038637138659644125,1.1657126396825221,1.981868370053544,0.22060794058355682,-1.3873133092806045,1.8941267010530238,1.1974675503214625,-0.2292842758022087,-0.3157206948547251,0.4903064463245488,0.16331497430280315,-2.6703467720255105,-0.8139384066556505,2.64498199707623
4af4cf7a-5d36-4d0a-9b11-fcbd77f87c6e_105.png,0.3950030334019825,0.5220160001198965,0.4585030457509059,0.80294058062423,-0.6427407967104861,-0.22551131906569574,-0.6020511849289767,0.004395688755744704,-0.6522699179200064,0.9185004228773637,0.3688018044734931,-2.518008635047737,-0.8165880762859147,0.2909671207898782,0.7031381910633997,-0.1741521689174607,-0.7717390232372794,0.6827398542039463,0.7065657044142855,-0.07106540056829591
4af4cf7a-5d36-4d0a-9b11-fcbd77f87c6e_130.png,-0.39429590500298045,-0.8507689033927947,0.41770200671832486,0.13435909451416062,-0.11653674802119153,-0.25983641287046283,-0.7701796351489684,1.1614755218264676,-0.3878924848406344,0.9784710381393358,-0.7152634786391787,-1.3322617251928168,-0.795931095500198,-0.5258910171519655,-0.3521281500425093,-0.7559157954112782,-0.6595409652035711,0.7217637304092984,0.7927900019332562,-0.07106540056829591
268cf2e7-02be-4b54-8659-24b54163053b_72.png,-0.529630943956447,-1.7511136298874228,-1.0669892724206478,-2.2015256127533434,1.074621679931845,0.7817423737584155,0.42404654865141383,2.5419056848183454,2.7353145589690584,-0.5754059259744138,-2.751074393685876,-0.05876236870266918,0.12674737959514748,0.10776883936796954,0.12505941181246036,0.9488103037346983,-2.0400756845651835,-2.5126537985875093,-2.1373773266952862,-4.385619860368189
4a7aeead-7888-4bb1-a39e-eef6dfc4a6ff_62.png,-0.6463144929035668,0.9314177396145695,1.987034714858543,1.3317150467353416,-2.0077893808806127,-0.65704731887142,-0.2819374226199711,-0.18531072328238773,-0.45805462349102577,0.5775042637235716,0.5320349133737746,-0.60979725963152,-1.047257695059751,-0.5960773717226968,-0.6310413566418817,-0.9403822821855171,2.33512275063185,0.3824918242185187,0.6499661771818379,-0.07106540056829591
9229a83e-46a1-420b-bbda-57bc886c344b_31.png,-1.0697339247914444,-0.7915824235975216,1.1829019497553448,0.3237902482145912,-1.1950411305064126,-0.5261562530085666,-0.6601911324680106,0.11346239969766277,-0.5090707127381685,0.3485867498249628,-0.27027263045725236,1.1191893730426588,-0.6203467588216062,-0.5794229825025233,-0.585410913665726,-0.8652280104422885,1.2553378346764315,0.7217637304092984,0.7927900019332562,-0.07106540056829591
4a7aeead-7888-4bb1-a39e-eef6dfc4a6ff_78.png,2.4770714109497756,1.2080479098907098,0.5937682570482569,0.6127670623763959,-0.6999486030986576,-0.4889356488446871,-0.4332076911450488,-0.6324502859134484,-0.7172079026970803,0.862182665468001,0.8682735727881229,-1.291501664896714,-0.8888875090359231,-0.5116158263918168,-0.3225266267569366,-0.7773980220173724,1.4554345339941965,0.7217637304092984,0.7927900019332562,-0.07106540056829591
a3283dda-4e12-48f9-90f3-8f3223c77d46_32.png,0.3424486233397644,0.027387177979762416,-0.7626849898638074,0.905921630928527,0.664140013681154,0.31771319468878717,0.48513121219281546,0.5365742515700166,2.3413462731670776,0.20462292691404116,-0.7419199063509591,-0.39945819874382266,-0.5205046850239755,0.07327046169761012,0.6970239863206413,0.765136687909607,0.07905937100322413,-2.2369002873898465,-2.0075380677393624,-0.07106540056829591
4a7aeead-7888-4bb1-a39e-eef6dfc4a6ff_77.png,1.996279551349567,1.2909362620376879,0.9639822004687814,0.4768669341827629,-1.3179113062691354,-0.5823080265316608,-0.20254714835903903,-1.274872588381586,-0.7596600151465775,0.5749672495626489,1.0900436248210406,-0.8224648197733001,-1.0438148649287982,-0.3062116926763435,0.18126960672554515,-0.6793021907895441,0.7150805235920669,0.7217637304092984,0.7927900019332562,-0.07106540056829591
3b88f35e-b058-4cd6-a43c-563cda6b239f_10.png,0.6066987945508062,0.2460090651438227,0.6912301353371261,-0.05632351086691584,-0.5030776446548171,-0.6056826716283534,-0.006826811390174512,-1.4917663620352064,-0.7760176203001399,-0.4111484711562081,1.1747584943419331,1.219699922057564,-0.6788748710478034,-0.554441398672263,-0.5798294676625377,-0.8697096913595209,1.611467651570983,0.7217637304092984,0.7927900019332562,-0.07106540056829591
578fbdd2-3bf8-444c-8c21-8d2666ef631c_36.png,-0.9174408205746537,-0.07210155913377657,1.0141802831431381,1.9321836734876148,-1.2843265548735778,-0.6357718187223939,-0.46872513438236596,-0.06934622968187874,0.23288944109791457,0.5284540995143098,-0.25245927819204067,1.4223827936924436,-0.6513322300001811,-0.42913694644429085,-0.4205819546209689,-0.7235824140498172,0.23800169856400938,-0.22591550890118,-0.0716709940347995,-0.07106540056829591
6764beec-de30-41fd-ac4d-374023ed0a03_60.png,-0.055102975398316816,0.0412877305570942,0.1174883354338687,-0.7057355664069042,-0.11984711510615112,-0.11048327476976763,-0.3300658312337162,-0.5905986648188626,-0.679185044600059,0.13604948841608588,0.6524485449771477,0.050309952019817826,0.5812009568809147,-0.09129076512077103,-0.33928438009241313,-0.1992558343375148,0.87839770805392,0.6998555893817323,0.7443833787647121,-0.07106540056829591
2ec83b5a-f1ad-4dae-bb33-773f1eee7923_54.png,0.22399626087907012,0.27071821900389137,-0.8859948562110808,-1.4725008773675374,0.8596103460786272,1.4060329752434786,1.050539600725409,-0.11803446441755253,0.2784315687100954,-0.7896139520768803,0.22570579643528327,0.44427800651968224,1.4487941498810155,0.09309711553115002,-0.24544063801441526,0.594480091278674,0.10105431185063297,-0.37524078958559715,-0.4260102994672487,-0.07106540056829591
519d608c-1d5a-448f-8835-1d3a5261bbba_42.png,-0.6532802627686022,-0.39004608035547456,-0.3777136098975176,-0.48578840550522395,0.8925933477605065,-0.033624982391712036,-0.5077862084131528,-0.34360726660272056,-0.6004575026557062,0.17254104092457812,0.21589677524984904,0.48500938318676046,1.5142079223691185,-0.29748796498958596,-0.506730995626786,-0.32437018128885525,0.6775995656431308,0.7217637304092984,0.7927900019332562,-0.07106540056829591
95815a0c-6ff2-4053-978b-a34ec048fcec_26.png,-0.10188085774074788,0.4524927535931919,0.21717950710207093,0.5396447611475035,-0.03648967186746652,-0.32712124363550094,-0.3362150820128761,-0.309769900257423,0.06131112115499366,0.7033456580845799,0.2451730068515106,1.2123052959737592,-0.014408655773916576,-0.39820736646396865,-0.4353412010313734,-0.5302370039238923,-0.8939059896780226,-0.1857505836839756,-0.011454195134006542,-0.07106540056829591
41b05097-d935-4d5b-b15a-8c9cc622e21b_88.png,-1.09802606040107,-1.0889215342238319,-0.5925102245933024,-0.9115702698588792,0.7102082259835784,-0.24925222721386042,-0.35470030523439045,-0.7695863152732542,-0.5634903462933823,-2.260331174090227,0.047379443957587336,1.6632078066538667,3.287265439809801,0.41666810609452115,-0.45912981070374764,0.316636197248566,0.6715052012657095,0.609408437708899,0.5445379796417938,-0.07106540056829591
7483fa58-40a2-4a34-b0a6-a30645af78bb_41.png,1.9059474314456124,2.797110483998852,-0.06476556211685663,1.0875098636736271,0.7030747904692516,-0.5912923102953559,0.018655867167286774,-1.2511020653203346,-0.7675194365047888,0.9008431406726667,1.5911705181162203,-0.38026701559537057,-0.5996897780358894,-0.585767511729256,-0.6165659008151742,-0.8865201288483286,2.965982938012109,0.7217637304092984,0.7927900019332562,-0.07106540056829591
78667ea1-0eed-4d74-b94c-83a1d16767bb_5.png,-0.6203796860719832,-0.32740650859233933,1.5219764692211624,-1.4895678519767328,-1.439626225109413,-0.42529985137936327,-0.543862618143716,0.4226232122657246,-0.14069797390504205,0.6434799294162424,-0.27738629603862175,-0.09839185544887706,-0.6169039286906534,-0.4049484287673722,-0.11498965431494729,-0.47248269207470517,-0.4076497802410504,0.006249930043721267,-0.09076220975123327,-0.07106540056829591
27bb6d3d-77c3-486b-a22a-3741dde393ee_90.png,-0.7297020365375457,-0.8492175711740556,0.8821420893528081,-0.9431949360194685,-0.8252720935188724,-0.4000554130395609,-0.7224946836090894,0.840958205642025,-0.43646206720231695,0.6308787618593783,-0.583601222168728,-1.1289978824086428,-0.5583758164644561,-0.3085908911363683,-0.12065394610416048,-0.47436555113140666,0.03738958016648183,0.7217637304092984,0.7927900019332562,-0.07106540056829591
27bb6d3d-77c3-486b-a22a-3741dde393ee_26.png,0.6169142821369964,0.8722673583852735,-0.30478695048223,-2.0741151115128447,0.46431928727193583,0.08496047824811896,-0.41758511959309946,-0.3542933331995751,-0.5015532913533309,0.8942802533947143,0.681953223773759,-0.5838019419355243,1.1768105695357458,0.250124213892786,-0.39303254588299086,-0.06995275067934599,0.3468203862350598,0.3417944094624498,-0.046762368646202375,-0.07106540056829591
505d1bd8-e981-43ac-b532-853c95be827a_74.png,0.2888862312390669,0.14587849584652038,1.4111202128753912,0.13726356613171103,-1.4723338344323802,-0.5543925734087511,0.07879787474999664,-1.3590751901818812,-0.7489790938094301,-0.7608789675661277,1.0412727609106924,-0.7438697382542198,-0.8028167557621035,-0.548493402522201,-0.4961697898154295,-0.8407040526353313,0.5947268695244948,0.7217637304092984,0.7927900019332562,-0.07106540056829591
78667ea1-0eed-4d74-b94c-83a1d16767bb_43.png,0.446864133424917,-0.19552082042381003,-0.4906831847622187,-0.4223842268666164,0.20907774195674042,0.531779022178316,-0.08545682928494665,0.05806016592894211,-0.0694583522322621,0.049372441915086385,-0.08021666749991342,1.1907511331176386,-0.12802205009535836,0.7255673728210728,0.4059307670565815,0.5808313034811724,1.3093406452639647,0.22753736840896302,0.4168736251717789,-0.07106540056829591
22df8deb-bec0-46ea-b532-d6d7e8d8d57a_56.png,-0.08036784563609864,0.8246043509477838,1.224400775269043,1.9234075718602048,-1.5017337066625756,-0.5556320553990742,4.918644095151378,-0.02197276699235352,-0.047762216031067055,-4.850554822651752,0.265618481312834,0.6680610780024877,-1.0920144867621373,-0.5044782310117425,-0.16543355678411176,-0.8053598876248796,-0.8592753837094396,-0.09697697056185901,-1.0162394604384575,-0.07106540056829591
07a9fdc8-46e7-4ddb-b62f-fe041b4ea954_35.png,1.3067201335143241,-0.03001320822590073,-1.0784921831381284,0.6852419788381534,1.3597250767817164,0.04784391372581297,1.0211503502497778,0.8409245118806447,1.2651192472579593,0.04844125521672989,-0.5556368284207175,0.11960948669578113,-0.10047940904773611,-0.30819435805969747,-0.11163829543062702,0.018869571418551487,0.5933824167998042,-1.244035507210013,-0.3274349513604508,-0.07106540056829591
27bb6d3d-77c3-486b-a22a-3741dde393ee_104.png,-0.1713734598826273,0.402851308994369,0.6831290928569613,-0.8609565931608083,-0.7261660964166229,-0.4353394348758014,0.13081830047571613,-1.060210483715683,-0.6257318605063145,-0.31426526669352306,0.9742853903834588,0.4021690400279673,0.08887624815466687,-0.12856487432782604,-0.3394178476836068,-0.3820736266485667,0.5998277862004364,0.47369967523258705,0.5802372687583961,-0.07106540056829591
27bb6d3d-77c3-486b-a22a-3741dde393ee_64.png,-0.9228227324282691,-1.6194285595712377,-1.2576333873029106,-1.265084155021378,1.2838053089411485,-0.40590363375221583,-0.3313872218302149,1.743115839259428,2.067378538586037,0.2518114943895925,-2.15233709166397,-0.015294244684499995,0.4882445433451895,0.30127698078331894,0.1112754573432005,1.1910777163759012,-0.9500437298259727,-1.915733025520458,-1.3296487920225433,-0.07106540056829591
19ef2be7-6425-4194-a4a4-1b4a7fbefc4e_79.png,-1.2940312862935883,-1.3474921002994131,0.4536109291776136,-0.6142324000397085,-0.5351239730089556,-0.517492631181691,-0.40010510702924496,0.785491278808741,0.6771258420610454,-0.43342857347407737,-1.180339715161088,-0.03714226050558347,-0.18310733219060288,0.2330732915959417,0.1015825017393972,0.19261260740319547,-0.5695069079224574,-0.6917677854734524,-0.6786195008507473,-0.07106540056829591
00367bac-0715-41b8-93dd-c21b8877a1f3_12.png,0.7601841655346024,-0.03748871256696683,-0.1861132462821086,-0.7950617015851271,0.4827266726966419,0.034880835377732365,-0.4906356918874222,-0.8259365457628544,-0.6529163271989845,0.41024869688666776,0.5157211960355561,0.860306520629527,-0.3277061976906197,-0.15909792123147748,-0.06958068577412603,-0.2761754520949874,0.7110029212516806,0.7138524572604551,0.7753098324557264,-0.07106540056829591
90bae25d-a144-44fe-8481-52b9f3c73315_12.png,1.2119841533854303,0.8301335564860954,1.111157710525629,0.9131617101163773,-1.2064899322413751,-0.6589953058003437,0.06620858674449784,-1.446124520313631,-0.7948143924513134,0.022652829785812713,1.3874144983918126,0.42459822169126105,-1.2125135413454846,-0.5968704378760384,-0.6338528015135214,-0.9580008120686067,-1.8588082883696873,0.7217637304092984,0.7927900019332562,-0.07106540056829591
a653df7d-134c-48e9-9911-e3a0e5f096f4_30.png,-0.03146177263139968,-0.06585081208748832,0.3111786977047638,1.0185371449994622,-0.6003298990355267,-0.367225245866613,-0.06859833791330516,-0.18254515334531782,0.7628198216194374,0.24361438320792,0.030705270982860862,-0.6098528132984864,-0.8579020378573481,0.10816537244464033,0.6411330411217285,-0.14031277936340325,0.9278387203510139,-0.8770741449982818,-0.6649749544493886,-0.07106540056829591
258bd669-e070-417c-9e38-6240e5c933aa_26.png,-0.6984510788763476,-0.26949178426710896,0.2668777287253353,-0.33586936380861254,-0.44506352514775965,-0.0803664587141073,-0.3700345677529815,-0.6040397592580335,-0.3667346310139453,0.18057676721483332,0.406256918623408,-0.0003495005123267174,0.32298869705945604,-0.021897476703381383,-0.07650794782421065,0.21245036654710103,-0.6035487914584777,0.1751251837978762,0.333501471981476,-0.07106540056829591
a7ab7384-2203-4096-ab14-1eae445ccdd9_4.png,-0.17101404826406336,-0.7526585973974798,-3.459069052498313,-0.019177681852886052,1.7780684415479522,5.89363783807623,0.13819387109601394,1.084378397247614,1.8964889549194968,0.22641435108128527,-1.187419351822332,-1.43538595993491,-0.7890454352382924,10.377578992064965,9.150625934077361,6.77134294015604,-1.0065125088371838,-1.8623319317657658,-2.361851033169579,3.3662559947909556
9229a83e-46a1-420b-bbda-57bc886c344b_51.png,-1.3992487368141637,-1.1810861121341025,1.7282109254264821,0.9380555345980921,-1.7180060383284514,-0.6638083149594661,-0.6046834371132372,-0.3978908324039608,-0.5208860970262298,-1.0311901927524978,-0.2954860299834517,0.7581826173647673,-1.0369292046668928,-0.5635616594356914,-0.42921918944871174,-0.8739729876447693,-2.2753527715762436,0.7217637304092984,0.7927900019332562,-0.07106540056829591
855258ad-52cd-446f-9db1-1bc38d82eebd_98.png,1.1874983802434627,-0.22594520615675345,-0.5839883852865821,-1.1566423447922585,0.7757720909922653,0.12431386322384547,1.3910279239707728,0.5624587093053788,-0.21210741985574347,-1.775500377693106,-0.03962888756243299,-1.044405619201392,0.2162609629999198,-0.3434858018833985,-0.19218694831451785,-0.049015398354865854,0.4053839826652292,0.13853554548447594,-0.4958682613765936,-0.07106540056829591
a6a04226-e7be-4c2a-8240-4e24256bfed9_19.png,-0.811582832193143,-1.4324250431559182,0.7624558638083827,0.16082246215468632,-0.6684180756940383,-0.621579039503485,-0.7086626628958923,0.8684395176122331,-0.28148606785268404,-0.1918453176094795,-1.1270757038806924,-1.9575538522728806,-0.9577441116549787,-0.36965698494367116,-0.27889686983548584,-0.78593244274695,0.9886574972805534,0.6040074723861308,0.5326044024023255,-0.07106540056829591
75769513-6d94-48cb-b36f-b1f9dc9210d3_45.png,0.233726585357527,0.18782904071580925,1.7054491722068819,-0.684314258495552,-1.8039330309233121,-0.5287361463205501,-0.08004987362174794,-0.8839785703780626,-0.706867039596649,-0.5417676458943815,0.8286609973904671,0.14018930281531797,-0.8165880762859147,0.07287392862093932,0.5838267871013374,-0.24005727324486895,-0.2695912028018791,0.6884450992632084,0.7191715958644269,-0.07106540056829591
75769513-6d94-48cb-b36f-b1f9dc9210d3_16.png,-0.37255739689903045,-0.6250126639747949,2.652912454885044,-0.341273654010557,-2.1772529126850735,-0.6301172508456095,-0.3801105194376028,-0.9411613192257503,-0.6472612881380413,-1.1457469412773933,0.3251165956073704,-1.2426276906115843,-1.1470997688573816,-0.5330286125320399,-0.17681493773040594,-0.8530610856388369,-0.7568032888291847,0.7217637304092984,0.7927900019332562,-0.07106540056829591
44341a17-f4a0-402e-8f84-ad64321de876_50.png,-0.0892641565140922,-1.007122394875573,-2.3916819134724108,-1.0459831559040471,1.721054305652163,5.016353581336459,0.001440937882223778,0.5146022236786415,0.7282378414957865,-0.058156831379477164,-0.8116336076344125,0.4691914910469101,1.8963620669048773,3.257827600440788,0.31953939273588966,3.1440205752206354,-0.31975297410609194,-0.6715331829966033,0.021824569327023303,-0.07106540056829591
258bd669-e070-417c-9e38-6240e5c933aa_15.png,-1.1037078754285081,-0.958380719213739,-1.0901311921650376,0.8843932767172995,0.8489674884475367,-0.18377073685762155,-0.48160025400740264,1.1934343152019873,2.2024968827964764,0.5578275951284027,-1.6300458356401384,1.1443703902749183,0.2541320944404004,0.47495846836512845,0.13072585713924664,1.004730819177518,-0.03605865111522065,-2.180684606072585,-1.820266651374273,5.12115056472936
a3283dda-4e12-48f9-90f3-8f3223c77d46_24.png,-0.03041515286601491,-0.18152520860763577,0.05880695054320053,0.9231799967133079,0.37174101644908575,-0.18314913360177995,-0.48215581405664537,-0.5399331460220996,-0.6579049160025289,0.2363407410686634,0.4657104350083055,-2.8462529873845273,-0.5239475151549282,-0.5417523402187975,-0.22550680407895493,-0.5428045031508217,-0.20457661701577903,0.7217637304092984,0.7927900019332562,-0.07106540056829591
19ef2be7-6425-4194-a4a4-1b4a7fbefc4e_58.png,-1.2045458073398547,-1.3382977485943504,0.41942482950819804,-0.7719576656943581,-0.3525247355408398,-0.33354781073065265,-0.0055001562893071745,1.2204989798887187,0.04540874229021637,-3.0231872477243487,-1.108973770959319,0.6076422295185723,-0.32082053742871414,-0.3652951211002924,-0.1978708113765657,-0.3622944354795335,0.6362897902363901,0.01560653194091093,-0.1515534604229529,-0.07106540056829591
53345714-cf33-43b8-9e6c-89b5c2c7aad7_25.png,1.9158913714849812,2.8563882273686163,0.23938756638996853,-0.2990583774785981,0.08354469182315379,-0.44401423002621176,-0.2576330640108757,-0.8934189056765804,-0.7787929043468572,1.0448969345850845,1.3790679129911663,0.5099987484325275,-0.10736506930964168,-0.5794229825025233,-0.6130468420953004,-0.8266360458313404,1.596460387940231,0.7217637304092984,0.7927900019332562,-0.07106540056829591
92f1a624-99c9-48dc-9309-0fb5c6bc0e7f_36.png,-0.7687588716550081,-0.9253526240190517,-2.015012097288981,-2.6391768740209565,1.5547200566058106,0.28783522958457297,0.5123496288082516,1.1962323861070527,2.283877671576146,-0.7717396458648271,-1.6219868520707523,1.55131701804049,4.18928693411943,-0.10516942280424894,-0.28488524101135304,2.5587419412922,0.1866008219326029,-2.1421932194060975,-2.1091501941412716,1.02906003938068
258bd669-e070-417c-9e38-6240e5c933aa_85.png,-0.4590970614922822,0.23035176031758123,0.5510614631056746,1.300713207933284,-0.4635482397097039,-0.44320515569245755,-0.5621056741642784,-0.1220328109927769,-0.6116287946408663,0.7101010082970535,0.28650769115434555,-0.6016552417442355,-0.7511743037978118,-0.3795703118604411,-0.26872801635009297,-0.6865031829678112,-1.0059017185460446,0.7140045971287021,0.7756459895610641,-0.07106540056829591
505d1bd8-e981-43ac-b532-853c95be827a_41.png,0.3889091511800047,-0.2195364866887015,0.9591408254976294,0.7544657927554431,-1.51771582931174,-0.37027349151677386,0.29509468188158844,-0.20749682422199694,0.7835663504913024,-0.09953686044588125,0.00542725623363478,0.10827226891752921,-0.6926461915716146,-0.14402966431798714,0.6123469544958646,0.11574475684532899,-0.7914875630547915,-0.8178917362502042,-2.047113671042369,-0.07106540056829591
505d1bd8-e981-43ac-b532-853c95be827a_24.png,0.7849271426618087,1.4718719486510585,0.2961619918506181,-0.4239402112633038,0.032550167208350446,-0.44832951588987624,-0.46261861899160933,-0.3257525045704118,-0.7193371538532212,0.9884878819498258,0.8697314712637331,-0.8178831698391402,0.1956039822142031,-0.5294598148420028,-0.49236815594738653,-0.5983944250597732,2.0353694607606045,0.7217637304092984,0.7927900019332562,-0.07106540056829591
81faa7e7-ef94-4bfb-ad32-94fd63e1848b_9.png,0.5274162589400927,1.5375373158463281,1.2766968932771408,1.5304834766429627,-1.6217469403824227,-0.6415229187686061,0.4389714185361704,-0.9952220582965335,-0.7015729288810801,0.10223698232644932,1.2909029581469715,-0.03043940154127327,-1.0438148649287982,-0.12856487432782604,0.05740874874421083,-0.7145199379976261,1.383098396694979,0.7187209330443587,0.7860668598265139,-0.07106540056829591
a653df7d-134c-48e9-9911-e3a0e5f096f4_5.png,-0.20615744999212304,0.4610675909715729,1.0910060795172123,0.5508284972288222,-1.280383934230153,-0.568378847495644,-0.2003453468260871,-0.8994315738667834,-0.6994307014128016,0.06288896795482324,0.8588495157183214,-1.3229923425654326,-0.13146488022631114,-0.3970177672339562,-0.24371098022993987,-0.3589165970904245,-0.22676052207450073,0.652464020422796,0.6801358207335491,-0.07106540056829591
27bb6d3d-77c3-486b-a22a-3741dde393ee_96.png,-0.7270478249397099,-0.6513909791056149,1.027734873650765,-0.6342646982197472,-0.948278564540345,-0.3965258729895378,-0.6841375047800465,0.48476423817758674,-0.5450507720895493,0.6164235849560931,-0.2268732272444302,-0.005812328651504681,-0.5136190247620699,-0.41565482183748376,-0.493864754268495,-0.770364018615377,0.5207801862738787,0.7217637304092984,0.7927900019332562,-0.07106540056829591
41b05097-d935-4d5b-b15a-8c9cc622e21b_54.png,-0.8768068794273208,-1.3619161006416474,-0.19371650415705563,-0.37197214773752607,0.18089196397011145,-0.6046493056914183,-0.6226663646826491,0.5554350720626073,-0.3142433724889692,-0.7604327979794938,-0.9804858776014174,-1.689878558352619,-0.6237895889525589,0.6561740844036831,0.7684138249891309,0.17555686442132934,-1.402763919294302,0.5467268119911405,0.4109955362818596,-0.07106540056829591
78667ea1-0eed-4d74-b94c-83a1d16767bb_4.png,0.8334782359939895,-0.5171501209981739,-1.3456612892252555,-1.9177452762329577,1.4742944596179925,1.476590209507572,0.2596376256061455,1.1846011349418772,1.875005707196385,0.5053677302166366,-1.290063664414733,0.2416758732640602,0.6741573704166397,0.17636906163201757,-0.1524719255948302,0.6293357218770993,-1.1094252235944881,-1.7843602492891852,-0.11985509301922899,-0.07106540056829591
578fbdd2-3bf8-444c-8c21-8d2666ef631c_92.png,-1.261383726799998,-0.3869945286636178,1.6444583540185158,1.496392453822214,-1.6910195770960397,-0.545408289645056,-0.6981218864432033,0.5149588372150143,-0.4991831787502142,0.8090019023577608,-0.3120082295211199,0.45030605017523423,-1.2090707112145318,-0.3482441988034481,0.140394151932148,-0.8397535116350617,4.711707069892526,0.7217637304092984,0.7927900019332562,-0.07106540056829591
2ec83b5a-f1ad-4dae-bb33-773f1eee7923_83.png,-1.2261583535126017,-0.7492519496394172,-0.6451343114167545,-0.021221957287511167,0.98622819052145,-0.23865917257032448,-0.4830659539589444,-0.6125169005977078,-0.6189637094383235,-0.577202723935812,0.16569704376511574,0.8630098503667717,2.557385452047811,-0.29828103114292753,-0.45612956297383433,0.11458965263567099,0.9308542150257327,0.7217637304092984,0.7927900019332562,-0.07106540056829591
505d1bd8-e981-43ac-b532-853c95be827a_141.png,-0.6228885675383083,-0.9033474150711787,1.3581520141035957,-0.019019009069138976,-1.506932264840289,-0.5490487725518457,-0.2703245453364692,-0.07408637567440332,-0.04931347305947361,-0.49655351287691063,-0.21017355575501426,-1.0045019898531906,-0.9611869417859316,-0.42596468183092445,0.14690655295846683,-0.5849964702296127,-2.3067871796222095,-0.1150055449491269,-1.0560740774209054,-0.07106540056829591
519d608c-1d5a-448f-8835-1d3a5261bbba_88.png,-0.6836784106150358,0.0828598090506508,-0.9286071667809471,-0.44432020224922186,1.0881815240751567,0.1126330452992246,-0.18371663558629517,0.3204425150298637,-0.5130859831850688,-0.014817809933902363,-0.24097671626323014,0.8849239914869125,1.6278213166905602,-0.031017737466809737,-0.29969856109188386,0.3401589478921179,-1.6140719514587374,0.6962042325438047,0.736315608236619,-0.07106540056829591
41b05097-d935-4d5b-b15a-8c9cc622e21b_15.png,-0.26871984682291944,-1.0655067512252372,-1.641487655062934,-2.3612951002718736,1.4513580294242328,3.3804087937005316,0.027207589998857588,0.9165541339945822,0.8967155767333915,-0.14745925614656002,-1.0972536427423323,1.3788928208294384,3.3698933629526677,0.14306028319167055,-0.2760344066371838,1.643123519115692,0.012385054991956109,-0.903470412139134,0.11857691907411544,-0.07106540056829591
10b42c78-10e5-441c-bc2d-1bc4a35bb63d_25.png,0.9394927103033195,0.8928745243020559,0.23447879504956912,-0.19978205585603698,-0.2993396470287038,-0.4308091058252866,0.5218322398828675,-1.5578494240038183,-0.7225203234924448,-0.4787455784753875,1.258566172817521,0.19541818793881668,0.21970379313087257,0.1743863962486636,-0.33819907126446,-0.33401463688557564,-0.5686306782740694,0.5925209123334834,0.5072245409493726,-0.07106540056829591
3dbb185d-309a-4682-8409-24f5556e96df_32.png,0.7585515490644866,-0.3272033348316446,0.4605974718882603,-1.3932250306796168,-0.14795280516296372,-0.1071035888876467,-0.7546809342880431,0.8410659969483669,-0.5386052690730826,1.087334559551932,-0.3044627764242235,-3.1328832384174,-1.0679146758454678,-0.5342182117620523,-0.1872164457689243,-0.811427389827026,-0.5318724718878307,0.7217637304092984,0.7927900019332562,-0.07106540056829591
a9e37804-c00a-4e4e-b99f-e267a0056a05_75.png,1.4740348168886948,0.5961129540053886,0.07619894837101082,0.9061071700679675,0.5189398958986041,-0.5197389074630702,0.3232622576669954,-1.6782591675376022,-0.7851257530650646,-0.6657468429142142,1.3526494824396298,-1.087465854314074,-0.5583758164644561,-0.5457176709855055,-0.48433505152176787,-0.773215641616186,0.8551670683358558,0.7217637304092984,0.7927900019332562,-0.07106540056829591
19ef2be7-6425-4194-a4a4-1b4a7fbefc4e_124.png,0.44193410802640354,-0.456034639618476,-0.4556238600998185,-1.433011961101533,0.4991785532824002,0.9233186210437504,0.31129758762098525,1.4024713769115666,1.4189958300072971,0.18211579814360776,-1.1210359251481037,-0.4707735676870711,-0.6892033614406617,0.5288869667923569,0.7119650427817995,0.2797428702840378,-0.8320189638745419,-1.3159215949567142,0.0071181345408471266,-0.07106540056829591
19ef2be7-6425-4194-a4a4-1b4a7fbefc4e_99.png,-1.0368795798118262,-1.4104539051359328,0.5738502800516768,-0.12163393909761436,-0.7133523312692348,-0.20253687828248684,-0.037504626729183345,1.0768494023685065,1.7318748424334265,-0.7575780570966727,-1.5687332043838338,0.5345647391978028,-0.7615027941906701,-0.05996465206377798,0.2154310654916604,-0.21471173908414856,0.01791701076159604,-1.6338178496587923,0.039191527821031906,-7.19008025923812
519d608c-1d5a-448f-8835-1d3a5261bbba_8.png,0.7767027312517364,2.583867534284047,0.4688058283317146,0.18742587297164268,-0.6631496588615465,-0.5615756109108154,-0.038447282687876,-0.29043483138144915,-0.482370756673513,0.9219543649519071,1.0250285495852174,-0.7177265976670442,-0.3655773291311003,-0.14085739970462077,-0.3453069727367008,-0.5667103770476212,0.5980363479049111,0.43741431665568076,0.16451237205817884,-0.07106540056829591
519d608c-1d5a-448f-8835-1d3a5261bbba_16.png,-0.8908616486237781,-0.7348359991412783,-0.735458729928193,-0.2593149327977661,1.0045900130080687,-0.13456352238720787,-0.676360593120831,1.3025840803766349,-0.33202894782600917,0.520626631991926,-0.9402982799956353,-0.05322265666917069,0.2988888861427865,0.06851206477756054,0.04854560369432382,0.35680461610655007,-0.9811651782495764,0.6876083299878499,0.7481860780405145,-0.07106540056829591
19ef2be7-6425-4194-a4a4-1b4a7fbefc4e_62.png,-0.6228162034833705,-0.4285489246598184,1.512222815897864,-0.6474122072141577,-1.3913063031057704,-0.47449662136732,-0.32610940136240896,-0.6712545060227876,-0.6570835281451678,-0.6643127337938437,0.4418141129494482,0.8599524643152918,-0.09359374878583056,-0.5104262271618044,-0.5540222526812025,-0.748311467409121,0.9318510849907087,0.7217637304092984,0.7927900019332562,-0.07106540056829591
9229a83e-46a1-420b-bbda-57bc886c344b_53.png,-0.9987089869747179,-0.5698280680740814,-0.016260011985723903,-0.4381452429889344,0.5010925133313867,-0.1966306153615067,-0.643353079760388,-0.0031189065442556933,-0.5655468972307167,0.5189134692415653,-0.03327177949718038,1.7729212533224687,1.5486362236786462,-0.5710957878924365,-0.6206162380344848,-0.6568481516860509,0.6808916529029659,0.7217637304092984,0.7927900019332562,-0.07106540056829591
78667ea1-0eed-4d74-b94c-83a1d16767bb_9.png,-0.25311726985786326,0.34663973343998006,-0.41047025756778044,-1.0856880731309835,0.33763347517684483,-0.07239587978576414,-0.3596687586513639,0.1969354057240022,-0.4624955031834155,0.4990880121482858,0.13610841194957723,-0.9820575731068943,0.14740436038086416,0.3040527123200145,0.255480845858657,0.6035196176662522,-0.8600179010131774,0.3663649981843381,0.5794072077924879,-0.07106540056829591
00367bac-0715-41b8-93dd-c21b8877a1f3_66.png,0.3214315962218808,-0.6271952663296643,-1.4654841295682268,-2.127878162761189,1.3281838466099842,4.345917824272124,0.2051846891854415,0.22373809913445472,0.6410237221145647,-0.05151635121917631,-0.4924090850919941,1.5170104592878748,1.490108111452449,2.0793312965751767,0.05210327904579918,1.6857939748759814,-1.0707929704697199,-0.6690989451046514,0.20212974804458594,3.6106877384609457
4a7aeead-7888-4bb1-a39e-eef6dfc4a6ff_39.png,-0.3306609541771791,1.14414038244283,0.6872148086526548,0.4166139228771138,-0.6200948906468444,-0.6119824106396254,-0.03786632914697315,-0.732053752562241,-0.6092357370674504,0.3279131357943547,0.7929928895532385,1.3019667093066818,0.970240761678579,-0.5298563479186735,-0.6201056073859227,-0.717697110686481,1.3275610804800415,0.7163627650865304,0.7808564246937878,-0.07106540056829591
41b05097-d935-4d5b-b15a-8c9cc622e21b_0.png,-0.2296152895640635,-0.8660437139558986,-2.3853621790915973,-0.8921130381384609,1.671378575170457,3.2683354049597924,3.0147237032067133,1.793071827681638,1.9015007375201292,-3.4087326595548126,-1.977358770706377,1.5832171738016607,1.286981133726235,3.8205080362366504,0.33907085878938853,2.9070592126444743,-1.0854862169443804,-1.7893808649413359,-0.609487072569657,-0.07106540056829591
258bd669-e070-417c-9e38-6240e5c933aa_28.png,-0.5396540501040592,-0.8130401565718097,-0.0011380608803168686,-0.3565964523411541,-0.07762085889814323,-0.054742761294301244,-0.18532819327651762,-0.03247608585901499,1.085248211187858,0.11642825577996821,-0.47543669981642556,0.6367008358914739,-0.10736506930964168,-0.26576531885592214,0.02615025227503978,0.21252569903871787,-0.2593728180241158,-1.1204979341934602,-0.6337414008817887,-0.07106540056829591
27bb6d3d-77c3-486b-a22a-3741dde393ee_16.png,-1.0558159660008406,-1.063213204889255,-0.2994423844806758,-1.1297584822285065,0.14106343750446443,-0.31034361952827716,-0.6151610395135039,0.8575936041687817,0.05057209367888609,0.47182726734403985,-0.7940178450712362,0.07409176319957483,0.31266020666659766,0.2885879223298534,0.04868802009831839,0.47693766316655234,-1.2873477498955535,-0.10458396397420834,-1.0330473157053117,-0.07106540056829591
44341a17-f4a0-402e-8f84-ad64321de876_16.png,-0.21189824928742895,-1.3196116767103039,-1.853308618931681,-0.747774722306158,1.7439008290290354,4.429010913422844,-0.1115161259091248,2.374484505258289,0.4815440727667624,-0.38457705384608387,-1.780934173907562,-1.0336040465639704,-0.07637959813106665,0.4436323553081354,0.9456474327872869,1.5140040563584838,-1.265029224192249,-0.4264358552507081,-1.274086301604269,-0.07106540056829591
19ef2be7-6425-4194-a4a4-1b4a7fbefc4e_101.png,-0.8283632359735739,-0.670617896605775,0.718454399146999,-0.314539690613417,-0.812499790849602,-0.4977931469980104,-0.6386611676611257,0.7270455768588021,-0.45877648653674735,0.47195121651654015,-0.46807262800137767,-1.3611318654413451,-0.7683884544525758,0.011807834813636441,0.4000145733732265,-0.2747112866200204,-0.8933226100473122,0.5622450785523331,0.4403292769872855,-0.07106540056829591
16c36170-95cc-4260-985e-1bc7fbeac4a2_32.png,0.9237064090291075,1.2608869519374664,-0.04565294954358562,1.082905354105328,0.2847846413668703,-0.44048468997618867,-0.4655079028597447,-0.5295033141050629,-0.7447819641318639,0.9404645083382035,1.0402768531684699,-0.36825593713169014,-0.4895192138454004,-0.24038720194899105,-0.07390669791192593,-0.38976740210740746,1.469727760098327,0.7217637304092984,0.7927900019332562,-0.07106540056829591
53345714-cf33-43b8-9e6c-89b5c2c7aad7_31.png,2.480272243018064,1.6998948506576208,1.2864456272689413,0.9775338649098771,-1.6646478240009737,-0.6432619350137193,0.33612684828329514,-1.5936036451284363,-0.8298869169666144,0.27057992997092717,1.7235042668522482,-0.20171075774366912,-1.2090707112145318,-0.5703027217390949,-0.33267751262136674,-0.9117770941434612,-1.679437268824105,0.7217637304092984,0.7927900019332562,-0.07106540056829591
44341a17-f4a0-402e-8f84-ad64321de876_23.png,0.0831904269800905,-0.7783063923752511,-2.026985397803523,-0.4503732220052944,1.725366642259364,4.547107711927902,-0.41027086496485865,1.7080999528867156,1.276467157835355,0.8209249887109481,-1.3556339454508444,-0.8643635324090907,-0.09703657891678333,1.960767906650608,1.3557996112603061,2.3896700763398977,-1.2042098002504829,-1.2470783045749527,-1.5185167800136556,-0.07106540056829591
27bb6d3d-77c3-486b-a22a-3741dde393ee_67.png,-0.6860158168841898,-1.3477795036216123,-1.624271037810739,-1.0735366398525055,1.5153244583952714,0.7664107070041826,0.6858342477081216,1.9138908625830615,3.474977591625484,-0.9334002476613941,-2.4678011603437855,0.9435413082542112,2.0960462145001384,-0.1142896835676773,-0.3224329798802641,1.3865900587908793,0.48801060746830816,-3.557093994103071,-3.2610080738658325,-0.07106540056829591
95815a0c-6ff2-4053-978b-a34ec048fcec_10.png,0.4526862346009707,1.2274331942426753,1.357662975082397,0.773506003476164,-1.5244219808723112,-0.6439691881408763,0.05606450617981326,-1.1710354725800272,-0.7164323382554126,0.31504150655443525,1.1743126780279678,0.08939510249477993,-1.0885716566311845,-0.5738715194291321,-0.5930573601942724,-0.9345689543958638,2.1335245096685176,0.697497421423904,0.7391729436319859,-0.07106540056829591
855258ad-52cd-446f-9db1-1bc38d82eebd_83.png,0.26354568283338314,-0.5912336400760371,-1.120340042940548,-2.0746583218007517,1.0449548843856584,2.712911950018492,0.3755081280503791,-0.31630225701603093,0.5361044396735565,-0.30264021040710587,-0.06427492440035007,0.9178321405921663,2.8569116734407034,1.639179581470591,-0.3311213289937677,1.0092937497001677,1.06034097649401,-0.6522114197292359,-2.0393939661191456,-0.07106540056829591
10b42c78-10e5-441c-bc2d-1bc4a35bb63d_27.png,2.3285347894020028,2.6740888285307847,0.22399795645408813,0.8040620833506741,0.03325174134456835,-0.6487275529275494,0.10715187592539467,-1.408707024171566,-0.8205417402651051,0.792334588506822,1.6635949247948931,0.3632564531793306,-0.5618186465954088,-0.285591972689462,-0.29647941691674423,-0.6203686487728255,-0.020591878501633402,0.7217637304092984,0.7927900019332562,-0.07106540056829591
22df8deb-bec0-46ea-b532-d6d7e8d8d57a_40.png,-1.5614727825863706,-1.2748411024575508,1.1622793872257293,0.6020149968433162,-1.0459904507056252,-0.6637971568269206,-0.6196160489161827,0.4440028903333897,0.23204165040503896,0.14504308167727747,-0.8812143041803817,1.5926226504005903,-0.7718312845835286,-0.5940947063393428,-0.6415654818298381,-0.9150937102226328,0.279658723097102,-0.3013008136175618,-0.8739757739766807,-0.07106540056829591
48a4d49c-a4cf-463b-ae33-31db1940e1d3_15.png,0.1083391129235237,-0.20400759607621288,0.27059244356809764,0.4503529282545233,-0.0772155658719452,-0.2389800398475993,-0.6643696005529783,0.0031220366505128527,-0.5970122375995146,0.7744083514428769,0.07057615907071513,-1.2963703421907187,-0.6651035505239923,-0.08692890127739225,-0.0684357609783075,-0.503642213939712,-1.0639266733925434,0.7217637304092984,0.7927900019332562,-0.07106540056829591
41b05097-d935-4d5b-b15a-8c9cc622e21b_103.png,-0.9611986307197786,-1.2786182590869504,-0.8813261550645457,-0.3026478038540289,0.9487469943653227,0.22018103393267363,-0.8023761051599316,2.2087620284218406,-0.13301085528780363,1.0202031081789673,-1.4281461249770122,-2.194343421203113,-0.6823177011787562,1.1268588464119202,1.993661504660242,0.9162759322630972,-1.8535713958137459,0.7217637304092984,0.7927900019332562,-0.07106540056829591
2ec83b5a-f1ad-4dae-bb33-773f1eee7923_49.png,-0.8281965295776369,-1.0175507771421617,-1.4437282510622704,-1.0135229738026685,1.420466488695079,0.446650906169391,-0.35949595903738546,0.3450707315550444,0.12537153491248262,-0.1378782110477572,-0.5222329377031857,0.22746768162090514,2.8259262022621283,0.007049437893586866,-0.23644512945566787,1.3519734438042728,-0.03735701618985758,-0.21884100502769513,-1.1268171501468027,-0.07106540056829591
505d1bd8-e981-43ac-b532-853c95be827a_5.png,0.6220105271924888,-0.10876321077763473,1.0956234120466373,-0.8062237819979658,-1.1655128062929534,-0.43696279766220925,-0.31631184905586407,0.26957594499152937,0.004985802436618382,0.5911223958789349,0.009763681495370501,-1.5532807147773124,-0.6203467588216062,-0.44658440181780595,-0.19665759772742594,-0.5326055003474274,0.2409443615751901,-0.2259915788353035,-0.5646454321624473,-0.07106540056829591
4a7aeead-7888-4bb1-a39e-eef6dfc4a6ff_54.png,-1.363393441530423,0.5596387250689826,1.0863893067296306,0.9115657279969034,-1.0258899665052268,-0.6058486327510931,-0.07785519465353007,-0.0943282101456106,-0.42208466100258724,-0.07091290136534699,0.19731137610142296,1.9708570326646724,0.30233171627373934,-0.5837848463459021,-0.6290963585677256,-0.8014530478584203,1.570160805117987,0.519645915443177,0.4957519472647476,-0.07106540056829591
6764beec-de30-41fd-ac4d-374023ed0a03_40.png,1.3440906135278683,0.15093971245746468,0.0750453377155543,-0.7193216997170452,0.09791507574359419,-0.10088462186627446,0.15571166422063068,-0.2922542018536763,-0.2961961401876504,0.07462762184500113,0.44661081324586666,0.3706815644055183,-0.7374029832740007,0.0391686171039215,0.1976107204491672,-0.34627837647598314,-0.2596497724330283,-0.3035068417071431,0.1390288291080044,-0.07106540056829591
3dbb185d-309a-4682-8409-24f5556e96df_16.png,0.4130399548392874,-0.34612527218890865,-0.8271709409448531,-1.0388374627177401,0.8079415072257169,1.0576526736525078,0.4047989013266462,0.6140246884777962,0.933690357263122,-0.02668009881089979,-0.5594735410904892,-0.021882420825371805,-0.32082053742871414,0.2870017900231702,0.6057982395630087,0.7400821030476755,-0.4458783541813958,-1.0060126833376029,-0.6866142673235274,-0.07106540056829591
75769513-6d94-48cb-b36f-b1f9dc9210d3_51.png,1.0104386697301957,1.21678839334697,0.1997354899910932,-0.6301870769267406,0.2441686542595032,-0.4709670813172969,-0.3248880363489121,-1.062799867167314,-0.7697133792509002,0.7728256112540534,1.176045324006669,-0.17622261243654574,-0.15212186101202785,-0.4580838610412591,-0.5588638992099649,-0.764660772613759,1.3694361170195195,0.7217637304092984,0.7927900019332562,-0.07106540056829591
a9e37804-c00a-4e4e-b99f-e267a0056a05_58.png,0.5530418234851195,1.1704578021143806,-0.8275060924543707,0.6337114582996162,0.7122522459133878,-0.3123514686733886,0.9778206922063034,-0.968083593636033,-0.0011831040738258974,-0.3792976356599056,1.0390791842780338,0.879421715326139,0.26446058483325874,0.361946541513951,0.2070899184302982,0.7350171297560488,-0.4097634095631354,-0.16391851259053303,-1.1641485867867891,-0.07106540056829591
3b88f35e-b058-4cd6-a43c-563cda6b239f_17.png,0.5019516598568806,1.0108237514353218,0.16848202691801867,-0.08587454566548913,-0.5371990223829296,-0.4481544454214857,-0.34601789882378936,-0.10216678660879257,0.6052867465943772,0.9393435089768529,0.2769679425156406,0.03203369972630247,-0.5721471369882671,0.2802607277197666,0.481073416542395,0.16283245733802335,-0.33229515010200383,-0.6879642887672778,-1.0672277420456904,-0.07106540056829591
2ec83b5a-f1ad-4dae-bb33-773f1eee7923_51.png,-0.03324179447203304,-0.7770459947890204,-0.8734897793210024,-0.15251478395014698,1.0777383674407561,1.3158482857042586,0.9098039151184693,1.0993677407934963,2.4640385261986153,-0.5881366655382045,-1.4416303375953305,0.10895991825769652,-0.4137769509644392,-0.03300040285016372,0.3295754404322188,0.5041544275633684,0.36953071053845743,-2.395810379773824,-0.9892959014992734,-0.07106540056829591
10b42c78-10e5-441c-bc2d-1bc4a35bb63d_34.png,2.2299671767380422,1.2297389716444553,-0.4117631612186574,0.42905718829636835,1.0603921988063352,-0.40635343628062087,-0.49335620193903723,-0.7060579077536279,-0.749751217776287,0.9570448813785004,0.9727526447780772,-0.5876455646505274,-0.8338022269406786,-0.18447603813840854,0.019555908217647085,-0.5701863990357307,0.9472609998599157,0.7217637304092984,0.7927900019332562,-0.07106540056829591
4a7aeead-7888-4bb1-a39e-eef6dfc4a6ff_64.png,-0.6393284016453677,-0.9051837008040662,0.9889628267278162,0.41321138290428033,-0.904238727570152,-0.42047163398741,-0.5719865295105369,-0.3967438208428596,-0.5691775155472111,-0.3215864337117987,-0.00958909927626048,-0.7692490043259914,-0.7064175120954257,-0.5512691340588967,-0.5142953983862123,-0.8298046911614465,1.262951997935022,0.7022898272736842,0.7497618924501058,-0.07106540056829591
268cf2e7-02be-4b54-8659-24b54163053b_18.png,1.2392977864980526,0.07908252341710162,-0.021500147414244084,-0.9136255704746097,0.21931825888450407,-0.21730186564987777,-0.3286338860454785,-0.8409964726087787,-0.7004239824315327,0.16080985510732723,0.7726829180735888,-0.39925449995199164,-0.24852110467870572,-0.3355551403499826,-0.24697353982917364,-0.42489867901398704,0.25069718611517416,0.7217637304092984,0.7927900019332562,-0.07106540056829591
41b05097-d935-4d5b-b15a-8c9cc622e21b_49.png,-0.8169835306217732,-0.8381413062769221,-1.734260633122193,-2.244028176985123,1.43218740536423,2.7084452145540796,0.13976021598401267,1.4663001888385039,0.2723326433954754,-1.0635648421692165,-0.9242164001395197,-0.9033964136334359,0.5812009568809147,1.4694634246554896,0.7476184821922225,2.314912368946995,-2.110812682561849,-0.35538653677936544,-0.672358086387668,-0.07106540056829591
81faa7e7-ef94-4bfb-ad32-94fd63e1848b_14.png,0.8220429122644268,1.0162266962732243,0.5367787831573043,1.2432470984530992,-0.531230257257936,-0.5804156179619077,-0.5085579228182325,-0.7255289823990162,-0.73212408711742,0.9283288437122875,0.8703343936183255,1.3618412449501367,-0.5652614767263616,-0.558406729438971,-0.5072044331258577,-0.7929627023252999,-0.1770139046730153,0.6884450992632084,0.7584401712651757,-0.07106540056829591
2ec83b5a-f1ad-4dae-bb33-773f1eee7923_76.png,0.5033442720533995,0.4455136941630906,-0.21547100957172513,-0.3365378373867324,0.5156763620788402,-0.20106198892615723,-0.2442479068155476,-0.7713090505020999,-0.4640577886680026,0.5009643392662849,0.7845494541819351,-0.16417493750198,0.13019020972610024,-0.13927126739793758,-0.319464398664052,-0.3215623633904086,-0.17747322174888275,0.2879368961030166,0.4273879115861064,-0.07106540056829591
258bd669-e070-417c-9e38-6240e5c933aa_56.png,-1.0512825740299263,-0.7730002311251278,0.42959664644324275,0.33384022909516725,-0.13115550886434194,-0.45789089748988976,-0.6775283840604599,0.142703244171264,-0.5331581104085179,0.5592341815985055,-0.20222574531701157,-0.13881749467026883,-0.10047940904773611,-0.46997985334138304,-0.5173476464093043,-0.6992929604260584,0.2744706225613505,0.7051044148362534,0.7559807988988403,-0.07106540056829591
268cf2e7-02be-4b54-8659-24b54163053b_3.png,-0.6029682273767824,-1.051465923026132,-0.06002607121355614,-0.6848227427779546,0.23112848497070015,-0.28361393294907844,-0.7391410464223522,1.6266275775772756,-0.2544053637084229,0.7287198440146336,-1.1181949170259127,-1.3122884127733259,-0.7305173230120952,-0.2296808088788795,0.6023965238620818,-0.10463217053905778,-1.831116103971442,0.5933576816088418,0.5090734050287264,-0.07106540056829591
19369012-66cc-4209-a974-c98c915c0a70_45.png,-0.6465788529345567,-1.0486674342163822,1.2186631586636139,1.0948171454415914,-1.3309956511090928,-0.5839123629180349,-0.5851078421339837,-0.5139455544488619,-0.5708023044014017,-0.7368541398017723,-0.12170518564945017,0.24501830713637,-1.1402141085954762,-0.5266840833053071,-0.4464231434042008,-0.9093331128548003,-0.6972579448478121,0.7217637304092984,0.7927900019332562,-0.07106540056829591
824faab9-9bc0-41fa-93a5-24d93dec52b5_18.png,-1.1335711026514663,-0.4009455420094875,1.1740950401348509,1.8488527190533353,-1.3183883396747589,-0.6660543859003898,-0.7083207797886659,0.2796833763041583,-0.4903191591682536,0.7917684527989134,-0.38963422631190214,0.9585455250733359,-0.5583758164644561,-0.5631651263590206,-0.5886735874908142,-0.8589544398405087,-0.24499413006090004,0.7217637304092984,0.7927900019332562,-0.07106540056829591
6764beec-de30-41fd-ac4d-374023ed0a03_23.png,-0.7192003022109749,-0.792171941370064,-0.7584152494083519,0.5303031822306857,0.7133447799226655,-0.11503830196617235,-0.6098135417819969,-0.05402122629181392,-0.5357456315114815,-0.03404253587531387,-0.19275922363690368,0.8724001836734036,0.4985730337380479,1.0281221103208915,0.21605328984819439,0.8341776890279742,-0.41257485891887496,0.6793927771025127,0.6991702480968678,-0.07106540056829591
4af4cf7a-5d36-4d0a-9b11-fcbd77f87c6e_109.png,-0.05773753656434963,0.4417123542270338,0.6230846546277096,0.018859421729512726,-0.4338321103901533,-0.5162093674130471,-0.39920208969167986,-0.605330323194822,-0.6709627606602934,0.4958242257968419,0.6248132622398813,-1.299895755518801,-0.49296204397635324,-0.5695096555857533,-0.5034734457131732,-0.7739760744164016,0.47682980471276354,0.7217637304092984,0.7927900019332562,-0.07106540056829591
7483fa58-40a2-4a34-b0a6-a30645af78bb_8.png,-0.2625559152562619,0.5780922795784402,0.835889327118559,0.9308635096403481,-0.7978085988808373,-0.5887253720771572,-0.5529674236107089,0.07172584455612133,-0.573991925467951,0.8342129609456317,0.24716499640257622,-0.6711742912335716,-0.04539412695249161,-0.589732842495964,-0.5578009033751761,-0.7448895198081502,0.04744294804547014,0.7217637304092984,0.7927900019332562,-0.07106540056829591
41b05097-d935-4d5b-b15a-8c9cc622e21b_14.png,0.8278532355289554,-1.0165216050464165,-1.6247483231304418,-1.670553202916168,1.6132801107194155,2.065879480180958,1.741377283251832,1.4884145631804981,1.0196100122729588,-1.3209693935612783,-1.2481900997104622,-0.13665811036911107,0.7567852935595065,0.45711447991494253,0.04312930362328222,1.0567990434320207,-1.5156617125353418,-1.1268878086598335,-0.3419029756584404,-0.07106540056829591
3dbb185d-309a-4682-8409-24f5556e96df_137.png,-0.06716965215645468,-0.6953602444315796,1.116413114250843,-1.4090490177157726,-1.2540168751339622,0.24868722666655266,0.6696359871196381,1.7054087992834623,1.7196209796994353,-0.5512946801798883,-1.338145349161327,-0.1473888138189198,-1.0231578841430815,-0.14878806123803673,0.7592747828664226,-0.3021835110635331,0.15197062558965196,-1.9418250129248162,-0.8675355926952227,-0.07106540056829591
a653df7d-134c-48e9-9911-e3a0e5f096f4_34.png,0.5134296334835783,-0.016959371569554637,-0.3508041204124545,-0.28206281790449633,0.10853195303968978,0.7918539987939315,1.547746025487087,-0.5945356889563622,0.41301293303076053,-1.5358751603525427,0.4204984834557713,-0.2623224452128226,0.6362862389761591,0.045116613253983466,-0.20155507947013962,0.25757810016757704,0.4635641976976417,-0.2237094808115987,0.018751319358437803,-0.07106540056829591
00367bac-0715-41b8-93dd-c21b8877a1f3_8.png,-0.13559816547034795,-0.1647033079728434,-0.27160533659579145,-0.014942040380351261,0.4785311283081924,-0.11184795222706768,-0.5417335906417405,-0.472596535627319,-0.644682263136288,0.43901831554159665,0.29539169834343004,0.6644699591970451,-0.4137769509644392,0.011411301736965643,0.42222999222385205,0.1485009227945478,-0.18610269022709602,0.668971196127594,0.7366640463554973,-0.07106540056829591
824faab9-9bc0-41fa-93a5-24d93dec52b5_21.png,0.0376016266542714,-0.6114864269852889,1.6867610214249456,1.9486274488687432,-2.121583448262765,-0.666048920432542,-0.732695744691645,0.5381523522430559,-0.47780417111103995,0.8240302773876518,-0.459862235902065,0.791594212397834,-1.3054699548812096,-0.39503510185060225,1.2135220650512555,-0.8680649244607344,4.703797761279202,0.7217637304092984,0.7927900019332562,-0.07106540056829591
7483fa58-40a2-4a34-b0a6-a30645af78bb_30.png,0.43631019860936077,1.4416182137406683,0.3478702277806019,1.1382953073083921,-0.3298388279642436,-0.5643394590042707,0.33059013807124915,-1.2886250049659502,-0.7816802743156939,0.15181190512516612,1.5015656916295208,0.24282823889348695,0.030348135928469584,-0.3736223157103791,-0.4118165169294706,-0.5234134667453209,-0.45291080325463007,0.7217637304092984,0.7927900019332562,-0.07106540056829591
386822e1-0d1f-45b2-97d0-ac0273ee2394_57.png,-0.9124368369345222,-0.8267145940296928,-1.1153081897880592,-1.1519869082032284,1.2215130046041207,-0.1507941186171911,-0.6626360302320972,0.2603558255196945,-0.4529383385612771,0.3431553164545925,-0.4571651231403481,0.817951990813305,2.547056961654953,0.4991469860420471,-0.28445741359357063,0.8066059917851071,-0.24220655733393678,0.7217637304092984,0.7927900019332562,-0.07106540056829591
578fbdd2-3bf8-444c-8c21-8d2666ef631c_18.png,1.3222104104739734,2.037226499898008,1.2590361391731633,1.7629551956971914,-1.5297301177663347,-0.6265740746579227,0.5813103005616885,-1.4568772265813725,-0.7346148432327984,0.21304235914464256,1.5455390910527518,0.2796994557838787,-1.1023429771549955,-0.49416837101830174,-0.42993670173266846,-0.8928468391650535,2.6235117516809834,0.5783719045865137,0.6230560769528439,-0.07106540056829591
6764beec-de30-41fd-ac4d-374023ed0a03_8.png,-0.0298281067071246,-0.20211588751962484,-0.4543838484087742,-0.36488678046849066,0.6089463719187752,0.1545141399217416,0.2881700005766184,-0.09031925374908613,0.12352788102027523,-0.48301518191720416,-0.05191037173307205,0.20684203899200881,-0.20376431297631956,0.022117694807077187,0.12970053024689157,0.15107856934541472,-1.2914369559786167,-0.24531334210267078,-0.6579230439100117,-0.07106540056829591
16c36170-95cc-4260-985e-1bc7fbeac4a2_39.png,-0.24794663577097278,-0.6647722790212409,-0.8536764156705915,-0.5262764764097393,1.3016835668972928,0.5660759588349338,-0.43511437075663606,-0.5383934713923697,-0.6124858077558851,-0.7086935754913576,0.21130382586870722,1.18529558132425,2.2854018717025415,0.028858757110480752,-0.4198563824472377,0.175044060252821,1.1006974851034792,0.7217637304092984,0.7927900019332562,-0.07106540056829591
41b05097-d935-4d5b-b15a-8c9cc622e21b_97.png,-1.3270725448941925,-1.1503080870921516,-1.049762902330764,-0.8898659651552855,0.9508348247223214,-0.37268899677959655,-0.6673130778484366,0.8225661075313161,-0.3060551487291312,0.2117299052205596,-0.8835742133297348,-0.32635221393119124,0.5846437870118674,0.9583322888268311,0.4135463631177449,1.382202403773914,-1.4238363416119348,0.38910990848726257,0.17242495177121786,-0.07106540056829591
9229a83e-46a1-420b-bbda-57bc886c344b_52.png,-1.6187936738980797,-1.1352818721943754,1.1429643631888224,1.0086629547905943,-1.5132577103458633,-0.6599357107232962,-0.6663320219755264,0.5571656198691186,-0.23057462883738447,0.10961513494817364,-0.7554041159575329,0.7887624336469793,-1.0748003361073732,0.1319573570448882,1.557204057652688,-0.2748307694745322,-2.5694691132650425,0.2388717885933635,0.19401798804399753,-0.07106540056829591
10b42c78-10e5-441c-bc2d-1bc4a35bb63d_20.png,1.07303441546007,2.8376592673249816,0.17381340962089492,-0.4490907342133939,-0.38790306902612176,-0.5722599294786561,0.5268056481274823,-0.7312391977017642,-0.6882624003063864,0.7249305334746918,1.0666379980132212,0.8633020849166766,-0.6616607203930395,-0.593698173262672,-0.6352572586726214,-0.9067923896204989,0.3695977006554014,0.7217637304092984,0.7927900019332562,-0.07106540056829591
4a7aeead-7888-4bb1-a39e-eef6dfc4a6ff_57.png,0.7564168026342623,1.9613779634822737,0.8255123526893443,1.1299262855056476,-0.6844225512448222,-0.6415479987892292,0.3866948901567582,-1.423253166063634,-0.7435351930179068,0.31978245624689094,1.5007642733124489,0.8068910244077115,-0.5514901562025505,-0.5655443248190454,-0.6024616105224849,-0.8689242925758364,-0.06881791321852238,0.6718618536242869,0.6825304713826811,-0.07106540056829591
22df8deb-bec0-46ea-b532-d6d7e8d8d57a_47.png,-1.3173325552575041,-0.9412313846181553,1.2555154891177849,2.299954702048532,-1.3461244248302933,-0.317913390057206,-0.7223958967329978,0.640989553009803,-0.3670838055235049,0.5863162513531259,-0.647900518296865,-0.10494904039071708,-1.0300435444049871,-0.07146411128723112,0.1566340235440948,-0.6747395939882498,-0.1724741439202551,0.7217637304092984,0.7927900019332562,-0.07106540056829591
268cf2e7-02be-4b54-8659-24b54163053b_86.png,1.2635407280236983,0.8063909231373559,-0.07374259926023724,-0.9651230552240091,0.2059200262680827,-0.35231908893780095,-0.4021115025471065,0.396564940363239,0.23933442251916895,1.0077832077196003,0.10255356169419215,-1.747084392302206,-0.7683884544525758,-0.3196938172831506,0.3184064447227567,-0.26355050675557873,-1.6483627119791577,-0.3179601291906068,-0.029628396622836894,-0.07106540056829591
00367bac-0715-41b8-93dd-c21b8877a1f3_28.png,-1.2462814271126157,-1.2890085682341437,0.6245950054717928,-0.43763747089912947,-0.7282719854397122,-0.6481596264266715,-0.5950270973944597,1.0483388336569648,-0.06670079229589533,-0.13752558948032878,-1.0714716868035747,0.5493353571276791,-0.355248838738242,-0.04767212668698325,-0.07072065721468344,-0.2501383039740773,-0.07753729312587335,0.0785924373951633,-0.6283141608794194,-0.07106540056829591
505d1bd8-e981-43ac-b532-853c95be827a_65.png,0.7721573335807537,0.8279673617569742,1.3743903285804393,0.4269643941455149,-1.6140865083770435,-0.6038558561746545,0.31997627791085603,-1.2426628897946055,-0.6260872010326209,-0.20993930185257192,1.224925805559531,0.35844803575834805,-0.6719892107858979,-0.3652951211002924,0.04282049454502137,-0.41329965222255943,0.15170856016823153,0.44517344993627705,0.3297224621798019,-0.07106540056829591
2ec83b5a-f1ad-4dae-bb33-773f1eee7923_86.png,-1.5897813713223783,-1.2258507702708856,-0.5792810777957162,-0.7104512278154831,0.7584406334050545,-0.6397668363582374,-0.7612312164293933,1.5336027579703395,-0.2663085669842685,0.6567837307896849,-1.1564939827062604,-0.2569472511088214,1.600278675642938,-0.18011417429502977,-0.30179048591439167,0.3328078522013111,1.0336021873938805,0.6097887873795164,0.5453783724051345,-0.07106540056829591
519d608c-1d5a-448f-8835-1d3a5261bbba_41.png,-1.2386594461352993,-0.31129207894445743,7.223743769984483e-05,-0.37344594605768094,0.43075686348764264,-0.2652911565841349,-0.47486633356660934,-0.32632723073659664,-0.5986436635425451,0.12016080301517411,0.2271653458020886,2.1514000169849563,2.705427147678781,-0.4985302348616805,-0.6199731876942086,-0.5291167127469387,1.4026852801949865,0.7217637304092984,0.7927900019332562,-0.07106540056829591
00367bac-0715-41b8-93dd-c21b8877a1f3_88.png,-0.1784563181183984,-0.2632956852649512,0.1459122035188854,-0.5244921570043513,0.01901463866489958,-0.09063780876953104,-0.11419235218869847,-0.4518627186649076,-0.34895153812657315,-0.29176573139235273,0.32615585517909806,0.4896582181195089,0.18183266169039197,-0.24395599963902823,-0.38989692009520915,-0.4102893121196613,1.8833445833157516,0.20608564698613793,-0.3466145066069135,-0.07106540056829591
8b0863a2-01d3-4fdc-9994-7b50b25bc730_7.png,0.7202121356254237,0.2666041248063727,-0.12534201116746188,0.5375321750066646,0.15695415065832907,-0.3964767108686922,0.03984487789712808,-0.977722489467771,-0.280889414938321,0.08071862395121518,0.7945566741575939,-1.3170292876950802,-0.41033412083348647,0.32506896538356683,0.128611047675195,-0.08563922117847982,-0.057594164847497936,0.15382560224329808,0.19174309773192844,-0.07106540056829591
6ab94b0b-0d10-4c2a-a48b-13560294cd7b_0.png,0.9783468385927263,0.5325338886211667,0.9563143737808222,0.35355449619104196,-1.0318957057831963,-0.5999557267817761,0.054032097816836856,-1.3206569991972938,-0.7619836140869785,-0.3316091437721968,1.1742734531422079,-1.8294990118631285,-0.7511743037978118,-0.5933016401860012,-0.5782628688242797,-0.8796762336463871,0.6886384465776603,0.7217637304092984,0.7927900019332562,-0.07106540056829591
9229a83e-46a1-420b-bbda-57bc886c344b_38.png,-1.4121465222378173,-0.6878408132964495,-0.12461556365626274,0.02958674976494557,0.21837285322254946,-0.35958674938760576,-0.7315957729553516,1.0192909697333228,-0.4064052341245127,0.8530245317455597,-0.6354077054113867,-0.7171982213838142,0.22658945339277814,0.08794218553442965,-0.010378785828844812,0.20526118931083848,-0.40961859708508697,0.659386384428034,0.7287033265661731,-0.07106540056829591
855258ad-52cd-446f-9db1-1bc38d82eebd_67.png,1.2202580277003183,0.16585783168209625,0.5456569910819771,-0.13989860171958737,-0.42504106620080706,-0.45877412478085366,-0.4480888966112194,-0.6581983684071114,-0.6909275045758613,0.48575831661876484,0.6701037326137406,-1.4833441129952667,-0.6341180793454173,-0.5492864686755426,-0.4789677476759101,-0.7880440812203925,0.6986171284137763,0.7217637304092984,0.7927900019332562,-0.07106540056829591
16c36170-95cc-4260-985e-1bc7fbeac4a2_14.png,2.6543584566887857,2.329112078560036,-0.7387553153149894,0.11596598714610049,1.000287578014277,-0.4441724733574,0.13331243683948507,-1.2289767648755405,-0.5156216533293689,0.8375402535335735,1.432790874109149,0.36369050605899605,-0.6823177011787562,0.07564966015763491,0.281874956677731,-0.24214549590496548,0.7271468540718378,0.30064057510164,-0.13769286563989389,-0.07106540056829591
16c36170-95cc-4260-985e-1bc7fbeac4a2_20.png,-0.2585828751847185,0.0008426404042513141,-3.1062988031760663,-1.0926522931612024,1.8332858642664316,2.715711985867759,0.8069955770427186,0.1018211526099117,-0.4139686099153888,-1.8733063189798793,-0.14086363182720218,1.1141022123729376,0.9908977424642956,8.285470479549836,1.7471097174731385,5.208704305779643,-0.7654374268854038,0.4174079239812021,0.46028957291171313,-0.07106540056829591
258bd669-e070-417c-9e38-6240e5c933aa_34.png,0.035368632152829996,-0.4794017097329753,-0.5484998463011662,-0.8774044481586744,0.13130584563045206,1.0038320395181095,0.011279677193534133,0.8533696605512241,2.3871372315800286,0.46774604378760426,-1.2006667784855054,0.571275596519178,-0.2140928033691779,0.0034806402035496846,0.36441028554912214,0.8564091882125296,-0.7615908663808618,-2.2046466353214855,-1.6432030586923443,0.5837918771246485
19ef2be7-6425-4194-a4a4-1b4a7fbefc4e_97.png,-1.1164659692357266,-1.2539298416322917,0.20582144439015812,-0.48164747908884886,-0.47364313462586194,-0.6226818304015602,-0.4549469974197643,1.296383576508771,0.9429474911343294,0.12478067983325741,-1.3490036352414336,-0.5623569240246902,-0.9026588295597342,0.10380350860126156,1.538975852795543,0.30058650364082345,-0.4395341164546308,-1.0921999186995206,-2.1708669593109975,-0.07106540056829591
19ef2be7-6425-4194-a4a4-1b4a7fbefc4e_100.png,-1.0032259591325008,-0.7598119874979821,0.8111708354276185,0.2525964477228625,-0.8344971589365703,-0.6162301436985363,-0.6079180105326019,0.08330741603040963,-0.5246167001810413,0.10908648193751001,-0.2208917900141232,-1.4259171842244123,-0.6203467588216062,-0.3894836387772111,-0.09884224726553106,-0.4894721128633117,-1.219923472143557,0.5749487575509565,0.4683983952829353,-0.07106540056829591
22df8deb-bec0-46ea-b532-d6d7e8d8d57a_28.png,-0.7932919639044219,0.3073681359690868,1.4118092719231479,2.003397107708206,-1.456138880876745,-0.5838093770890492,-0.5929386375437947,0.3010813810746109,-0.53811480085813,0.8436469257169944,0.137092826577246,-0.5640240577238095,-1.0197150540121287,-0.595680838646026,-0.6196130158000211,-0.9341826653215607,3.228831972626054,0.70982075075191,0.7664016691642926,-0.07106540056829591
81faa7e7-ef94-4bfb-ad32-94fd63e1848b_85.png,0.07569095469731497,0.6864100012485996,0.5602432477917538,0.1439089445038389,-0.28847321693375394,-0.4959947289447332,-0.3230742597555929,-0.9131212602434235,-0.7243425294629617,0.5260183898987182,0.9582310301292438,-0.7643562909112777,-0.7615027941906701,-0.5135984917751708,-0.5505731654576432,-0.8642774694420188,0.9292134460927612,0.7217637304092984,0.7927900019332562,-0.07106540056829591
a653df7d-134c-48e9-9911-e3a0e5f096f4_23.png,-0.9659999921036547,-0.5101550871056011,-0.06945815874447919,0.9182021248865572,0.29354139814400954,-0.37571139691825983,-0.5518996582540818,-0.15823031130471618,-0.5833194121127789,0.1600441917653117,0.08330361709845727,-0.005492587809141161,0.5639868062261507,0.08397685476772167,-0.33380045441123946,-0.1856653735523812,0.0728070477692302,0.7217637304092984,0.7927900019332562,-0.07106540056829591
4a7aeead-7888-4bb1-a39e-eef6dfc4a6ff_55.png,-1.0227627384639695,0.01689667213260095,1.4306635611614107,1.0236868804448047,-1.4539510577250994,-0.62083063023858,-0.45192145579150256,-0.37602892473119515,-0.613837954315461,0.23489897991255224,0.36081181896902814,0.0742281632206543,-0.38967714004776977,-0.5798195155791941,-0.6112593720047758,-0.8568720912027239,2.0527382298624723,0.6533007896981545,0.6497012408918877,-0.07106540056829591
19ef2be7-6425-4194-a4a4-1b4a7fbefc4e_18.png,0.6667885385537184,-1.0564829168157202,-0.5466963727246799,-1.688373552943806,0.250807044968129,1.4720639427424802,1.3829441226745454,1.4791883982465104,2.709918024902024,-0.40968670277820846,-1.7717694342113053,-0.029700109542826442,-0.6995318518335201,0.29215672001989057,0.9919545167616901,0.7488130171372298,-1.2889181706162494,-2.5189676031197594,-1.424516357769995,-2.4440703534582373
9229a83e-46a1-420b-bbda-57bc886c344b_24.png,1.0738339503291767,1.0311017371875633,0.8811064964915221,2.0663445541863945,-0.9831711157669019,-0.5963496275494261,1.2524243626330838,-1.9259762186825484,-0.820216833518918,-1.4870508521173438,1.813247445246456,-0.26456805842671055,-0.9543012815240259,-0.5516656671355674,-0.48181195997029624,-0.8704413514020443,-0.3368006838619037,0.709364331147169,0.7653931978482819,-0.07106540056829591
a3283dda-4e12-48f9-90f3-8f3223c77d46_29.png,-0.4521983516549551,0.3585920134646245,-0.3634484325205387,1.084201352096176,0.4145960998815151,-0.12715529319977878,-0.05264874773705224,-0.025670149613442727,0.10232888427015643,0.13977272179089945,0.25100362213517846,-0.4661516544849246,0.3815168092856533,-0.27924744346272923,-0.10878320717842925,0.24848131485177968,0.18872543170594716,-0.2686668118785832,-1.395592753811397,-0.07106540056829591
a6a04226-e7be-4c2a-8240-4e24256bfed9_28.png,-1.0567249460322519,-0.7923492102646995,-0.3408446560859414,-0.6689116999767392,0.3944903434929505,-0.5485813273314981,-0.6294448785722111,0.980679934136518,0.1552990226783161,0.6906171567887213,-0.8515933217947694,0.103424625946633,0.2679034149642115,-0.213026419658706,-0.13466430308929347,0.12058454619737306,-0.482689536584753,-0.22530694942819204,-0.2762132863687747,-0.07106540056829591
41b05097-d935-4d5b-b15a-8c9cc622e21b_52.png,-0.07016786339508943,0.48846899348606254,-2.8559686213960465,-1.6712679008296887,1.747878582369739,2.8200368424842392,2.7012125584060147,0.04378772884313132,0.1440309690145743,-2.3884999917711487,0.10111563942010147,0.665666716502183,1.6209356564286548,4.733327178732827,0.8444294364218421,4.363486306745617,-0.5197208640794921,-0.06145231132618769,-0.33453885875643896,-0.07106540056829591
578fbdd2-3bf8-444c-8c21-8d2666ef631c_15.png,0.17967567492015418,1.7675074220893514,1.0193759039901062,0.8890014699661508,-1.145843755081752,-0.6028694087507169,-0.28902065840945196,-0.4718474958171131,-0.6320912723936193,0.8654523393991123,0.9109435544927507,-0.04904998843299361,-0.48263355358349486,-0.5286667486886611,-0.5096923925258205,-0.7743258930513884,-1.0354860754726019,0.5753291072215739,0.6021959687429488,-0.07106540056829591
4af4cf7a-5d36-4d0a-9b11-fcbd77f87c6e_141.png,-0.26379212087518594,-0.4821444027434991,0.014095214938090447,-0.17769152148699074,0.07666119990211702,-0.15340966840476403,-0.014195259445738519,-0.11140325797916581,0.14483821997626178,-0.3599754752399643,-0.05045511181167339,0.03525493435979822,-0.16589318153583896,-0.3434858018833985,-0.0830282581913003,-0.09779202057073957,-0.7805298219612696,-0.21633069720161985,-0.9051095592179565,-0.07106540056829591
519d608c-1d5a-448f-8835-1d3a5261bbba_17.png,0.2098446083850845,0.2821555605291686,0.32890515485284916,0.3889590350118895,-0.21897169283295378,-0.12922054856285073,-0.36664267855601623,-0.7709196461191096,-0.6480430342269514,0.3713021821124494,0.5283115234435638,1.0572079003743193,0.7498996332976009,-0.5104262271618044,-0.5469535963901091,-0.5810544693509756,1.461997816235849,0.6475955446388925,0.6289134130814108,-0.07106540056829591
2ec83b5a-f1ad-4dae-bb33-773f1eee7923_74.png,-0.5473556452518584,-0.0191174119982616,-1.3475950596351338,-0.5129216498947804,1.461452248875549,0.8876482991872132,-0.33457286632662503,-0.38572425384833287,-0.3239959942788771,0.36887647956494757,0.3927320450371063,0.7491138657872388,4.650626171667103,0.18747198777879992,-0.46229680965611103,0.7509230492661697,0.6665452695708154,0.18090649879126167,0.5183788113947496,-0.07106540056829591
580d287a-e8ba-4363-873d-175443ac329e_0.png,-1.7946537172392534,-0.9298476564626195,1.4117426796365449,0.901062044458819,-1.3700366712594754,-0.6656910303651998,-0.6259514154086062,0.19005343527481963,-0.3474441291724943,-0.07931314480558045,-0.6138765825472948,2.2523243142925216,-0.2726209155953752,-0.59766350402938,-0.6570259228797647,-0.8923423617970262,3.670278430428244,0.39359803460054865,0.06769912572108819,-0.07106540056829591
519d608c-1d5a-448f-8835-1d3a5261bbba_23.png,-0.07325851156401941,-0.06711310919542647,0.9160872029146382,1.0309823651978018,-1.1338876008488736,-0.5261744615386912,0.18442024524908543,-1.0191923472140505,-0.48027461498686075,-0.9400927717975357,0.7937071380543655,0.936342288886948,-0.7477314736668591,-0.213026419658706,-0.22218622808989874,-0.6424606025854785,1.7727459331358302,0.3164631213993266,0.5179781750788545,-0.07106540056829591
578fbdd2-3bf8-444c-8c21-8d2666ef631c_96.png,-1.0199009510193524,0.6820282751264048,0.9856177142091506,2.028354680873581,-0.8400549663139385,-0.4400394736287719,-0.5332490676600503,-0.16246812561455068,-0.5584208486542773,0.9086426363245376,0.3051789308952531,0.2904727240328191,-0.18655016232155566,-0.5675269902023994,-0.5367451949577913,-0.7402126741139992,1.7149763268379057,0.7217637304092984,0.7927900019332562,-0.07106540056829591
22df8deb-bec0-46ea-b532-d6d7e8d8d57a_60.png,1.2393857602208889,2.107300931574593,1.1770183264866896,0.9727843387340838,-1.3140920428942195,-0.6436621548535464,3.685700888164528,-1.7549217679234856,-0.5704111521459508,-1.678399757983455,2.0756060557845593,1.1782605061945792,-1.0128293937502233,-0.5155811571585248,-0.511171570751057,-0.8926181660009178,0.22048624368931996,0.42988339317745494,0.4724791126458547,-0.07106540056829591
41b05097-d935-4d5b-b15a-8c9cc622e21b_91.png,-0.8601160814098449,-1.0102628756433556,-0.7866594336804459,-0.8055458561497546,0.8152119705175156,-0.07261799356476868,-0.45116925102025923,1.0825719648338725,0.6630445622252812,0.301201139361921,-1.1170479684354981,0.3068346768302464,0.16806134116658084,-0.004450021329866274,0.25624383691628894,0.8214630581113266,-1.000893291173897,-0.6957234220478741,-2.262846084707889,-0.07106540056829591
4a7aeead-7888-4bb1-a39e-eef6dfc4a6ff_58.png,1.0583737146810275,1.0991968617967058,1.0373029292462952,1.0945241435188025,-1.2638830279088635,-0.5430259981345059,0.16341146637468393,-1.3456986617468156,-0.7760681252824064,0.05043619200861837,1.3645183823538727,-0.6552298238182612,-0.8475735474644898,-0.3823460433971367,-0.28958895927679157,-0.7427369039591466,0.3427298695096163,0.7102771703566509,0.7674101404803033,-0.07106540056829591
00367bac-0715-41b8-93dd-c21b8877a1f3_69.png,-1.098513979384902,-0.3954281303351415,-0.8479407341459009,-0.07630810961815897,0.9013336663275608,-0.5814525393164026,-0.6585368393893849,0.11920447980842817,-0.49985011331749535,0.6938746794780883,-0.19091103290279063,1.3972195430342025,1.4453513197500627,1.0043301257206436,-0.19229833489640819,0.5881113455705032,0.5721747620067974,0.5783719045865137,0.47596193015302063,-0.07106540056829591
268cf2e7-02be-4b54-8659-24b54163053b_46.png,-0.3215853426194026,-1.0714718401663264,-1.7063459679915578,-1.3255920067339781,1.5230395782080899,2.6899905371206994,-0.17364285163876672,0.937291278941624,1.0877188457348803,0.23063793948615535,-1.0748057637933872,0.765081770026578,2.1373601760715717,0.2647959377296055,-0.12435553496337276,1.6713613809404892,-0.6539538936854916,-1.2381020523483806,-1.3586597183355151,-0.07106540056829591
41b05097-d935-4d5b-b15a-8c9cc622e21b_39.png,-0.47684743256170575,-1.1712912890006186,-2.1051498493545133,-3.1540190541974806,1.5543014698096653,2.766961957388198,-0.17905042665542026,1.4286009325518143,1.5090696286070528,0.3094069560795284,-1.5642440341640753,1.5514375757105885,2.1270316856787135,1.6673334299142177,0.17602364595625278,3.1564459525619717,-1.7218685437401224,-1.8581480853889738,-1.4608584495856975,-0.07106540056829591
855258ad-52cd-446f-9db1-1bc38d82eebd_80.png,-0.018435684667651997,-0.12458020622750154,0.6256146177726031,-0.4781608744574335,-0.4493016222582277,-0.4276499988851957,-0.687334297638649,0.39008663561233253,-0.5863849432852866,0.9290683567794614,0.07530972531111636,-0.7704167695370259,-0.5170618548930227,-0.5647512586657037,-0.5454871199294923,-0.8157998784282664,0.8255391029620902,0.7217637304092984,0.7927900019332562,-0.07106540056829591
95815a0c-6ff2-4053-978b-a34ec048fcec_29.png,0.6774620585585536,1.404900857802131,1.2945322059607824,0.10261557809289157,-1.3163756535519748,-0.6361807627548917,0.7449261415076752,-1.5117470394551327,-0.7528287468106137,-0.24228253282381512,1.5261755742727368,0.5327556562463913,-1.0025009033573649,-0.5714923209691073,-0.6273763045011825,-0.9353410790290344,2.865927043071543,0.7127874781827261,0.7729567327183672,-0.07106540056829591
a5f7c55f-08cd-4cf8-8e07-7d416d70c470_9.png,0.4976404592801874,0.473815425616776,0.6529741519877189,0.21447824148788525,-0.7843020968446115,-0.6118322067455214,-0.5721413678743169,-0.3128447034282794,-0.6041810255749551,0.9473926098996175,0.5261694685017851,-0.3139898125838421,-0.9784010924406954,0.0003083755901833012,0.28318939843590024,-0.5692163012808881,-1.2935458382866538,0.48701191370419833,0.2740995883980785,-0.07106540056829591
22df8deb-bec0-46ea-b532-d6d7e8d8d57a_20.png,1.034837036758736,1.3984261931430262,1.2013148808117664,1.4279599988235696,-1.4274719764384336,-0.5470704100165324,0.9510367520396346,-1.4568088567525999,-0.7533317197604414,-0.5978465484463898,1.478780678364786,-0.35229831441750387,-1.1367712784645234,-0.37877724570709953,-0.11533291211904285,-0.8314820549298849,-0.44173989599509206,0.5927491221358538,0.6664807272019517,-0.07106540056829591
19369012-66cc-4209-a974-c98c915c0a70_35.png,-0.5297290173631536,-0.5469607378179765,0.7440432717162655,0.722657021555038,-0.5360535544523188,-0.4379177517579901,-0.3182076899819868,-0.9110560391828416,-0.6753049505408109,-0.9280670196932702,0.476400381176105,0.9442952628515281,-0.733960153143048,-0.5873536440359393,-0.6173315031718912,-0.902109001252751,1.4416263449503537,0.7217637304092984,0.7927900019332562,-0.07106540056829591
268cf2e7-02be-4b54-8659-24b54163053b_11.png,-0.11653547351596782,-0.03871443524570879,-0.6195632024510768,-1.264029479828959,0.5673670248780535,1.0062932194971672,-0.32412716062929703,-0.1473390658175902,-0.5781334778172057,0.25375611733440695,0.3112591330612009,-1.2198085890394814,0.1405187001189586,0.9008349927095655,0.1989165587411671,0.48443402279087633,-0.6224527794227775,0.5018455508582795,0.3068749061684491,-0.07106540056829591
92da35e0-d1db-40c0-86e2-73b0de7f8784_36.png,0.4727599453764968,2.0074295996587175,-0.24420779896163705,-0.04849087945715237,0.19833351435376875,-0.4415513169129725,5.398998531752692,0.1779274751469819,0.46736022776120345,-2.1446076036126014,0.3629463748847436,0.8557177049815323,0.22658945339277814,-0.43389534336434044,-0.45294799207533853,-0.4611428745158019,0.0668766458981164,-0.5926486613105407,-2.0823912244666167,-0.07106540056829591
578fbdd2-3bf8-444c-8c21-8d2666ef631c_7.png,-1.4197867528025616,-1.1583852628626907,1.2644493917730286,1.2446549929342112,-1.27094749430182,-0.6554509411055965,-0.7095997446734889,0.23141446804348567,-0.4686248038151902,0.12791889864180406,-0.5974019693665866,1.5430281016910445,-1.0059437334883177,-0.58775017711261,-0.6174652351494176,-0.9324760530356613,-0.6266790734641768,0.7074625827940817,0.7611912340315664,-0.07106540056829591
10b42c78-10e5-441c-bc2d-1bc4a35bb63d_29.png,1.6684085794785437,2.9229978076666434,0.26281443509778385,-0.06776621495568061,-0.2167254429082777,-0.5468402140098262,1.279619243817225,-1.5438744609441033,-0.8010691227530541,0.20218572356582687,1.8866457678864221,0.3069077267717611,0.3367600175832671,-0.2669549180859345,-0.47353498890510276,-0.53015601479307,-0.694701409297848,0.6790884973660187,0.6984979338861947,-0.07106540056829591
578fbdd2-3bf8-444c-8c21-8d2666ef631c_123.png,-2.097935470064372,-1.67072969692547,0.9084108523078486,1.1308297814321806,-0.6951008069411327,-0.6670169877322143,-0.7823945239908471,1.943438191924969,0.13469405571412396,0.44646387417176914,-1.9165386388623136,1.2439901561537685,-0.18999299245250845,-0.5901293755726348,-0.6172510272916097,-0.8355362676661716,3.500371028095441,0.28063418242716126,-0.181897524991725,-0.07106540056829591
3dbb185d-309a-4682-8409-24f5556e96df_139.png,-0.4362943271989573,-0.7015723576184548,0.6624510072055673,-1.5864433891676273,-1.1434343653974588,-0.3592446710542035,-0.37212302760364663,1.0680588646035096,1.5418282259671894,0.6198346529799167,-1.0662381851440157,0.864930778842626,-0.8165880762859147,0.32348283307688364,0.7551018970869915,0.08721053597203571,0.25840577877487886,-1.4808412121364474,-0.055559633364363356,-0.07106540056829591
48a4d49c-a4cf-463b-ae33-31db1940e1d3_8.png,0.49492893969387164,-0.3968063298834885,-0.35440685824317625,-0.08400996472778927,0.8562664115496533,0.3250569162326004,-0.3609192332772514,0.46175919894506173,0.4870991442528619,0.7167644418832886,-0.3620973711184852,0.31827861072342556,-0.20376431297631956,0.06970166400757294,-0.2516183698468878,-0.3258655151346291,-0.15293008473472386,-0.5630574569365019,-0.047497358829864424,-0.07106540056829591
a6a04226-e7be-4c2a-8240-4e24256bfed9_32.png,-0.36284173532394937,-0.7778415551932982,-0.31665876471364307,-0.6584027673315892,0.7692461385921601,0.42361088772491196,-0.7010461637815528,0.2754706553277932,-0.4494634580232374,0.6001863017158049,-0.47997665410126683,1.4973069702346087,0.6982571813333092,-0.1515637927747323,-0.4161424222573934,-0.31676585328669804,0.09630776041937963,0.7217637304092984,0.7927900019332562,-0.07106540056829591
258bd669-e070-417c-9e38-6240e5c933aa_63.png,0.24293599772528976,0.8796682116359316,0.17072562937383587,1.3044943362611459,-0.2441317004921161,-0.5176263371314095,-0.40661203442873667,-0.36387043359479726,-0.6501033117934458,0.7603245315191054,0.6917741950323416,-1.751151474173788,-0.6582178902620868,0.24100395312935766,0.24686094777477383,-0.26379042263706276,0.12922683578766458,0.6126033749420856,0.5515972788538714,-0.07106540056829591
00367bac-0715-41b8-93dd-c21b8877a1f3_21.png,1.1018013142808207,1.4568306815213394,-3.1933470462729154,-1.79309464663992,1.7480302503839678,0.07924650347309753,-0.028694943183555033,1.4038656960846942,2.0563766605436924,1.0074496620099718,-1.1519999637720622,0.7122483464425143,0.5157871843928118,1.6617819668408265,0.8325290005125024,3.1219379394856146,-0.3317074853250627,-1.9253939071541417,-0.6136198891609163,5.905806578375279
4a7aeead-7888-4bb1-a39e-eef6dfc4a6ff_67.png,-1.2952965272127916,-0.8604411085069357,0.43691071582944574,0.49026386952381357,-0.23471790384143035,-0.4016172304304202,-0.31085286770243553,-0.41843565782920517,-0.1512917637440675,-0.7857386395248832,0.026153323096232656,1.367123545170023,0.44348775164280335,-0.37600151417040395,-0.5040904241857761,-0.5298085780466723,0.1506607425171437,0.029755539687880667,0.5308508633835153,-0.07106540056829591
2ec83b5a-f1ad-4dae-bb33-773f1eee7923_23.png,-1.5450907770039413,-1.0757075024559513,0.48635740737323874,0.5355743122779678,-0.41382415718331017,-0.6551907538416097,-0.6808019767474973,0.5152570884120888,-0.4076528323956083,0.1777539398150106,-0.6174085718335262,-1.6837710968961856,-0.4619765727977782,-0.33040021035326217,-0.1825274275739167,-0.4594111171780298,-1.5161624014384432,0.4888375921231622,0.2781334736621239,-0.07106540056829591
855258ad-52cd-446f-9db1-1bc38d82eebd_63.png,0.6316681425442994,0.07804217922112766,-0.1988845908241425,-0.9403051964082791,0.4082142153823901,0.08191126312059142,-0.18552359929160805,0.380486351449109,-0.3072961699580219,0.3236982642889828,0.02974444638178007,0.21826576516153154,0.037233796190375146,-0.03974146515356729,-0.22040948092853713,-0.204867616977185,-0.18750167493416645,0.1916323595026742,-0.3785494316139385,-0.07106540056829591
578fbdd2-3bf8-444c-8c21-8d2666ef631c_11.png,-1.315794645399908,-0.17596334374166087,0.8069871398552501,1.4311658988625173,-0.8740599339895462,-0.4516375764342008,0.36066934829588415,-0.22081370407465647,0.4994128144947754,-1.6216497517174115,0.008879788494248088,1.9356076529345831,0.4710303926904256,-0.521132620231916,-0.5528161881614793,-0.5963178921996546,0.2713851028191981,-0.5981256965674323,-2.0286846219693575,-0.07106540056829591
273317d8-7414-4eb9-bb2a-b42c7082fe9b_56.png,2.0077536850063487,0.37518219011986303,-1.2173263514572952,-1.1731043512858743,1.1595099216364262,0.05778041900912667,8.245437695599836,1.7427675356620638,4.8726907388535485,-2.1592478417227374,-2.2287116313476636,0.05887189498953039,-0.3277061976906197,-0.48425504410153175,-0.30258270557089695,-0.05030991986261868,-0.20537112712190395,-4.388538374072851,-4.5788360016154845,-0.07106540056829591
92f1a624-99c9-48dc-9309-0fb5c6bc0e7f_24.png,-1.3941852768681564,-1.6855448209166477,-1.4586802908158296,-1.59703058226835,1.3246097824929763,-0.6351453145901188,-0.3151233097754886,1.3992636415359982,1.4841231467873544,-0.4911883151532335,-1.9647524041659106,0.9162407023392952,2.2096596088215805,-0.29590183268290277,-0.20731793121480108,1.4514394772417265,0.27901818588483945,-1.4278204680523727,-1.5546741760310174,-0.07106540056829591
00367bac-0715-41b8-93dd-c21b8877a1f3_52.png,-1.198088098101913,-0.9672925823782615,-0.6945344425336286,-1.1439500334060608,0.8561142890434641,-0.4294725111731733,-0.6851746121406451,0.4718319926041166,-0.3307242936740201,0.5697582744603135,-0.6689271164993758,1.481264763835298,1.8343911245477271,0.24496928389606562,-0.31535472493993355,0.42979041164842235,0.05644282767296508,0.6467587753635341,0.627064549002057,-0.07106540056829591
519d608c-1d5a-448f-8835-1d3a5261bbba_90.png,-1.0917154764178736,-0.5397713794088552,-1.1561233480024868,-0.960555716550546,1.2194107084512877,-0.03549661298370491,-0.5070321455815442,0.005247922151190996,-0.18903169029029948,0.38951646677408486,-0.04831394131576992,0.10271736383150885,2.154574326726336,0.09151098322446682,-0.2048142865296431,1.0429816800369922,0.20618375629797753,-0.0077469378350014835,0.13166616650839333,-0.07106540056829591
386822e1-0d1f-45b2-97d0-ac0273ee2394_63.png,0.4604652326162395,0.5966317134809036,-0.8846092569529769,-1.0993742600919798,0.9696712434119776,-0.09427338418144064,-0.4072208588751198,-0.3883580778624624,-0.3220914637635057,0.8368632941674116,0.5581844577257672,0.6096896907562971,0.9943405725952484,0.0946832478378332,-0.14811236477941542,0.5089233865794036,0.5634856382007974,0.1906434503590688,0.12103825937769624,-0.07106540056829591
386822e1-0d1f-45b2-97d0-ac0273ee2394_71.png,0.5516455882169732,-0.9105043631863935,-0.07257127779138577,-0.07643408569766413,0.8303064145119603,0.14638156015946413,-0.5608514834176602,-0.605629939310367,-0.5807818152067015,-0.7169425392793751,-0.03531800393401178,0.46546238931383965,-0.40689129070253366,-0.5084435617784504,-0.5242008953044075,-0.7745463990165634,0.6737175888894522,0.7217637304092984,0.7927900019332562,-0.07106540056829591
10b42c78-10e5-441c-bc2d-1bc4a35bb63d_16.png,1.1330627033210785,0.7337796034588215,-0.26890881661664195,0.115686805850218,0.45575531226438115,-0.45242791569484686,0.34636104477569957,-1.171330839594208,-0.26186236129963186,0.09630628276740454,1.1080356082108958,1.3658940985378147,-0.8062595858930564,0.9325576388432293,0.9467223363800731,0.040965120135911505,0.170652748157,0.07357182174301276,-0.6394073453555447,-0.07106540056829591
22df8deb-bec0-46ea-b532-d6d7e8d8d57a_1.png,0.8459355691814274,2.3259845048325456,0.6220414944684407,0.7539121986979808,-0.7097618617286254,-0.5858375665816838,0.005855689310319704,-1.1041603268630409,-0.7316418016265416,0.8327790983129025,1.1938556984062054,0.5146642242953883,-0.9680726020478371,-0.5929051071093304,-0.591443637118311,-0.9178879818572273,0.9079123371516435,0.7217637304092984,0.7927900019332562,-0.07106540056829591
19369012-66cc-4209-a974-c98c915c0a70_63.png,-1.5212942966805743,-0.8717228845593893,0.9078198534807407,0.509228008099697,-1.018196260218855,-0.6500912269967862,-0.454148341139387,-0.2970070758760777,-0.11635197674000447,-0.537102656653096,-0.2898303856929232,1.5439031427212302,-0.29327789638109186,-0.2840058403827788,-0.3372987180098377,-0.5138699083159302,-0.172499692922669,0.0830805635084494,0.41596602818069806,-0.07106540056829591
07a9fdc8-46e7-4ddb-b62f-fe041b4ea954_21.png,1.0455946376887824,0.6292612944360362,0.015521799106871556,0.9244675799360541,0.5460626523897654,-0.41064403318963005,0.19972261106473746,-1.6644828088596346,-0.7915489378837568,-0.43371630298797204,1.3552591818419923,-0.8371791753153474,-0.2347497841548946,-0.5631651263590206,-0.4869693110780171,-0.695841604194236,-0.421432585183724,0.7217637304092984,0.7927900019332562,-0.07106540056829591
578fbdd2-3bf8-444c-8c21-8d2666ef631c_42.png,-0.21857683377358808,0.8933244795721138,0.9429433320136751,0.6230837314005581,-0.9303106888186865,-0.62323272525608,-0.22078401084505034,-0.7497841361188203,-0.6660087984448457,0.47714572416860396,0.8855912009334833,0.14395047235576547,-0.4585337426668254,-0.5869571109592684,-0.6113201137753006,-0.8654432977846586,0.6621529839043884,0.7120267788414912,0.771275947191681,-0.07106540056829591
a653df7d-134c-48e9-9911-e3a0e5f096f4_28.png,-0.6497405909993127,-0.6663478010638828,0.8344804613862131,1.035665703910696,-0.8703858241649749,-0.5559969097951253,-0.5073647383869435,-0.6408948871316539,-0.6293658005597024,-0.4732079906120248,0.19227090828413063,-1.735455589272508,-0.5721471369882671,-0.5393731417587727,-0.3473275586143446,-0.6659946167857689,-1.2969279484910434,0.7217637304092984,0.7927900019332562,-0.07106540056829591
16c36170-95cc-4260-985e-1bc7fbeac4a2_31.png,0.9682807207266093,0.11581308836369521,-0.5215415743020873,0.2204486404569417,1.0073676894946026,0.16994724174544185,0.39825759981039527,-0.4552816773468507,0.4625988619043357,0.12142093813148801,0.36372459843046356,0.9637347379239639,-0.30016355664299743,-0.25624852501582296,-0.14000590088929313,-0.2402996114110702,0.2279644306644033,-0.5528640857639538,0.15391644547057412,-0.07106540056829591
2ec83b5a-f1ad-4dae-bb33-773f1eee7923_94.png,-1.7690638065734432,-1.4052015400591615,-0.5622294205643092,0.439242107784498,0.6270635746371488,-0.6642882470498482,-0.7035963516330099,1.9142328641237518,0.00564621421152134,0.22316902930922938,-1.5334940756610989,-0.46892884699453036,0.27478907522611706,0.14424988242168296,0.04797919698830821,0.4094036026426921,0.6840454276097996,-0.1543337008909729,-0.09482371996798575,-0.07106540056829591
19369012-66cc-4209-a974-c98c915c0a70_46.png,-0.42997458184416454,-0.6235502672309335,1.056697556003799,1.2477209461944325,-1.090366371786755,-0.5925757794044552,-0.5515692331857752,-0.5968102185894505,-0.6295116049952192,-0.06586636366774064,0.15137778152492293,-0.9589449441852761,-0.9990580732264122,-0.591715507879318,-0.6020028666040355,-0.9260626344595463,1.32265710973759,0.7217637304092984,0.7927900019332562,-0.07106540056829591
53345714-cf33-43b8-9e6c-89b5c2c7aad7_0.png,0.8931105880649638,0.22566579618922128,1.2300300072956472,0.6495759712460947,-1.4741738204254993,-0.6301172508456095,-0.7812428362410512,1.7140084719667965,-0.47455670644309417,1.2599002938775885,-0.4364279646364389,-1.2916589871596202,-1.2882558042264458,-0.5671304571257285,-0.33136689191482005,-0.9437426970645618,-0.1788502162161497,0.7217637304092984,0.7927900019332562,-0.07106540056829591
81faa7e7-ef94-4bfb-ad32-94fd63e1848b_44.png,0.558919689082918,1.2235491070617626,0.19660400211985843,0.5400687797970254,0.01457427812363536,-0.3322242488282602,-0.2673934551101132,-0.7804922401414306,-0.7360443961559124,0.7101715026043509,1.1162540207805398,-1.4862923995137034,0.15084719051181694,-0.13530593663122958,-0.39561523452630987,-0.4536876916179813,1.2831630770218028,0.7217637304092984,0.7927900019332562,-0.07106540056829591
578fbdd2-3bf8-444c-8c21-8d2666ef631c_3.png,-0.38800657196024496,0.9953959475985434,1.6678001574379162,0.8094143478646022,-1.7640727102944964,-0.629806961666653,-0.1921079458729897,-0.5395692488124965,-0.4377892859482169,0.5710293042515129,0.76152913768505,0.6711078368643449,-0.9164301500835453,-0.5619755271290082,-0.5975516170203312,-0.9109123604534438,-1.844229757498885,0.2692236923086373,-0.2071093078920078,-0.07106540056829591
578fbdd2-3bf8-444c-8c21-8d2666ef631c_35.png,-0.7906295879163203,-0.5373796878253877,0.3823350430863395,0.2600587712014379,-0.21102758081900794,-0.24234005327751165,-0.2599460394890217,-0.5499776113118814,-0.6082191459208248,-0.8416777856740343,0.23746586912109846,1.3599444840006318,-0.3449203483453836,-0.3276244788165666,-0.3145529910915716,-0.5362927355553403,0.07627942784994522,0.7182645134396177,0.7850583885105032,-0.07106540056829591
4a7aeead-7888-4bb1-a39e-eef6dfc4a6ff_50.png,-0.5955735274673406,0.876049121082519,0.37599358586755743,0.387690270326561,-0.09697837839063053,-0.5133215619175737,-0.5893953164270527,0.18760857376085696,-0.5173091907795685,0.9795343474005495,0.18291675837174118,-0.5120190039445337,-0.10047940904773611,-0.585767511729256,-0.5424930973035971,-0.734623677005238,-0.4142676062556018,0.7217637304092984,0.7927900019332562,-0.07106540056829591
53345714-cf33-43b8-9e6c-89b5c2c7aad7_37.png,-0.08775961366375408,1.1527659064204028,1.0242381017506625,0.13707455556165837,-1.0998876768564294,-0.6385967152595665,-0.22305951543916167,-0.5749533995834686,-0.5648800593965606,0.6097985341464804,0.8026681953207206,1.893554497123808,0.32987435732136156,-0.5413558071421267,-0.6149029328332478,-0.7733466188523307,1.3237988776745555,0.43315440034476516,0.605524107879765,-0.07106540056829591
4af4cf7a-5d36-4d0a-9b11-fcbd77f87c6e_146.png,-1.213976321569342,-0.9139637390934235,-0.07341065533788674,0.683425314700096,0.045348205729162844,-0.5025067401771163,-0.6541137266896446,0.29711733837520055,-0.4092778991923079,0.2923081197950393,-0.4182615650703687,0.5053960182799068,-0.16245035140488617,-0.06948144590387713,0.15796262052216842,0.14219191647181523,-0.14205139981373563,0.4762099830586623,0.6428413150430736,-0.07106540056829591
19ef2be7-6425-4194-a4a4-1b4a7fbefc4e_80.png,-1.5573638421483529,-1.000221678507021,0.798137046800208,-0.49121180729374514,-1.0595947222471902,-0.6067523860642411,-0.49984176164432736,2.2701671502152196,2.163515040893047,0.28063293102877696,-2.0286023341863406,-0.5565964775692177,-0.8097024160240092,-0.20271655966526525,0.7108183614505345,0.14569018439114223,-1.7453782960472202,-2.0304464861786857,-2.3910868648035337,5.12115056472936
a6a04226-e7be-4c2a-8240-4e24256bfed9_36.png,-0.31146335621438165,-0.7407430619839738,-0.886631883460827,-0.7501636535255152,1.2893488459804583,1.3345530879081369,-0.5266585275441173,-0.6743794076516095,-0.6064725179640016,-0.28614876319328864,0.17562944152007776,0.6619529073420828,2.340487153797786,-0.252283194249115,-0.42471500042206234,0.1739034110524974,1.307247801263193,0.7217637304092984,0.7927900019332562,-0.07106540056829591
41b05097-d935-4d5b-b15a-8c9cc622e21b_55.png,-0.3466090218194733,-0.3460301113485631,-1.0049166532445903,-0.34739708368497313,1.1769052575120762,0.26189377997840074,-0.5752449480379237,-0.18105808622728117,-0.5756321514973674,0.5730685754792961,0.07241454238349715,-1.272157573893592,0.1990468123451559,0.905593389629615,0.42585043472823614,0.8721708298505852,0.24067400237028094,0.7217637304092984,0.7927900019332562,-0.07106540056829591
27bb6d3d-77c3-486b-a22a-3741dde393ee_101.png,-1.1178128876332183,-0.734819025480083,0.8313488365944923,-0.3676655406582079,-0.7444253053607602,-0.5397554765628038,-0.7108474322088284,0.7416789700235693,-0.48856225819661914,0.6821598433666761,-0.4488611646189414,-1.2625188356154768,-0.5480473260715977,-0.4017761641540058,-0.3583747080753599,-0.6653276895378737,-1.5173143940067706,0.7082232821353166,0.7628720195582527,-0.07106540056829591
855258ad-52cd-446f-9db1-1bc38d82eebd_94.png,1.2963692047185615,0.06856395461934214,-0.44342520128368335,-1.0818778495472499,0.8635598363256705,-0.16268759706249855,2.0012431285373027,-0.6225903093503217,-0.1629432064459623,-1.7759941180922763,0.4817995254341638,-0.17684131681213772,0.14396153024991137,-0.5080470287017796,-0.487412634002191,-0.5749869332653267,1.1751523600149518,-0.5243378604676439,0.1150771349697191,-0.07106540056829591
19369012-66cc-4209-a974-c98c915c0a70_4.png,-0.058273258946098715,0.26673305291803073,0.4944042542912324,0.6207263683850347,-0.38749172241530494,-0.5130006946402988,-0.5994396810854629,-0.42590409873892215,-0.6734201423828661,0.8236630884910386,0.4409957173798584,0.4729830152903181,-0.48607638371444767,-0.3038324942163187,-0.3855809036859254,-0.6667550495859846,-0.4935416595889319,0.7217637304092984,0.7927900019332562,-0.07106540056829591
a653df7d-134c-48e9-9911-e3a0e5f096f4_25.png,-0.6547130251809005,-0.8101735135982786,-0.019776292915855264,0.9548351859995622,-0.009380544579055954,-0.16396797904485905,-0.4607893585619121,-0.24458730463152606,-0.560937479634358,-0.7120271243647137,-0.06940596394073907,-1.7871804642447333,-0.5928041177739839,0.19698878161889907,0.44261282888448783,-0.041756809652557826,-1.2026662506377754,0.6156461723070253,0.5583204209606136,-0.07106540056829591
41b05097-d935-4d5b-b15a-8c9cc622e21b_104.png,-1.2295095663792155,-0.9552475437047953,-0.632856931800034,0.30774199077146375,0.9752671512707216,-0.43084751193599036,1.3294480873420025,2.083655537783435,0.04251480681711951,-8.555480719943073,-1.7734170010473966,-1.2701614871886668,-0.6995318518335201,0.11768216628473949,0.7030755453720652,0.02624262740172422,-1.9004671230107286,0.5385873290399268,0.3880568471073637,-0.07106540056829591
258bd669-e070-417c-9e38-6240e5c933aa_8.png,-0.9225461196409203,-1.1271233664682627,0.2304154883761225,1.0974241123483333,0.07507541167312985,-0.4994603512104386,-0.631664331678634,-0.09819504856717258,-0.512138849614502,-0.5191690261093652,-0.3790581537574307,-0.060875452323010906,-0.24163544441680015,-0.23602533810561227,-0.3733445090302636,-0.5669839701923104,1.6174039231509785,0.7217637304092984,0.7927900019332562,-0.07106540056829591
41b05097-d935-4d5b-b15a-8c9cc622e21b_56.png,-1.2504155159315562,-1.0840218846655763,-0.1975286754904723,-0.48531585258332094,0.5638491836565822,-0.49663646349928287,-0.797519754718335,2.225742413896864,-0.06057397320278668,1.0327493520423603,-1.5425066220662307,-1.4603803695630133,-0.27606374572632797,-0.324848747279871,-0.05734380926212362,-0.22817543206156626,-1.6741361295216866,0.7217637304092984,0.7927900019332562,-0.07106540056829591
258bd669-e070-417c-9e38-6240e5c933aa_103.png,0.2862575044104034,0.9812592709805944,0.2554726164320282,1.1966490070599771,0.17936025872409025,-0.5373866077131855,-0.04732695317393282,-1.136750442015404,-0.7348017956256991,0.2808532814458379,1.0558510924687639,0.0774052028037907,-0.1796645020596501,-0.5469072702155179,-0.5673556285527265,-0.7796793204180196,0.9268150107249146,0.7217637304092984,0.7927900019332562,-0.07106540056829591
3dbb185d-309a-4682-8409-24f5556e96df_21.png,0.2942195969747795,-0.047281082831414814,-0.2828280016173544,-1.4459286769416189,0.7834208455021137,-0.01950682219161979,-0.7376988819021052,0.9360499390626106,-0.5438424052292402,1.1147573785243032,-0.15852650558750117,-1.4351604775179543,0.30233171627373934,-0.5528552663655798,-0.4012643322477029,-0.41752319931528137,-0.2027257735580361,0.7217637304092984,0.7927900019332562,-0.07106540056829591
9229a83e-46a1-420b-bbda-57bc886c344b_48.png,-1.5274714177904674,-1.4170673184055527,-1.1110270035652643,-0.391930486262371,1.2399540686337502,-0.5615911067664031,-0.6938322444130415,0.8188994562399469,-0.231886022903567,-0.1980687202062444,-1.117777234968546,-0.1449632792290552,1.1492679284881235,1.2085446602061045,-0.011673170260854794,0.9132921803963036,-0.04926212645971986,0.4860990744947164,0.27208264576605706,-0.07106540056829591
19369012-66cc-4209-a974-c98c915c0a70_15.png,-0.865080036240591,-0.12892927459984171,0.5581260361449182,0.6722965638209384,-0.5904262011450334,-0.5384581985000882,-0.2672181780823144,-0.8347830913446317,-0.586186861305012,-0.3192252070850797,0.42729045619715517,1.667802171049965,-0.47230506319063653,-0.2324565404155751,-0.19686058678156212,-0.48075830644096873,-0.835300372163966,0.5204826847185353,0.3480541515722456,-0.07106540056829591
519d608c-1d5a-448f-8835-1d3a5261bbba_7.png,1.108565829717561,1.2146628742053605,0.6827364437838477,0.29383456228324206,-0.7548865500079704,-0.5860608457361302,0.18831350106797015,-1.4250540373316951,-0.7840340949625589,0.1378457957209195,1.4164091888106942,-1.3588068820128096,-0.6169039286906534,-0.370053518020342,-0.2952312067200331,-0.6433561709095269,1.108952023379484,0.7217637304092984,0.7927900019332562,-0.07106540056829591
268cf2e7-02be-4b54-8659-24b54163053b_17.png,0.4665517057074328,1.3500783494481365,0.8112880309101418,-0.748440237998376,-0.8669459900414619,-0.37290954010438593,0.03845969389475202,-1.0289215328705117,-0.7090488647493104,0.4156873417075871,1.1235494892740965,0.4197786867250487,0.36774548876184215,-0.1920101665951537,-0.4639264410899132,-0.5014350242220709,2.2058541974290193,0.6043878220567483,0.5334447951656686,-0.07106540056829591
505d1bd8-e981-43ac-b532-853c95be827a_27.png,-0.3575536565700176,-0.2690091258859413,-0.3466362762056783,0.005618552994336913,0.021323238587855294,-0.22378343513687415,-0.10557373918397489,1.1831815405181918,2.412065895998005,0.45942450596970513,-1.279114000833214,1.105128154018892,-0.18310733219060288,-0.2649722527025805,0.09103677277539508,0.43921805001347114,0.09468344757971636,-2.293268108575355,-2.5423216837645177,-0.07106540056829591
268cf2e7-02be-4b54-8659-24b54163053b_79.png,0.14014983449675725,-0.13824500049179986,-0.22947656386906243,-0.4694278953717043,0.60957042044404,0.2602448581271538,-0.5143176002741219,0.2965541526557859,0.2600151750534242,0.8666438826991878,-0.3127945158035887,-0.3910055154577776,-0.04539412695249161,-0.316918085746455,-0.28394162053140704,-0.30369450681148297,-0.5192212437684037,-0.3448128159361999,0.3624841126076209,-0.07106540056829591
4af4cf7a-5d36-4d0a-9b11-fcbd77f87c6e_115.png,-0.048186712645191324,-0.025714147638904512,0.16138436620463942,0.2271268312716536,0.20920892039024258,-0.18282826632450513,-0.013687699289267413,-1.386875232321748,-0.7401050893317025,-0.9342041666031946,0.9673587232815493,0.21883651106786833,0.20937530273801422,-0.46760065488135827,-0.5134128624669096,-0.6293037341753603,1.6211257576262974,0.7217637304092984,0.7927900019332562,-0.07106540056829591
6764beec-de30-41fd-ac4d-374023ed0a03_39.png,0.9437072566466479,0.46045939184513596,-0.17945931538880566,-0.36390940188030707,0.6022774511444653,-0.295686459299699,-0.22379840411111987,-1.1752302606378409,-0.744663280547485,0.21769090720171305,0.9840775474368101,-0.012684273340647197,-0.010965825642963795,-0.2681445173159469,-0.28947858581345143,-0.36666994114753726,0.19068931484327364,0.7217637304092984,0.7927900019332562,-0.07106540056829591
00367bac-0715-41b8-93dd-c21b8877a1f3_90.png,-0.7669274125594997,0.7007441190826728,-2.574908579717978,-1.4370250529497866,1.6776090457212758,-0.1413190201348588,5.8412432212302825,1.696172715776242,2.084919236859379,-4.837504771810627,-2.0782834712668965,1.1848442254136253,1.3248522651667154,3.830817896230091,0.380806806507933,3.2077426897242503,-1.2803988373432587,-1.9704273081552497,-0.9088388208080898,-3.306981245418216
4a7aeead-7888-4bb1-a39e-eef6dfc4a6ff_53.png,0.9120669184960853,1.6145358320037306,1.2857911144298986,0.6536535925391013,-1.4453473731999684,-0.6095817451000208,-0.4770854769963047,-0.10511376331480575,-0.6580056769954986,0.9960860494367071,0.6984194329256875,-1.9360507624895609,-0.9818439225716482,-0.5909224417259764,-0.555488758469149,-0.9059111652538296,-0.554857066332006,0.7217637304092984,0.7927900019332562,-0.07106540056829591
268cf2e7-02be-4b54-8659-24b54163053b_47.png,1.2746745166326998,-0.1899339119729017,0.8077959448982491,-0.8821310547018472,-0.8219328596795084,-0.43085867165794395,-0.1544955395737289,-1.1866948583936905,-0.7214444895827049,-0.7721992040873716,0.8662479128175166,-0.26706975997718047,-0.6272324190835117,-0.4553081295045635,-0.46509377358378706,-0.775877156416941,0.8975819231036422,0.7217637304092984,0.7927900019332562,-0.07106540056829591
3b88f35e-b058-4cd6-a43c-563cda6b239f_61.png,1.5019373857575473,2.721054600746947,0.10709807170935425,-0.030332184872492195,-0.08225849044567869,-0.46166193027632707,0.3860885431241959,-1.3113210514050808,-0.7883853248434284,0.6443661499337694,1.6379207084728815,-0.9721724871768554,-0.30360638677395024,-0.43270574413432805,-0.31629985268739563,-0.5277859553465613,-0.3632396553138093,0.7217637304092984,0.7927900019332562,-0.07106540056829591
3dbb185d-309a-4682-8409-24f5556e96df_143.png,0.826985562992779,-0.30680319165897213,0.4734139793788186,-1.1905343464845488,-0.9825545469350163,0.22612028043173288,0.9796567655240066,-0.41679320083279287,0.05882624757525412,-1.3152994427237013,0.14934992576110617,-0.15160319368378306,-0.9577441116549787,0.5328522975590649,1.6565714049251397,0.1078226503879329,1.6999342562734572,0.32003840830313074,0.004320796202664559,-0.07106540056829591
75769513-6d94-48cb-b36f-b1f9dc9210d3_10.png,-0.9019695142760614,-1.3408544090163927,1.1642314084170668,-0.9955589490953847,-1.2030202617716366,-0.16375098405248234,-0.2646261838726369,3.4513151757705804,4.542943760258472,0.30966650578371335,-3.4988412170169396,-0.3917086119657863,-1.1092286374169011,-0.47077291949472466,0.46463408678059376,-0.38669175415487084,1.6171294852863947,-4.061818007012448,-0.9719944291082587,12.493647692944194
4af4cf7a-5d36-4d0a-9b11-fcbd77f87c6e_118.png,0.14504518468431635,1.136729631070999,0.2055664529075365,0.5586121383124799,-0.20757210893933348,-0.40776014898172747,-0.12900821586535416,-0.8537255270812031,-0.7097676336258917,0.46815296064905726,1.0523488197586721,-1.013979027693336,0.14396153024991137,-0.30026369652628154,-0.2548705017814244,-0.23615278070697276,0.07432169658980138,0.7217637304092984,0.7927900019332562,-0.07106540056829591
519d608c-1d5a-448f-8835-1d3a5261bbba_86.png,-2.005577693084255,-1.3309835176391016,0.45881455319095865,-0.4368136744880306,-0.3101432739350893,-0.6670169877322143,-0.695752859477369,0.7407908174998776,-0.14154134142934416,0.029262856107841184,-1.02237094251404,0.7424250877585958,0.8497417070952316,-0.3839321757038199,-0.49601584538287813,-0.42080806396654663,0.6364209258054134,0.18569890464104175,-0.28266984443514126,-0.07106540056829591
578fbdd2-3bf8-444c-8c21-8d2666ef631c_121.png,0.4194300635220826,0.1275939094393547,0.9737423426486073,0.05146063376324206,-1.057382919169363,-0.4757800904764193,-0.6147584597676757,-0.18617149933344293,-0.6580648077845291,0.8231316305119412,0.42112619160485726,-1.147846682363408,-0.7752741147144813,-0.5853709786525852,-0.5200641451702297,-0.8484984888375425,0.8389716421527544,0.7217637304092984,0.7927900019332562,-0.07106540056829591
19369012-66cc-4209-a974-c98c915c0a70_30.png,-0.27627919234096593,-0.8163904341617492,0.9788502303250273,0.6770663670094859,-1.1083573459416962,-0.5409161477632085,-0.6063919236191859,-0.3501659804724387,-0.5576639695500174,-0.09880898271502413,-0.09582611959061857,0.557416121869894,-1.0851288265002317,-0.401379631077335,0.03778811373667938,-0.7580069856118714,-0.3591131799029657,0.7217637304092984,0.7927900019332562,-0.07106540056829591
a653df7d-134c-48e9-9911-e3a0e5f096f4_2.png,0.7545619214734635,-0.34515084175307964,-0.06364024952053449,-0.49811551394515924,-0.015775075195048484,0.5786790494525356,1.2263009629263002,-0.7158023739440472,0.08984553165428594,-1.5944276979965757,0.3684993704394804,0.4526962579045933,-0.3277061976906197,0.0030841071268788867,0.09233597205074859,-0.012451300868945147,-0.5132527748866887,-0.03041577820380246,0.3361183036302355,-0.07106540056829591
4a7aeead-7888-4bb1-a39e-eef6dfc4a6ff_82.png,2.1810201952895207,1.3105896668796897,0.9205745622917985,2.1327118036640065,-1.2681345248070859,-0.6492237618308058,2.487521990613569,-1.7365964868529655,-0.7873070631277467,-2.2059764471385206,1.6349042932468503,0.10507635789015429,-1.1505425989883344,-0.5925085740326597,-0.5889974765159953,-0.9423621956600841,-1.8402815793572889,0.637326103532221,0.6062228084711548,-0.07106540056829591
41b05097-d935-4d5b-b15a-8c9cc622e21b_41.png,0.42158533583643876,0.347468808303401,-0.9855663190077626,-1.5944266914848795,1.0174171922964983,0.9233766995384738,0.004039435303180015,0.29868579035606263,-0.5919350491413714,0.009698008091162011,0.20265777241393526,-0.5770323376017906,1.2422243420238488,0.5661610759994119,-0.14683472028719838,0.5994213678741858,-0.5686230408514937,0.5809582823467124,0.48167660094375214,-0.07106540056829591
2ec83b5a-f1ad-4dae-bb33-773f1eee7923_50.png,-1.2040975842730615,-1.239641953070826,-1.5164711066607086,-0.5550917833799358,1.4757490661550385,-0.11335895738228598,-0.5319019738951641,1.9714466024976491,1.1863150583264859,0.4650888820141595,-1.6630897007844598,-0.5040489028006604,0.9358124603690512,0.012600900966978038,0.10631014196609928,1.440893141417459,-0.03700788630846074,-1.1344187321380594,-0.07334433521719734,1.02906003938068
a9e37804-c00a-4e4e-b99f-e267a0056a05_77.png,1.88443720180595,0.2611146611631376,-0.5182224872123711,0.40987638303102997,1.2722437910073892,-0.1879621427609023,-0.5063502374274569,-0.7156910397981473,-0.6973708673757958,0.6129198606048455,0.6985431235936138,-1.2690165539492277,-0.16245035140488617,-0.1884413689051165,-0.3501524553753224,-0.5099157845414918,0.023368069531092644,0.7217637304092984,0.7927900019332562,-0.07106540056829591
386822e1-0d1f-45b2-97d0-ac0273ee2394_70.png,-0.27566493202458775,-1.0860738274521884,-0.49487791840319206,-0.42523000779754816,0.6175650900500195,0.4828008795219323,0.22759506492877968,0.6770924460977115,0.4100598837295598,-1.106632885662808,-0.8854684332165671,0.606666500124109,-0.014408655773916576,-0.06194731744713197,0.07537840337832824,0.28265006174954355,-0.14517553033110867,-0.43358642905831646,-0.07490256304915066,-0.07106540056829591
81faa7e7-ef94-4bfb-ad32-94fd63e1848b_54.png,0.10993814663180108,-0.4222492150369014,1.5454480664879102,1.6928081702219921,-1.705875760299741,-0.6054104704954482,-0.7342404122087145,0.7431388340534307,-0.4998455424709018,0.9422840688947844,-0.337029822153643,-2.7329699898274513,-1.284812974095493,-0.5849744455759145,-0.3527083143495404,-0.9439328052646158,-1.3337708870988756,0.7217637304092984,0.7927900019332562,-0.07106540056829591
6764beec-de30-41fd-ac4d-374023ed0a03_72.png,-0.32487562533119324,-0.9230103125327037,-0.8169801585158101,-0.10592992163420878,1.126348197045145,0.3313375750302833,-0.0820045531261072,0.10445672774482119,0.6431412346066695,-0.16592705448038275,-0.5409181248877911,0.8630181929340635,1.3041952843809987,0.3258620315369084,-0.3934797205734502,0.09040675477617686,0.23622223666348116,-0.6827915332468802,0.3504011445140649,-0.07106540056829591
6764beec-de30-41fd-ac4d-374023ed0a03_63.png,1.3555528764664213,0.23623855118730763,-0.4404926809532954,-0.716776443625378,0.37727866561510287,0.42096455315353065,1.837655777850251,0.05958291746212934,1.3627080887107428,-0.4870292486472891,-0.17978205942289718,1.3732703145464498,-0.30016355664299743,0.2786745954130834,0.26525176408459694,0.39134508913709326,-0.5886615214518746,-2.171936563648383,-2.8013479726929056,-0.07106540056829591
78667ea1-0eed-4d74-b94c-83a1d16767bb_17.png,1.3870738105667078,0.3605787981145628,-0.8880824438615241,-0.9921161320873916,0.8765094564454665,0.3010609239853047,3.3172252209891964,1.0890517518718172,1.7036094462304592,-0.9984583145815699,-0.9231484678008322,-0.024021585808257733,-0.544604495940645,-0.2701271826993009,0.44129743375964414,0.31202553753523987,-0.8362123795365902,-1.6402077241251658,-3.3947253179332715,-0.07106540056829591
268cf2e7-02be-4b54-8659-24b54163053b_21.png,-1.0695390889773284,-1.059282106145522,0.5115202119028415,-0.27097018885755186,-0.5435004816169197,-0.5128909020720546,-0.551515968788635,0.852678061602525,0.12599980062415042,0.17913495012166572,-0.8788333838778596,-0.37987664808609845,-0.47230506319063653,0.22633222929253813,0.19869091065247316,-0.04871988593778802,-0.24323604593937856,-0.16300567338105112,-1.1621316441547676,-0.07106540056829591
00367bac-0715-41b8-93dd-c21b8877a1f3_61.png,-0.7842134525753522,-0.7845171507884254,-0.6252696868679473,0.360962766009898,0.5210673780837796,-0.3642717416698038,-0.2896050183943578,0.732016285248527,0.15344851373421972,-0.33179131138154816,-0.6807823919676003,0.07877721368601293,-0.46541940292873096,0.522938970642295,1.0152979322832554,0.7971810683797806,-0.5376221491638122,-0.23702171928321,-0.501024328648088,-0.07106540056829591
2ec83b5a-f1ad-4dae-bb33-773f1eee7923_96.png,-1.5921253696892024,-1.2803696712645536,-0.9804904672356981,-0.12061539730282007,0.7665689669662049,-0.4040646283182071,-0.1638796734489808,1.3637954357385111,1.5393084426602066,-1.0800830637720693,-1.5375034499097884,0.2050582779558368,0.653500389630923,0.38811772457422367,0.0013875653508104175,0.9606043943912604,-0.14911686783895675,-1.1701716011761012,-0.7456321349629614,-0.07106540056829591
3b88f35e-b058-4cd6-a43c-563cda6b239f_94.png,0.021200502251983836,-0.2203706792869994,0.16594456444739686,0.46407657948414677,-0.20882803333132147,-0.4453588463806613,-0.7218102980411817,1.376139712988918,0.4235047309182986,1.1830451875173136,-0.7708774500086552,-0.4214368967497415,-1.0920144867621373,0.10697577321462795,1.805133712337973,-0.18738939206325522,1.3717951909335424,-0.47086069677882814,0.32539705739961583,-0.07106540056829591
824faab9-9bc0-41fa-93a5-24d93dec52b5_16.png,-1.150533589226142,-0.8014373635363247,1.7015992717451032,2.5177686938892996,-1.9240062165223033,-0.6670169877322143,-0.6581063887380764,-0.07372246725136797,-0.5242530854640155,0.18637527086774644,-0.29562630149345687,0.964319772985935,-0.9680726020478371,-0.5972669709527092,-0.6555662936838691,-0.9432448708820614,2.551284974609129,0.5929773319382243,0.6127502530813027,-0.07106540056829591
a5f7c55f-08cd-4cf8-8e07-7d416d70c470_3.png,1.3276725341575353,0.844011924760248,0.5125456487851842,0.27756156489817696,-0.5999760308058597,-0.326897673820901,-0.561281005038786,-0.620596949758144,-0.7295634267466318,0.9551838453268737,0.7917215738480458,-2.5709788359609878,-1.0093865636192705,-0.0774121074372931,0.47938826773200965,-0.5405232047501746,0.4613017504540073,0.7217637304092984,0.7927900019332562,-0.07106540056829591
a653df7d-134c-48e9-9911-e3a0e5f096f4_15.png,-0.615731042218331,-0.5069022495924242,-0.20445565804053717,1.1058034791437743,0.37195270178676726,-0.3323988047822402,-0.5597124924136944,0.2822811092155083,-0.3865447634776804,0.41348690317812153,-0.12113735940303116,-1.009654938370352,-0.26573525533346964,-0.041327597460250484,0.07076607335661877,-0.037963365947395716,0.6397761027914194,0.2989670365509231,0.04430715374273726,-0.07106540056829591
4af4cf7a-5d36-4d0a-9b11-fcbd77f87c6e_102.png,-0.18161813262897394,0.6780546493966851,-0.44335288080168705,-0.6245554704119285,0.334184093741403,-0.0014606296089831065,-0.09742490577495984,-0.8151612110746935,-0.697636188107414,0.2426436867902182,0.9771597534553716,-1.2149899789853968,1.6140499961667492,-0.08058437205065948,-0.2949867715830179,0.3512755621898853,0.18210516410026867,0.6736114621091271,0.6863962780940588,-0.07106540056829591
a9e37804-c00a-4e4e-b99f-e267a0056a05_110.png,0.5020457206581515,0.44709931279924114,0.2610541228014495,1.5191087478536962,-0.10733681805559664,-0.4626245321081515,-0.2883269825397175,-0.72127276912046,-0.66818402591117,0.2422499800283864,0.6753240108546161,-1.9382129930272303,-0.6237895889525589,-0.3688639187903296,-0.1735102020445088,-0.5549714279542733,0.454313577546572,0.7217637304092984,0.7927900019332562,-0.07106540056829591
48a4d49c-a4cf-463b-ae33-31db1940e1d3_17.png,0.34146771157150607,-1.3023252033359136,-2.152063822566651,-0.4275805838702114,1.7576836577008086,6.144963472771777,0.8232111795279455,1.0670425437374387,1.3493177143899253,-0.668910839911155,-1.415352642451901,1.253950529786083,1.8653765957263022,2.4358145325022242,0.09523054644922543,2.461314379686576,-1.1284211368074335,-1.343687120911789,-0.7641004572002725,-0.71824856953828
a9e37804-c00a-4e4e-b99f-e267a0056a05_53.png,3.0151876606510344,1.0718670184544443,-1.4373908769938337,-0.22663570124277596,1.46997022981531,-0.14260876767205874,1.287049627218301,-0.32194011841627,0.6142717088768775,0.4141446047275886,0.5158534244132584,-1.2761224837732421,-0.9164301500835453,-0.24554213194571142,1.1552085451426126,0.023180734118096943,-0.40329976889213043,-0.7076664017052625,-0.4415976440809526,-0.07106540056829591
2ec83b5a-f1ad-4dae-bb33-773f1eee7923_19.png,-1.389388916185871,-0.8110863787609517,0.200736775820672,0.21811972282941644,-0.3286115080156724,-0.5169309578423444,-0.6932416908935846,1.4930882486086412,0.4063565826092545,0.8413585660798322,-1.0920850880309863,-0.37237930820364923,-0.07637959813106665,0.363929206897305,-0.09087705185364234,-0.026395001482400263,0.516338492761415,-0.4149492951980606,0.06331897726897837,-0.07106540056829591
386822e1-0d1f-45b2-97d0-ac0273ee2394_72.png,-0.6525000391085253,-1.1396379433057744,-0.5350132576390244,-1.0896970611211114,0.9844486755294118,-0.18351099982144684,-0.01665687975311305,0.4424183895046314,0.3399992563891859,-1.0820608020363949,-0.9262820315284799,1.8530938095542333,1.5451933935476936,-0.35101993034014367,-0.5078607783431731,-0.2391500991726422,0.57874481375316,-0.3592661034196636,-0.47779935777851334,-0.07106540056829591
3dbb185d-309a-4682-8409-24f5556e96df_31.png,0.8116786171225775,-0.7650489129286665,0.6167057902055137,-0.43967168594730943,-0.3982590478565197,-0.39042939472131616,-0.6794601474869796,0.6777874483106948,-0.43731377530311605,0.4630461466267141,-0.46513837983065537,-2.5298962470421955,-1.171199579774051,-0.5683200563557409,-0.2885278556636215,-0.8880409944487602,0.7393501634748323,0.7217637304092984,0.7927900019332562,-0.07106540056829591
519d608c-1d5a-448f-8835-1d3a5261bbba_89.png,-1.551394344084126,-1.4190792663122798,-1.3892059666762717,-0.37995222299721826,1.3871959132643281,-0.6656582155763935,-0.6031223567296069,0.7293651092917329,-0.10748530239876336,-0.5485746984653485,-1.1194777702193701,-0.049362583852099275,1.6140499961667492,0.24259008543604083,-0.0334006768474676,1.269163971511565,0.24071428687362514,0.14629467876507227,-0.4787242490044015,-0.07106540056829591
27bb6d3d-77c3-486b-a22a-3741dde393ee_49.png,-0.910786503922232,-1.1425158946608418,-0.07237343707152444,-1.0522410506947122,0.4149466134726944,-0.4324630080443181,-0.7045356011476994,0.26066636206701715,-0.42367675340851196,0.054182167155159895,-0.6024525747283243,-0.8008779477826414,0.2679034149642115,-0.3514164634168145,-0.3420787567936295,-0.3300734272904732,0.36051129923227215,0.7217637304092984,0.7927900019332562,-0.07106540056829591
4af4cf7a-5d36-4d0a-9b11-fcbd77f87c6e_98.png,-0.23279020402752193,0.5271541590797914,-0.7146157907832466,0.1391155629345458,0.6472397919822996,-0.3190645198856207,0.027578892395202254,-0.7529770964400492,-0.3412843161336412,0.06813006637113987,0.7834142159288494,0.6052684617459931,0.9667979315476262,-0.14363313124131635,-0.11232125829442263,0.5817267903728639,0.51252396098062,0.19566406601121936,-0.36964126832250477,-0.07106540056829591
a9e37804-c00a-4e4e-b99f-e267a0056a05_91.png,0.4245691208841681,-0.5258998817291936,-0.8830003018369744,1.4008623017411175,0.8553490294374251,0.5080915793836281,1.0213095240877434,0.7064562073861658,2.6335339881231516,-0.37133528263697824,-1.161626038894466,0.6670832924962375,-0.6100182684287477,-0.042517196690262875,0.6619676984150091,0.5965782189986781,-1.3042919928330379,-2.4323239481531003,-3.109694507593253,-0.07106540056829591
9229a83e-46a1-420b-bbda-57bc886c344b_39.png,-1.014499442260837,-0.5008243637018017,-0.013073566313750477,-0.25712959630675675,0.31584158508972626,-0.3092143722032611,-0.664555716266242,0.7164722100192724,-0.5046002193205648,0.6837186487828586,-0.2704350115820347,0.4350276736037475,0.32298869705945604,-0.33952047111669054,-0.362360871909958,-0.3370575442474195,1.3362774929963623,0.6183086200013476,0.5642031703040152,-0.07106540056829591
519d608c-1d5a-448f-8835-1d3a5261bbba_48.png,-1.887411829276385,-1.5002648009663384,-0.398141280461662,-0.6508524770854515,0.45305276886761847,-0.6670169877322143,-0.7156687891802108,1.4889975400594737,0.8021184414537874,0.5907022597410216,-1.6768485429458424,0.7916046204975377,1.4315799992262517,-0.03022467131346814,-0.32371351420868943,0.3858447864809769,-0.42474640515263795,-0.7708805169618853,-0.3706439869585358,-0.07106540056829591
41b05097-d935-4d5b-b15a-8c9cc622e21b_40.png,-0.36946159207807006,-0.9631585208057243,-0.5510449837830409,-1.7489762429205535,0.7796259978441115,0.8202661296495078,0.11508114853456963,0.43689895953073316,-0.0874043639087467,-1.4763772912283988,-0.5266476203831886,-0.00020191072122606555,0.92204113984524,0.136319220888267,-0.2865880110376709,0.13809336466508584,-0.5810900348006467,-0.002802392116974425,-0.8081582122347785,-0.07106540056829591
258bd669-e070-417c-9e38-6240e5c933aa_60.png,-1.0617516776378055,-0.847009036504585,0.34709581840942794,1.2515581243650662,-0.2912129368603398,-0.6632959447885063,-0.7684287229313439,1.9366347142190983,0.6824189982256005,1.1673744087315927,-1.4877129042313955,-1.3095520478029865,-1.0575861854526094,-0.13927126739793758,0.9953750949483446,-0.35659061467398667,-0.2004014387347731,-0.645441195592245,0.44898154958305747,-0.07106540056829591
3b88f35e-b058-4cd6-a43c-563cda6b239f_18.png,0.487363678673794,0.1348137396877198,0.8565289076523975,0.2962768526335809,-0.938519761274161,-0.4583059772200429,-0.524709731897582,-0.7488031036265894,-0.6878841686246117,0.6156016147006658,0.577192378942979,0.7528802613589964,-0.9164301500835453,-0.47235905180140786,-0.3501524553753224,-0.8009687233664317,0.12387996506966745,0.6975734913580275,0.7393410221846536,-0.07106540056829591
3b88f35e-b058-4cd6-a43c-563cda6b239f_45.png,1.7072427379885131,2.3799248179424555,0.7971561671805636,-0.3804640707204032,-0.8016429252580346,-0.5309371391149936,-0.532030180060374,-0.06752710765814644,-0.7290660192915502,1.1632646419887605,0.9493780390782594,-1.7143124866907244,-0.7993739256311507,-0.5314424802253568,-0.41475889055694426,-0.7927127402840184,0.3355093699935184,0.7217637304092984,0.7927900019332562,-0.07106540056829591
3dbb185d-309a-4682-8409-24f5556e96df_35.png,0.20243687165780852,0.5582740192296646,0.21175760175926822,-0.9888242404257442,-0.013369925732888649,-0.42817924472305147,-0.6933079617132822,0.630021329010667,-0.6217939107460497,1.127846259143939,0.20814848782735523,-1.7007416735173846,-0.4413195920120615,-0.20469922504861923,-0.1752106345347687,-0.45053744452662425,-0.603634456237658,0.6742200215821151,0.6877409065154072,-0.07106540056829591
00367bac-0715-41b8-93dd-c21b8877a1f3_62.png,-1.143335949302159,-0.8770149009521961,-0.8077960256682122,-0.28070613966575303,1.1761403287958339,-0.4865454752069405,-0.7312284963564655,0.8039755007794351,-0.40881115151947783,0.7567334040166466,-0.7246537723908502,0.40162391725531427,1.362723396607196,0.013393967120319632,-0.30456434296303636,0.22731552762997134,-1.2626995746101337,0.5522799171821555,0.41831098658770505,-0.07106540056829591
4af4cf7a-5d36-4d0a-9b11-fcbd77f87c6e_144.png,-1.082878010610989,-0.7273928481836726,0.8573800170599136,0.6528677680989846,-0.7551760448096742,-0.48369664215159036,-0.6258597510972485,0.03814941150142094,-0.5480066676016395,0.24786142709126097,-0.10830585722301583,-1.015601497001729,-0.6478893998692283,-0.5655443248190454,-0.5330576641030985,-0.830433045637492,-0.7681307500948057,0.6807620359167356,0.7021956620449024,-0.07106540056829591
a9e37804-c00a-4e4e-b99f-e267a0056a05_97.png,1.2284375221915091,0.6949021871539414,-0.25300154961184246,1.155734183186928,0.40637111532591375,0.03235268360707055,-0.4178858156955603,-0.29866920260252466,-0.6801544655521496,0.6115841310830678,0.7177522614242247,-1.2573305479185313,0.05789077697609184,-0.244352532715699,-0.18195081660488757,-0.1782049929838463,0.5990954831067048,0.7191773526490997,0.7870753311425247,-0.07106540056829591
7483fa58-40a2-4a34-b0a6-a30645af78bb_26.png,0.08151943098844301,1.926548814416947,-0.59558878757026,0.8982394031165175,1.118864960197987,-0.1668887469252623,-0.11015169024749517,-0.6821113728949422,-0.6074037711311145,0.8063420018229692,1.0963976271813045,1.1532485128492036,1.9411188586072634,-0.39820736646396865,-0.5734166080448778,-0.44263414934417217,1.0334865476811375,0.5243622513588335,0.659324912400748,-0.07106540056829591
3b88f35e-b058-4cd6-a43c-563cda6b239f_50.png,1.0519920242251048,2.6854402030990405,0.3289861519511412,-0.7088471427243802,-0.564215694170104,-0.5839816969578611,2.0927219435352677,-0.5644779427122479,-0.5805795743944633,-0.04012227773443847,0.9339424292646722,1.5772070508318894,-0.7442886435359063,-0.5952843055693552,-0.6372127509515383,-0.9142921670839173,1.0323410846550396,0.4483683871694638,0.1887156836424509,-0.07106540056829591
6764beec-de30-41fd-ac4d-374023ed0a03_26.png,0.5587238472972895,0.4795393864517574,0.02860326731103635,-0.9915295259111928,0.23333318118891366,-0.32850201020727515,-0.3773559449459561,-0.49051824858458093,-0.7017259467814276,0.5176440151677404,0.7207442870945281,-0.329937743165822,0.6190720883213953,-0.38988017185388185,-0.4582465885776157,-0.4275989339181397,0.20097192730559546,0.7217637304092984,0.7927900019332562,-0.07106540056829591
519d608c-1d5a-448f-8835-1d3a5261bbba_96.png,-1.1903269045119258,-0.2420024799505278,-0.14796674796117534,-0.236768673781386,-0.15220508276705952,-0.049651525647190844,-0.6537148630645474,2.0446316650000265,1.0033745544133783,1.0090309729815747,-1.1826823536228148,-0.2028233289623671,-0.4791907234525421,0.1149064347480439,0.7140470836308396,0.5971441718306706,-0.389449328806705,-0.998786039595871,-1.7005169431908018,-0.07106540056829591
578fbdd2-3bf8-444c-8c21-8d2666ef631c_93.png,-0.972737932408956,-0.04987357835776825,0.33968643539819354,1.3951242579139593,-0.013098449296937946,-0.3632260275872475,-0.44424859551274726,-0.56988698721539,-0.5862690230567503,0.2949539892016044,0.331870262492386,-0.7056502383787904,-0.2863922361191863,-0.5833883132692312,-0.5059941072341523,-0.7245891863757895,2.821771960006375,0.5248186709635745,0.3576346290743548,-0.07106540056829591
92f1a624-99c9-48dc-9309-0fb5c6bc0e7f_37.png,-0.9430890533757075,-1.5369432618856576,-1.6266970665183422,-2.386138938676421,1.4451877492068197,-0.26407447025778036,-0.010334829359974864,1.9004458768128911,1.5165758746482016,-0.630189306213443,-2.013132881309584,1.101425637531024,3.018724689595484,0.11054457090466513,-0.2693261803086673,1.651257008746503,-0.41636114143770164,-1.4466097417808754,-2.784902525431364,-0.07106540056829591
268cf2e7-02be-4b54-8659-24b54163053b_7.png,-1.4334059187128498,-1.2021752609527343,-0.7497620763567563,-1.0020047234343537,1.0526721291618577,-0.5999557267817761,-0.7203799012365818,0.48931518716944833,-0.41685393491179584,0.16339755208318626,-0.7486470287430065,1.1036173077632598,3.4180929847860066,-0.3454684672667525,-0.4688755137681975,0.29081995408566486,0.22403926147497621,0.7217637304092984,0.7927900019332562,-0.07106540056829591
3b88f35e-b058-4cd6-a43c-563cda6b239f_15.png,1.3423025977650225,2.8480904886293072,0.5759910404217343,-0.1303631059634555,-0.4232645471306755,-0.5841535732875031,0.6433075814192103,-1.3754410217207218,-0.7745010774367358,0.5329073554082139,1.6602417590916343,0.348499360126694,-0.3104920470358558,-0.5710957878924365,-0.5922107965816076,-0.8276382188633387,-0.16420889577402928,0.7114182193685032,0.7699313187703326,-0.07106540056829591
6764beec-de30-41fd-ac4d-374023ed0a03_51.png,-0.2523653331447821,-0.25451210797769325,-1.0920575845055889,-0.4136285726897142,1.3750462330297604,1.0225832415745697,-0.27541655976773893,-0.8886752575713932,-0.49135620286612197,0.03627272650648579,0.5697255683431537,-0.2681863668466803,2.0512894227977525,-0.04846519284032484,-0.3124186828832311,0.5340452770259035,0.5011536538080106,0.2623773982375229,0.38983989793675217,-0.07106540056829591
41b05097-d935-4d5b-b15a-8c9cc622e21b_71.png,0.7341139449884001,-0.4115528803368811,-1.6924015732257904,-2.3889678564685295,1.3774149580700301,2.829086097992703,1.3812195329787638,1.9835828944737954,3.483405894208268,-0.06882866949977737,-2.2137782570302034,-0.17606489885537174,0.2162609629999198,1.3992770700847583,0.2128859393083183,1.5285432698068007,-0.8333371325213611,-3.1917301005079333,-2.930333912252289,-0.07106540056829591
855258ad-52cd-446f-9db1-1bc38d82eebd_74.png,0.10673908137938856,-0.2809447077758732,0.7119835368373755,-0.12452077966024733,-0.9516370621701492,-0.47932835873498564,-0.5745243302928915,-0.15048786423700888,-0.5098666239705807,0.6115625993566358,0.08365152894769035,-1.9841093283005262,-1.0748003361073732,0.22355649775584255,1.3745848170436228,-0.3467361284214889,-1.2534469616616155,0.4928692986317073,0.42685561971332875,-0.07106540056829591
4af4cf7a-5d36-4d0a-9b11-fcbd77f87c6e_136.png,-0.046668775124171884,0.5318924534235623,0.505710113487429,-0.2394378852517879,-0.5398492567532615,-0.18745753710191357,-0.42914751957000896,-0.3219468826682901,-0.6642176225038698,0.6618344036346769,0.5680864768346958,-1.5158744865850622,-0.48263355358349486,-0.14759846200802432,-0.04332862922628488,-0.3515929566658708,0.007925031889901107,0.6192214592108295,0.5662201129360367,-0.07106540056829591
44341a17-f4a0-402e-8f84-ad64321de876_6.png,-0.42256849022320686,-0.6701421398383327,-2.37667406416113,-0.9068860919412127,1.6558931924623232,3.156222598686785,-0.19035858203900302,2.2794294738901533,3.6319732508974263,0.6127807494752907,-2.4027328270887267,0.04149220067517284,0.44348775164280335,1.919528466676845,0.5919479137446542,3.1378704253915877,-1.0340343457622623,-3.325232834894664,-3.7674284865180794,-0.07106540056829591
578fbdd2-3bf8-444c-8c21-8d2666ef631c_24.png,1.0858277862654506,1.6195825978133576,0.14030492795700286,1.0571416603515722,-0.007553229955857027,-0.4519384802523703,0.2594787614449073,-1.3836153241500098,-0.7978617848547068,0.3273209380452257,1.5311383297746872,0.7595426164670517,-0.059165447476302736,-0.5223222194619284,-0.4172081612479758,-0.5574926230626144,0.07906171363524897,0.6790124274318952,0.6983298553335248,-0.07106540056829591
578fbdd2-3bf8-444c-8c21-8d2666ef631c_117.png,0.7018422574408846,0.9282857288925671,1.1745485310030817,0.05246383779084279,-1.241068465987895,-0.6056100183317609,-0.5926466123897056,0.19418271702368695,0.05148560660333603,1.1235821604147456,0.21477730142585336,-1.4240339066047758,-0.8957731692978287,-0.4802897133348238,-0.3866020561195807,-0.7945850603741755,-0.2818578511212724,-0.1115823979135697,-0.3725788793236523,-0.07106540056829591
81faa7e7-ef94-4bfb-ad32-94fd63e1848b_21.png,0.718089002354556,1.3894409852081806,0.9222963779609994,1.9099298683984474,-1.3078436699688165,-0.5971339355136471,2.8904030518975485,-1.323978245644829,-0.7726869170133938,-2.359998487059903,1.4430971533590382,0.6287864599182522,-0.8647876981192536,-0.5393731417587727,-0.4529945010931576,-0.8329740698587416,-0.2203524779006595,0.7217637304092984,0.7927900019332562,-0.07106540056829591
3b88f35e-b058-4cd6-a43c-563cda6b239f_57.png,1.1928098468435162,1.1491730745750048,1.6569762759297424,0.03774589660996183,-1.906979414584708,-0.6442354110457018,0.009640867951286264,-1.4535887674920962,-0.8012715049737003,0.2866650056142995,1.4090202212034786,-0.29540888882458816,-1.1505425989883344,-0.5929051071093304,-0.6122557931813792,-0.9475448610656405,-0.18897151840623141,0.7217637304092984,0.7927900019332562,-0.07106540056829591
19369012-66cc-4209-a974-c98c915c0a70_6.png,-0.3844291227930183,-0.4685156435376504,1.4494885518001384,1.2946019065101104,-1.5546966738871881,-0.631698952993412,-0.7424301229457676,0.6509877677779101,-0.5348574097948573,0.981247030663435,-0.317349396686844,0.5968058546769893,-1.2228420317383428,-0.5944912394160136,-0.5593396821882426,-0.9486707588402964,-0.43426450098452846,0.7217637304092984,0.7927900019332562,-0.07106540056829591
78667ea1-0eed-4d74-b94c-83a1d16767bb_28.png,-0.3041204893179787,-0.5521798514828133,-0.1411740461966368,0.08391695152126592,0.6901948885174187,0.17333441145054934,-0.645753384075706,0.1911243429313611,-0.5503102318100631,0.501155677005648,-0.1528000184276207,0.2857142211893214,0.16806134116658084,-0.3704500510970128,-0.4627083306078712,-0.5587735919553519,0.16402952172940713,0.7217637304092984,0.7927900019332562,-0.07106540056829591
4af4cf7a-5d36-4d0a-9b11-fcbd77f87c6e_111.png,0.32859971321835174,0.59244593417885,0.00684843522013702,-0.11696735584490525,-0.14584401569560174,-0.2387960764369718,-0.3875158190237462,-0.15485885380729322,-0.10494169102281077,0.8021174328456051,0.37577538610995026,-1.343103437422328,-0.527390345285881,0.3337926930703244,0.3854576941212907,0.055932774470678126,0.03732378577730428,-0.054682087189196794,-0.9227877851547367,-0.07106540056829591
3b88f35e-b058-4cd6-a43c-563cda6b239f_90.png,0.46454406947745275,0.22151059281952565,0.7785814652653916,0.8019965166589411,-0.7622355363472038,-0.5149258983039479,-0.6864489318745548,0.15630762832665554,-0.617234234065865,1.017669504292267,0.14557116976096085,0.1473262726323704,-1.0541433553216566,-0.5084435617784504,-0.19767223248163435,-0.8070549012257856,-0.38054285839147944,0.7217637304092984,0.7927900019332562,-0.07106540056829591
a653df7d-134c-48e9-9911-e3a0e5f096f4_3.png,-0.06327770357970107,0.565714316475251,0.8219374596039457,0.5384841786703694,-0.9858558218881398,-0.4234018434432904,0.10338496821135407,-1.2352457823365677,-0.715170075743415,-0.48540378005493523,1.0006523796146614,-0.06936265881778574,0.06133360710704462,-0.3280210118932374,-0.3616165995121061,-0.4392768114859025,1.722380238559127,0.7034308762855365,0.7522830707401327,-0.07106540056829591
3dbb185d-309a-4682-8409-24f5556e96df_48.png,0.31920385985894906,-0.7680172715025309,-2.1551866453495125,-1.5732034769765535,1.7805020018457351,5.015004956272349,0.038670274069492805,0.8451339956667506,-0.2270812177659575,-0.8022351502846032,-0.5983319867311305,0.2329397139522273,1.3730518870000543,2.0714006350417606,0.4818134824971153,2.6085008844329276,-1.8246383163636724,0.18432964582681888,-0.3946849726701223,-0.07106540056829591
268cf2e7-02be-4b54-8659-24b54163053b_5.png,-1.3297290848887398,-0.7115872066911906,1.4901634722613555,0.42492440963060907,-1.3261767651562368,-0.6076118679236356,-0.7665449593975961,2.9359450614786584,0.23116187991232062,1.0985029501498627,-1.5681620985034606,-1.1113905225078826,-1.0128293937502233,-0.34745113265010646,0.16349852267327084,-0.6265964361668394,-1.1095911639812608,-0.15174732313077413,-0.6694168187490864,-0.07106540056829591
268cf2e7-02be-4b54-8659-24b54163053b_34.png,-0.07984267386410134,-0.9845623577240091,-0.7514076994543324,-0.3270198591050298,1.1947514809099833,1.4271172243427768,-0.07178429208644307,0.8775693402294104,-0.20863652467022462,-1.1451881492615912,-0.711611923094531,0.10985580254139217,0.6741573704166397,-0.12499607663778885,-0.2962974744134948,-0.024435117744135596,-0.28534048828626796,0.18432964582681888,-0.28506867610569137,-0.07106540056829591
19369012-66cc-4209-a974-c98c915c0a70_1.png,-1.3120923735519687,-1.1888818538166241,0.36178363010600517,0.07916389371992212,-0.16459626112242562,-0.5194234328263316,-0.6963170904749832,0.4452883195712817,-0.11003355252927123,0.5039026861496306,-1.052981867514328,1.4031500689696637,-0.00063733525010545,-0.5215291533085867,-0.4972765201856383,-0.6351396204239,0.5712044276963557,0.22578775992412267,-0.3030821614657554,-0.07106540056829591
505d1bd8-e981-43ac-b532-853c95be827a_1.png,-0.9794175601358287,-1.4977527476229735,-1.226134409221693,0.4862349862957156,1.320317598914987,-0.4979839051159108,-0.28662716698214047,1.8761819941416917,1.3371907600342439,-0.166952697147152,-1.9217235051723243,-0.5178106186584763,-0.37246298939300587,0.8239075758354306,0.7370080753608436,0.8826163414908266,-1.013943575127768,-1.810832586364161,-0.6494414331102182,-0.07106540056829591
75769513-6d94-48cb-b36f-b1f9dc9210d3_44.png,-0.8409710344426617,-0.7747650306513655,0.6223596880844556,-1.087221593557493,-0.7634122064057499,0.3935478102785717,0.6484751569720051,-0.6925182909082865,-0.31769607730905647,-3.7044510793161005,0.28495022153831,1.0627884041970204,0.08543341802371408,0.9162997826997266,0.06001716072101973,0.2642924731271934,-0.46376638417943394,0.3338831363136065,-0.04775777891298589,-0.07106540056829591
3b88f35e-b058-4cd6-a43c-563cda6b239f_56.png,2.4151260705289466,1.1141449224888107,0.6525629218870489,0.5520596539075272,-0.6717354845374999,-0.587441902968058,-0.10462984451837186,-1.2713483152243223,-0.7901607116745302,0.4768917457243963,1.3504384237103575,-2.173070702899551,-1.0610290155835622,-0.5433384725254806,-0.3582658216539447,-0.8597148726407244,1.2898993764240183,0.7217637304092984,0.7927900019332562,-0.07106540056829591
22df8deb-bec0-46ea-b532-d6d7e8d8d57a_42.png,-1.5268444907078556,-0.7416152158567535,1.7520713909209606,1.9276121876634933,-1.7919815624629978,-0.6267888248246819,-0.48737107982548417,-0.269993989590889,-0.45433871840165435,-0.4050228784504408,-0.03499259453104753,1.298465075568444,-1.0713575059764204,-0.5770437840424985,-0.6269242681496774,-0.9415507931000571,1.7804330121445484,0.5013130613194151,0.30569835629976827,-0.07106540056829591
2ec83b5a-f1ad-4dae-bb33-773f1eee7923_100.png,-1.1397926397042892,-0.6377050776653984,-0.3371622574992726,-0.25075095526356855,0.6441270910600695,-0.32048032827540457,-0.5732673524557252,0.15726501830092757,-0.5582295310651988,0.09126823044654331,-0.07016765832175567,-0.00010446063639145856,2.123588855547761,-0.45134279873785554,-0.45298596229348853,0.005467545804714702,-0.6392780300275052,0.7217637304092984,0.7927900019332562,-0.07106540056829591
386822e1-0d1f-45b2-97d0-ac0273ee2394_25.png,-0.7574597145857398,-0.22719747311575855,0.15411448312010526,-1.1682991877835194,-0.5833046917353066,-0.4475038010162281,-0.28516084767714356,-0.24838489354363413,-0.3879579498313786,-0.12366314732858026,0.16585808030833454,1.2137107235036098,-0.16589318153583896,0.10697577321462795,0.22008479714991863,0.23913856149465457,1.0154817649172934,0.3266564925718747,-0.08021000062724593,-0.07106540056829591
41b05097-d935-4d5b-b15a-8c9cc622e21b_74.png,-0.9023113771876625,-1.143147690314819,-1.4910634524423598,-1.879961302316853,1.2229531332870165,0.2643552660058972,-0.3501855282232925,1.9438904364096632,2.6854143316345778,0.49457571354028074,-2.136950640476078,0.17976461589533937,0.433159261249945,0.2267287623692089,0.20804714459389065,1.567925880643419,1.2390245078504345,-2.4773573491542087,-0.62274169088953,-0.07106540056829591
a9e37804-c00a-4e4e-b99f-e267a0056a05_62.png,2.4736391005484886,1.475679896213053,0.2534162719801361,0.7996732686700728,-0.13343736010613622,-0.4055101567532329,0.11410876361003111,-1.4935127451092522,-0.816036539600225,0.34882437555598994,1.5800150090263185,-1.5665394484919293,-0.6100182684287477,-0.3442788680367401,-0.168356679951106,-0.5431847195509296,0.03583225531944645,0.7217637304092984,0.7927900019332562,-0.07106540056829591
19ef2be7-6425-4194-a4a4-1b4a7fbefc4e_13.png,-0.5205043585190972,-1.2207399260392777,-0.6474128969265445,-1.3739557103214242,0.7465762744842988,2.079861884790706,0.5788750027761562,1.1242389286059922,0.8479296086591482,-1.642778274232084,-1.1117999799530462,0.21724893358035102,0.9082698193214289,-0.30066022960295236,-0.21988521765746624,0.4312076541559873,-0.536030720424905,-0.8880282155120649,-2.3547613139927175,-0.07106540056829591
27bb6d3d-77c3-486b-a22a-3741dde393ee_61.png,-0.6655789388065642,-0.7512863552897237,-0.8767478145054622,-0.5587753818342249,1.0315754224935993,0.28587989406034553,-0.6323273495523402,0.7422756156875596,-0.10328214211527757,0.7216120752900691,-0.6763838698219822,-0.2228978981238416,0.7739994442142704,0.24457275081939484,-0.0895043881596746,0.5230490977778182,-1.669737442383602,0.045958435656184723,-0.7004198599742326,-0.07106540056829591
a3283dda-4e12-48f9-90f3-8f3223c77d46_35.png,-0.07754198939858524,0.20967492894835837,-0.695252460194668,0.7223174966599323,0.9412476882220252,0.20616995520327178,0.19366161815293206,-1.0699753946385921,-0.6982208775638612,-0.8707425912438761,0.9209574741548919,-0.3817033874626825,0.6879286909404508,0.042340881717287886,-0.0451016509373427,0.4799682872209119,0.3684442445656232,0.6161786618458898,0.5594969708292945,-0.07106540056829591
578fbdd2-3bf8-444c-8c21-8d2666ef631c_43.png,-0.08893287608631681,1.1689545976095017,0.5718637270053073,1.698954623364718,-0.7254452750166309,-0.5309069362447262,0.16793212724360557,-1.264947300598629,-0.7507153760858556,0.009258464091999789,1.2433722059971284,-0.1299496565197903,0.051005116714186276,-0.3863113741638447,-0.3560578019049948,-0.433178125695436,-0.41929372610712917,0.6804577561802415,0.701523347834227,-0.07106540056829591
41b05097-d935-4d5b-b15a-8c9cc622e21b_26.png,-0.3400891332994626,-0.9704399657593012,-0.31225878894518966,-1.0685325985447562,0.6523015838994508,0.5893367964559664,-0.5308252279134378,-0.49306252629105907,-0.5803141400542059,-0.8952376625954964,-0.023467766711034614,0.9685976152531991,1.331737925428621,-0.1741661781449678,-0.4261606250746662,-0.1423103593456749,0.27099091018172833,0.7217637304092984,0.7927900019332562,-0.07106540056829591
92da35e0-d1db-40c0-86e2-73b0de7f8784_39.png,-0.8448583107103335,-0.4177062978253628,0.19497113199043445,0.02082715120451506,-0.08845931453637199,-0.0740519449739693,-0.04323674295631982,-0.8962370390243565,-0.6460388652309568,-1.2957222539685656,0.573026302685538,1.1631134898513709,0.35741699836898383,-0.06234385052380277,-0.30811935296800214,-0.2210152533182137,-0.4198772743677856,0.5664289249291252,0.44957359738405706,-0.07106540056829591
578fbdd2-3bf8-444c-8c21-8d2666ef631c_19.png,0.7607516087756377,1.4943506625060479,1.5436303942920713,2.099793555987727,-1.8435490979844702,-0.6066663132582001,0.30731080943037736,-1.2616319492063488,-0.774724320720709,0.09978044052096478,1.4381853497660488,0.3132457242065571,-1.1780852400359567,-0.4973406356316681,-0.01572813882571991,-0.8408342604713099,-0.6050216674749695,0.7217637304092984,0.7927900019332562,-0.07106540056829591
578fbdd2-3bf8-444c-8c21-8d2666ef631c_38.png,-0.873675220229701,-0.10889618497924472,1.5536993889726167,1.5219240582331295,-1.664521581383606,-0.6108359405469741,-0.4762038273529412,-0.06554477813761078,-0.09718782639079945,0.49730057545544704,-0.0070610921445663204,0.534641916580824,-0.9887295828335537,-0.5948877724926844,-0.6220289679412044,-0.9291561346853991,1.7595209527796059,-0.39326936397286505,-0.7298689916496871,-0.07106540056829591
19ef2be7-6425-4194-a4a4-1b4a7fbefc4e_49.png,-0.2565480761010205,-0.5150057498500575,-0.28467065168722905,-0.3708804510864296,0.638577976252206,0.2751085055731328,-0.4103433293191076,-0.782800340928251,-0.6325757751050393,-0.295423790252753,0.3032927974997156,0.337253218051939,0.9495837808928622,-0.37481191494039157,-0.40486691099802224,-0.20095177521531798,-0.2607919813486126,0.6103973468525044,0.546723000826483,-0.07106540056829591
22df8deb-bec0-46ea-b532-d6d7e8d8d57a_11.png,-1.3913512273814197,-0.9587890207781162,1.093750390193932,1.0068959492850553,-1.0050329284340542,-0.6086048825003175,-0.274610780922628,-0.7866264172711905,-0.5281655554703691,-2.156286298586238,0.17161578657540982,1.3420104547501792,-0.5170618548930227,-0.5833883132692312,-0.642274566330207,-0.8973886373199619,0.6315777141998891,0.5254272304365624,0.35897925749570325,-0.07106540056829591
27bb6d3d-77c3-486b-a22a-3741dde393ee_37.png,-0.16715061976261986,-0.5344299755844121,-0.5984017548431798,-1.1060656262687156,0.8510992726730688,0.5458912507506888,-0.5478379382954043,-0.18687094897644013,-0.5662051214997783,0.13722615356128715,0.0837863334221292,0.3031242629600049,1.4487941498810155,-0.042913729766933674,-0.3154460857217387,0.21718365072558168,0.30789987982706335,0.6850219522276512,0.7116080609943416,-0.07106540056829591
4a7aeead-7888-4bb1-a39e-eef6dfc4a6ff_86.png,-1.5876834093352423,-1.2465993195595637,0.5383749670701998,0.9972986741533101,-0.44056907101925863,-0.6662907199321354,-0.690083607625927,1.0173328848751726,0.4105341164766363,0.5716810463001698,-1.2106395633056528,1.7282214816276127,0.04411945645228071,-0.4069310941507262,-0.5189521832057402,-0.6341175805581724,1.3376339107598374,-0.4873678724836262,-0.284029455936662,-0.07106540056829591
19ef2be7-6425-4194-a4a4-1b4a7fbefc4e_65.png,-0.9900592357211421,-0.5279733527002225,0.7822737837277952,-0.5324880032071468,-1.1329080284354769,-0.5840546585161557,-0.3537895459786364,0.14684841182072284,0.5383925999239269,0.09914734462109491,-0.4354171578651593,0.47491815345038074,-0.3173777072977614,0.12680242704816785,0.15121059592152883,0.11122920718202375,1.2531106895501776,-0.5655677647625772,0.25490457741928324,-0.07106540056829591
855258ad-52cd-446f-9db1-1bc38d82eebd_66.png,2.380288406103853,1.0648082954498688,0.02518747749149131,-1.2261334410171012,0.4794455209710947,-0.4946165574508358,0.06367357305269114,-1.4954037539862666,-0.8071979312003452,0.2784813039681579,1.4841709584819476,-0.6349478579073257,-0.47230506319063653,-0.52311528561527,-0.5153484609034755,-0.7799542139728822,0.6389596730918683,0.7155259958111719,0.779007560614434,-0.07106540056829591
3b88f35e-b058-4cd6-a43c-563cda6b239f_26.png,-1.3645221275321653,-0.6824229503118836,1.0031792696905315,1.368115638215746,-1.2678698078424657,-0.6589642594132905,-0.6718040097515126,0.3786131102559455,-0.3488180099446845,0.6348955448932782,-0.39996162403112495,1.5902257361524748,-0.8372450570716313,-0.33317594188995775,0.20683861260210817,-0.45004839726635154,0.38484160238129533,0.28626335755229976,0.5085445279551293,-0.07106540056829591
505d1bd8-e981-43ac-b532-853c95be827a_61.png,0.5114093758716801,0.22983894048097397,0.17198735467402623,0.09723469383541465,-0.2821589604620761,-0.3643486183309093,0.562538626367181,-1.3286266302239198,-0.431243068167999,-0.8729271417493129,1.033896191182583,-0.06439433715799336,-0.47230506319063653,-0.31295275497974706,0.12831031158422088,-0.15311496052579418,-0.37002682130257025,0.4113983991854461,0.3015622825729439,-0.07106540056829591
9229a83e-46a1-420b-bbda-57bc886c344b_18.png,0.05060854059892786,0.834396418161815,-0.3672287161949304,0.6866046464280893,-0.2431143427243978,-0.5676015918399374,0.690271295860602,-1.3886566240503544,-0.5341684643968311,-0.7771959100323841,1.291470764065106,1.1412369776059896,-0.5583758164644561,0.6831383336172974,1.173514058797936,0.651077623149161,0.3736701891892675,0.5855224783941221,0.49176131410386426,-0.07106540056829591
53345714-cf33-43b8-9e6c-89b5c2c7aad7_23.png,-0.2017466611007609,0.31628495836181325,0.648983091735468,1.5245247713995023,-0.5821658434652476,-0.505876448726954,0.056079680339464054,-1.275369190840025,-0.7408204859150979,-0.4945775978418577,1.0640592815545673,0.5578316383413935,-0.4791907234525421,-0.5239083517686116,-0.5109610882472978,-0.7771220206999353,0.9863951274209182,0.6962803024779282,0.736483686789289,-0.07106540056829591
505d1bd8-e981-43ac-b532-853c95be827a_77.png,1.2494868890243915,0.8225391667557269,1.2328357484136807,0.383109635383236,-1.3679998138595966,-0.5890462393544321,-0.001066514580830031,-1.369994712057395,-0.7835028831971816,0.07338654539663175,1.345879239600876,-0.605401763179082,-0.5893612876430311,-0.58775017711261,-0.6011882361479549,-0.8732125548445535,1.187871718218552,0.7217637304092984,0.7927900019332562,-0.07106540056829591
258bd669-e070-417c-9e38-6240e5c933aa_68.png,-0.4297697291291511,-0.18906097511346723,-0.3851613621579594,0.3887984824380008,0.46085445212587395,-0.2685139747300869,-0.2813648303507125,1.6086505903634696,1.2763590387020023,0.5446819660930641,-1.0461271841264086,-0.6087637013683843,-0.6513322300001811,-0.04886172591699564,0.5604564605219211,0.1964773548316985,-0.5707794951882829,-1.2812337049964013,-1.1474113226809717,-0.07106540056829591
3dbb185d-309a-4682-8409-24f5556e96df_47.png,0.8999660726224157,-1.2393405829596618,-2.4874131765888583,-0.9603995560615083,1.7418091799509563,4.3728631637055955,2.38765031694527,2.9872366562132155,5.751261992519389,-0.7641233292678903,-3.805480489760878,-0.6887652541742504,-0.496404874107306,1.8164298667424377,1.2802197608424484,3.3461012963545382,-1.1481726534349481,-6.408042985183349,-2.136978454009024,-0.5512940708764552
44341a17-f4a0-402e-8f84-ad64321de876_13.png,-0.6971635302658964,-0.7415459098942059,-2.2627834434694494,-0.9227577438694544,1.7272826700669792,2.7784519581931053,-0.39023385166154073,1.490211853097595,0.19360273436566308,0.2476872450202858,-0.9433714273430265,-0.3244848045088657,0.9771264219404845,2.100347549638729,0.7777729899901968,3.033472358684511,-1.6697205889919848,-0.23078398468508357,-1.0636504109474816,-0.07106540056829591
386822e1-0d1f-45b2-97d0-ac0273ee2394_52.png,-0.21558748387217405,-0.09214091443045426,-0.5221970621383971,-0.4589474874791476,0.33466680969657464,-0.26236738970629647,-0.6113278609797657,0.52675963272883,-0.38548162597000557,0.8621648422276265,-0.03371338440094654,0.5423158004244232,-0.007522995512011013,0.2846225915631454,0.3655336977445453,0.6129127983271017,-0.10464065184686863,0.30984503713058265,-0.1173553607669971,-0.07106540056829591
4a7aeead-7888-4bb1-a39e-eef6dfc4a6ff_33.png,-1.2823030418822257,-0.6766383784246954,0.5407328386191645,1.3675647983775832,-0.4341064321907106,-0.47002220921117777,-0.449411835591356,0.8770204458949555,1.621834386016556,0.37728537527171346,-0.9952828603936621,1.5095802973989338,0.14740436038086416,-0.5318390133020275,-0.5251732329576425,-0.5676338777199487,-0.21203971976922942,-1.319572951794642,-1.163417276055202,-0.07106540056829591
3dbb185d-309a-4682-8409-24f5556e96df_49.png,0.158414784768374,-0.38633294285450964,-1.4876986493202968,-0.470155116377047,1.3692936187017424,1.2237721768175371,0.03452370268746392,1.1965698730372234,2.0399959018332816,0.5109570266358785,-1.2360257942963633,-0.13027934360967977,-0.3277061976906197,1.402052801621454,0.6962025318322103,1.0816879629876806,-0.8836618948488122,-1.9310991522134038,-1.2600773985665359,-0.07106540056829591
90bae25d-a144-44fe-8481-52b9f3c73315_7.png,0.7980320411714064,1.161509112932732,0.8888530192218809,0.9372045473784512,-1.0040829001101916,-0.6265069009688327,-0.20199003992615844,-0.8307706709211018,-0.5949496025562223,0.6065827999031791,0.7626420510798841,1.399523976697929,0.18871832195229754,-0.46879025411137065,-0.5287438127408365,-0.6499122395963927,0.329343365629329,0.4400006944158795,0.2045737086779848,-0.07106540056829591
75769513-6d94-48cb-b36f-b1f9dc9210d3_3.png,-0.3367979115962942,-1.0361858399202544,-0.10220563256568752,-0.9839898684519928,0.06530941794397063,0.6563535524492113,0.3115252000157421,0.677734426898182,0.7385567292938778,-0.8840024595621113,-0.786386677288843,0.20648878270623217,0.4125022804642283,-0.25942078962918935,-0.20667627863974575,0.1421440852144201,-0.2729280596769414,-0.8280090374886288,-2.6314743515833197,-0.07106540056829591
505d1bd8-e981-43ac-b532-853c95be827a_76.png,-0.3339456269076234,-0.5531586345504035,-0.0007820018520134045,0.36377796411495317,0.10675223401799104,-0.14299311111849095,-0.130129555295849,-0.9859488479199654,-0.5755722319325545,-1.0402452257957795,0.5442133072738784,-0.07497636188907739,0.10609039880943077,-0.23285307349224588,-0.22727276968074225,-0.19882926643133186,-0.08975727135020255,0.4549104015040842,0.2031704391719461,-0.07106540056829591
48a4d49c-a4cf-463b-ae33-31db1940e1d3_45.png,-0.2930157796353285,-0.6179364353752247,-1.5975476567121045,-0.2769860076342661,1.422936209443196,2.1300833041271714,0.03964792349839992,1.211025030390418,1.2911231502825102,0.06494941812498095,-1.0781560494393807,-0.16016125656378294,0.433159261249945,0.22117729929581775,0.44162807927035697,1.7146051170602004,-1.4779149229859618,-1.0648908123491865,-1.1201172980664227,4.10571337059933
22df8deb-bec0-46ea-b532-d6d7e8d8d57a_17.png,0.8198536577248138,0.5377880067692818,1.7405255563264872,1.234837132080468,-1.8734291384664068,-0.6579836336245506,-0.3135709003402301,-1.0799938883823508,-0.7433096316852795,0.5025538303288315,1.0276545732444888,-0.7542368220061281,-1.3261269356669263,-0.5988531032593923,-0.6602633442471075,-0.9695859906132372,-3.183229448153494,0.6621249020564797,0.6610164166411059,-0.07106540056829591
6764beec-de30-41fd-ac4d-374023ed0a03_54.png,-0.6437991000149902,-0.6748682526511388,-1.1541588656313184,0.10531197738404188,1.3645346945306442,0.24947956773220437,-0.36414916154570265,-0.5201385213184194,-0.5303667241822925,-0.5731822883234399,0.14002705239050586,0.6259097315008231,1.9514473490001216,0.1957991823888867,-0.21259085940916417,0.8220726714910896,0.14141739848695142,0.45141118453440354,0.19543882574919313,-0.07106540056829591
3b88f35e-b058-4cd6-a43c-563cda6b239f_80.png,2.3042669039114285,1.3108746775963072,0.5946438035453813,1.2970152811533924,-0.6569983423196598,-0.5934065967255957,1.8614463827683243,-2.0980629722813964,-0.8465770062394754,-1.4145813556263322,2.0967468674279974,0.08033656118383083,-1.09545731689309,-0.39186283723723586,-0.0450636051897201,-0.7872903791021556,-1.2417721514586415,0.6610599229787508,0.7325817923836637,-0.07106540056829591
78667ea1-0eed-4d74-b94c-83a1d16767bb_47.png,0.4316279748200732,0.2151240175054838,-0.09561185110190923,-0.3669329735777437,-0.4946574927563732,0.13931031709348132,-0.2711783240743523,-0.6148326689165762,-0.6016489607891583,0.22244515733706996,0.5716703903655749,1.7388516271525667,0.05444794684513905,0.6236583721166776,0.34628794608720437,0.6253102531263901,0.8664896231127904,0.6552786079853653,0.6458893469009352,-0.07106540056829591
855258ad-52cd-446f-9db1-1bc38d82eebd_64.png,1.2355712351712667,-0.5573372280674871,-0.5788184329078961,-1.197587177397552,0.9113337563015967,0.5844134619953819,1.6878378931774294,0.11270497270155758,1.2579798837673715,-0.6844291231792369,-0.5209929391190026,0.8666839965217837,0.15429002064276973,-0.05362012283704522,-0.26530259503305986,-0.07762846088997513,0.5940382156177838,-1.161195348949529,-0.4631666619001459,1.2543657294822326
a3283dda-4e12-48f9-90f3-8f3223c77d46_39.png,0.9766084519976984,0.0939734901224171,-0.5629224995543751,1.020802514969864,1.2373522047675034,-0.14271985666515213,-0.4678642330797491,-0.7687826112069908,-0.7089114952753554,0.48176007656740644,0.6903091432511642,-2.3243585472858284,-0.15556469114298063,-0.4160513549141545,-0.2918656886824825,-0.4352032619202969,-0.987841120123617,0.7217637304092984,0.7927900019332562,-0.07106540056829591
53345714-cf33-43b8-9e6c-89b5c2c7aad7_38.png,1.54203477715764,3.3085123621194303,0.3601354584462262,-0.3342679212970405,0.02017768480031444,-0.4810892772996074,-0.2751589087304092,-0.7673219290151821,-0.6083725751203253,1.1246567381708923,1.2398411662332864,0.7587738045779489,-0.3345918579525253,-0.5512691340588967,-0.5565316133540977,-0.7880251188531237,0.7928905989702728,0.4569642897254185,0.2674186791284758,-0.07106540056829591
a3283dda-4e12-48f9-90f3-8f3223c77d46_1.png,0.6306906366083613,0.6970541643756781,-0.3406430327294012,0.4692654628288251,0.7470310560225581,-0.07729059324847501,0.6486405243445219,-1.431066570433013,-0.5537568396430121,-0.6397164699731753,1.344828163193259,-1.2975365462351083,0.574315296619009,-0.12063421279441007,-0.36038955896724373,-0.21803671941365443,0.7240913255942574,0.35046638195252805,-0.027601413641986386,-0.07106540056829591
27bb6d3d-77c3-486b-a22a-3741dde393ee_70.png,-0.381470812959735,-0.25125696919611534,-0.9001525858848183,-2.415842356687142,1.0644955622493217,2.83084150822571,-0.47385090357694,-0.18955569241703507,-0.3341268127265795,0.584128313312479,0.06710692308798127,0.6428442536994039,3.3389078917740926,-0.11111741895431092,-0.4254284983161289,0.5562104333998034,-0.1048911134539969,0.2241902913075293,0.32296362779606896,-0.07106540056829591
519d608c-1d5a-448f-8835-1d3a5261bbba_33.png,2.289458504184138,1.8555935940542807,-0.1330688213054957,0.9485149415011226,0.6567141327803282,-0.5142259383692276,0.5664792627253824,-1.7026410317567338,-0.7688345784022064,0.3447457528401068,1.8252622123884306,-0.027134281315118455,-0.6719892107858979,-0.5734749863524613,-0.5162961322119263,-0.8213922294556191,-0.5727628773435265,0.541554056470743,0.3946119106614383,-0.07106540056829591
22df8deb-bec0-46ea-b532-d6d7e8d8d57a_39.png,-1.3607495983392563,-0.6737607536937517,0.8886461194163194,1.3188173325937276,-0.7369893861842505,-0.5393531047307438,-0.674790222435374,0.5064982410137225,-0.18324071181158932,0.7138118135939862,-0.5521428680290821,0.17344968594776258,-0.6513322300001811,-0.4949614371716433,-0.547302689323173,-0.8337593942857345,0.40405418256783937,0.11267176788248827,-0.5530149692839038,-0.07106540056829591
07a9fdc8-46e7-4ddb-b62f-fe041b4ea954_31.png,0.43084039530484286,-0.2718996905658101,-0.07406401588873661,-0.042202624974076695,0.6286519591981248,-0.0992384792105636,-0.45943885835302284,-0.6848117904138694,-0.6609206757253601,0.02107490766279085,0.43763546583889,0.6250578053025357,0.15429002064276973,-0.4794966471814822,-0.5130055014500973,-0.6404271658689984,0.11700706784829218,0.7127114082486027,0.7727886541656971,-0.07106540056829591
2ec83b5a-f1ad-4dae-bb33-773f1eee7923_37.png,-1.567818330966595,-1.4140682919646386,-1.2818907138107927,0.3419817221021568,1.0760294876824623,-0.30729416812731347,-0.5254012400302236,1.865862978992294,0.48848295300413375,-0.28844521620525904,-1.59102979428428,-0.28722636418239483,0.32987435732136156,1.356848030880983,0.5185840099613789,1.471664957393931,0.5180989533269262,-0.4419541218119007,-1.0140248791847053,-0.07106540056829591
92da35e0-d1db-40c0-86e2-73b0de7f8784_41.png,-1.252575799640485,-0.5576910697941644,0.5451610690335641,0.5948550122620493,-0.42489671778093646,-0.41845325818260914,-0.4878544851972054,0.047584237352684446,-0.38299981442124365,0.05200067900829294,-0.2025710079787216,1.4667568108044464,0.15429002064276973,-0.43865374028439,-0.4488179269836883,-0.5231496675302862,-0.2549804743544116,0.3306881990804198,-0.05708600419762999,-0.07106540056829591
19ef2be7-6425-4194-a4a4-1b4a7fbefc4e_12.png,-1.0884635064232722,-1.034118966890936,1.3872021494912758,-0.5448621060865861,-1.3301420330785514,-0.504688181493867,-0.2527578232888979,0.4456319665047131,-0.4035964752359264,-2.1431420526519736,-0.5154222327279682,1.1026222136702972,-0.6857605313097089,-0.4822723787181778,-0.3831820175036782,-0.7278183235097613,-0.6971068094978606,0.5434558048238303,0.6737979655919308,-0.07106540056829591
75769513-6d94-48cb-b36f-b1f9dc9210d3_52.png,-0.5830872671980168,0.0815441577386348,0.3050247271977092,-0.40182213811411116,-0.1731623439336321,-0.2648280022469817,-0.026325606540993023,-0.9303083552673989,-0.5356157642386431,-0.39110503789537937,0.7132808360197271,1.1000350066627835,0.5261156747856701,-0.37322578263370837,-0.39087331636309197,-0.2982435355048001,0.21448515349138828,0.39527157315126554,0.2990921731635035,-0.07106540056829591
3b88f35e-b058-4cd6-a43c-563cda6b239f_79.png,2.067001153920041,2.7126423452745745,0.4563231400644524,0.28909443532029017,-0.2773469874165134,-0.5703709108812279,1.7852259594906974,-1.7741374966964651,-0.7585663811460173,-0.09220573257593062,2.0220100074412484,0.646029372555442,-0.5652614767263616,-0.5001163671683637,-0.4292618468425311,-0.725814102450885,-0.403992303976457,0.7191773526490997,0.7870753311425247,-0.07106540056829591
90bae25d-a144-44fe-8481-52b9f3c73315_9.png,0.49262936956356174,1.4505864506193262,1.3604909741108764,1.703345112464914,-1.588252951998876,-0.6253042416864872,-0.1340237401449166,-0.955817984987918,-0.7155084539211867,0.4975448320283194,0.9825316277513642,1.0547230643996341,-0.9198729802144981,-0.5925085740326597,-0.6371130310711853,-0.9317658804611643,0.6475611083596614,0.7217637304092984,0.7927900019332562,-0.07106540056829591
8b0863a2-01d3-4fdc-9994-7b50b25bc730_45.png,-0.32360469243742,0.3149946341856645,-0.5466939987462519,-0.51730069358213,0.6996665151057683,-0.23036788776464448,-0.5135043891875491,0.005299760680708009,-0.5877682101479574,0.7043207957904298,0.31995754463770576,0.27543676502176484,1.204353210583368,0.046306212483995864,-0.25305042612095924,0.28989245223133914,0.2953342535046564,0.7217637304092984,0.7927900019332562,-0.07106540056829591
4a7aeead-7888-4bb1-a39e-eef6dfc4a6ff_88.png,0.09683158214116912,0.4729680497435511,0.01650830466188771,0.8940005610168948,0.2901115696716197,-0.20439763395431645,0.14846027396808498,-1.192761476446818,-0.7115544504895873,-0.21697669158529106,0.8504131156620527,0.42280588063973734,-0.1383505404882167,-0.4239820164475705,-0.471295838788893,-0.6505417098173923,0.23168359295255495,0.6610599229787508,0.7250160532593436,-0.07106540056829591
41b05097-d935-4d5b-b15a-8c9cc622e21b_31.png,-0.03429105560052473,-0.38134245935443833,-1.736012536126324,-1.3293813748694694,1.5058229771230223,2.8883410641731078,0.7755522408331811,0.8046619715527901,1.0081583067099638,-0.6200708576534123,-0.7774560470629681,1.2592753870753572,2.3129445127501636,0.8520614242790573,-0.12871340927698577,1.7580901088703906,0.44080157179593044,-0.8898538939310288,-0.17073649158841606,-0.07106540056829591
92da35e0-d1db-40c0-86e2-73b0de7f8784_27.png,0.06968763927711669,2.58862910069192,0.9755313851177572,0.8938018475315458,-0.91582963534042,-0.6430245660919202,0.4802695972468506,-0.8121464787100987,-0.48499184216330354,0.5248534607798684,1.139365907275437,1.4363359772306792,0.026905305797516803,-0.5738715194291321,-0.6259944888465228,-0.8240096485535715,1.7418066212353378,0.4530847230851204,0.19913655390790078,-0.07106540056829591
4a7aeead-7888-4bb1-a39e-eef6dfc4a6ff_35.png,-0.11843086636216092,0.9642586170796645,0.11064969145908818,0.1950574427142657,-0.30136234476466517,-0.31263777076994187,0.5955034043392208,-0.7939451499090077,-0.6341222630694916,-0.2010388806654872,0.8598698298078015,1.0435814369122187,-0.004080165381058231,-0.2300773419555503,-0.3508353184600372,-0.4383309826654168,0.7904249714772921,0.7217637304092984,0.7927900019332562,-0.07106540056829591
a7ab7384-2203-4096-ab14-1eae445ccdd9_11.png,-0.6462143000587117,-0.565783175927749,-2.2582807126393782,0.15703340660387477,1.7298058343624954,2.6281852797843146,-0.5597202343318834,2.3009546722091305,0.6514015948774458,0.8491864005721076,-1.2078077797749893,-2.005087898701098,-0.7270744928811423,3.0647159921021094,4.506524286895695,2.9701300617129047,-2.161860715165447,-0.6821829737738923,-0.9715002096046054,-0.07106540056829591
44341a17-f4a0-402e-8f84-ad64321de876_26.png,-0.23965647977540228,-1.1955203797585146,-1.531503909443371,-1.0453666173764586,1.5428384924777476,2.6246297829702367,0.10900188469583831,1.5685565623064799,0.719544565724603,-0.5243901162347456,-1.329558587562634,-0.1040641847602003,0.4503734119047089,0.7909953304717544,0.31631333074176554,1.298065179089784,-1.2980360781980316,-0.7580246980950149,-2.2621285858398315,-0.07106540056829591
27bb6d3d-77c3-486b-a22a-3741dde393ee_18.png,1.232426843990335,1.1110780600619445,-1.0284905003239402,-0.7418641862804458,1.188994716947617,0.0888132091629056,1.7393340362033909,-0.054038191221958395,-0.5978864901868814,-1.0081380535835753,0.684668673724465,-0.8629189469645827,0.48480171321423676,-0.3514164634168145,-0.184016844744658,0.07853046521849626,0.16241357195852202,0.5439882943626948,0.6533389276167164,-0.07106540056829591
4a7aeead-7888-4bb1-a39e-eef6dfc4a6ff_38.png,0.6521407087293521,1.0237342816066184,-0.31908081473861216,-0.33254130411051236,0.42550949602578486,-0.16197189330164158,-0.4849605561781567,-0.43702490646912545,-0.7094662263487366,0.9320475893653793,0.8389230467247313,-1.0785086571878326,-0.4137769509644392,0.1957991823888867,0.17149463008158888,-0.10080293802543262,-0.9579902938412488,0.7217637304092984,0.7927900019332562,-0.07106540056829591
27bb6d3d-77c3-486b-a22a-3741dde393ee_31.png,1.054902542957107,0.08932372910717347,0.22792479498466922,-0.7876459914720724,-0.03619069298832943,-0.3654017470938799,-0.327795900820701,-0.8869983262978275,-0.694456218245494,0.18531659922597035,0.7540739061635331,-0.5334836812503405,-0.2795065758572808,-0.19676856351520328,-0.37981838398022344,-0.5880502547636574,0.45073995657031785,0.7217637304092984,0.7927900019332562,-0.07106540056829591
6ab94b0b-0d10-4c2a-a48b-13560294cd7b_2.png,1.681047054645948,1.918872160900438,0.6580724861765207,0.5844040079070514,-0.6144233282333124,-0.6413476055502284,0.35674822157151864,-1.466308452057837,-0.7927333476848782,0.3273956096086735,1.532304177192046,-0.10095074091754117,-0.44820525227396707,-0.5766472509658277,-0.5835488498845942,-0.8386128624347381,0.6978710422192074,0.7217637304092984,0.7927900019332562,-0.07106540056829591
22df8deb-bec0-46ea-b532-d6d7e8d8d57a_7.png,0.26492615805853453,1.1919307736995983,1.210828901478298,0.8000591033266761,-1.3275807731101834,-0.6560444562243014,0.1814981356478286,-1.2052882500638835,-0.567114370888903,0.23615412693327928,1.274044086116806,1.5975587428946088,-1.047257695059751,-0.585767511729256,-0.5380080899803461,-0.90963330363149,-2.301699772758427,0.3766344392910097,0.5395768112607497,-0.07106540056829591
4af4cf7a-5d36-4d0a-9b11-fcbd77f87c6e_84.png,0.5035348007614096,-0.22238131447223472,-0.6022695258675698,-1.248749572498411,0.6504013749531597,0.8405954633426668,0.14017487312221558,-0.20996561209174833,0.5407457914871677,0.19017656879653055,0.10694424930293123,0.055517777851383995,0.8944984987976178,-0.2586277234758477,-0.16795957253427718,0.5213537394351824,-0.471479098442736,-0.6153175016793417,0.1943381168234458,-0.07106540056829591
27bb6d3d-77c3-486b-a22a-3741dde393ee_86.png,-0.2897146967605721,-0.7984502344099506,0.23723378211087298,-1.1442033514132801,-0.5372367051501279,-0.08253407129955578,-0.31482416205666564,1.1678127771987494,1.982903991219301,0.6263052421881974,-1.3773816099848617,-0.39567935031363527,-0.8372450570716313,-0.1733731119916262,0.8039955967770178,0.13563471596291485,-1.044360505672971,-2.5410278840155724,-1.1829921625992992,-0.07106540056829591
19369012-66cc-4209-a974-c98c915c0a70_25.png,-1.0072703074171199,-0.603526059046391,0.8367048148069687,0.041722349656009176,-0.9350897289468885,-0.6034185129224204,-0.6290128795372648,0.06881491916554698,-0.4521876987489571,0.45669422150254224,-0.2607298652952888,1.9452536849504107,0.4400449215118506,-0.33198634265994537,-0.5161070225633401,-0.5734026583627615,1.1945858898020008,0.4504222753907981,0.1932538045645016,-0.07106540056829591
3b88f35e-b058-4cd6-a43c-563cda6b239f_42.png,-0.23478444187281597,0.1312213822034413,1.396099557795569,-0.6453363191152364,-1.2251000241672774,-0.4052504293437644,-0.08890260223250714,-1.0137944401529257,-0.5177698640492707,-0.07905939173524491,0.8022268820418167,-1.5129226173304853,-0.43443393175015593,-0.585767511729256,-0.5974890318542181,-0.8450465452550533,0.6203874939324088,0.33783877288802816,-0.055502453384966066,-0.07106540056829591
41b05097-d935-4d5b-b15a-8c9cc622e21b_47.png,0.4736296537723803,1.0296081110119908,-2.946296740489852,-2.10740252504732,1.7609715182754897,4.717135880686353,3.203144959706988,3.1741146212493248,5.382094874776791,-0.969849949619222,-3.341201692617909,-0.9956842493784975,-0.7477314736668591,2.3767311040782753,2.7728906129009308,3.984734728334586,-1.67858003532978,-4.803804144453001,-2.962410518242034,8.507776865130905
258bd669-e070-417c-9e38-6240e5c933aa_33.png,-0.18034986798977623,-0.27906779660425546,-0.7277653171525028,0.14815727486521083,0.9415890894937168,0.7894285687683656,-0.3704953667235907,-1.0316411935471315,-0.6931897589289434,-0.1329767293423644,0.6235749447005239,0.9361273906629165,1.5279792428929295,0.39882411764433523,-0.27707257842873806,0.36425229011832566,0.5009815898871331,0.7132438977874671,0.773965204034378,-0.07106540056829591
4af4cf7a-5d36-4d0a-9b11-fcbd77f87c6e_139.png,0.4836791237179773,0.35276672837074646,0.13571707868768304,-0.006350128913819261,0.14116999360836938,-0.2850000323017825,-0.1744387208285959,-0.16829767694465522,-0.44296992662512186,0.3958828846535922,0.46615604949531325,0.7753669066605794,-0.4309911016192031,-0.4208097518342041,-0.30226572961302217,-0.5501831443147712,-0.9349340609367046,0.2726468393441945,-0.19954577302192247,-0.07106540056829591
578fbdd2-3bf8-444c-8c21-8d2666ef631c_131.png,0.5917559262139465,3.3885539394120996,-0.07386443005343833,1.117405581616937,-0.20460116796930347,-0.49119230483905807,4.1370095057810765,1.2504139709538953,-0.1379165844357584,-0.5255263812232179,0.21563042472193641,-1.0638132081154243,-0.6478893998692283,-0.316918085746455,0.06880990307804517,-0.35233632640018875,-0.9806756950123425,0.09753385099191311,-0.5864626012649474,-0.07106540056829591
7483fa58-40a2-4a34-b0a6-a30645af78bb_9.png,0.23626126735658307,-0.14744607987731495,1.3491001447855266,1.563406879598921,-1.5218090133584683,-0.6269085780728614,-0.45993496047057403,-0.49913766086754086,-0.6091148539611546,0.233289305915309,0.3077462435795699,-0.47437158722107703,-0.9026588295597342,-0.5786299163491817,-0.5762297991856972,-0.9017287848526432,-0.24589087285962954,0.7217637304092984,0.7927900019332562,-0.07106540056829591
92da35e0-d1db-40c0-86e2-73b0de7f8784_43.png,-0.9873453714797494,-0.01831817430990909,0.5285176236081318,0.534193924095321,-0.43223989699997273,-0.566078805979793,-0.4648715171846088,-0.18563537930958368,-0.5704226023379253,0.4058537110523615,-0.003568548970606477,1.8519823149438805,0.6879286909404508,-0.5492864686755426,-0.5558087441492685,-0.612099783179804,-0.3495777420732579,0.6763499797375729,0.7409065110649663,-0.07106540056829591
16c36170-95cc-4260-985e-1bc7fbeac4a2_19.png,0.31319719229122384,-0.14139851206891543,-2.68535733440741,-0.8134752958013989,1.867549442023332,1.8569463942468338,-0.488536083674565,0.15560721339197087,-0.44348598715815046,0.6667623515742248,0.07976744231919833,0.44045434997384936,1.8929192367739245,4.76425675871315,0.7542953963809078,4.173678341655515,-0.5601998486123132,0.3421747591330673,0.3392207293426402,-0.07106540056829591
41b05097-d935-4d5b-b15a-8c9cc622e21b_50.png,-1.1669947200092354,-1.148544142673555,-2.049853558162524,-2.0689507409766272,1.5139626300472917,0.1840475350028066,-0.435433957139478,0.8988724880130313,-0.2652397747813984,-0.6960368256288917,-0.7655873352972576,-1.33647154668297,0.8876128385357122,0.18192052470540876,0.8630887114997163,2.875289355960636,-1.840555071082961,0.3158545619263386,-0.10407715510618026,-0.07106540056829591
19ef2be7-6425-4194-a4a4-1b4a7fbefc4e_59.png,-0.5466793557270133,-1.2728351188741847,-1.3574893870918627,-1.4483849094405374,1.169947051370779,3.0074453640206795,0.40363854262847887,2.872460889853765,5.136711530727721,-0.2883568897440738,-3.4324109437758596,-0.23178909555935875,-0.014408655773916576,0.22791836159922133,0.14625433877875846,1.6259374335536985,-1.2770957431524543,-4.981427440631358,-1.6228835727634485,-2.9916868810482256
78667ea1-0eed-4d74-b94c-83a1d16767bb_37.png,0.3736667950057543,0.44972671159534067,-0.06667653455561522,-1.1890001958099154,0.34947450692752074,-0.1890686162603265,-0.3062749166389154,-0.44981397278476354,-0.25324946912267415,0.6949322214310257,0.5712208581221715,0.6626708012363648,0.16461851103562808,-0.41843055337417934,-0.3732245759796886,-0.3821953865521833,0.2575759824220444,0.0943389137587264,0.4075796535307349,-0.07106540056829591
78667ea1-0eed-4d74-b94c-83a1d16767bb_51.png,0.14137017394799048,-0.9920944498451438,-0.3870920179443703,-0.8333922023458648,0.6121366450531701,1.1987059693007636,0.9663084598592586,1.4604834731815137,2.429563343219513,-0.5678807288155475,-1.6387762120879532,1.117047495886001,-0.16245035140488617,-0.33436554111997013,-0.22470912917962524,-0.08888808556964478,0.2439523963225415,-2.3067324869152133,-4.970010566376114,-0.07106540056829591
268cf2e7-02be-4b54-8659-24b54163053b_84.png,-0.04378389128197325,-0.3851923298583476,-0.552073664263733,-0.45764220929024224,0.8900122826781183,0.5561761511442487,-0.4447598717899489,1.405846879052135,0.3670752320213126,0.6581856392173222,-1.0105688631757892,-0.28742112255958063,-0.2898350662501391,-0.330796743429933,0.2612007665512569,0.2503258085072239,-1.7979329270855873,-0.40080028745109086,0.2754230290837138,-0.07106540056829591
519d608c-1d5a-448f-8835-1d3a5261bbba_47.png,-1.378968506079028,-0.8192057963357594,-0.4193175834685425,-0.848695508419738,0.4042401199969163,-0.41648439929601616,-0.5105760860517413,0.16155413020981696,0.5954862641448276,0.3292419999201623,-0.5026245074196699,0.5979240248871242,1.4522369800119683,0.16526613548523525,-0.3571904640947683,0.2645440176929679,0.36905583870172654,-0.6464301047358505,-0.42227345372919883,-0.07106540056829591
505d1bd8-e981-43ac-b532-853c95be827a_124.png,-1.164302285866906,-1.2583283859265468,0.7734273642974426,0.13740046222944513,-0.8205332592005026,-0.6258282020569969,-0.5290764834329063,0.6224937844691016,-0.3644262353649893,-1.1824919800041866,-0.7905538996967904,-1.6711525997240655,-0.7546171339287646,-0.3478476657267773,0.02709232921925569,-0.49240133416008114,-1.692467192668551,0.4818391581838008,0.26267024681661794,-0.07106540056829591
5ff99f98-8c70-4537-ae86-b6048ef8dd6e_8.png,-0.6250275149962651,0.5009452819302139,0.06869970671243723,1.7709575539901814,-0.07919766675941842,-0.025718811454566944,-0.34014116356488233,-0.5314561560795142,-0.4569034027193526,0.49159249347378814,0.4617000998411753,0.24668113826698013,-0.2519639348096585,-0.2308704081088919,0.0243883737437279,-0.0823454154774485,0.40629929459703146,0.5292307271427371,0.36738318512913165,-0.07106540056829591
2ec83b5a-f1ad-4dae-bb33-773f1eee7923_30.png,-1.1289347583789113,-0.806755206152218,-0.9300164292314833,-0.18164576126241053,0.959921266597553,-0.3486384929365872,-0.43062498723719794,0.2624877946648571,-0.013790505772603023,-0.05666094917479244,-0.34903637040420205,0.7494793435222474,2.0822748939763276,-0.25466239270913976,-0.3302735522425157,0.552910183362336,0.8262810009815063,-0.09294526405331388,-0.49807991962592885,-0.07106540056829591
6764beec-de30-41fd-ac4d-374023ed0a03_71.png,0.551136159341616,1.4355026382763214,-0.08377470074434827,-0.8098306086802011,0.12662949922936792,-0.3485624174701617,-0.4247720970863131,-0.35636539990199206,-0.6517511872375005,0.9312483997336486,0.7554338491457276,-1.059799919461713,0.4572590721666145,0.16328347010188124,-0.21724293888871038,-0.014105781004876418,-0.8308430656273983,0.6869997705148619,0.7159781033637246,-0.07106540056829591
41b05097-d935-4d5b-b15a-8c9cc622e21b_53.png,-0.9766439182404295,-0.9063172953592178,-1.1188881827893185,-1.5278205787886165,0.9918626222171507,0.7066980663425693,-0.44765844595991094,-0.5183479652164175,-0.5236491589113054,-0.8011680150831536,0.010623566297130916,1.225190668098045,2.87756865422642,-0.006036153636549466,-0.22801356541958231,1.2024643176480518,0.7186339207901424,0.7217637304092984,0.7927900019332562,-0.07106540056829591
519d608c-1d5a-448f-8835-1d3a5261bbba_74.png,-1.5646245408375843,-1.0403225853521434,-0.4387844600846758,-0.15613852323965488,0.39774514295422525,-0.6498793109257248,-0.5235453474019562,0.855452931644405,1.866712634230958,0.34982490674444966,-1.345496733810724,1.5451499281344616,0.2506892643094476,-0.03537960131018851,-0.0960387765061225,0.4193780398751513,0.0993422940533894,-1.7654188356924356,-0.16473476238674162,-3.9541644143882
27bb6d3d-77c3-486b-a22a-3741dde393ee_55.png,0.4038308641352781,-0.33363725873925143,-1.361201669040389,-1.4915569203751704,1.417944915659301,1.2175872838240005,-0.10413281337063807,0.038547260976224,-0.3639619627873622,-0.15225241020876157,0.09027287747282851,0.8821534588760472,1.744877541142955,0.3262585646135792,-0.11210865772773261,1.0841148260983084,-0.17779722879567747,0.28892580524662204,-0.1635769627508521,-0.07106540056829591
519d608c-1d5a-448f-8835-1d3a5261bbba_75.png,-0.494586958051041,0.6393151415685591,0.2068587199578966,0.9490110934438274,-0.060311724415576945,-0.48453302278900806,-0.5699370889275444,0.36035384661306546,-0.4429062905395503,0.9848270522869469,0.2624413307546137,-0.5303035642630493,-0.3931199701787225,-0.43587800874769445,-0.3315585813378864,-0.5651075883307436,0.031832880761534885,0.3430115284084257,-0.044073111803505476,-0.07106540056829591
519d608c-1d5a-448f-8835-1d3a5261bbba_63.png,-1.5584514437665398,-0.8405410703628683,1.174046204125595,1.3408569603635336,-1.3759360386391846,-0.4854422131627931,-0.679070574163709,0.6294581543644605,-0.28695523157211195,0.5208336391314269,-0.6508332683121575,-0.419208811695594,-0.937087130869262,0.4828891298985444,0.9432797828887748,-0.22277493089116687,-1.156595839327007,0.3532048995809738,0.40573428491052765,-0.07106540056829591
53345714-cf33-43b8-9e6c-89b5c2c7aad7_35.png,1.9809142885766076,2.9723634232592877,1.131501486818336,0.5542470705281444,-1.3742702762494892,-0.6479338192588779,0.4894350993524453,-1.358037361571961,-0.7905214825104998,0.6278009029615125,1.6781119776857099,0.7577398429188212,-0.8062595858930564,-0.5056678302417549,-0.520228895990942,-0.8542166010231989,-0.9956206026496924,0.714765296469937,0.7773267750877478,-0.07106540056829591
a3283dda-4e12-48f9-90f3-8f3223c77d46_22.png,-0.5591728437146688,-0.19270305044708383,-0.38303806564903387,1.016365798801995,0.46802498561029976,-0.29318250791758266,-0.24984779108001595,-0.6458812076198973,-0.39174996104096166,-0.19932469121122778,0.4210537937127565,-0.6954287105292084,0.030348135928469584,0.8215283773754058,0.1376995046092233,0.3221342072874949,-0.3906545565080924,0.23529650168955932,-0.2820723423821856,-0.07106540056829591
a6a04226-e7be-4c2a-8240-4e24256bfed9_5.png,2.267531657596032,0.14720973555836564,1.3269804994125145,-0.5509438050237931,-1.663347566159706,-0.4503167347393919,0.06609431603202807,-0.006052644985509135,0.4341095833319938,0.678809864332463,0.03618370436456696,-0.13078940305777173,-1.3054699548812096,0.02568649249711437,5.024307795610307,-0.6225778419674121,-2.1266468471679203,-0.52251218204868,0.3791425864250851,-0.07106540056829591
22df8deb-bec0-46ea-b532-d6d7e8d8d57a_55.png,0.10185803960394978,0.3491551061681164,1.534425432351016,1.6525019502779408,-1.776560025804818,-0.6056188367601314,1.113529705171489,-0.008865263135706385,-0.31731323755499374,-1.7608604422859933,0.23845345168509416,0.7995801836714542,-1.143656938726429,-0.5671304571257285,-0.3925714696409729,-0.8943114278098331,-1.082958334001819,0.17968937984528577,0.21255242649311643,-0.07106540056829591
27bb6d3d-77c3-486b-a22a-3741dde393ee_27.png,0.03561046176803465,0.4062392332799606,0.6235282974540654,-0.6224344099135681,-0.4497786556638511,-0.4969573307765577,-0.5804927298631563,-0.24816514667132336,-0.6736707115394741,0.8283923645248296,0.47424957731311146,-1.3783688155475962,-0.35869166886919474,-0.5536483325189214,-0.5431903143832433,-0.78405180901926,-0.3332112055584204,0.7217637304092984,0.7927900019332562,-0.07106540056829591
41b05097-d935-4d5b-b15a-8c9cc622e21b_28.png,-0.2116772024601265,-0.10352818121158516,-2.4516123609497766,-1.9351096000635895,1.6294098780088755,2.935732140273872,-0.16412307935684323,-0.5760538970168398,-0.622063735432619,-0.03700831411540463,0.6558003830874257,0.7763710102527703,3.3733361930836203,2.681268506961448,0.20497676553796332,3.6671218157906704,-0.584053850024859,0.4976617044814874,0.2976305857716776,-0.07106540056829591
00367bac-0715-41b8-93dd-c21b8877a1f3_2.png,-0.7908747312388891,-0.7100033297518847,-2.0079387652457044,-0.8587304805379719,1.194094195516391,1.041676040709679,-0.042463480167602284,2.728025411054483,4.677289443907559,0.21143673496628265,-3.0577371469656427,0.3488854770016716,0.9323696302380984,0.5161979083388915,-0.03747673960309401,2.2381655732775716,0.43661986386848284,-5.190543689536841,-5.246263282979553,-0.07106540056829591
a3283dda-4e12-48f9-90f3-8f3223c77d46_21.png,0.12429312065449877,0.07464116230998612,-0.21441707875863555,0.8162257931435617,0.5138288236954959,-0.008276467487000954,-0.0253309248920699,-1.312244752204647,-0.7501999550697334,-0.7409388042690571,1.0213781429185034,-1.5688043657741406,-0.014408655773916576,-0.05084439130034963,-0.05550123655528165,-0.04567156000979269,-0.4504864174035022,0.7217637304092984,0.7927900019332562,-0.07106540056829591
53345714-cf33-43b8-9e6c-89b5c2c7aad7_7.png,3.1010903844438222,1.5578426795509055,0.475501472784481,0.27071942668574456,-0.14556763813484655,-0.5720402736588664,-0.6164350495706858,-0.24275682658568543,-0.6892334752594821,1.1400883949778884,0.6594653587711863,-0.175748149423766,-1.1539854291192873,-0.593698173262672,-0.6139690850869779,-0.9483052938658562,-0.4490527686465076,0.7217637304092984,0.7927900019332562,-0.07106540056829591
48a4d49c-a4cf-463b-ae33-31db1940e1d3_26.png,0.4789220769188798,-0.9823082669297594,-0.94393850502824,-0.3507250717656639,1.3184529769966185,1.5616783227536366,0.4626533269228697,0.6594238625390557,1.2963139810371724,-0.13343108952100322,-1.0304457991993932,1.456768660338649,-0.09359374878583056,-0.10358329049756576,0.08815298402620031,0.355210673080603,0.44463895550508453,-1.3437631908459127,-0.23443597948812261,-0.07106540056829591
90bae25d-a144-44fe-8481-52b9f3c73315_16.png,-0.5300630161637355,-0.3261439360870518,0.6839908688698418,0.9356320907667505,-0.6856841679431032,-0.29263597858015195,0.2947933664256729,-0.9497197203991794,-0.3185315335156612,-1.3827942970132645,0.682797182994984,1.0768824108605333,-0.5859184575120783,-0.33793433881000734,-0.18290343374993145,-0.5143356947122446,-0.6636313217898553,-0.11120204824295224,0.33952144046077914,-0.07106540056829591
268cf2e7-02be-4b54-8659-24b54163053b_73.png,-0.9562951029045685,-1.439905811138093,-0.8073287724861475,-1.2479115746043206,0.5891195504105198,0.12617918346158796,0.12670269676644294,2.0034832492155994,1.9746225917643934,-0.8100792061668114,-2.0947039056631374,0.16852588664465845,-0.42754827148825036,0.3401372222970571,0.9254767586568857,1.159268814066934,-1.555240262620555,-1.88332723358385,-2.8878182235719265,-0.07106540056829591
268cf2e7-02be-4b54-8659-24b54163053b_28.png,0.0253161787029451,-0.3826288166997209,-0.14354728500907005,-0.47951507645139796,0.3670020237159721,-0.05099721776505126,-0.4743479347246738,-0.040577182136827865,-0.4749007529382682,0.39573610780562235,0.06262870966406363,-0.1811482970724151,-0.2863922361191863,-0.1535464581580863,-0.11509561170785138,-0.2753720489125725,0.41707664149567164,0.3846978523081,0.3120311532280365,-0.07106540056829591
268cf2e7-02be-4b54-8659-24b54163053b_60.png,0.08052818077786517,-0.06634940590864981,0.14330891861730813,-0.8785432748522767,0.19401199903966732,0.14509809105036484,-0.5639420571587095,-0.18916163859683138,-0.5485291510358976,0.6124732603508355,0.09352192072871966,-1.5658424014744743,-0.37590581952395863,-0.2288877427255379,-0.27501020153331296,-0.5165695715433793,-0.7392714510031835,0.7217637304092984,0.7927900019332562,-0.07106540056829591
4af4cf7a-5d36-4d0a-9b11-fcbd77f87c6e_132.png,-0.424619526943199,0.3233897121835577,0.772940007162679,0.39792672159997994,-0.6748702754887396,-0.5113963582539247,-0.44792198085506457,-0.43708792734272317,-0.6367527511063761,0.5086007997580653,0.4817912864308727,-1.6678004985996613,-0.4241054413572976,-0.5730784532757905,-0.5371168402642441,-0.7905154878210936,-0.32033748665445616,0.7217637304092984,0.7927900019332562,-0.07106540056829591
27bb6d3d-77c3-486b-a22a-3741dde393ee_71.png,-0.12190715258461174,0.15427346800843036,-1.1671206548843824,-1.6866329070246462,1.3534960652731802,2.1859226059274186,-0.24983819110146174,-0.7225296510072032,-0.6222172936059204,0.13181740883115325,0.42731179245307177,1.6563127732207101,5.924473320119632,-0.28123010884608324,-0.5193684461279462,0.5854385676301412,0.12505549499207608,0.6544418387100069,0.6440404828215814,-0.07106540056829591
268cf2e7-02be-4b54-8659-24b54163053b_23.png,0.7155743879657136,-1.199490621458128,-1.6221580859196394,-2.591163784418457,1.5347811553485289,3.897006514510379,1.1582621987908102,0.8259768953157737,1.4123824059395675,-0.5518745343176332,-1.1658246868072026,0.371339739750382,1.5761788647262684,0.2786745954130834,-0.06282530935469434,1.565366862482811,-1.4205551407211798,-1.3769296821237558,-0.07876075072514695,1.941228825216918
a9e37804-c00a-4e4e-b99f-e267a0056a05_66.png,2.657134860880177,2.021465672250208,0.4564428167711722,1.2728897404948158,-0.4245640327951836,-0.5569595116269498,0.21195205471281137,-1.3642365525433744,-0.8051860385484915,0.4436795891055535,1.5475922143882963,-2.095876714698174,-0.654775060131134,-0.5746645855824737,-0.4369764881759636,-0.7629497988132736,-0.7345986103042931,0.7217637304092984,0.7927900019332562,-0.07106540056829591
41b05097-d935-4d5b-b15a-8c9cc622e21b_4.png,-0.5704559065281628,0.8564133569327135,-1.2676971860759403,-0.6508238419037655,1.156427430882493,0.7396734472525395,-0.6704256386371427,0.9136055637990728,-0.2182038850828276,1.1733679330594118,-0.24147338955910247,-0.027937623659585673,2.1786741376430054,0.0768392593876473,-0.10635038681712643,1.4135332725718868,-1.252067507326681,0.16348648387698173,-0.4407384961013073,-0.07106540056829591
824faab9-9bc0-41fa-93a5-24d93dec52b5_6.png,0.1987269677422738,1.9168983161628497,0.8076113109478636,1.2327444333717974,-0.8553225690814905,-0.6197990938413437,0.17119333286154043,-0.2073689203194767,-0.5653675089316509,0.5106401017742684,0.7328095463677419,-0.43410543604011526,-0.7305173230120952,-0.5687165894324118,-0.5288659790341047,-0.8419121186559515,1.5581944792379836,0.5059533273009481,0.5305029100890686,-0.07106540056829591
4a7aeead-7888-4bb1-a39e-eef6dfc4a6ff_73.png,0.5640831781217996,1.7891457706382325,0.7622061240477885,1.70402625581089,-0.7856978404824092,-0.5399318272760327,1.472226710320656,-1.5282858389234437,-0.7443536693211638,-0.6922397559968967,1.751423580778992,0.8094660812245669,-0.4206626112263448,-0.49535797024831413,-0.5427439463149265,-0.7925234136231509,-0.11781722547596922,0.6574846360749467,0.6507636249283236,-0.07106540056829591
3b88f35e-b058-4cd6-a43c-563cda6b239f_93.png,0.22121179587112777,-0.3308277730321685,0.5618786991736836,0.5128080888216233,-0.5798768365858433,-0.34799903124660003,-0.6130543087359128,-0.2503083488553695,-0.6112614364522991,0.5605135849520758,0.12711753811026041,0.31551214613166334,-0.9611869417859316,-0.14165046585796237,0.1907784278724351,-0.5955786026029193,-0.9569247540743558,0.6497255027943503,0.7207323401118164,-0.07106540056829591
81faa7e7-ef94-4bfb-ad32-94fd63e1848b_88.png,-1.5819332977316938,-0.7018588164528151,1.2012496100717658,1.0601438872124742,-1.2584045013834955,-0.6529004705905875,-0.6604735576435454,0.43033497574165847,-0.43664959365136835,0.43462443654998045,-0.4608640283555246,2.651136786044673,-0.35180600860728917,-0.5496830017522134,-0.6036288938492242,-0.84234165904728,-0.20515487566044405,0.5064858168398126,0.3645860493208064,-0.07106540056829591
3b88f35e-b058-4cd6-a43c-563cda6b239f_43.png,0.1533777490296397,-0.5737420107672614,1.2113490472020736,-0.718985863098006,-1.0349623491050612,-0.25726947465226424,-0.5341081109023019,-0.6042871928418267,-0.6396871037253884,0.05881373449235786,0.311545863255083,-2.574497707268919,-0.9302014706073565,-0.5841813794225729,-0.5769643275712496,-0.9062913816539375,-0.635586519353797,0.7217637304092984,0.7927900019332562,-0.07106540056829591
a7ab7384-2203-4096-ab14-1eae445ccdd9_2.png,-0.04204878405012229,-0.4977193328694732,-3.787724102645154,-0.34269896230550595,1.763668385312822,6.0054252328010715,-0.17955489004461564,1.6539796633481725,2.356038612930528,0.7283608834129949,-1.4814486611363664,-1.3250003693086132,-1.09545731689309,12.023191260248778,22.31823160309103,7.820917126585037,-1.6098260712313068,-2.2284565247021386,-2.9419247070070127,-0.07106540056829591
7483fa58-40a2-4a34-b0a6-a30645af78bb_43.png,-1.4017447784696444,-0.20800579467321947,1.3084673754675367,0.2970275387393409,-1.293307983106765,-0.4842978054628288,-0.2667099985723883,-0.3268186423213763,-0.2639369863464996,-0.27329308684224285,0.12512582378842327,1.7091473019165484,0.4882445433451895,-0.4572907948879175,-0.5701518312960244,-0.6582043918119501,0.27883989463275716,0.34247903886956127,-0.045249661672183854,-0.07106540056829591
78667ea1-0eed-4d74-b94c-83a1d16767bb_11.png,0.04480451668850966,-0.5739079344482666,-0.331477141406851,-0.23477335336464913,0.17591689053588286,0.15964944149231186,0.18859406818313942,2.010651470510598,2.928536995662728,0.33764680955619186,-1.9390448464324763,0.026054449593864628,-1.0128293937502233,0.2695543346496551,1.8198484895049933,0.40371195909061686,-0.2076895437937245,-2.7179665507868176,-1.6428647022630656,-0.07106540056829591
2ec83b5a-f1ad-4dae-bb33-773f1eee7923_20.png,-1.2398836961195447,-0.7203264425313407,0.7006094870005362,0.27709010290863784,-0.7255683809079667,-0.5818126829015877,-0.6343631643593198,0.021905467168070635,-0.5295660257024597,0.22661229096385047,-0.2723493599029728,-1.5030774990057418,-0.40689129070253366,-0.2300773419555503,-0.10862378231172058,-0.36475671712243185,0.3128289467949702,0.664026650409567,0.7305824651385048,-0.07106540056829591
41b05097-d935-4d5b-b15a-8c9cc622e21b_72.png,-0.45997937305516395,-0.6697663170435895,-0.40846884907596187,-1.3878738216336763,0.7798771687746253,0.4566602172842188,-0.7132629106837968,0.38459352941193464,-0.5355195646042733,0.7794026634805246,-0.2515741207601514,-1.1814703177893793,0.40217379007137,-0.37084658417368355,-0.2724263331456789,-0.15099150283967036,-0.6722163821531888,0.7217637304092984,0.7927900019332562,-0.07106540056829591
19ef2be7-6425-4194-a4a4-1b4a7fbefc4e_31.png,-0.2577659137426461,-0.45223141126514527,-1.392293657463399,-1.6231739637243174,1.377923129824481,1.8395953881701028,-0.1627552372512105,-0.3092077088821979,0.029199730833057554,0.06745380200274502,0.06592415186223115,0.14880365368792248,2.3921296057620776,-0.19875122889855726,-0.22013457157942773,1.1692011550050494,-0.38348833748424305,-0.16292960344692764,0.19947342903801066,-0.07106540056829591
824faab9-9bc0-41fa-93a5-24d93dec52b5_14.png,0.19539237327035622,-0.46981072927580486,0.9724653707295023,1.0882557398883381,-1.0330542154825675,-0.6227373034682886,-0.7675411894301569,1.1047842512655817,-0.4468564345906535,1.0558666759591075,-0.6167463836437488,1.1937556844394492,-1.2469418426550123,-0.595680838646026,-0.6118085178608911,-0.9587612448688224,0.10421488066318874,0.7217637304092984,0.7927900019332562,-0.07106540056829591
3dbb185d-309a-4682-8409-24f5556e96df_12.png,0.10477182330011338,-0.5300412644022778,-0.6997868536880366,-2.2024682996302314,0.6541960556886199,1.6828295011217536,-0.4647018143379058,1.1011359293950829,0.4739243410342215,0.7892239839522,-0.7723115993750853,-1.160456947117082,-0.20376431297631956,1.4436887746718878,0.5919295330916619,0.8150480541032871,-1.6623754164315019,-0.5382586584122431,-1.9912631444687738,-0.07106540056829591
78667ea1-0eed-4d74-b94c-83a1d16767bb_56.png,-0.8294884605605064,-1.0519583225878664,-0.21320554460879418,0.32702186111088133,0.48366557655014936,-0.4739369105812518,-0.6698824656570024,1.6688853520976736,-0.20423128545035932,0.4430747857320539,-1.1440841645748736,0.015504048209902912,-0.30016355664299743,-0.3280210118932374,0.06279776234181664,-0.07888101334952026,-0.4663665560081205,0.3328942271700011,0.5807218220689191,-0.07106540056829591
505d1bd8-e981-43ac-b532-853c95be827a_130.png,-0.8938089559253939,-0.4222858288572086,0.9049763861267012,-0.035595963944000365,-1.077705149795484,-0.6082903398343205,-0.5773371240093194,0.07217255886638883,-0.47215974160461915,0.3081169960718739,-0.19245288961154436,-1.4314109025928468,-0.826916566678773,-0.23285307349224588,0.34968820192873595,-0.37845194415685823,-0.6754731469189559,0.6899664979456782,0.7225331669177992,-0.07106540056829591
578fbdd2-3bf8-444c-8c21-8d2666ef631c_129.png,2.262641243005365,1.978748213485444,0.5502770452139606,1.513499666281562,-0.9667609283150069,-0.606360144484055,0.7242443812575773,0.199017768245833,-0.6569608268021288,0.3417824821653466,0.9143772538427647,-2.645779096984141,-1.1643139195121457,-0.5647512586657037,-0.2983963111474077,-0.8855144263390641,-1.3062900870951104,0.5578330223731706,0.4305807209325087,-0.07106540056829591
3b88f35e-b058-4cd6-a43c-563cda6b239f_76.png,1.9365188881698654,2.778232575597778,0.4094689855128475,0.8293896602240862,-0.24945614299288774,-0.6241381590851738,0.5075840136478299,-1.5573827636332815,-0.8326928728179057,0.5986325561135407,1.8584805768238282,0.25804016237647853,-0.8716733583811592,-0.3986038995406394,-0.22072810731917647,-0.7182121527167126,-1.5552658905623349,0.6692754758640881,0.6768158005919496,-0.07106540056829591
7483fa58-40a2-4a34-b0a6-a30645af78bb_17.png,-1.2588972273108123,-0.4371070979328901,1.059859794354259,1.103313987852046,-0.9636000772531718,-0.5837402273997482,-0.6495376336864899,0.4921919423501983,-0.45267158331271357,0.635753781440604,-0.3570541833360022,1.0013248315938423,-0.6926461915716146,-0.5913189748026472,-0.6071156032288262,-0.8893910058810631,2.2687299014173243,0.6379346630052088,0.6075674368925033,-0.07106540056829591
07a9fdc8-46e7-4ddb-b62f-fe041b4ea954_29.png,1.6110545221273278,1.095512711484703,-1.1723359779185687,0.1875524205313453,1.3101661171043775,0.49001592745750217,0.5776331990986405,-0.39812284048233504,0.3967187289310665,0.3830304837570979,0.6019280060962037,-0.7799409583297789,-0.1796645020596501,0.1906442523921663,0.4960610632464717,0.7205977231293058,-0.43934306025726244,-0.4098526096117866,-1.00507313334489,-0.07106540056829591
519d608c-1d5a-448f-8835-1d3a5261bbba_26.png,-0.6457102850915768,-0.19115588819849635,1.216312182023458,1.2655949096885395,-1.29695527687857,-0.579941706636877,-0.5303848676068474,-0.09095824079830173,-0.5453788682098624,0.38433505110181493,0.12471832463336695,0.6402155698541645,-0.4378767618811087,-0.5782333832725108,-0.5937918659063964,-0.8461515546507532,2.180166058124598,0.6678301471157417,0.6736223080912472,-0.07106540056829591
258bd669-e070-417c-9e38-6240e5c933aa_102.png,-1.9770034325374175,-1.8707109623882723,-2.000911844646701,0.21113771455506722,1.531709485207819,-0.6670169877322143,-0.5683998536519365,2.359392773203652,1.9309517017425037,-0.2358269632350136,-2.7388308697967805,0.5639456101743403,1.0700828354762095,1.6776432899076583,0.34790157246397324,2.60096083955557,-1.3781769270096358,-2.9556850949227336,-1.970532029459915,-3.306981245418216
48a4d49c-a4cf-463b-ae33-31db1940e1d3_42.png,0.09373319449634195,-0.004706197796846888,-0.19986382246931164,0.15490751147193327,0.3643227256853325,-0.09399762509931084,-0.5845070692825173,-0.11968803939793714,-0.6372732056099523,0.6886656808256812,0.27784168785921404,-1.6415393818351818,-0.6926461915716146,-0.1154792827976897,0.7661355051051586,0.05447377291837447,-0.6640648579705192,0.6564196569972177,0.6484105251909621,-0.07106540056829591
27bb6d3d-77c3-486b-a22a-3741dde393ee_19.png,0.7294740475875304,0.37968115350897574,-0.29808238734651,-0.7526339428621531,0.4997128613240027,0.09795333444561803,1.216484210662648,0.29333456981896777,-0.2709782196576905,-1.245780890986009,0.10249404753204336,-0.24706322922629442,0.20593247260706143,0.09190751630113762,-0.2870216127830741,-0.22428965830328368,0.7277992517310141,0.1650078825594516,0.290427094220071,-0.07106540056829591
3b88f35e-b058-4cd6-a43c-563cda6b239f_74.png,-0.17654728389627014,1.060378018079668,1.391430786764507,1.8771181500649265,-1.608028356543627,-0.6389577987912345,-0.4731154213489848,0.25481375185749455,-0.4381121285784113,0.9029883402259927,0.4589008340871835,-0.06295893730593409,-0.9405299610002148,-0.58775017711261,-0.6114203863844344,-0.9206274098547257,1.4619554718673156,0.32254871612920605,-0.08928624247134734,-0.07106540056829591
19ef2be7-6425-4194-a4a4-1b4a7fbefc4e_2.png,-0.32866810782307826,-0.3944258913581128,1.5063985786419927,-1.71058432101486,-1.3605645728013456,-0.2582612160620493,0.09780676131781517,-1.363754976512451,-0.7134920673719921,-1.7706607973930952,0.8669846135623493,0.5729172124023696,-0.07982242826201942,-0.3046255603696603,-0.3950005468097139,-0.5317624774110313,0.4443321325354644,0.6126794448762091,0.7164092406672432,-0.07106540056829591
386822e1-0d1f-45b2-97d0-ac0273ee2394_6.png,1.5697094481817708,0.24770789634965956,-1.3355760667942844,-2.5531430139447333,1.0967530789768734,0.3763904060071742,1.4828876413436383,0.8509533679292588,2.3413082063561736,0.22856035567253033,-0.8724575529657485,0.1270678206013447,0.24724643417849482,-0.12896140740449683,-0.029496362953258748,0.6540791401374912,-0.6091544159602563,-2.1957464530290367,-0.5790008425909409,9.854398130916067
505d1bd8-e981-43ac-b532-853c95be827a_135.png,-0.24450116546057918,-0.27805040972359707,1.8977996905838945,0.010868752719213044,-1.7001104911870952,-0.5702928154685563,-0.3698295617593366,-0.5888249391351664,-0.607419355901113,-0.06744117545902734,0.45249307718490844,-2.197548965906509,-0.6203467588216062,-0.5730784532757905,-0.4577493408834067,-0.7647238268999033,-0.7176306410917629,0.7217637304092984,0.7927900019332562,-0.07106540056829591
22df8deb-bec0-46ea-b532-d6d7e8d8d57a_9.png,-0.05086052668435209,0.6522526640485191,1.9057644108109184,2.017983440902836,-2.0347453365413153,-0.60273269051722,-0.40009179092995983,-0.2277763251439,-0.6463794529453375,0.6043139066444215,0.5875213807834084,-1.6717534307585562,-1.171199579774051,-0.5488899355988719,-0.3561161263151644,-0.9008462025285984,0.7909530934704949,0.7217637304092984,0.7927900019332562,-0.07106540056829591
48a4d49c-a4cf-463b-ae33-31db1940e1d3_47.png,0.0061840275441045365,-0.5942539178420745,-1.143342198418949,0.14826981138981346,1.0230349962127812,1.2398517377630922,-0.3240853542710765,1.5185892098567357,1.27819128448943,0.676090823726787,-1.187689668352364,0.10499145172979081,-0.3277061976906197,0.7834612020150092,0.8877380904787082,1.158717734867456,0.4622046914949247,-1.3109009793045636,0.14514403851440047,-0.07106540056829591
505d1bd8-e981-43ac-b532-853c95be827a_121.png,-1.2333889875102158,-1.0344413636006937,0.7342421112008769,0.35748616868408906,-0.6947836665908602,-0.5752238680937298,-0.6507589986999865,0.5821012622377981,-0.2771436806806801,0.3760974632222334,-0.5992905661480606,-1.2408990134189029,-0.6410037396073228,-0.27329944731266725,-0.2074544252426602,-0.5714648676394639,-0.755650774577995,0.2664851746801915,0.544574785750865,-0.07106540056829591
a9e37804-c00a-4e4e-b99f-e267a0056a05_57.png,1.8014598849404329,0.41891343655691465,0.25972287934471056,0.857928082163863,-0.24590551260158422,-0.49021031416495603,0.3010479072922029,-1.637395526764797,-0.7642205019308266,-0.904699764537532,1.2733835801727817,-1.174055127689051,-1.03348637453594,0.1517840108784281,0.9585560993806479,-0.4067402272589615,0.1765090433711552,0.6543657687758834,0.6438724042689113,-0.07106540056829591
92f1a624-99c9-48dc-9309-0fb5c6bc0e7f_38.png,-0.3901955371482332,-0.8352958610861763,-1.2194465400275523,-2.600344745050858,1.308116018227718,2.6285383240083653,-0.5510279182660004,-0.11353748332052904,-0.4770486693785002,0.2343848652159343,-0.18306704575953364,0.6118835376360086,3.886317882595585,-0.29986716344961073,-0.35565015333956285,1.0790638166639228,-0.4453937252130842,0.4539975622946023,0.20115349653992465,-0.07106540056829591
7728da31-7807-4ad4-af12-f6b9d4769e58_13.png,1.4757005447801252,1.9305069197256273,0.33508252306956454,0.2117968522494295,0.005515656189034102,-0.5482960951405295,0.03317660892257764,-1.3991310542901203,-0.8208721876623187,0.619602891895164,1.6148964994629946,-0.6136010818969321,-0.30360638677395024,-0.5746645855824737,-0.5992234181569597,-0.8344304820335516,1.4254836503005226,0.7217637304092984,0.7927900019332562,-0.07106540056829591
4a7aeead-7888-4bb1-a39e-eef6dfc4a6ff_49.png,0.5672176177277606,2.376570462758147,0.2371446398189694,-0.1098361453549647,-0.18589326522333338,-0.24908836560318748,-0.5863090781601892,0.33574028724365723,-0.45961280224545514,1.1934670660771243,0.4108844304841706,-0.8807451692400483,0.13019020972610024,-0.330796743429933,-0.346052431604181,-0.39030605506623595,0.6851141885285467,0.7217637304092984,0.7927900019332562,-0.07106540056829591
a6a04226-e7be-4c2a-8240-4e24256bfed9_26.png,-0.9100654846510277,-0.9590572109737842,0.6788968535029746,-0.6092854683899619,-0.9863155811201971,-0.6052060620275416,-0.4206645449719566,0.41837516724710894,0.04394957959785391,-0.209829544990205,-0.6067808819922892,-0.6959487775796659,-0.7270744928811423,-0.15632218969478187,0.39892372070778526,-0.17370609896279532,-0.4905711294199357,-0.05506243685981426,-0.9236281779180797,-0.07106540056829591
273317d8-7414-4eb9-bb2a-b42c7082fe9b_61.png,0.10525274470802187,0.2983256399860194,0.021978600782346112,-0.2736821209198185,-0.06031495378700049,-0.18314913360177995,-0.3010707992322687,-0.7785077318524536,-0.6981566799551087,0.23138261267894777,0.812697609377961,-1.5663241017012166,0.35053133810707826,0.2679682023429719,-0.1510427965773711,0.038166156213990804,-0.1407029016619247,0.7217637304092984,0.7927900019332562,-0.07106540056829591
386822e1-0d1f-45b2-97d0-ac0273ee2394_37.png,-0.31728661143587,-0.897235739360727,-0.2107909317426697,-1.8833842069631206,-0.13470783230211864,0.43380540400874323,0.9694795495494735,0.09093236963043115,1.1285143268512012,-1.5714697506532593,-0.653391178474859,0.8861321117566382,0.006248325011800113,-0.14482273047132874,0.08438229537771205,0.42930250979631696,0.29002687159584545,-1.3525112332701144,-1.0609084348090245,-0.07106540056829591
3b88f35e-b058-4cd6-a43c-563cda6b239f_48.png,2.79967225931897,0.4370677930544524,0.8084554139644536,-0.4001608281408758,-0.7854738779640027,-0.6480858183729997,0.1801110935850869,-1.6963443975482677,-0.7975371600727508,-0.5163337989900065,1.3943860117467282,-2.4363526134860205,-1.2710416535716818,-0.5980600371060508,-0.6421337845899877,-0.9642743826703863,1.8486879332403947,0.7217637304092984,0.7927900019332562,-0.07106540056829591
78667ea1-0eed-4d74-b94c-83a1d16767bb_35.png,1.0559551959856048,0.657070292548778,-1.5666700395398296,-0.07957726368883122,1.6656109987864278,1.4351591219205735,2.866824575537855,1.3563942470546122,2.0743122177988234,-0.753056564951595,-1.1021412998063327,0.38851271777426627,0.6156292581904425,-0.11270355126099411,-0.25488983737816007,0.3384338499302419,-0.15470292171359912,-1.9907379805662224,-1.4179873126987956,4.10571337059933
505d1bd8-e981-43ac-b532-853c95be827a_138.png,-0.597338744466729,-0.7861371591638492,-0.47972675122642416,0.3976667585529593,-0.0009218243273769324,-0.04883510409382877,0.22772450980089995,1.4032841510716898,2.831198234752985,-0.23445849426285456,-1.7064935866691295,0.7117367321081943,-0.47230506319063653,0.6938447266874089,0.5198937633734586,0.7404994728057216,-0.5552142099315165,-3.396206083431883,-1.808773886380191,-8.584210010576623
505d1bd8-e981-43ac-b532-853c95be827a_32.png,0.1720419120969076,0.13013892776891656,-0.38458180317591967,0.5437489788742546,0.9294467118233705,0.042463212744727225,-0.0192265772384063,-1.0302139400365207,-0.7200143913435991,-0.42218129816933414,0.9088608827634854,-0.6271137686064724,0.970240761678579,-0.4418260048977564,-0.5073604674285545,-0.4432209990736442,-0.08989524683507365,0.6242420748629801,0.577313297412162,-0.07106540056829591
22df8deb-bec0-46ea-b532-d6d7e8d8d57a_67.png,1.0265921209868223,0.7128247410491675,0.8177340059281952,1.3219679180882862,-0.7741278120184074,-0.5937653590969688,-0.14511976697012077,-0.9531379416039356,-0.7256550028424712,0.19493151803901163,0.9000336903659584,-0.8371920704600415,-0.8785590186430647,-0.5671304571257285,-0.5080824750124338,-0.8643299719755422,1.398981788787072,0.7092882612130454,0.7813522172350623,-0.07106540056829591
27bb6d3d-77c3-486b-a22a-3741dde393ee_53.png,-0.5319044733523903,-0.1441718824486915,-0.31230949343586917,-0.8262785297412529,0.6706098703674964,-0.17272016929868553,-0.5397860337021154,-0.4210335480726893,-0.654818255668632,0.45062812598783236,0.3796206507916036,0.7602888688580199,0.9461409507619095,-0.28004050961607085,-0.31717843623260844,-0.0010706737167265536,0.5660594693004858,0.6972692116215335,0.7386687079739805,-0.07106540056829591
3b88f35e-b058-4cd6-a43c-563cda6b239f_58.png,2.2982339410853,2.410771645566175,1.3495198069185657,0.25295999875666353,-1.642907350757447,-0.6304381181228844,0.07159696180404268,-1.2169992802955334,-0.7890390151009732,0.7667984367476968,1.4474375402808775,-1.36931718462739,-1.2090707112145318,-0.585767511729256,-0.49868946878394577,-0.9370889100626743,0.3554772949815171,0.7217637304092984,0.7927900019332562,-0.07106540056829591
a653df7d-134c-48e9-9911-e3a0e5f096f4_37.png,-0.47448879056428406,0.4123542304868232,1.3065916765167667,0.9577245061466048,-1.3674210452123008,-0.5627058242462623,-0.3821076246536375,-0.47092412724464194,-0.6669769553923333,0.39015907966544644,0.6520491475468077,-1.3185927908962796,-0.44820525227396707,-0.4810827794881654,-0.48108214010003586,-0.7420273721081649,0.4066735933444765,0.6848698123594041,0.7112719038890039,-0.07106540056829591
6764beec-de30-41fd-ac4d-374023ed0a03_76.png,1.4730002246292533,0.4368356731606978,-0.0258017538951464,-0.426575091275101,0.3155180222566373,-0.21924632727756396,0.13351682347967453,-0.3119411503218596,0.2121721416478234,0.5238400766860778,0.4105723783305492,-0.047531286825468554,-0.8888875090359231,-0.25942078962918935,0.26511421342558494,-0.43790751530461264,0.06101446800739426,-0.33819473166745595,0.19283285291122057,-0.07106540056829591
4af4cf7a-5d36-4d0a-9b11-fcbd77f87c6e_104.png,0.6628730499256675,1.1634462188180377,0.47354704627918415,0.032369989676117074,-0.5544534143835086,-0.4876521797355878,-0.2974958910893155,-0.8544603445674448,-0.7578781702387463,0.7343857646202594,1.1373293111658316,-2.075020326421621,-0.30360638677395024,-0.5151846240818541,-0.4925789495856672,-0.7188446964007617,0.5244689412541941,0.7217637304092984,0.7927900019332562,-0.07106540056829591
258bd669-e070-417c-9e38-6240e5c933aa_37.png,0.6267643271136255,0.08010444363284244,-0.482393947342275,1.3291209354281455,0.795098940186293,0.3988372177085574,0.47171260991091163,0.7071846966808057,2.432739924801507,0.32959497810584537,-1.0483657152489592,0.6324219699162971,-0.3345918579525253,-0.017535612860002606,-0.06913705199791813,0.016627637063884627,0.4635953515441365,-2.2725010165596413,-1.029295248915107,3.12384434817609
75769513-6d94-48cb-b36f-b1f9dc9210d3_55.png,-1.0725787924375443,-1.1003372405908314,0.6768996214218073,-0.8790698786545085,-0.6095762435367612,0.16397157874530782,-0.36512959806515777,1.3746501024330329,0.34446278055735563,-0.2902310906561589,-1.192895414376738,0.39853621514959164,-0.5032905343692116,-0.09327343050412501,-0.28349400438644307,-0.5366019823666802,-1.3149301783059655,-0.3132437932749502,0.018365505219890416,-0.07106540056829591
a653df7d-134c-48e9-9911-e3a0e5f096f4_12.png,-0.07354072467855974,0.037614050333037656,0.06296172213645262,0.34364618851247014,0.1716509029624552,-0.11619814121411956,-0.2897960889352623,-0.6703968932568917,-0.6495600790365705,0.09235036398917591,0.6229469807969986,-0.2814651041714127,0.09231907828561965,-0.2725063811593257,-0.32388963845734825,-0.36210154063378835,0.34103552741288207,0.5503020988949446,0.41394094421832195,-0.07106540056829591
4af4cf7a-5d36-4d0a-9b11-fcbd77f87c6e_117.png,0.5103909785321877,1.4702980408124608,-0.29599290312690923,0.29420975266833505,0.3921998226918925,-0.25992528872594717,0.2937689558109039,-1.2173132141813303,-0.6769351041082394,0.28251861410120255,1.4062189538022911,-0.37778708317675624,0.7085856717261676,0.07446006092762252,-0.2596239305085205,0.043744764201011824,0.3286672608353206,0.5606476099357398,0.43679962738124556,-0.07106540056829591
27bb6d3d-77c3-486b-a22a-3741dde393ee_36.png,-0.6552001332513341,0.019531973044914313,-0.3830616170807128,-1.2880940925994402,0.6005587391640151,0.4353923748257771,-0.642176927549115,0.1608764293945679,-0.39424763256815004,0.9658300293199701,0.03985115652597281,-0.2696172489051832,0.37807397915470053,-0.21738828350208478,-0.10148867600869531,0.19440942194531055,0.3199764054172597,0.27211434980533,0.003408668231768773,-0.07106540056829591
9229a83e-46a1-420b-bbda-57bc886c344b_27.png,-0.12718886770631427,1.2812620023864516,1.142291057222593,1.8984870954034376,-1.5690236340689547,-0.6320497029571893,0.6976425310067144,-0.3974180560125888,0.5349896894049231,-0.12068912748956823,0.5813512951702038,1.2051093682623657,-0.7752741147144813,-0.3819495103204659,0.15227799930793617,-0.3622855666590021,-0.5853246512688706,-0.8073940853411621,-0.8711222074461449,-0.07106540056829591
505d1bd8-e981-43ac-b532-853c95be827a_125.png,-0.8282027220606936,-0.8606290544719642,-0.0686867809493383,0.08187437560852957,0.19536744047327845,-0.3389787571325476,-0.47671789072069093,0.24309941795682785,-0.0917894151191896,0.08296712547230502,-0.3732282363326505,-0.1161344539767467,0.39873095994041724,-0.3105735565197223,-0.313949464728752,-0.16924897882518875,-0.16478714149105678,0.028994840346645737,0.13371688170123341,-0.07106540056829591
22df8deb-bec0-46ea-b532-d6d7e8d8d57a_66.png,-0.46677505771952926,0.6873965380635113,2.115826322628561,1.245145538820219,-2.1500878182632275,-0.6575140522054892,-0.5551924508982279,-0.1420472039227947,-0.6151993936724687,0.9209194501972667,0.521284468864031,-0.16438748999039562,-1.2193992016073902,-0.5968704378760384,-0.6480378188204314,-0.9604279592335911,0.4959884827121767,0.5929012620041009,0.7000329456298581,-0.07106540056829591
519d608c-1d5a-448f-8835-1d3a5261bbba_35.png,-0.7844681337147249,-0.2972230712402133,-0.8145401285283141,-0.5569745067289399,1.0458919807062967,-0.3351662816856169,-0.4709631680924425,0.1932498836339944,0.3675872234451741,0.634685070512232,-0.24005883053022845,1.255429840378871,2.5229571507382835,-0.23126694118556268,-0.44154425732919245,0.3139583374529162,0.7811845686194437,-0.44705080739817477,0.08550185229281661,-0.07106540056829591
19ef2be7-6425-4194-a4a4-1b4a7fbefc4e_40.png,-1.0249878870405242,-0.6342073311278251,0.6580455566611985,-0.2427119026936912,-0.7577611812285532,-0.5136896959630122,-0.4732804790447744,-0.03501773450155853,-0.47466217288954077,-0.17733031165968458,-0.06213776011768459,0.7265121388557606,0.11641888920228913,-0.042517196690262875,-0.15916171338369958,-0.08503040024441061,0.045473212414382146,0.412311238394928,0.20850661184402738,-0.07106540056829591
a653df7d-134c-48e9-9911-e3a0e5f096f4_9.png,-0.44129149374481497,-0.18931267971856808,1.4793863587463123,0.9361826784901172,-1.5071696802028551,-0.5222423320061459,-0.2904553906882377,-0.7891096114036518,-0.6533280973203615,-0.43987994497953953,0.5683102573411634,-1.4401157648976683,-0.42754827148825036,-0.5833883132692312,-0.5539112124865915,-0.8068072445901534,0.24778484252067734,0.692705015574124,0.728583994813866,-0.07106540056829591
824faab9-9bc0-41fa-93a5-24d93dec52b5_12.png,0.05092870886913053,1.1714707652856127,0.7443726207989367,1.5661809714178783,-0.9105759408851162,-0.6162773755456215,-0.38384181432797393,-0.6418043998963091,-0.6730548894033358,0.8110944872767872,0.6604788682788478,1.893725660700331,-0.3621344990001475,-0.5227187525385991,-0.5408867477523459,-0.7821817947765249,0.48738120536075596,0.7130917579192202,0.7736290469290402,-0.07106540056829591
8b0863a2-01d3-4fdc-9994-7b50b25bc730_43.png,0.053065125307628726,-0.16999334768345029,-0.63016958888877,-0.36749233934542425,0.6578637276530982,0.02886835309291054,-0.045822233954718544,-0.7337667225492643,-0.03850041568138296,-0.0486705398756387,0.4596767135289332,0.3472643558088662,0.842856046833326,0.5467309552425429,-0.1966929228810778,0.33686991064000527,0.08613144834780126,-0.10770283127327156,-0.12366884856919017,-0.07106540056829591
19369012-66cc-4209-a974-c98c915c0a70_53.png,-0.8756858433350404,-0.6869645144676174,1.0543594384054378,1.0517679035613958,-0.9904619471233319,-0.625625108963762,-0.7413951833222618,0.9609464678424778,-0.47352922205294645,0.8541511593805533,-0.5383789415347773,-0.05686833804352264,-1.1539854291192873,-0.5730784532757905,-0.5784902969533415,-0.9408910740637529,-0.21279172567195914,0.7217637304092984,0.7927900019332562,-0.07106540056829591
578fbdd2-3bf8-444c-8c21-8d2666ef631c_33.png,1.3348121407431734,1.7742427634160292,1.0129398281456639,1.0194199863635922,-1.0145024850050413,-0.6508978687315682,0.900716761224947,-1.6798382971979695,-0.8074033591462741,-0.167353956895739,1.7863369834217722,0.21802298043827995,-0.9956152430954593,-0.591715507879318,-0.6226070220269622,-0.933105416390679,-1.3880644259945496,0.7031265965490425,0.7516107565294596,-0.07106540056829591
3b88f35e-b058-4cd6-a43c-563cda6b239f_11.png,-0.5951099904761472,-0.08879240947760143,1.4828765720997732,0.9551346449960063,-1.7503119777200091,-0.6529795835718516,-0.5638454380197108,-0.15864479359965916,-0.5881665151253631,0.5851814282347062,0.2762688425476981,0.2216344441703272,-0.9508584513930731,-0.21540561811873077,0.005545138477288913,-0.6606746919552975,1.0090309174309977,0.5511388681703031,0.637748701419266,-0.07106540056829591
41b05097-d935-4d5b-b15a-8c9cc622e21b_98.png,-0.729548708911504,-1.220861161610102,-1.621468941382408,-2.275808705967848,1.5111253561579334,1.0859953018977506,-0.4390197039678958,0.9956478358037089,0.16486967415415477,0.09046711810114003,-0.9918700637601828,-0.885175100975383,0.1956039822142031,0.014583566350332026,0.8481487070180783,1.8028832343562915,-0.9669592059413895,-0.2192974246324361,-1.022970499644096,-0.07106540056829591
386822e1-0d1f-45b2-97d0-ac0273ee2394_23.png,0.5501566270223548,0.7048375078035654,0.2477208573174612,-0.8743676852705828,0.17486251518535498,-0.5120380928084743,-0.6604026416729342,0.15314095389078977,-0.6365640299090809,1.0890760063808422,0.3233233254126596,-0.4207614415631492,-0.1039222391786889,-0.5421488732954682,-0.5027667268166093,-0.6840548957908924,0.6654355445387469,0.7217637304092984,0.7927900019332562,-0.07106540056829591
8b0863a2-01d3-4fdc-9994-7b50b25bc730_44.png,-0.24393834000452042,-0.597077943471199,-0.08930494355912412,-0.3228858159890058,0.42775452928584357,0.030192648362924603,-0.26657002469153124,-1.1714797117688907,-0.6873300776558963,-1.275842949014964,0.5747079259894623,-0.15165892537640588,0.18871832195229754,-0.3851217749338323,-0.28464504986240297,-0.26744169879506147,0.12304043206191155,0.6856305117006392,0.7506975394365377,-0.07106540056829591
00367bac-0715-41b8-93dd-c21b8877a1f3_17.png,-1.3161266376694374,-0.9164160958234276,0.832969677707272,-0.5617344108110707,-0.7545348542278539,-0.6423102073820529,-0.7329540150824301,0.6476133738247037,-0.445493665857833,0.6247511026829211,-0.654347083181845,1.4965610760689434,0.02346247566656402,-0.4382572072077192,-0.5096992430127918,-0.6646638593853914,0.1841151455698616,0.7217637304092984,0.7927900019332562,-0.07106540056829591
8b0863a2-01d3-4fdc-9994-7b50b25bc730_52.png,1.4913980781319836,0.0955425638481942,0.3967608662796687,1.1184826616315302,-0.16253639784916601,-0.43984295542163904,-0.5225466399555749,-0.49391183022286456,-0.6714031245999628,0.5676211915138715,0.5581901355514871,-3.1316201782706576,-0.9646297719168843,-0.5036851648584009,-0.19101660450690636,-0.7557256872112242,-0.5808211582534595,0.7217637304092984,0.7927900019332562,-0.07106540056829591
78667ea1-0eed-4d74-b94c-83a1d16767bb_53.png,0.46958702204433217,-1.4016812994909091,-1.7928231447141696,-0.40535300573293526,1.7157981252173893,4.95737479883131,-0.013521093209840114,2.0000706875205045,0.6335765359987083,0.028361135269967197,-1.6360861429251012,-0.16342909551208393,-0.13146488022631114,2.960031259861019,1.1688246863948326,1.7803439122673788,-0.01209389667527884,-0.5982778364356792,-0.9941202243033805,-0.07106540056829591
824faab9-9bc0-41fa-93a5-24d93dec52b5_0.png,1.4889267078506498,2.632881752300433,0.3547330685657374,1.244396733694787,-0.2730264177776323,-0.6006167863820014,0.08032241327977474,-1.2491505362293338,-0.6989988657298631,0.7711676205799838,1.452701303593372,0.1664701147248341,1.0115547232500124,-0.5056678302417549,-0.5703055288202463,-0.5871501238489092,1.0615939270663524,0.591075583585137,0.5272762178347716,-0.07106540056829591
27bb6d3d-77c3-486b-a22a-3741dde393ee_89.png,-1.0471244838893803,-0.5323621045306748,0.6614275141098417,-0.5524568779740465,-0.8794448692783903,-0.5234261573997048,-0.6779507831168519,1.4309166722458708,0.27421072283407877,0.9265510719432599,-0.8787901070316192,-0.88857014710568,-0.6892033614406617,-0.03974146515356729,0.5163627840693522,-0.019102818150352602,-0.7946801601350753,-0.33309804608118193,-1.5379552879216674,-0.07106540056829591
4af4cf7a-5d36-4d0a-9b11-fcbd77f87c6e_95.png,0.39911832984957685,-0.4070291436566406,-1.2428784548965373,-0.35600028707061476,0.8828204968785366,1.4523043459120164,1.145315853518435,1.5691341163321308,4.102914633101144,-0.19140418685733693,-2.108920226964453,-0.0699916954449727,-0.7890454352382924,0.7929779958551084,1.7505777407792107,1.646592237072728,1.4578590810048144,-3.7342608706766867,-3.150604147018186,-0.07106540056829591
19ef2be7-6425-4194-a4a4-1b4a7fbefc4e_19.png,-0.49503679209276064,-0.2779755731546511,1.4171110202082189,-0.3841549647629464,-1.3594422849321925,-0.40288367139643166,0.02245714899808673,-1.1574987212756758,-0.7019523957651583,-1.6032094780898696,0.7267508689388943,0.34448097563954067,-0.1417933706191695,-0.4069310941507262,-0.45293708426483753,-0.6295359580808207,0.7604745865465825,0.7217637304092984,0.7927900019332562,-0.07106540056829591
27bb6d3d-77c3-486b-a22a-3741dde393ee_73.png,-0.7960703399825927,-0.9241150286753611,0.46926649252218433,-1.0313260559543866,-0.2796140251150329,-0.11672960720589141,-0.6451690240908002,0.15707991730945559,-0.5352289690850037,0.1031188735237333,-0.26125995517908157,0.49038079841237875,0.2610177547023059,-0.45015319950784316,-0.4829646760717617,-0.5673284609577789,0.07438718730575408,0.7217637304092984,0.7927900019332562,-0.07106540056829591
3b88f35e-b058-4cd6-a43c-563cda6b239f_2.png,-1.7647657579566758,-1.3743020827132648,0.6753823627537675,0.8553927215612147,-0.5053033765971034,-0.6666800056181238,-0.6257027449963755,0.3338166772658119,-0.21777834751071834,-0.752563961336777,-0.8999823057979345,2.286083117328584,0.06133360710704462,-0.5560275309789462,-0.5851674101793881,-0.7560601694313506,0.17425285931018242,0.2938703509646491,0.22053462300348367,-0.07106540056829591
16c36170-95cc-4260-985e-1bc7fbeac4a2_13.png,2.9057409530722382,1.7746595378144974,0.046846579751583316,-0.07025961372157903,0.39252604340839276,-0.5726820082134161,0.854608683581804,-1.7316871897633759,-0.8362288033264785,-0.0941137462815566,1.8382852872466224,-1.3024678346935044,-0.8165880762859147,-0.4378606741310484,-0.4540798674225056,-0.8205525834296147,2.3462022859836473,0.7217637304092984,0.7927900019332562,-0.07106540056829591
3b88f35e-b058-4cd6-a43c-563cda6b239f_1.png,-1.7093000529058069,-1.0162015915189089,0.6381828852805503,0.35922607014848423,-0.5396284525805856,-0.6323993758049395,-0.610481514483344,0.9112909739037008,0.5181940900402854,0.2956791987989443,-1.146853440324551,2.343949395785878,0.591529447273773,-0.48147931256483617,-0.5552669115341645,-0.5791559077838172,0.5611174337142556,-0.5804774718507818,-1.249694104445582,-0.07106540056829591
78667ea1-0eed-4d74-b94c-83a1d16767bb_44.png,-0.13285374778512404,-0.39540584343119867,-0.49061036171406947,-0.7158877707823332,0.6462958603529925,0.11509749565032264,-0.6221089465730412,0.6110452578348875,0.03725942691186911,0.9258554036329784,-0.4222941325174192,0.3980521566264,-0.2313069540239418,0.0776323255409889,0.2771819574341143,0.29816358047972563,-1.401193386772509,-0.3657320478201605,0.4677970081873968,-0.07106540056829591
75769513-6d94-48cb-b36f-b1f9dc9210d3_33.png,0.4903145934019354,0.01764957704096213,0.5449915268424435,-0.7800151673725613,-0.4107300640321039,-0.41417357323965315,-0.5116274385418077,-0.5257572827227052,-0.6655574987797475,0.4828467762894394,0.4915849336251344,0.4948201978758021,-0.4757478933215893,-0.35815752572021803,-0.4887379179578231,-0.7566762282114939,0.42343248210312007,0.7217637304092984,0.7927900019332562,-0.07106540056829591
a3283dda-4e12-48f9-90f3-8f3223c77d46_27.png,-0.014665928577913831,0.024396942552217415,-0.8892712511084091,1.3164470981836975,1.0095895091551654,-0.09855249338484304,-0.3223483775061921,-0.749273329097057,-0.6619093770746258,-0.09858775641793113,0.5912701140051256,-2.277632874782027,0.2679034149642115,2.143569654995846,0.4162803395628491,0.9438670322771301,-0.7292322138577931,0.7217637304092984,0.7927900019332562,-0.07106540056829591
2ec83b5a-f1ad-4dae-bb33-773f1eee7923_40.png,-1.6413645502964658,-1.3256512702149597,-0.7097428115498178,0.4998357161835182,0.714516728363524,-0.6597710768802509,-0.6526418332035517,1.008155258088026,0.4064883064699817,0.30066255711866435,-1.220039809044165,-0.5241899632162388,0.5020158638690007,-0.14521926354799955,-0.051173752257909155,0.48538082345027606,-0.28857483034134307,-0.4197417010478407,-0.33695199739415044,-0.07106540056829591
27bb6d3d-77c3-486b-a22a-3741dde393ee_35.png,0.2445844732247645,0.11891122264489147,-0.40460336159834565,-1.5746246423668935,0.7804556407943454,-0.05187644242943819,-0.4817362020908015,-0.5853518581333885,-0.6818731486127237,0.6094734573195443,0.610832575887733,0.480745050820358,1.5417505634167408,-0.24118026810233265,-0.48184900817273635,-0.2377840419869112,-0.5433122546417264,0.6359568447179981,0.6031973945231203,-0.07106540056829591
578fbdd2-3bf8-444c-8c21-8d2666ef631c_9.png,1.0806281869470045,1.440001281037345,1.3868856209799878,1.9273937203921403,-1.703103854616587,-0.6509650512095025,0.4966549025787805,-1.4009962669943692,-0.7658864591005198,-0.17368240308236774,1.3743626249304568,0.5623829113495801,-1.1333284483335706,-0.58775017711261,-0.6036543447104533,-0.9435375545829507,-2.3580948999474436,0.7160584853500364,0.7801841104831148,-0.07106540056829591
519d608c-1d5a-448f-8835-1d3a5261bbba_97.png,-1.592757478820088,-0.6404266321894059,0.12813563566828315,0.6167908468971555,-0.341812950784151,-0.5540106224902088,-0.5987299020258953,1.5348446712388548,1.6628016029689934,0.6821309441347193,-1.3872868084965178,0.37035647264817534,-0.44476242214301426,0.33974068922038636,0.40349802049022265,0.4059388911608702,-0.4875712906153046,-1.4502610986188031,-1.8223187445175744,-0.07106540056829591
2ec83b5a-f1ad-4dae-bb33-773f1eee7923_66.png,0.1932273682145153,0.13081734007493268,-0.6715565036283927,-0.33320049218197245,1.0237093091296903,0.2497628837215029,-0.31315066902093114,0.40986498309593594,0.6267048378349106,0.758011200008696,-0.12400306597046215,0.48409694758966676,0.7395711429047426,-0.16068405353816065,-0.3355223660746262,0.009439476070142236,0.8442073026145671,-0.7009722475023951,-0.2617357943377302,-0.07106540056829591
824faab9-9bc0-41fa-93a5-24d93dec52b5_11.png,1.6837683069962741,1.7673310847042805,0.2079803195689583,1.7186547653662116,0.17733175647043822,-0.53458482932043,-0.3243222569676599,-1.0871690227880133,-0.7800538809143516,0.8587812360878142,1.236505144429104,0.11682959264080114,-0.26229242520251683,-0.39463856877393144,-0.47403927999355006,-0.6868519458151946,-0.4876669637368174,0.7217637304092984,0.7927900019332562,-0.07106540056829591
519d608c-1d5a-448f-8835-1d3a5261bbba_38.png,-1.636650127953484,-0.6247188268750344,-0.12769883010878974,-0.21949240104429726,0.1991558920414834,-0.6582370158326993,-0.6533556380605776,0.38419820530027005,-0.42299180227402744,0.47601346329515287,-0.4286448586245684,0.03184146511038906,1.2353386817619432,-0.3272279457398958,-0.3108064829594723,0.1502047449686767,-1.6035294831991858,0.5833925202386643,0.4870551146291459,-0.07106540056829591
27bb6d3d-77c3-486b-a22a-3741dde393ee_30.png,-0.11450241986449976,0.11557971065211715,0.14279333371100283,-0.7168108024365638,0.10167196123684447,-0.20175943568371973,-0.530413357865783,-0.5597407150820378,-0.6857222580305327,0.6450626459224316,0.5913861906719637,-0.1464294183388171,0.40905945033327556,-0.19042403428847052,-0.4511163581287882,-0.47246446913086737,0.5660057421316661,0.7217637304092984,0.7927900019332562,-0.07106540056829591
258bd669-e070-417c-9e38-6240e5c933aa_62.png,0.04010539563361838,-0.2854346063264797,0.327513376165883,1.5702280981849486,-0.11882348171071531,-0.47971774815668106,-0.6170104289304924,0.02085545643187851,-0.544766811621592,0.7364662953436013,0.0521708544725592,-2.3918732805504472,-1.1195571278097594,-0.06234385052380277,0.5583998478075664,-0.6508235631022101,-0.3840617982948959,0.49819419402035187,0.2988071356403584,-0.07106540056829591
4af4cf7a-5d36-4d0a-9b11-fcbd77f87c6e_88.png,0.5083380137119992,0.3404442924996326,-0.09042160050268505,-0.5775913045106048,0.033425388656735985,0.019623269687634098,0.572709958483891,0.6794639069751607,0.8628978783490038,0.03604840946704135,-0.2703219734673411,-0.9773441387747783,-0.4000056304406281,-0.3212799495898338,0.06648933237148238,-0.03999303361669481,-0.5665265963723928,-0.7845731051041142,-0.43586128280719166,-0.07106540056829591
92da35e0-d1db-40c0-86e2-73b0de7f8784_32.png,0.09074148381055303,0.26467797443991836,0.7809311926808671,1.1419736109417753,-0.7820373472203395,-0.5464673468861252,0.3516537297264285,-1.4008700580151532,-0.7489390509780872,-1.1108499152688944,1.1237196028325231,0.2137515717332027,-0.5962469479049367,-0.5714923209691073,-0.5750449151610392,-0.8534112283596994,-0.2834254370763474,0.7217637304092984,0.7927900019332562,-0.07106540056829591
519d608c-1d5a-448f-8835-1d3a5261bbba_28.png,-0.182168249847994,1.1826380995423658,0.3857313052225785,0.7140131729458074,-0.5386939255685061,-0.45438703575917483,-0.056005953140530765,-0.9275122978345716,-0.7267376965267552,0.43955234228607154,1.1113488160668101,0.8507225727062018,-0.2519639348096585,0.18667892162545832,-0.2083619986373962,-0.37822355528383256,0.4973301454283825,0.7217637304092984,0.7927900019332562,-0.07106540056829591
a653df7d-134c-48e9-9911-e3a0e5f096f4_26.png,-0.7048292804310998,-0.6972089885330108,0.07582974469211716,1.0108454260155897,-0.13985363326927372,-0.4035037310469655,-0.395974638837049,-0.5493373186277076,-0.4893614914739131,-0.5027213174384791,0.11815507636543676,-1.5326679235717482,-0.6685463806549451,0.5181805737222454,0.4844632926555684,-0.08598726100100926,-1.1328325565454278,0.7126353383144792,0.7726205756130294,-0.07106540056829591
00367bac-0715-41b8-93dd-c21b8877a1f3_9.png,0.5887689746889346,0.02465889955912353,-0.24650498407099108,-0.7669303082978046,0.6208080832268444,0.23744477583549456,-0.297185904685028,0.8300682649044209,0.7596384111807101,0.7981097801851966,-0.5303401232038079,0.3276250340139918,0.19216115208325033,-0.27845437730938766,-0.35981360229786646,-0.2841432581264572,-0.1589441348339611,-0.7867791331936954,-0.04393536500158501,-0.07106540056829591
273317d8-7414-4eb9-bb2a-b42c7082fe9b_29.png,-0.42887052127820446,0.8506154465382901,-0.4281227769241729,-0.694488569604166,0.6006104162349032,-0.18095692917354186,0.0703786935578217,-0.7622108609648989,-0.565729943063374,0.006498386714382431,0.695197134928568,0.580778069080508,2.450657717988275,-0.31652155266978427,-0.40654311603433496,0.27991087801105863,-0.5586754018569836,0.7217637304092984,0.7927900019332562,-0.07106540056829591
07a9fdc8-46e7-4ddb-b62f-fe041b4ea954_36.png,1.4034762435318635,0.24542955640827957,-0.9410057920573847,0.23533186422933214,1.262699975028215,0.18159638721102322,1.6036866489069896,0.18718905468422456,0.2568802930527371,-0.8021936455193476,0.16092966899987846,-0.42363104243235244,-0.18310733219060288,-0.027845472853443354,-0.05975141151585981,-0.06662661873415751,1.0895866051401923,-0.32518677293233866,-1.5204751184441374,-0.07106540056829591
258bd669-e070-417c-9e38-6240e5c933aa_24.png,-0.3887774452861147,-0.9654170776063414,-0.06931238605048173,0.538036908494052,-0.06890613910563391,-0.3437582667005866,-0.2677406027217083,1.251711537115843,2.663746571404859,0.5373670817980974,-1.700107507386773,0.13095969406653132,-0.9267586404764037,0.11173417013467753,0.869298978403574,0.0685390334483629,0.05873781762949618,-2.4821497550039884,-0.7726113684805869,-3.5227089684082107
22df8deb-bec0-46ea-b532-d6d7e8d8d57a_38.png,-1.7258224967662594,-0.8141156984965857,1.0268220188538388,0.9615665076507954,-0.9661221863175494,-0.6499894028203216,-0.36313930573712944,-0.1506377756973946,0.1270517932104342,-0.9136375798100509,-0.4103976219418186,1.9858957009508444,0.8221990660476094,-0.48822037486823977,-0.603848712986801,-0.6692424722525293,0.8803570601985922,-0.25025788782069786,-1.2913596754102366,-0.07106540056829591
386822e1-0d1f-45b2-97d0-ac0273ee2394_46.png,0.7601198887832494,0.190922037870996,-0.748100622268078,-1.266134223586425,0.8301659108886863,0.24587207259184185,-0.2527906490220192,-0.416499053042894,-0.11852363824553476,0.608793858756511,0.47105260877302557,0.3595585793686884,0.8635130276190427,0.2770884631064003,-0.14061957035408232,0.4735786290723263,0.182984011681948,-0.020374546899501356,-0.5016388426764458,-0.07106540056829591
505d1bd8-e981-43ac-b532-853c95be827a_72.png,-0.10057918406038449,-0.6494490369589436,-0.6738185184637552,0.4947252232532769,0.6716670326056685,0.2580146482873931,0.18971076246272112,0.06791695316154328,0.8885185582989642,-0.280915346934077,-0.4007181646744494,0.07887095639259252,0.13019020972610024,-0.24474906579236982,0.010152663906799708,0.38281143857178723,-0.661501464510728,-0.8136318199392886,0.08119113153975364,-0.07106540056829591
3b88f35e-b058-4cd6-a43c-563cda6b239f_101.png,-1.6443426442260645,-0.763307577690501,-0.5730315836200571,-0.016074869778669808,0.5770384627251903,0.10141659510423355,-0.48057150791844805,-0.03342066459445049,-0.273992858414589,-0.22116827664969502,-0.35975095817273456,1.630055630269084,1.9066905572977355,0.14980134549507412,-0.34069739480297795,0.3814317791490271,1.0218082350008517,0.3002602254310225,-0.13853325840323452,-0.07106540056829591
a3283dda-4e12-48f9-90f3-8f3223c77d46_15.png,-0.09355160478417597,-0.40168291847771853,-0.10466163440963702,0.9214708131803179,0.38413310269873246,-0.023618753088508478,-0.47772062396453036,1.273705078275728,1.5255271847300453,0.8959456875751718,-1.0616971838790625,-0.9543319977272138,-0.6960890217025674,-0.1884413689051165,0.11948663113723672,-0.23557420014016867,-0.7342339048395083,-1.4714085403051342,-2.5193047106758035,-0.07106540056829591
4a7aeead-7888-4bb1-a39e-eef6dfc4a6ff_92.png,-0.7334585999593652,-1.1095473856155078,1.3662523356801717,1.8993615463435718,-1.6442703033449426,-0.5300066603358645,-0.7203362368179957,0.6314341738434901,-0.3222304224973058,0.4343518465503491,-0.806550286844861,-0.8947927259420726,-1.0403720347978456,-0.5841813794225729,-0.3484022475994992,-0.8486885970375965,-0.6105160759000388,0.7217637304092984,0.7927900019332562,-0.07106540056829591
a6a04226-e7be-4c2a-8240-4e24256bfed9_2.png,-0.20386015401946347,-0.672177184733844,0.9733886274221886,0.20418249340852138,-1.1940870636951657,-0.5608099189542476,-0.479451716871591,-0.4685687131299975,-0.5890061006870244,-0.7083575499573199,0.10301427639944749,0.30968135200471386,-0.7029746819644729,-0.46522145642133345,-0.1699240420249388,-0.5975556647663538,-0.09919621994539823,0.7217637304092984,0.7927900019332562,-0.07106540056829591
578fbdd2-3bf8-444c-8c21-8d2666ef631c_49.png,-1.431148249650909,-0.7974120282461776,1.4697891978920061,2.4920241046715303,-1.7569462141594643,-0.6610270265052209,-0.6372849642838488,0.9533922528345492,1.2485569297381585,0.6713572158328934,-1.1663491926639242,1.103236285513952,-1.016272223881176,-0.5473038032921886,-0.3642484048694945,-0.8138787888384319,-0.17297818379411772,-1.2461654653654708,-2.0998096369557606,-0.07106540056829591
3b88f35e-b058-4cd6-a43c-563cda6b239f_47.png,1.1089270002275409,0.33219600830858315,0.4258554424459436,-0.46752102434824366,-0.13043886441364605,-0.5171719692448716,-0.6051021200488984,-0.3186228705954061,-0.6817420981108961,0.8905634075042753,0.5007181870503989,-2.631543067877326,-0.9439727911311676,-0.31652155266978427,-0.25577736275232243,-0.7718848842158084,-0.2051874959139583,0.7217637304092984,0.7927900019332562,-0.07106540056829591
505d1bd8-e981-43ac-b532-853c95be827a_136.png,-0.16926190078486048,0.31190299849518793,0.8669390871572054,1.0092030597032007,-1.0485007324270559,-0.2067123032850076,-0.5650949836154155,0.24833932961946542,-0.46850545795328424,0.8659714435467689,0.2867322708353963,-2.3828903155993846,-0.6203467588216062,0.04947847709736224,0.20739504225747812,-0.23685872331303656,-1.3316142496068446,0.35039031201840454,0.589331728086724,-0.07106540056829591
855258ad-52cd-446f-9db1-1bc38d82eebd_84.png,-0.4179301488881048,-1.04907807119804,-0.7592954802173163,-1.7210680904384552,0.9615604964707961,0.793517447955477,-0.5105132216760466,0.6015185973955063,-0.3762347612110272,-0.36089253993997633,-0.618687030901701,-1.0646964470217646,0.8462988769642789,0.14345681626834136,-0.16263227726066487,0.33049140262423593,-1.0521323551644906,0.5253511605024389,0.35881117894303316,-0.07106540056829591
a653df7d-134c-48e9-9911-e3a0e5f096f4_1.png,0.6040658848689405,0.6144346249113233,0.24251748551597702,0.08561951350912285,-0.4936200426285359,-0.28071699009306667,0.4247841986164615,-1.1667616807093601,-0.6029868159650795,-0.4607888484109432,1.1812764046496402,-0.1547477676193036,0.10264756867847799,0.21919463391246377,-0.1258396625720192,-0.04206399311567362,0.13004119524429045,0.4000639790010456,0.08198580269791574,-0.07106540056829591
7483fa58-40a2-4a34-b0a6-a30645af78bb_28.png,-0.006995710351533359,1.4564151400014476,-1.6642832885780217,-0.27288972803189365,1.5108313396556445,0.7848333915899823,-0.4294723704572195,-0.21480496113949946,-0.1860881659392819,1.039062287847009,0.5575495350105201,1.8514710078668672,5.752331813571993,0.2322802254426001,-0.412844643637836,1.4913016964122343,0.13145872430550606,0.1314610416109911,-0.5114995667747696,-0.07106540056829591
505d1bd8-e981-43ac-b532-853c95be827a_15.png,0.3841080056485912,1.0406912228631042,1.010300362445646,0.5908968449412262,-1.1272755128673762,-0.5953140797097649,-0.056947370392313325,-0.9374356708352424,-0.6304312279681239,0.3565191994648587,1.021609748829939,-0.3685171560855601,0.18183266169039197,-0.5580101963623002,-0.5230588879935608,-0.6425450544321597,0.7753086633877561,0.4930214384999543,0.28737779405889535,-0.07106540056829591
a3283dda-4e12-48f9-90f3-8f3223c77d46_18.png,0.11895796332399286,0.24616975372998592,-0.5647485900202934,0.526720181654662,0.8691138172929272,-0.20771457215797073,-0.35361086250683427,-0.6463911448054247,-0.6840241030948653,0.28061445916705635,0.6145519617484466,-0.17614591623006104,0.5846437870118674,-0.39146630416056505,-0.1181402784923195,0.2512622007787314,0.16421136308413353,0.6613642027152448,0.6593356311144197,-0.07106540056829591
48a4d49c-a4cf-463b-ae33-31db1940e1d3_46.png,0.5491746082601257,-0.7144867116521679,-0.8624887451635868,0.2672241342308797,1.1135596024737935,1.5581046778514311,0.1965029021282956,1.5983903443261451,2.2021022218139854,0.4125114975457484,-1.591702716734833,-0.18479649061342407,-0.9956152430954593,0.6898793959207009,2.37081500857717,0.6278579577431052,0.8149785404299242,-2.060722319959836,-0.48451430143364854,-1.365431738508264
3dbb185d-309a-4682-8409-24f5556e96df_136.png,-0.25634436981285214,-0.8784779111364747,0.21970100793275957,-1.5422429097478974,-0.6491520539648292,0.5502295759816791,1.3714947547031962,0.24915631482842365,1.2973205280120734,-2.0949823425444825,-0.7347727717585242,1.053694270315631,-0.5032905343692116,-0.06789531359719395,0.37378429318896805,0.24249380933811582,0.359407478247548,-1.339046854930256,-2.299586693759481,-0.07106540056829591
386822e1-0d1f-45b2-97d0-ac0273ee2394_38.png,1.0832101569870594,0.12395333972076081,0.4158794740262689,-1.8205388313082826,-0.045254327695174776,-0.41738224601240137,-0.6356696904728957,0.008477611958310044,-0.6025652442112072,0.9287579717698634,0.2539211617965109,-0.41291290657935453,-0.5859184575120783,-0.5076504956251089,-0.4967948640210807,-0.7899451632209318,1.0371391235624423,0.7217637304092984,0.7927900019332562,-0.07106540056829591
22df8deb-bec0-46ea-b532-d6d7e8d8d57a_2.png,1.3062192385766622,1.6947289892395403,0.8336831033334386,1.1955688860956275,-1.0144499126632534,-0.6522570929775724,-0.10866771936902733,-1.1345525983856342,-0.7658161615728593,0.7352354233152887,1.2542286876151174,-0.3655969662187464,-1.1849709002978623,-0.5960773717226968,-0.6410603238208161,-0.9566700546682292,0.798211144242787,0.7217637304092984,0.7927900019332562,-0.07106540056829591
a6a04226-e7be-4c2a-8240-4e24256bfed9_30.png,-0.09383221391676075,0.3744833373666359,-0.8323789432518283,-0.36351378949911484,1.1649712077304275,0.8375934091471856,-0.476462407420454,0.031010530328352718,-0.461240655349319,0.8004044809897612,0.14813826787033257,1.104150719249756,1.4832224511905434,-0.2697306496226301,-0.34872117434976035,0.16859499846316417,-0.11799130852362726,0.38180719481140724,0.23772810337974826,-0.07106540056829591
3dbb185d-309a-4682-8409-24f5556e96df_25.png,0.7847613483010032,0.4949324778596583,-0.32605870132049536,-1.6710054058027537,0.7161182535801616,-0.038649343547366086,-0.4960847635855688,-0.3605462460629961,-0.5463234193104697,0.8814445868333154,0.4825872477763263,0.37462854466187184,0.670714540285687,-0.26259305424255575,-0.3904300156447478,-0.25154971348402533,-0.5180944494377262,0.4339911696201236,0.15694883718809352,-0.07106540056829591
a9e37804-c00a-4e4e-b99f-e267a0056a05_109.png,-0.041575393383589676,-0.12160232262610235,-0.725552153680251,0.6672172790462194,1.1498197882238272,0.3321094257124809,-0.6365847852028356,0.7620036706184883,-0.5637638789716316,0.7652372296129204,-0.12647907655288196,-1.9305748082796,-0.07982242826201942,0.12878509243152184,0.18759062804930052,0.23323259663313725,-0.48985902073112214,0.6824355744674524,0.7058933902036101,-0.07106540056829591
3dbb185d-309a-4682-8409-24f5556e96df_5.png,0.038601351224770805,-1.0463907813078868,-0.6802318825399625,-2.830789604910411,0.6603956628525769,3.60888682551037,-0.028598943398011074,0.44089380254628685,0.18921816701269406,-0.32754756983690897,-0.6298591324840076,-0.11855063461068564,1.0184403835119178,0.1708175985586264,-0.0894103902837948,0.7548030551327698,-0.6659378836217923,-0.2718617491117699,-0.06837333774677883,-0.07106540056829591
48a4d49c-a4cf-463b-ae33-31db1940e1d3_39.png,0.7980826991846086,-0.5796245466633726,-1.2954425425974303,0.19461425265704335,1.5666823154343177,0.9292310060173533,-0.060174821246944094,1.3429906544765173,0.39747124272739187,0.3405072111324119,-0.8659628595442784,-0.7237322960832908,-0.5411616658096922,-0.1519603258514031,1.006846896708224,0.6769611678680034,-1.0019669465655199,-0.4339667787289339,-0.4721595870278295,-0.07106540056829591
27bb6d3d-77c3-486b-a22a-3741dde393ee_110.png,-0.08422346663008223,-0.9547435793002832,-0.18684343911985024,-0.6850272550582697,0.1932132556630355,0.8365424662834512,-0.041597004683889195,0.408136379456984,-0.07674038015651402,-0.8255970389165455,-0.5047404859432166,-0.1560311125455838,-0.4688622330596837,0.007445970970257664,0.3165998247012012,0.056636987767629716,-0.5207337234869454,-0.032013246820395816,-0.8727003764595064,-0.07106540056829591
19ef2be7-6425-4194-a4a4-1b4a7fbefc4e_8.png,-0.7523395331432577,-1.2955804959019621,-1.644162127256274,-1.2823056335742622,1.3144950959146526,0.29826127465863206,0.03123369713386579,1.0020173894317879,1.3170026379960846,-0.4914772434842684,-1.3595035595377734,0.0751913472413194,0.8015420852618926,1.2874547424635934,0.26790071475375976,1.7923859663793031,0.38533314649674133,-1.1299306060247734,-1.0513555670162313,-0.07106540056829591
41b05097-d935-4d5b-b15a-8c9cc622e21b_48.png,-0.8500385321927604,-1.0416908000442053,-2.1280123117823746,-1.899649990958775,1.6233334085382212,2.136911646357625,-0.19873626654968501,2.3435778205499753,2.147971436033011,0.26729810215939226,-1.9694792337170912,-0.7820621922400413,-0.20032148284536677,2.282752764907296,1.6624267456354709,2.950271127227019,-2.059233412467027,-2.031587535190538,-3.0374380269296295,-0.07106540056829591
505d1bd8-e981-43ac-b532-853c95be827a_120.png,-0.881031917276159,-0.760574532706046,-0.43451341038689273,0.7633998241276672,-0.13769947052410753,-0.2905084048441741,0.43409339072364433,0.38565036258884655,2.0934098140856996,-1.1057985839624682,-0.979522781575071,1.262816002635032,-0.3449203483453836,0.12164749705144746,0.4383300381709333,0.6979678644588823,-1.266671436555057,-1.9581039788272439,-2.6315677003201134,-0.07106540056829591
3b88f35e-b058-4cd6-a43c-563cda6b239f_51.png,0.7305195086992406,3.438310045646713,-0.3132260070670354,-0.862719030551546,0.15529717892894718,-0.4351664011617195,-0.4598482509868572,0.3319501543486752,0.0379177586677816,1.2413329873568288,-0.03493779598966372,0.46549226090782764,-0.44476242214301426,-0.5120123594684877,-0.5142096672675802,-0.7548473431260745,-0.8338287887655673,-0.10975671949460587,0.44090145876255427,-0.07106540056829591
00367bac-0715-41b8-93dd-c21b8877a1f3_32.png,-1.4241141030027213,-1.1651218664333234,0.051075721178026764,-1.0452777682037575,0.06532201422324005,-0.6567331988352768,-0.711709262541628,0.49487762462330925,-0.3160342447559482,0.45652159950325005,-0.8094631496617206,1.2931848085126685,0.9289268001071456,-0.24078373502566183,-0.33980584555198207,-0.032979134742196735,0.018423228940287938,0.39603227249250045,0.47051883164186525,-0.07106540056829591
855258ad-52cd-446f-9db1-1bc38d82eebd_90.png,0.13091772069470894,-1.3049810977998075,-0.8946964861429745,-1.4417069504755498,1.1839699893473437,2.563788970150533,-0.02146739803903108,1.150366329869668,-0.060242464929839735,-1.3311521607454315,-1.0990901911547575,-0.9751963940180951,0.29544605601183377,-0.24316293348568663,0.007891438675442859,0.3534460126353811,-0.599935149948513,-0.08282796281488929,0.04738701111714175,-0.07106540056829591
07a9fdc8-46e7-4ddb-b62f-fe041b4ea954_24.png,0.1351143874283515,0.028389085103034516,0.07950828404869138,1.039712041212357,0.4899090057849491,-0.5284023239494904,-0.6480530434545669,-0.16881355899107464,-0.6330306011686092,0.8286110772586247,0.20798355935207075,-0.7495882547157504,-0.49296204397635324,-0.5001163671683637,-0.40083177854139024,-0.6827241383905148,-0.5914784214059688,0.7217637304092984,0.7927900019332562,-0.07106540056829591
273317d8-7414-4eb9-bb2a-b42c7082fe9b_0.png,0.6033157578625006,0.4294596922316364,-2.4988862621482215,-0.37053315879932336,1.6716383814599116,3.1498532190188095,8.713816623469677,1.347024343709659,1.9798966305272694,-4.783844474430394,-1.0963040535177475,0.35334343268072893,0.653500389630923,1.580492686123313,0.48747780577447486,2.44230519244421,-0.6001418951281775,-2.1295656103415976,-4.1101678176092,-0.07106540056829591
4af4cf7a-5d36-4d0a-9b11-fcbd77f87c6e_134.png,-0.05927394235213561,0.7333584071364562,0.26188839318570006,0.5644837151575491,-0.4493448280087204,-0.5103527860737141,-0.33421735744338615,-0.8598547741862126,-0.7139366284773221,0.5958220269839438,0.9737624712805006,-0.19397240542323393,-0.28294940598823354,0.08595952015107565,0.1108851826663107,-0.03694688357498432,1.6218821899638132,0.6071263396851941,0.5394956230617354,-0.07106540056829591
27bb6d3d-77c3-486b-a22a-3741dde393ee_111.png,-0.05964286866356661,-1.0347862704256077,-1.273356802114466,-1.0990188788440052,1.2557525043608184,2.3201655120839284,0.48069509307051844,0.8967380176007325,1.6616728645925138,-0.3927177618937022,-1.2661436861356037,1.0615974374360269,1.6071643359048435,-0.11984114664106847,-0.2663701514399809,0.8569609473417542,0.17180488945524133,-2.2813251289179663,-0.5071642295834392,-0.07106540056829591
578fbdd2-3bf8-444c-8c21-8d2666ef631c_128.png,0.02789780047537737,1.8082043972340176,0.4896570933724455,0.608231439267635,-0.5544396508688803,-0.4286674136599047,2.6921941527460125,-0.36805569975656294,-0.49423010797269185,-1.2458154526149663,0.7207503047115108,-0.7763152979574656,-0.33114902782157246,-0.5009094333217052,-0.3827525223585528,-0.5959621614557085,-0.13875219186975113,0.35632376688003703,-0.014659365086507274,-0.07106540056829591
19369012-66cc-4209-a974-c98c915c0a70_57.png,-1.1268138067505231,-0.14078179609011243,-0.7181795651644483,0.5025619736267402,0.8782663622508381,-0.2129671888968872,-0.5711113830784522,1.2945449672486964,1.3492723460776073,0.8785213960653602,-1.0483540927073858,0.6761889451448586,0.5846437870118674,0.04868541094402065,-0.26602662913882746,0.18376713024189117,-0.15396351389536728,-1.3258106863927683,-1.8036852105907069,-0.07106540056829591
78667ea1-0eed-4d74-b94c-83a1d16767bb_34.png,-0.1822750003722032,-1.2735195304597202,-2.688270315647526,-1.3828969348447873,1.8051741776498251,5.072495795551166,0.7536667671430577,1.3007768893773923,1.842597816218305,-0.7362198787582536,-1.619021125217221,1.2346684025813288,1.0838541560000208,4.581851543444582,0.8360292648044542,4.251685053666019,-1.2628415285503545,-1.7705155212787096,-1.2569769839485658,-0.07106540056829591
386822e1-0d1f-45b2-97d0-ac0273ee2394_65.png,0.06182410614772024,-0.5513607931777125,-0.8418991673378661,-0.544715593140549,1.283335842806853,1.1775408056431735,1.7252901966085425,-1.2009248713798535,-0.528772928770622,-5.759320153190116,0.5302373976631153,0.6510762924217439,1.8998048970358299,-0.3407100703467029,-0.4542077963193312,-0.028358564331206006,1.3602230789243344,0.3742002013990579,0.0248390947906055,-0.07106540056829591
41b05097-d935-4d5b-b15a-8c9cc622e21b_11.png,-0.8180512286224049,-0.8311583045590583,-0.1164627123822046,-0.26031867037896494,0.29402237774390577,-0.2707948860422335,-0.558718120441499,0.04999770387397224,-0.41869882267414593,0.06830877795762604,-0.25827728541407413,0.8504934785665675,0.6741573704166397,-0.3311932765066038,-0.30184672076260205,-0.05374295761299921,-0.7863383594786013,0.37754727850049163,0.03223455110802075,-0.07106540056829591
41b05097-d935-4d5b-b15a-8c9cc622e21b_10.png,-0.5492456732344408,-1.0022172555198907,-0.1987931355593559,-1.2325854703114045,0.41855999551411105,-0.09689855471482167,-0.633412147128983,0.8903315972389155,-0.35685414093593837,0.31771516918230497,-0.7758260862681623,-0.7157049110176661,0.09231907828561965,-0.17813150891167576,-0.07872751742208497,0.021129710995160735,0.22157963041559178,0.4371861068533103,0.16400813640017348,-0.07106540056829591
855258ad-52cd-446f-9db1-1bc38d82eebd_93.png,0.22461946122071091,0.7070690332003813,-0.30835158207084634,-1.2973324230536813,0.4945605952673923,-0.23236624654928326,-0.5656641694406709,0.2664529420365881,-0.6061302103949986,0.9232020196848452,0.33958578891233737,-1.0850878856674246,0.5433298254404341,-0.3736223157103791,-0.19603693733755714,0.06544536147544337,-1.1840006665519929,0.7148413664040605,0.7774948536404179,-0.07106540056829591
580d287a-e8ba-4363-873d-175443ac329e_1.png,-1.0839706928635133,-1.1315956806221839,1.1514992318573545,1.0749180571570642,-1.1653969117283844,-0.4712879485945718,-0.7140358637957867,0.4205376890115823,-0.43202023725420186,0.21395965070666556,-0.6165446072585936,0.4680503922433856,-1.0059437334883177,-0.5278736825353195,-0.4485530258827157,-0.8715015810440682,0.9618563214495839,0.7217637304092984,0.7927900019332562,-0.07106540056829591
16c36170-95cc-4260-985e-1bc7fbeac4a2_40.png,-0.23534541244783305,-0.7521205428751058,-1.2670384934789878,0.0025452842222501047,1.5144511053642593,1.6134958558836272,-0.12016508723314924,-0.0400789864017179,-0.49518527936977025,-1.345571530339486,-0.07609876116155163,0.7288597810613247,2.402458096154936,0.16764533394526002,-0.2918100591753844,0.7521088445299322,1.1070024851849614,0.5468789518593875,0.40637740934823663,-0.07106540056829591
258bd669-e070-417c-9e38-6240e5c933aa_42.png,-0.2742447951851498,0.9474400383215342,-0.11831252706379956,1.7930796246404979,0.11936223770947063,-0.1645917907589946,-0.6959535299968278,1.4495547568235043,0.01179544390098871,1.1949439024637978,-0.5746147858880815,-1.939116815757562,-0.6410037396073228,-0.1349094035545588,0.6745381009660909,0.13785731278919244,-1.8224203950757463,0.052424380056681645,-0.686133182997405,-0.07106540056829591
16c36170-95cc-4260-985e-1bc7fbeac4a2_26.png,0.7365983182245319,0.3537468698000247,-0.5835758716732329,-0.23228352121456308,1.3596771994952281,0.34724447573350387,-0.4589762013220481,-0.8879837527534766,-0.7230781505660154,0.565385101666078,0.7395251244285442,-0.057767322437494856,0.6776002005475925,-0.41010335876409254,-0.4599506000393174,-0.41505179271458026,0.032130457417387306,0.7217637304092984,0.7927900019332562,-0.07106540056829591
578fbdd2-3bf8-444c-8c21-8d2666ef631c_45.png,2.1281806995627446,2.664234621966522,0.7971688717997244,1.3431989304863239,-0.6866166794725665,-0.645902440961092,0.5343431796762936,-1.2244437500222343,-0.17594898770675735,0.6770355180001957,1.3793655519255994,1.000567035313976,-0.6444465697382756,-0.5770437840424985,-0.581179881783985,-0.8572528977549738,-1.3928791237808718,-0.000596364027393122,0.06875096605956069,-0.07106540056829591
a3283dda-4e12-48f9-90f3-8f3223c77d46_86.png,-0.0922384564798353,0.4493848280705214,-0.5004961856630071,0.6845582932762916,0.5520128159768851,-0.16143724913007992,-0.47176244372627496,0.6222926691249705,0.8842824680660764,0.9417655413810341,-0.29895694352478874,-1.071083437745235,-0.07982242826201942,-0.14284006508797475,0.20133439800500108,0.4849101820892286,0.06230973757027199,-0.937093323021718,-0.9052757787120917,-0.07106540056829591
19369012-66cc-4209-a974-c98c915c0a70_34.png,0.22024878725905894,1.0528077294450633,0.06448363737187446,0.818436419120503,-0.1493561877955219,-0.48796689286028017,0.24673029960144274,-0.5210846624062269,0.3424100995338087,0.3648580438683288,0.6429230712107707,1.0208288191060306,-0.8165880762859147,-0.08256703743401347,0.4867367047941005,-0.20533417166505097,-0.8474360896469108,-0.47139318631769256,-0.4041132917800164,-0.07106540056829591
505d1bd8-e981-43ac-b532-853c95be827a_11.png,0.9040098631367649,0.3269787557634026,0.5553170226383406,0.17354126907721357,-1.0684094036728182,-0.3048316388558643,0.014578044018776165,1.9176939272921074,3.3118862594018483,0.824999707832249,-1.7606111181755317,0.6182141679005283,-0.8820018487740175,-0.29867756421959835,0.46544436815828955,-0.038046050994202864,-0.19435246996020275,-1.9880755328719002,-0.8275256780609543,8.675180744184436
a653df7d-134c-48e9-9911-e3a0e5f096f4_0.png,0.8543753745518528,-0.022937412836697705,-0.2526752032132348,-0.5354688848349204,0.2832366707750061,0.5683061564829888,1.2921955254001667,-0.2674751222712402,0.9357671926561699,-0.6066423515942863,0.05754973512360187,0.9408605442955178,0.1370758699880058,-0.023880142086735372,-0.24144600190737261,-0.07354312393077365,-0.29678871457158484,-0.9872234096091,-0.26555228919047036,-0.07106540056829591
3dbb185d-309a-4682-8409-24f5556e96df_11.png,0.13579748739382672,0.04232741057661456,-0.5014548138561516,-1.0802373927829434,0.341987974048307,0.45162225167093495,-0.24282649063604703,1.0101992614631352,1.1650918500290357,0.7034453882321348,-0.7463741128816098,-0.5682881707587384,-0.37934864965491144,0.4813029975918612,0.6265456529131708,0.7077769859490043,-1.1585135810873843,-1.1810496017557608,-1.817005241452419,-0.07106540056829591
2ec83b5a-f1ad-4dae-bb33-773f1eee7923_47.png,-1.1330556213122809,-0.34187299663659687,-0.8120481768207373,-0.5148668869340634,0.9496926123603712,-0.18273705889785882,-0.38789857945901046,-0.45280706082309075,-0.5907974193938395,0.005667130497411453,0.32815594775882095,0.3766786475394583,2.543614131524,0.7315153689711347,-0.30026921663138345,0.7712153711907969,0.7139312675479761,0.5195698455090534,0.4276811336746034,-0.07106540056829591
4a7aeead-7888-4bb1-a39e-eef6dfc4a6ff_56.png,-0.5507030489010641,0.4831608762823729,1.9046768520450332,0.3974336918846906,-1.769906973695074,-0.6566783980633966,-0.5209409661231761,-0.08150285100829391,-0.4375792353460468,0.7948291348790271,0.2903821550526395,-1.300251780985208,-0.5790327972501728,-0.5865605778825976,-0.5337332462093088,-0.8118345879454071,-0.5634669769824455,0.36917958574690735,0.6556183419346768,-0.07106540056829591
a9e37804-c00a-4e4e-b99f-e267a0056a05_49.png,1.2030821512506422,0.7362771988692135,-1.2881215344466477,-0.5077087405429841,1.546882610793366,-0.09048383891034202,0.8507792211687966,-0.9203524114186478,-0.5723542904960317,-0.5841012120153338,0.9038068107174378,-0.741858509223215,0.8531845372261844,0.13988801857830419,-0.119826566039835,0.4538467271751425,0.26484013158048847,0.5806540026102185,0.5208412732074859,-0.07106540056829591
44341a17-f4a0-402e-8f84-ad64321de876_19.png,-0.15062065667073724,-0.50596733471525,-2.2509177699854885,-1.748941212434623,1.7533874918763244,3.586716769827046,-0.669491343950094,1.1692104799640644,-0.41588959180718754,0.8789918949635043,-0.4614879098313971,-0.44012020072089447,1.0425401944285875,4.510475589643839,0.8981884721024551,3.147369803310594,-0.9527090137334764,0.7117224991049973,0.7858939558975336,-0.07106540056829591
2ec83b5a-f1ad-4dae-bb33-773f1eee7923_21.png,-1.3324282142735917,-0.7395117582057397,0.7631378987695491,0.24245763355680783,-0.7440401193041383,-0.6442354110457018,-0.6808149831700548,0.30830030931703173,-0.5147385415454813,0.4189860630928235,-0.38876646549065363,-1.7346331242671367,-0.4688622330596837,-0.2824197080760956,-0.2022395470650546,-0.49318626293674583,-0.6506527903948114,0.7217637304092984,0.7927900019332562,-0.07106540056829591
2ec83b5a-f1ad-4dae-bb33-773f1eee7923_85.png,-1.1176929863636251,-1.110858505503275,-0.6126230046338415,-0.5158072501157553,1.0698107001174053,-0.4416001218866045,-0.5867667803635229,-0.23905644595907266,-0.5128132708366829,-0.6202279389047678,-0.2833454337738581,0.9967209238631011,3.1908661961431233,-0.4192236195275209,-0.5524522725481162,-0.15504828698582843,1.086824230876478,0.6536050694346485,0.6421916187422252,-0.07106540056829591
44341a17-f4a0-402e-8f84-ad64321de876_35.png,-0.13866193448859077,-1.2322688099890666,-2.127352531822668,-0.9001360981373299,1.7414099572906687,4.29947771722776,-0.148537669012201,1.9448188691474546,0.7120159596580659,0.04242216463033795,-1.5319076396323001,-0.4341437069666993,0.6294005787142536,0.05701260555410741,0.6772629861757974,2.372865858906934,-0.45708006065432005,-0.5676216529839115,-0.11401049144700434,-0.07106540056829591
505d1bd8-e981-43ac-b532-853c95be827a_36.png,-0.31849204736267067,-1.1672365385288614,-1.5393051743253863,-0.37852198798190606,1.474208820487784,1.3875086766913818,0.2882511358792392,0.8852561831852049,1.563925435733186,-0.41285076131052906,-1.2845231625782112,0.6714965270192645,1.7552060315358131,0.799719058158512,-0.13736023210591505,1.4594180388538773,-0.2314954779041763,-2.6388538192983844,-1.0721842461027393,1.4814811038416205
a3283dda-4e12-48f9-90f3-8f3223c77d46_30.png,-0.20940241943101442,-0.04428107553315127,-0.3202855170259399,0.9072585158460033,0.5763945618409606,-0.06315865051424423,0.36554613740149994,-1.109686078552545,-0.29656471113866045,-1.1111544369839148,0.7672818120582077,-1.1355702802104726,-0.024737146166774922,-0.2284912096488671,-0.1085544373007922,-0.06995680834313821,-0.3516750192450163,0.11852915280999723,-0.3403883914038976,-0.07106540056829591
81faa7e7-ef94-4bfb-ad32-94fd63e1848b_52.png,0.9631869200517392,1.6994719802880618,1.0061155244332962,1.7982452082575828,-1.3058771386256218,-0.6403617806454066,0.14842311276077766,-0.8735963795226799,-0.7216551596315844,0.5262586177495531,1.2019059873303324,-0.7051567283116605,-0.9749582623097426,-0.5869571109592684,-0.5783837540460333,-0.9129473139485447,1.4430998798346948,0.5884131358908148,0.49814829910527125,-0.07106540056829591
a9e37804-c00a-4e4e-b99f-e267a0056a05_112.png,0.8263374619719069,0.825274144362008,-1.0513876636771815,-0.10041115610220881,1.276439603452699,0.01071552035108521,-0.360945555799094,-0.001992210149526865,-0.5071016577583826,0.7963587218845589,0.4742881209229539,-2.4908630414101753,-0.41721978109539204,1.2378881078797437,0.9556948759136017,0.7159824327055311,-1.2861528680615737,0.42866627423147907,0.14518333850129522,-0.07106540056829591
19ef2be7-6425-4194-a4a4-1b4a7fbefc4e_110.png,-0.1992490374866758,0.6226919150838078,1.9115373306579924,0.16854838074013903,-1.824793373558727,-0.6339676581729075,-0.2853652343173333,-0.6093860176416731,-0.6701319971086028,0.3495729177108066,0.7372699658274092,-0.738908038810668,-0.8544592077263953,-0.5365974102220771,-0.5350671015716568,-0.8730224466444996,0.6836335146549195,0.7217637304092984,0.7927900019332562,-0.07106540056829591
27bb6d3d-77c3-486b-a22a-3741dde393ee_39.png,-0.5589085358362763,-0.47049147443172107,-0.06002937518684281,-1.0270903681787922,0.38666534728216195,0.12488345258205094,-0.5578556707552443,-0.42731251630464534,-0.6229929121453328,0.20623812256755705,0.16635866434067498,-0.06876475808076782,0.4400449215118506,-0.29590183268290277,-0.3479931952074486,-0.27304096727429394,0.4853920236245228,0.7217637304092984,0.7927900019332562,-0.07106540056829591
268cf2e7-02be-4b54-8659-24b54163053b_85.png,1.4287873349849531,0.9062997671283256,-0.13944330093240492,-1.2480983102101122,0.08049482689000795,-0.42715807855004495,-0.14522939253167708,-0.24440354806130077,0.34039007646475644,0.8587673496769439,0.41688502826119234,-0.16706037564951995,-0.00063733525010545,-0.09803182742417459,-0.2033008425368775,-0.1457154368172203,-0.8982565209584716,-0.6609594621534377,-0.5294546940932865,-0.07106540056829591
3b88f35e-b058-4cd6-a43c-563cda6b239f_84.png,1.4550535439175323,0.8944683805167185,1.1876681125520043,0.8160364426696285,-1.5089972590360103,-0.6352511272820067,0.0038743776073907306,-1.1679480836981826,-0.7423247100081384,0.16448808751517055,1.1059200242432383,-1.1966464663282934,-1.0025009033573649,-0.49377183794163093,-0.3960090319224572,-0.8513501118383515,0.2124954459378231,0.7217637304092984,0.7927900019332562,-0.07106540056829591
3dbb185d-309a-4682-8409-24f5556e96df_44.png,0.9513431957006295,-0.9690522645648889,-1.6743081995901254,-1.003861611092558,1.5995606812852996,1.4836517362611936,1.4305767388474677,1.0398075262389022,1.3231763794005416,-0.6907162363030152,-1.1539017072185238,1.1694169662514275,1.283538303595282,0.7600657504914321,-0.06114378675220908,1.2962412895800592,-0.9628425222377227,-1.3097599302927112,-0.7750049747552231,-0.07106540056829591
81faa7e7-ef94-4bfb-ad32-94fd63e1848b_55.png,-0.7392244307437913,0.019140469575930134,0.6835656626783891,1.0656109761343322,-0.5406688646405737,-0.250693314228875,-0.5541816660594718,0.48045935054273803,-0.5145799226754239,0.5857713327690599,-0.09200482172626034,-1.7719594810191803,-0.6926461915716146,-0.4902030402515937,-0.38185570088971577,-0.7364350168848104,-1.1309529164608823,0.7217637304092984,0.7927900019332562,-0.07106540056829591
41b05097-d935-4d5b-b15a-8c9cc622e21b_80.png,-1.5511344009682038,-1.6372265087010112,-1.1401249820185722,-0.4306474833647722,0.9301343544265084,-0.6662671799988044,-0.5552035992604201,2.4077174523139475,0.8776237328489278,-0.1752195408279334,-2.2960294829834837,-0.09561821693042757,-0.196878652714414,2.214152542643248,1.081022392069139,1.5483073358523791,-1.6375108190340713,-0.3466384943551637,-0.13256462225563734,-0.07106540056829591
a6a04226-e7be-4c2a-8240-4e24256bfed9_22.png,-0.788002508403013,-1.147307068201152,-0.16823472145286975,-0.9122643348911406,0.2475536732187853,-0.38244254541454126,-0.3606594145028285,0.9199288689574945,1.5571387720774128,0.337098714802918,-1.3406106222006615,0.4949690309478435,-0.13146488022631114,-0.2118368204286936,-0.11420215990432558,0.021100725633603053,-0.6178715789340488,-1.5127145145341911,-2.0753268839408356,-0.07106540056829591
4af4cf7a-5d36-4d0a-9b11-fcbd77f87c6e_131.png,-1.018788244528674,-0.8211449138256346,0.695991957483277,-0.20491990794241421,-0.5282165770742194,-0.4462603009671355,-0.5891819491617638,-0.2715022441988988,-0.5695437801278115,-0.22121975188558254,-0.09657267270064263,-0.5541286436486018,-0.1417933706191695,-0.5679235232790701,-0.5639323196041068,-0.7692233694150533,0.3217062559866797,0.7217637304092984,0.7927900019332562,-0.07106540056829591
27bb6d3d-77c3-486b-a22a-3741dde393ee_11.png,0.03197249059673212,0.29549534729239996,-0.1954677885162793,-1.5943777650686306,0.04839869357695009,0.47668396950232994,8.840927771770884,0.43951715893551047,1.130802858422384,-7.528435350145802,-0.5061571865529824,0.04183700690191139,0.05789077697609184,-0.22175014734546356,-0.21355391954156872,-0.052493027499569356,-0.3972783072628355,-0.8553181438389628,-0.19119237863681718,-0.07106540056829591
2ec83b5a-f1ad-4dae-bb33-773f1eee7923_95.png,-1.8965562437546077,-1.71099393061803,-0.37873926751339887,0.6998505516504606,0.4918491204568157,-0.6670169877322143,-0.7437493458051734,2.587345212193701,0.7247564023702868,0.5574260077165787,-2.330756891369098,-1.2801388710879031,-0.6651035505239923,0.07049473016091454,0.7323873352270456,0.209100036809866,-1.1134610559263836,-0.4860746836035268,-1.3135413478819398,-0.07106540056829591
95815a0c-6ff2-4053-978b-a34ec048fcec_7.png,0.6349561878727928,1.018360562941249,1.579435189875553,0.8421882855681517,-1.73864738286051,-0.6111509725340578,0.9574049442651796,-1.7264896711882411,-0.776999163065865,-0.8569860887257051,1.6699630234156233,-0.04020673642278937,-0.9956152430954593,-0.5853709786525852,-0.6067606963868105,-0.9268501525836212,0.19575604375473155,0.5945748005548177,0.5117626618714234,-0.07106540056829591
41b05097-d935-4d5b-b15a-8c9cc622e21b_69.png,-1.0972343785543055,-0.4603534488804489,0.6812021517787041,-0.4809162417028518,-0.9368944348646091,-0.5076259476208139,-0.4449992519003528,-0.2345885366568813,0.054268005423514835,0.218833808014782,-0.053051269608198864,0.9315811419880439,-0.35180600860728917,0.18588585547211672,0.03934469700045558,-0.10383287414554783,0.34589742196776274,-0.15304051201087351,0.37855440011505864,3.6106877384609457
81faa7e7-ef94-4bfb-ad32-94fd63e1848b_57.png,1.7117371085504123,1.0574888644661984,0.8221036975635483,2.2102121396324197,-1.3058741365529898,-0.5568329341557042,4.375347553996755,-1.0491558158754084,-0.46577642469470243,-3.226583451484701,1.0824806317787163,-0.378092684144158,-1.0679146758454678,-0.3446754011134109,0.040893967680032985,-0.7328516236795364,1.3046001561444462,0.2872522666959052,0.1664334041094378,-0.07106540056829591
268cf2e7-02be-4b54-8659-24b54163053b_77.png,-0.9040900525196539,-1.2152285992042378,-1.2918431457739439,-1.557524335772085,1.1854642228004615,0.1768218129113797,-0.6815297170572634,0.7919111266335773,-0.36968924751167953,0.3458774621492262,-0.805437342814101,-1.1624972438487446,0.8084277455237983,1.0051231918739854,0.3532288737408301,1.4874670174060058,-1.50068048732987,0.4997916626369452,0.6184723425423191,-0.07106540056829591
4a7aeead-7888-4bb1-a39e-eef6dfc4a6ff_66.png,0.4390996546067223,1.1884202076970245,1.5738803565788249,0.8035360295233761,-1.7491593401527599,-0.6410751850369409,0.9506765980054824,-1.440147370691955,-0.462452785021081,-0.46733031087851695,1.5250531787117114,0.7099105823661112,-0.8957731692978287,-0.5631651263590206,-0.5908800383126768,-0.9044196370377695,1.6262880883564006,0.2702126014522427,-0.11567875461990353,-0.07106540056829591
95815a0c-6ff2-4053-978b-a34ec048fcec_19.png,-0.26769306189736053,-0.28394190638455696,1.3487962858103353,1.5553040273234842,-1.56379038666127,-0.6259021749490092,-0.13107530802181738,-0.9231281198225381,-0.3252554800643714,-0.3694257194068561,0.5635418850290638,0.1332400933004301,-1.0541433553216566,-0.5909224417259764,-0.6026597044872698,-0.9310218270831553,0.04760114161586101,0.14545790948971385,-0.48057311308375533,-0.07106540056829591
4a7aeead-7888-4bb1-a39e-eef6dfc4a6ff_0.png,-1.3457371200754413,-0.8599549491875526,0.5719245098236729,0.5665124488026877,-0.5086761320846979,-0.24708769733910366,-0.5531024426639252,0.07647276096857145,0.14012213018609668,0.2977636644983303,-0.4864184007345279,1.5216804708193241,0.31266020666659766,-0.37441538186372075,-0.46557715457593485,-0.4778664637966668,0.1783220421630599,-0.14908487543645185,0.1717882856546763,-0.07106540056829591
16c36170-95cc-4260-985e-1bc7fbeac4a2_21.png,0.6155626735670079,0.5515853899277803,-1.3320397615279034,-0.9911818508403591,1.4472251875270217,0.2712380208844175,-0.3167311513449804,-0.09601365166771499,0.3766038612225638,0.8574236881154544,0.15897609260852977,0.44024220329697067,0.6362862389761591,0.6966204582241045,0.2255117394912933,1.2447826284382775,-0.17251998874923194,-0.472077815724804,-0.7203632945767494,-0.07106540056829591
41b05097-d935-4d5b-b15a-8c9cc622e21b_1.png,-0.8812846818052574,-1.035297249216134,0.26000266887247014,0.016913195643780334,-0.24040779674156246,-0.4385392448214482,-0.65224606634573,1.0501811334684836,0.8961574039339748,0.8684197515824673,-1.2193088675083552,0.5333862315756557,-0.3345918579525253,0.2877948561765118,-0.19672346665029591,-0.3088783629235535,0.6776939513632286,-0.8741074175674656,-1.0607821723752455,-0.07106540056829591
258bd669-e070-417c-9e38-6240e5c933aa_43.png,0.4242152008927618,1.5770399613047574,0.35768760939966554,1.6408760466505954,-0.2337435768646562,-0.5777395978176109,-0.4961807633711124,-0.11563757539705645,-0.6978673137716785,1.0158105829091335,0.8176102045222423,-1.646566483363659,-0.6788748710478034,-0.4144652226074713,-0.21447137338358666,-0.6145503391153656,-1.2829240135282,0.7125592683803557,0.7724524970603595,-0.07106540056829591
27bb6d3d-77c3-486b-a22a-3741dde393ee_46.png,-0.3555205575927994,-1.0355454847525358,-0.3285232127319942,-1.1779738817010585,0.7113206536235996,0.4335577733204315,-0.7163054845320742,0.6510708166713947,-0.40006232586011026,0.4115634696627159,-0.709976607777628,-0.43942754250690025,0.5089015241309062,-0.29828103114292753,-0.28231844920534815,-0.12019397443093356,-0.009453285704276981,0.7217637304092984,0.7927900019332562,-0.07106540056829591
2ec83b5a-f1ad-4dae-bb33-773f1eee7923_46.png,-1.840943485975139,-1.2821130588995822,-0.7883356230209434,0.6604547806926685,0.6854052695798005,-0.6642433926409927,-0.6828337657570187,1.657077412029764,0.0668917557159407,0.2596082614558684,-1.3217487053657104,-0.0542833823238207,0.48480171321423676,0.4801133983618488,0.12387578147847562,0.7681617851304393,-0.17233106850922558,-0.019842057360636902,-0.8458078080325374,-0.07106540056829591
855258ad-52cd-446f-9db1-1bc38d82eebd_100.png,0.5322022621650893,0.4181329841324814,-0.3718796575738706,-1.7453310197028031,0.7071629845716814,0.015172374344462123,-0.395033531261994,0.1580254035097067,-0.6449489742072089,0.6126819175131137,0.3008173391349442,-1.8067821180330215,0.10609039880943077,-0.3121596888264055,-0.165138334571047,-0.12198116438486134,-1.1658653486563897,0.6525400903569195,0.639838519004866,-0.07106540056829591
19369012-66cc-4209-a974-c98c915c0a70_49.png,0.06831501182390118,-0.9912617878922757,0.9768058762197934,0.5295936318068091,-1.0310097866013244,-0.4539611156217313,-0.7628520644214426,1.111589993388216,-0.4154559050092008,0.8529617328526611,-0.7620305705390583,-0.23462678490693759,-1.1987422208216734,-0.5714923209691073,-0.44933089600530385,-0.9266329590597081,-0.4644619992862974,0.7217637304092984,0.7927900019332562,-0.07106540056829591
258bd669-e070-417c-9e38-6240e5c933aa_100.png,-1.7574543668507894,-1.6691290625350075,-1.660457882018015,-0.13794481134193254,1.4308339917403217,-0.6670169877322143,-0.715808763061068,3.340800840631365,2.817789615734019,0.8998770869111723,-3.1078930230212256,-0.7167474669438602,-0.11080789944059447,0.42856409839464504,0.7636372266711952,1.8718132448429996,-1.1209287314805083,-2.539278275530732,-0.05250557765096386,6.440332072387348
53345714-cf33-43b8-9e6c-89b5c2c7aad7_4.png,1.3778953441914676,2.3704630827755167,0.21161867838641768,-0.38180301677950224,-0.09362397393394593,-0.2949614147387586,-0.4778587397850222,-0.4041748714015855,-0.6712727757084003,1.1398454579238726,1.1314690291411031,0.09120442603445966,0.2679034149642115,-0.45451506335122194,-0.4629568073899613,-0.522262792024017,0.24973091254426116,0.49568388619427656,0.2932605434022945,-0.07106540056829591
a9e37804-c00a-4e4e-b99f-e267a0056a05_89.png,-0.03196701263986702,-0.43826363662820483,0.1678651485734305,1.521167728441988,0.16327741819164288,-0.35160445417106245,-0.38061343444316026,-0.8756750799730475,-0.6578322967718262,-0.7100726638427262,0.4410710999918595,-1.7893904421330369,-0.63756090947637,-0.316918085746455,-0.23407487937878016,-0.6076313993692122,0.8154365204895352,0.7217637304092984,0.7927900019332562,-0.07106540056829591
580d287a-e8ba-4363-873d-175443ac329e_2.png,-0.9498995918258819,-1.043415423172861,1.772946608941929,1.8069500370098883,-1.9181562477783105,-0.5892844992362359,-0.6889814681525409,0.5048166264033139,-0.11521340761297395,0.6939697993127053,-0.6279023821273394,0.7583946567914542,-1.1092286374169011,-0.5909224417259764,-0.6192631065356936,-0.9425475260090951,0.7405164792642035,0.05440219834389247,0.32278620145266196,-0.07106540056829591
75769513-6d94-48cb-b36f-b1f9dc9210d3_18.png,-1.0837505968457422,-1.0467811246775103,1.615019185527944,-0.7935972898616632,-1.5925632802209542,-0.5659428559630352,-0.38387154329381956,0.5088098052650496,-0.4157359430903326,-1.508059558459341,-0.5591594627658006,0.7862790358877052,-0.9198729802144981,-0.3085908911363683,0.062326958290601316,-0.6078942934333378,-1.3160947745610883,0.580425792807848,0.689268662028028,-0.07106540056829591
3dbb185d-309a-4682-8409-24f5556e96df_30.png,0.4895923441990105,-0.3900684371895448,0.30264863535896347,-0.9351878807608813,-0.08103183311693271,-0.181223929938131,-0.7611302618162087,0.8751208365340462,-0.5051381982714199,1.0921133704984327,-0.3484233091581687,-2.3400213179656966,-0.9577441116549787,-0.3835356426271491,0.3716573721710738,-0.5207519519445658,-1.674108111079109,0.7217637304092984,0.7927900019332562,-0.07106540056829591
578fbdd2-3bf8-444c-8c21-8d2666ef631c_95.png,-2.14211093295193,-1.1813694945766184,2.054889268225428,1.8324547465212022,-1.9196319055643973,-0.6581733684692475,-0.7079163419824726,1.561240274809693,0.2274247538769954,0.3635980121612286,-1.3878267813766443,1.0547797495078142,-0.9956152430954593,-0.4596699933479423,-0.28778949640440304,-0.7920720852563169,1.305625473281096,0.06931190543209713,-0.47688906173665035,-0.07106540056829591
505d1bd8-e981-43ac-b532-853c95be827a_146.png,-0.7824953707323817,-0.5952752217833384,1.4333201631498398,1.1043100757605357,-1.3460682858968953,-0.4868557280784286,-0.259960594295217,-0.9217293965049658,-0.6506320668394007,-1.5387523971606867,0.4137534960475235,-1.1692823827930436,-0.5962469479049367,-0.5318390133020275,-0.34189506484323345,-0.6703320259842761,0.44486321834914977,0.6950631835319523,0.7593032312429098,-0.07106540056829591
22df8deb-bec0-46ea-b532-d6d7e8d8d57a_22.png,1.4371822139781922,2.3593475143179923,1.1137536205771428,0.9622915719986213,-1.3043499280235549,-0.638459800054755,0.16140971600773601,-1.2466882231883305,-0.7470108369849793,0.6400126354572842,1.2686224995161541,0.47246379295589913,-0.906101659690687,-0.5849744455759145,-0.6017192157842309,-0.9140858178561486,3.0442884051254304,0.7217637304092984,0.7927900019332562,-0.07106540056829591
386822e1-0d1f-45b2-97d0-ac0273ee2394_24.png,-0.4250131907093984,-0.36927300557482723,-0.4776094068495692,-1.0173104433037845,0.7152258274436,0.11783854970572596,-0.6332960183561479,-0.08527796613061954,-0.576422488108339,0.6644338157798547,-0.0016882164361598114,1.0900035829185462,1.1527107586190763,-0.15790832200146507,-0.2880124766935117,0.17058015031365895,-0.5259012143123601,0.6151136827681609,0.5571438710919353,-0.07106540056829591
9229a83e-46a1-420b-bbda-57bc886c344b_26.png,0.3349622908552169,1.22226853371508,0.8086910881378373,2.2678211119110605,-0.8690477781976933,-0.5203135259475131,-0.4911652390915499,-0.4145342280418154,-0.7061710445927918,0.9418779003374306,0.8575595371441058,-0.25757039525587067,-0.8303593968097258,-0.5167707563885372,-0.4006682562775137,-0.7942125892598337,1.135894316072584,0.7046479952315124,0.7692436147641216,-0.07106540056829591
75769513-6d94-48cb-b36f-b1f9dc9210d3_36.png,-0.7311775452302799,-0.7133744831965175,1.48814651423958,-0.7776880355661541,-1.4609565053348381,-0.37870306963989414,-0.1786534210906882,-0.3823342517317867,-0.4908793694649704,-1.3028477429052114,0.1174312988316394,-0.11888120748087622,-0.6410037396073228,-0.0012777567164998906,0.17264358268755942,-0.2880122741465651,0.22142053429557054,0.513788530515668,0.33326323893741266,-0.07106540056829591
2ec83b5a-f1ad-4dae-bb33-773f1eee7923_22.png,-1.6970257266367494,-1.0045330933737056,0.21534885649166552,0.3320387745901593,-0.3855039783537344,-0.6586509605593409,-0.6727680334044068,0.8422394075928417,0.025425380511194477,0.4620025898596209,-0.8424089216762773,-0.998055543391583,-0.4895192138454004,-0.14601232970134115,0.39530641210493017,0.11548608094794852,-1.3377050967871769,-0.05156321989013357,-0.9158965644953267,-0.07106540056829591
4af4cf7a-5d36-4d0a-9b11-fcbd77f87c6e_86.png,0.5259475503039593,0.03900878323719721,-1.3147385986740636,-1.1794404650208097,1.1844467261276082,0.850323632792622,0.6900613350393163,0.5323272104525432,0.405622296137075,-0.3019117709112765,-0.10747268113430619,-0.8005003498097306,0.7257998223809314,0.06454673401085256,0.14479280340221098,1.1558160749631223,-0.4066527531937688,-0.5094281533794391,-1.0504556897933228,-0.07106540056829591
519d608c-1d5a-448f-8835-1d3a5261bbba_44.png,-1.199412900951578,0.4066841763280035,0.8883760849596362,2.1797545760993646,-1.3491745234095323,-0.6542498145719886,-0.5623174930459295,1.5143227453956212,1.5138838851566558,0.9093539165533848,-1.0796652338851052,0.2107990618761283,-0.8682305282502064,0.35480894613387665,0.9572774039783533,0.114890056282369,-1.1591084146396402,-1.7255581902117252,-1.1014941831851213,-0.07106540056829591
9229a83e-46a1-420b-bbda-57bc886c344b_47.png,-0.38933049695936656,0.33148608256877626,-0.8089230085684436,-0.3681713414513284,1.0994501299554769,0.6068838436880473,0.33920782204579,0.10582609252602536,-0.548281428740937,-0.541968356508825,0.02139850430509163,-0.566065162213674,0.7223569922499787,-0.22214668042213434,-0.2840386464131002,-0.008226359285500232,-0.9023835424737529,0.5671135543362367,0.4510863043580731,-0.07106540056829591
a9e37804-c00a-4e4e-b99f-e267a0056a05_69.png,1.2455557278222855,0.6383381973106584,0.35734260164062953,1.0803170154529531,-0.0026620593359391403,-0.29224400787522004,-0.43950341901634465,-0.7937926838048212,-0.7300185538451303,0.6369934155446944,0.8662989634313287,-1.0809243926368532,-0.6478893998692283,-0.5377870094520895,-0.44577383942531373,-0.767322287414514,-0.5026654424730893,0.7217637304092984,0.7927900019332562,-0.07106540056829591
a653df7d-134c-48e9-9911-e3a0e5f096f4_19.png,-0.42208293708051603,0.30116897647088353,-0.6690960725147964,0.6165348298546605,1.0787030199489656,0.18851194133424995,-0.09949788178924679,-0.9787588351325306,-0.6912080696780671,-0.14335018931316001,0.814692175515539,-0.15630459087274012,1.1940247201905096,-0.25149012809577337,-0.31263203172951476,0.1212000816270199,0.05551069590713108,0.6404449708312842,0.6131140291305647,-0.07106540056829591
7483fa58-40a2-4a34-b0a6-a30645af78bb_44.png,0.5740790930136863,1.7137836288119321,1.0095850776236908,0.8441644168722717,-1.383397348154406,-0.6274991092524841,0.4180539942963991,-0.18588006337933757,0.5781880887780877,0.48216986140107493,0.3727199178884717,0.765335379047913,-1.047257695059751,-0.5365974102220771,0.07803911810533468,-0.6739377118370143,-1.579466561227177,-0.679976945684311,-1.5109199147577204,-0.07106540056829591
41b05097-d935-4d5b-b15a-8c9cc622e21b_27.png,-0.81946508018646,-0.5759763570426828,1.0033169673849038,-0.1820944520250328,-0.9957655013496819,-0.5123468492836126,-0.5298639913510914,-0.4180599142027155,-0.6195064920957113,-0.03344626707150001,0.19065653360429338,0.07881879221817718,-0.25540676494061126,-0.41010335876409254,-0.487689616425429,-0.7000229541116516,1.0941340680560672,0.65276830015929,0.6403427546628714,-0.07106540056829591
505d1bd8-e981-43ac-b532-853c95be827a_10.png,-0.07078819235467984,-0.7209841977936755,-0.5803434455048316,0.5139170826127922,0.7758918954087881,0.23138205220051308,0.1858878032609924,0.9577050284011411,2.581903770680359,0.17744257461705623,-1.3763010221032304,0.6073425142677826,-0.7924882653692452,0.0050667725102328766,0.817890680348248,0.34011446719336325,-1.5894110373687622,-2.372761189734405,-1.6275833024026563,-2.012614907478248
a653df7d-134c-48e9-9911-e3a0e5f096f4_4.png,0.06403409618405022,-0.09001794280833034,0.5584552563967015,0.08444814507253463,-0.8530413437142526,-0.03500506553014831,0.9226536412518456,-1.2914361452267784,-0.3325552227937002,-2.076311164046981,0.9324617306846248,0.22866443916759757,-0.5067333645001644,0.2957255177099278,0.05554617945125846,-0.2461802729751545,0.4535179103799074,0.5401087277223966,0.39141841816073364,-0.07106540056829591
4af4cf7a-5d36-4d0a-9b11-fcbd77f87c6e_122.png,0.4602713039226119,0.08105378472827902,0.6387860135767048,0.22699016962524957,-0.6929293972730555,-0.5409161477632085,-0.41497764154704386,-0.6689065113517729,-0.6931882663676397,0.2509980857234398,0.6579591764805642,-2.320414008179113,-0.5652614767263616,-0.4235854833708997,-0.26217534451060953,-0.5939436089653292,-1.0047221176554018,0.7217637304092984,0.7927900019332562,-0.07106540056829591
3dbb185d-309a-4682-8409-24f5556e96df_3.png,0.08353243794395675,0.024693757837436006,-1.001547486508856,-2.3367284755292634,0.8814305747640117,1.6060583685903507,2.1598648128979274,0.4249023628084057,-0.16324434878645586,-3.139165519816913,-0.07305781693002524,0.12175217257685869,0.8876128385357122,0.5772640021461943,0.08466501262806708,1.037428036300116,-0.8876429011300102,0.02131177700017292,-0.6380123113063412,-0.07106540056829591
48a4d49c-a4cf-463b-ae33-31db1940e1d3_13.png,-0.16563333115185006,-0.16625978820973944,-0.6524123172494228,0.13619700738468668,0.903442159825287,0.3376762314106376,-0.7080457868545926,0.8699304710552297,-0.5466234445138991,0.9965109785897881,-0.15409966723018745,-1.163531860603639,-0.3621344990001475,0.4618728768349921,0.5505888474762491,0.33960711211973715,-0.0999137352956902,0.6836526934134283,0.712601734014083,-0.07106540056829591
6764beec-de30-41fd-ac4d-374023ed0a03_62.png,1.2837358708564015,0.988357297328996,-1.3978188467458843,-0.5265467171916868,1.4309757650294337,1.7160750616413543,6.470577247602917,0.6801900298417727,2.1606271947561195,-2.2461329899220894,-0.7288810872934746,0.39580958675748434,0.6672717101547342,-0.11746194818104369,-0.29355843523192365,0.27914338213748147,0.0907490022065025,-2.7133262848052846,-2.332927178369674,-0.07106540056829591
a3283dda-4e12-48f9-90f3-8f3223c77d46_37.png,1.2064406169353865,0.4477799103288266,-0.06799990886707497,0.8906803685555819,0.6137038061184069,-0.3766871641836087,0.07902208070075005,-1.6075478696474377,-0.7895131939126234,-0.3918385340246207,1.3233245209687876,-1.0151343113009568,-0.15556469114298063,-0.39424203569726063,-0.4436573475896936,-0.6225203823204088,0.817572645989175,0.7217637304092984,0.7927900019332562,-0.07106540056829591
00367bac-0715-41b8-93dd-c21b8877a1f3_67.png,-1.7292651104032055,-1.0956348513561565,0.5019292205552639,-0.41573740551548993,-0.9286081349624735,-0.6656348464695794,-0.6524876141932268,2.0415039917290065,2.4805582570610936,0.6971586618198905,-2.1429169710906097,0.027179913541711877,-0.9611869417859316,0.007842504046928461,1.7188264966844784,0.458100862973928,-1.5443378824114649,-2.925637470943954,-0.9875541707043729,4.609129267689216
92da35e0-d1db-40c0-86e2-73b0de7f8784_38.png,-1.072378864820461,-0.7381789407966135,0.49452530803832273,0.7513372882981766,-0.31691946323805664,-0.32124031223711447,-0.27644778327051406,-0.05728706160140374,0.28113638408662467,-0.3153606193735361,-0.18260365819831603,1.6753195650274175,0.2334751136546837,-0.5433384725254806,-0.5423065800733491,-0.6331015786502642,-0.28675890577558677,-0.33180485720108255,-1.5350979525263027,-0.07106540056829591
a6a04226-e7be-4c2a-8240-4e24256bfed9_15.png,0.4775603426897613,-0.6470344680957256,0.3319792812971818,-0.25508825825371206,-0.08209141726409526,-0.24148750159343108,0.47239204065117846,1.040720275896684,-0.3836293833070621,-2.5924813348815525,-0.6974347380780592,0.6187074402780436,-1.0679146758454678,-0.49416837101830174,-0.23513880153551203,-0.8227446249028619,-1.9203325652199865,0.5213194539938938,0.5910343766367113,-0.07106540056829591
2ec83b5a-f1ad-4dae-bb33-773f1eee7923_48.png,-1.081354608741115,-0.39814814826928335,-0.7360017189917928,0.19961073193985787,0.6063255218277294,-0.1604796833921598,0.06082764392641443,1.3894911243250043,2.09829177748497,-0.32308640429610036,-1.4033778954290677,0.19199544034003607,-0.18655016232155566,-0.025466274393418566,0.3794851439057022,0.8588001896114906,-0.9732820028596776,-2.3472016918689116,-2.146199498537618,-0.07106540056829591
41b05097-d935-4d5b-b15a-8c9cc622e21b_30.png,-0.6739967228488716,-0.9247724006482291,-0.7881891614788732,-0.9884142541720984,1.0000078692087706,0.8371546228667345,-0.4901891380462806,-0.04211591389791417,-0.517900639716237,-0.6284151948000735,-0.279621977280356,1.996463475658121,2.250973570393014,-0.16068405353816065,-0.37852541654521965,0.32643971071085,0.4064743420596439,0.6815988051920939,0.7040445261242563,-0.07106540056829591
3b88f35e-b058-4cd6-a43c-563cda6b239f_24.png,-2.3053866203351525,-1.8071340726635166,0.45889640121303377,1.2019453067012986,-0.3423110961960106,-0.6670169877322143,-0.7561076149719123,1.2670511706599032,0.06866693196988867,-1.1565948465513685,-1.8873619230138043,1.5164100572541517,0.4572590721666145,-0.3240556811265294,-0.4444621965757843,-0.4338804167847136,1.4165890813538708,0.4958360260625235,0.5335902114415728,-0.07106540056829591
75769513-6d94-48cb-b36f-b1f9dc9210d3_1.png,-0.23121193866034837,1.0082548313322872,1.4107062856406627,-1.759160870778441,-1.1895083744173451,-0.4811341660773957,-0.6442130520328223,0.6469221814435457,-0.597605070406178,1.1351610944738513,0.3263904415754242,-1.724794467283346,-0.30360638677395024,0.10340697552459076,-0.1547545310522633,-0.34805252862119157,0.5981308634504305,0.6567239367337117,0.6490828394016375,-0.07106540056829591
578fbdd2-3bf8-444c-8c21-8d2666ef631c_136.png,-0.8370813734524784,-0.22086411054283359,1.1266649913660285,1.9663160197629639,-1.2991861399252798,-0.6490261842569254,-0.725965230694855,0.5699313706576086,-0.5155446646747364,0.9830439224455231,-0.27954094224398346,1.10221526755197,-1.0197150540121287,-0.5195464879252328,-0.4805012630604409,-0.8864147335941303,3.383825898549173,0.7217637304092984,0.7927900019332562,-0.07106540056829591
27bb6d3d-77c3-486b-a22a-3741dde393ee_17.png,0.4978808442006446,0.17887816640984563,-1.1505507548341807,-1.0088281856769998,1.399553039067848,1.1240684071811582,0.5999494331168003,-1.045664256131518,-0.6845219867549739,-1.4035181136629835,0.8023681308264219,0.324348045706415,2.4713146987739916,-0.16108058661483146,-0.40290841853649684,0.31020322315731663,0.060503669906551434,0.6279695016350313,0.5855491464929228,-0.07106540056829591
386822e1-0d1f-45b2-97d0-ac0273ee2394_56.png,-0.09894122671576658,-0.35631495484656533,-0.8792021992727792,-0.19648205928368356,0.6623412552828168,0.29070789396871094,-0.24571825191800287,1.0079299392514611,0.999401452806764,0.5240237892977044,-0.7715413846385546,1.055305581739195,-0.5342760055477866,1.6054742699535733,1.2407253874722417,1.044962822749174,-0.012048314728622785,-0.9263674623103054,0.19641765885976614,-0.07106540056829591
2ec83b5a-f1ad-4dae-bb33-773f1eee7923_89.png,-1.281625980897696,-0.799380174287795,-1.011995257688835,-0.5215026300104982,1.1263767350109173,-0.05102619713065583,-0.6137969135286019,0.7191477542285467,0.5505601502347962,0.7070121821649435,-0.7321203470360377,0.27386393298630635,2.0030898009644136,0.4388739583880858,-0.2815763498857251,0.7981442450786382,0.19713283906497844,-0.6141003827333659,-2.1588374614793295,-0.07106540056829591
07a9fdc8-46e7-4ddb-b62f-fe041b4ea954_34.png,0.8525742095359584,0.7435130147951567,-1.3041986558226595,-0.5391346417398404,1.5697686969015197,0.20041693782808281,-0.21767175973307187,-0.7655657807799224,-0.5154397430263776,0.6458991541328624,0.7732301957274895,-0.600527496072711,1.2250101913690847,0.2675716692663011,-0.19092244128154046,0.5041839406408778,-0.19413963039394294,0.35115101135963944,0.2625537224852251,-0.07106540056829591
41b05097-d935-4d5b-b15a-8c9cc622e21b_42.png,0.0857160844475114,-0.8806245012312047,-0.9706899522305761,-1.7422021541003307,1.0698026129591973,2.0357142449896424,0.12516670019774534,0.8113963807518988,1.048939907741707,0.04294223398469447,-0.9273602941090661,0.1652786462551727,0.7085856717261676,0.5479205544725553,-0.12758825590041822,0.5754989071742671,0.05037058684740377,-1.0421459020462622,0.011146019848648577,-0.07106540056829591
258bd669-e070-417c-9e38-6240e5c933aa_81.png,-0.6272424198823764,-0.6960883875904429,0.6022514273089778,1.158876057299079,-0.4555030565313324,-0.47513835592186965,-0.6230534605920992,-0.21474164977343935,-0.5552580172555335,0.23193915254356628,-0.07077289124944836,-0.5486195616901782,-0.6960890217025674,-0.5116158263918168,-0.4446393668284445,-0.7804397532182353,-0.0366673123325303,0.7217637304092984,0.7927900019332562,-0.07106540056829591
a7ab7384-2203-4096-ab14-1eae445ccdd9_13.png,-0.09604840519972871,-1.1991128771927697,-2.2093642789498116,0.35372311846552446,1.7319744815120863,4.827037390058028,-0.025140473704620716,1.9083130493325144,0.7349428749745099,-0.1430073243561097,-1.45704790420119,-1.5739673513633146,-0.8888875090359231,2.1990842857297577,6.36410786297608,3.0271089497806263,-1.5597173216028482,-0.7400721936418706,-2.437175544698463,-0.07106540056829591
2ec83b5a-f1ad-4dae-bb33-773f1eee7923_79.png,0.8101248213386756,0.5933351346828329,-0.7140211181946353,-0.06077005461694446,0.8646850525675938,0.17700488129127778,0.49656385762087774,0.2515927114074212,1.6801424688731434,0.4269118622162737,-0.2167723409370309,0.6857288736279359,-0.15212186101202785,-0.09604916204082059,-0.05893788385292251,0.1097614287331456,0.14763297257112765,-1.6331332202516808,-1.0804426063097528,-0.07106540056829591
855258ad-52cd-446f-9db1-1bc38d82eebd_62.png,0.3570263748340156,0.21028090225628382,-0.3716031054113535,-0.900855773164054,0.5971188024324962,0.03287564340764223,-0.537713367364556,-0.3036741411364364,-0.6627614232296658,0.6840917794766534,0.31293030671549005,0.864199606939789,1.032211704035729,-0.2114402873520228,-0.3438880229327506,-0.028744286024709267,-0.01270162747925589,0.6828159241380699,0.7067337829669531,-0.07106540056829591
372d139f-2c82-4ef1-b50b-d092a9b46c49_1.png,0.42036161161238533,1.023916268913068,0.6044984100154719,1.7813107737560159,-0.716492386579181,-0.627309991839822,-0.09967006204977016,-0.8129971536521946,-0.4988653416444185,0.41914746798354025,0.7662932574651388,0.45271521485912,-0.28294940598823354,-0.3264348795865542,-0.4167276665402896,-0.6164308470461122,1.9220282272284612,0.3234615553386879,-0.08726929983932345,-0.07106540056829591
3dbb185d-309a-4682-8409-24f5556e96df_142.png,-0.6160696749665211,0.2201347878450782,0.2430234939872969,-1.2058778692299659,-0.6550248212999162,-0.5178464140421748,-0.40972335651053254,-0.1670754838848081,-0.3835165952122057,0.5226578486588438,0.17930032228525308,1.2723539044759695,-0.1211363898334528,0.0030841071268788867,0.15323785239635665,0.19613136329496708,0.37736148536775616,0.2920446725456852,-0.1566857420914398,-0.07106540056829591
3dbb185d-309a-4682-8409-24f5556e96df_37.png,0.9172555090537341,-0.06266478330779669,-0.6639351749769107,-1.2433269628847337,0.9423411172040937,0.26381898364204964,-0.3113613568890892,-1.0037663635820966,-0.7182913155234891,-0.0809265030510238,0.7959915357499022,-0.4463076867630786,1.159596418880982,-0.2756786457726921,-0.29948980621469456,0.13226971524068656,-0.5398918210919463,0.7217637304092984,0.7927900019332562,-0.07106540056829591
519d608c-1d5a-448f-8835-1d3a5261bbba_69.png,-1.1648945951098482,-0.6327023342352163,1.1031541541312384,0.4770167680360492,-1.0994300064936005,-0.4706462140400221,-0.6001965310076196,-0.10094382629003865,-0.5401770200846367,0.2462898009690341,-0.0921082822902422,1.0467027085695593,-0.5239475151549282,-0.5488899355988719,-0.5619613468131001,-0.8311986426326348,3.630986954318377,0.7217637304092984,0.7927900019332562,-0.07106540056829591
4af4cf7a-5d36-4d0a-9b11-fcbd77f87c6e_94.png,-0.06373531956167566,-0.7656827493613778,-0.8887867203803174,0.0269058288847442,0.9798774462851005,1.065964143415798,-0.14119864024575554,2.2884426014941655,2.3938171949765503,0.5501073535333479,-1.9155462400216894,-0.07741989615303964,-0.544604495940645,0.31436257231345527,0.7319505827005887,0.7602946484901556,0.2046431821426796,-2.2400191546889094,-2.130212763506874,-0.07106540056829591
19ef2be7-6425-4194-a4a4-1b4a7fbefc4e_30.png,0.050774641465725794,0.3895642872313912,1.1456659754395222,-0.4678966497226882,-1.1151412600205077,-0.44462428752524696,-0.014258743174887912,-1.159354066869058,-0.7042786466723845,-0.2831890033109863,0.8483422244211771,-1.2083828499964246,-0.3345918579525253,-0.2534727934791274,-0.28093772901291353,-0.5015402628976063,-0.4446364452212385,0.6842612528864163,0.7099272754676553,-0.07106540056829591
3dbb185d-309a-4682-8409-24f5556e96df_138.png,0.1583597684776316,-0.3128159462409033,0.8631133749926125,-0.8433895654308985,-1.4409764756695702,-0.2687483723155469,-0.17281663412963655,0.23609403017226066,0.6562501366551268,0.43419636628281644,-0.22177232253396348,0.22692063607454155,-1.0541433553216566,0.05621953940076581,2.5463618587131758,0.22036755304282257,-1.9179320321478062,-0.7224239689252202,-0.8418444910617099,-0.07106540056829591
505d1bd8-e981-43ac-b532-853c95be827a_7.png,-0.632094780403495,-1.0389956674768819,-2.197522402025744,0.2165822734085192,1.5599263436861794,2.2045556228257635,-0.14983087902649175,2.2437138428036842,2.8809620511557004,0.3435163007610005,-2.270606305569688,-0.2376240159200424,0.09576190841657244,2.8942067691336666,0.9101464500418606,2.736299121653394,-1.7118096708623354,-2.7397225519461363,-2.875915250016217,-0.07106540056829591
386822e1-0d1f-45b2-97d0-ac0273ee2394_59.png,-0.17844006271010326,-0.7286446842356954,0.8316934006901547,-1.1766769053358035,-1.2289433286059745,0.5689800052926448,1.0546768818056114,1.1236612418692695,2.1341525268911767,-1.015786269379705,-1.2214301847701285,0.4082886096445785,-0.8923303391668759,0.24021088697601606,0.8775686021068215,0.08801421341024765,0.7933800175339674,-2.2051030549262265,-0.8621328032635276,2.408482631839158
2ec83b5a-f1ad-4dae-bb33-773f1eee7923_59.png,-0.5451151061662761,-0.3658497567060408,0.2410831550426917,-0.8404548745397731,-0.37861129571800134,-0.36166459163621617,0.003635926527169422,0.5754463747374073,0.41241558534134737,-0.23802556782279985,-0.4078608101201964,-0.48812654317659526,-0.43443393175015593,-0.08415316974069666,0.10106155823354565,-0.07707569368904578,-0.5321115067591821,-0.4205784703231991,0.195787313418807,-0.07106540056829591
41b05097-d935-4d5b-b15a-8c9cc622e21b_81.png,-0.8766659305028928,-0.3935529505821395,-0.967435377454289,-0.33186826079163323,0.8824931325035952,0.16690973955570493,5.430155416989237,1.3170385867801897,0.5117474147575147,-10.114774691997015,-1.2307510738383767,0.6737848866812578,0.42971643111899227,0.5637818775393871,0.09319304726807777,0.7468744278142985,-0.24720259602245806,-0.5455613720880984,-2.0073986855249553,-0.07106540056829591
19ef2be7-6425-4194-a4a4-1b4a7fbefc4e_6.png,-0.9690884432276148,-1.3124338719183082,0.25669686477597714,-0.9508822133943122,-0.39199450537158503,-0.6465905576294202,-0.6065055749782005,1.9125983662746755,2.026924454551393,0.8327175659532758,-2.0686043259129394,0.24471926920435977,-0.7305173230120952,-0.1491845943147075,0.24172550169262505,-0.12684510537943197,-0.6715080223897336,-1.8818058349013802,-0.4938191530885545,-0.07106540056829591
2ec83b5a-f1ad-4dae-bb33-773f1eee7923_84.png,-1.5408307293517893,-1.169908714603865,-0.6661535049948987,0.05310749415957724,0.5525018967594131,-0.5630746651826322,-0.4870078290240562,0.40474235500399797,-0.09779978382512819,-0.7682266168195062,-0.6236833257405828,1.0767037603027088,1.31796660490481,0.2505207469694568,-0.16640691830991958,0.6798635548961205,0.31232320502053595,0.4874683333089393,0.3594582744939348,-0.07106540056829591
00367bac-0715-41b8-93dd-c21b8877a1f3_14.png,-1.111861268927394,-0.7413109808639105,-0.09027830027728477,-1.0314250845412916,0.24777612902307422,-0.5040456147260863,-0.47458421806780215,-0.024129911060913306,-0.34627239340804633,-0.06644039511445518,-0.18203112945413366,1.5632391116963065,1.252552832416707,-0.18725176967510412,-0.4129598235979594,-0.09010118059922329,0.06312166160172941,0.26192097863278196,0.16413458925803737,-0.07106540056829591
22df8deb-bec0-46ea-b532-d6d7e8d8d57a_4.png,0.8500467504551334,1.8869808160930484,1.4580204538291865,1.2395047821515888,-1.716302347594082,-0.658674438523069,-0.06907338201338199,-1.1566053000692054,-0.7458377642791281,0.660777167093825,1.1848742886859793,-0.22719007399276547,-1.2572703330478707,-0.5980600371060508,-0.6610859195491546,-0.9650348154706021,-1.2263383708739923,0.7217637304092984,0.7927900019332562,-0.07106540056829591
268cf2e7-02be-4b54-8659-24b54163053b_14.png,1.0901277583136881,-0.03371181731221471,-1.1471410814206364,-0.43487996798726414,1.2810136631177065,0.40082931103839947,4.350391325876145,1.0902091136164975,1.220738520224767,-2.4276989157663036,-0.7301645021831699,0.3303422763234268,-0.15212186101202785,-0.31652155266978427,-0.07059260077535663,0.03781177976340481,0.041333732778318914,-1.728448847708418,-2.9252494247246106,-0.07106540056829591
27bb6d3d-77c3-486b-a22a-3741dde393ee_92.png,-1.3903258243296024,-1.3455120514124477,0.04454952740146669,-0.692323771242574,-0.17953873218605834,-0.5628161424030567,-0.6915198882883505,0.8906791332599818,0.07686540986080359,0.4840120931373147,-1.1371659215512295,0.10383005775988584,-0.004080165381058231,0.5138187098788666,-0.012818091526243235,0.10633723021548436,-0.1741789357567871,-0.06517973809823885,0.39338216364756673,-0.07106540056829591
92f1a624-99c9-48dc-9309-0fb5c6bc0e7f_34.png,0.5594835103102759,-0.15440983558361795,-0.1443394977144182,-1.376320972934956,0.5018348409255351,0.4951642905571977,-0.5540900017481141,-0.08893379918393947,-0.5891739434946235,0.5708462542097981,0.24991244719790706,-0.32883001680545476,0.212818132868967,-0.39305243646724825,-0.3752234141290004,-0.40535627451182976,-0.16597723387848332,0.7217637304092984,0.7927900019332562,-0.07106540056829591
a9e37804-c00a-4e4e-b99f-e267a0056a05_56.png,0.4605069029181607,-0.003999129874738237,-0.1857226198792322,-0.07222859899579151,0.6703429175245125,-0.09276799495287323,-0.019795143710206752,-1.0902237739281826,-0.6739456305114558,-0.5719836741949036,0.818521902809945,0.4526864428211534,0.842856046833326,-0.4422225379744272,-0.5041159600616665,-0.4607594077934347,0.9104963452454021,0.5459661126499056,0.40436046671621273,-0.07106540056829591
00367bac-0715-41b8-93dd-c21b8877a1f3_43.png,2.359533071780146,1.404921944160112,-2.448408872133599,-1.05546188073023,1.7745339951108485,-0.40079379201656956,-0.07192240790693458,-1.2137939448651303,-0.6520383897450489,0.7372992431133683,0.9530462102868628,1.4575769576902926,1.5796216948572213,0.08120112323102607,-0.25161555241385297,0.49058716465243435,0.7936169011717799,0.5216998036645112,0.6073889343567608,-0.07106540056829591
78667ea1-0eed-4d74-b94c-83a1d16767bb_15.png,0.5778076884558343,-0.3861683474895107,0.10334024210650547,-0.14583298495229893,-0.6741169035986797,0.3572329813671796,0.0929045787205393,-0.20332672640052077,-0.05442197094941708,-0.31375878022059306,0.026295406810339646,0.3359741713461872,-0.7856026051073397,0.287398323099841,1.5293738853458523,0.470484816651803,0.013097346839319377,-0.444160149901482,-0.7419156247577312,-0.07106540056829591
2ec83b5a-f1ad-4dae-bb33-773f1eee7923_32.png,-1.5107739685261328,-1.5324638927251626,-0.2309043003730377,0.23754673429340023,0.4127136213003557,-0.6663596255801157,-0.721288492755243,0.9252388286816365,-0.15942940205847142,-0.2305271407600828,-1.3356871361305052,-1.5437606768568513,-0.09703657891678333,0.03520328633721352,-0.008023497113401943,-0.018447375194285725,-1.4900506285873583,0.4885333123866682,0.6243708790630319,-0.07106540056829591
2ec83b5a-f1ad-4dae-bb33-773f1eee7923_31.png,-1.5398758537668849,-1.434374737928565,-0.34558621324372163,0.20484685202539218,0.5307675128177863,-0.5685992845429694,-0.5976085625954002,0.020110091230680034,-0.20698527995455746,-0.7354619858746785,-0.7560332304720608,-0.2678055223814742,0.873841518011901,-0.025069741316747766,-0.3034370330132266,0.04675262358209422,0.2885493588827785,0.24153423628768575,0.24779303334621444,-0.07106540056829591
855258ad-52cd-446f-9db1-1bc38d82eebd_85.png,-0.4746346403168851,-1.265770169933901,-1.6509167396872069,-1.444798029198901,1.4270391775957798,0.756215453667409,0.19830150456196416,0.63948232563752,1.1419233334735581,-0.6190273330026231,-1.2684344780719714,0.6027188311959153,1.9066905572977355,0.1517840108784281,-0.10381132633178478,1.594704492189758,-0.04353425151040649,-1.15533796402202,-1.626967305497039,-0.07106540056829591
19ef2be7-6425-4194-a4a4-1b4a7fbefc4e_1.png,0.2710322980695477,-0.9701798266192115,-1.4679046859575386,-0.8900088768859152,1.4310031850911504,2.9624459080601993,1.1901579726993123,2.1399497381055266,4.00164940226186,-0.37267405834789946,-2.552555679538729,0.24909126361305767,0.17150417129753362,0.10459657475460316,0.09627666856055431,1.332158422253379,-0.289592245552731,-3.604941982666748,-2.629555431363519,3.9071000674505907
27bb6d3d-77c3-486b-a22a-3741dde393ee_82.png,-0.3449821764866591,-1.0706385503913753,-0.7593501247039665,-0.9656074913197413,0.9684055999845207,1.5482964025425505,0.1011051281430569,0.8826825225697591,0.4115079110097179,-0.8239849752390648,-0.8723680145606718,0.966413189723115,0.8187562359166566,0.18707545470212913,-0.17019491029031109,0.4403322096372458,0.3741143699773025,-0.4790001797300419,-0.7961115050428579,-0.07106540056829591
4af4cf7a-5d36-4d0a-9b11-fcbd77f87c6e_114.png,-0.10981079787817638,0.5237773555576296,0.3350900576185793,-0.06026137322128657,-0.2828905047761725,-0.3395999712513602,-0.5472037203573613,-0.024166863001617328,-0.6151732254827945,0.8717693413756724,0.4736430535316289,-0.9447471021856391,-0.196878652714414,-0.2919365019161948,-0.26478524880618914,-0.4100910121052477,0.4538758487460683,0.6054528011344773,0.6377655558155222,-0.07106540056829591
48a4d49c-a4cf-463b-ae33-31db1940e1d3_41.png,0.16276590420940049,0.4834905603531453,0.13103679881257607,0.41765951077261776,0.3530004183710221,-0.37566949996667426,-0.6593918568341782,0.10733017764793679,-0.6420416441477186,1.0385398850074288,0.3286475649885249,-2.5292926209807445,-0.6960890217025674,-0.5354078109920647,-0.3730753155503402,-0.731772054004429,-1.511870596527097,0.7217637304092984,0.7927900019332562,-0.07106540056829591
3b88f35e-b058-4cd6-a43c-563cda6b239f_59.png,1.7958717653163925,2.3819941306728003,0.27801154983306503,0.3687911529980394,-0.2194123025318122,-0.5038592770483595,0.47970784366305674,-1.432800675819081,-0.8157909271069539,0.474418163603619,1.746079885040921,-1.2516353363922799,-0.4619765727977782,-0.4005865649239934,-0.36150636735694475,-0.6351617107492062,0.5904382058801101,0.6954435332025697,0.7346348227099352,-0.07106540056829591
386822e1-0d1f-45b2-97d0-ac0273ee2394_36.png,-0.9128028542450525,-0.6648700567282663,-0.2582037324780562,-0.07606424025947618,0.3794570724657601,-0.5667978275715073,-0.7198636701317392,1.3894727932712103,-0.16706671616350954,0.940241305009904,-0.8980749866221168,-0.8412421430309195,-0.3277061976906197,-0.05084439130034963,0.22194110170657946,0.09107846065261424,-1.445198175631001,0.17968937984528577,-0.40493776438290213,-0.07106540056829591
3b88f35e-b058-4cd6-a43c-563cda6b239f_99.png,1.3554463508804075,0.3225823701136322,-0.551909873110664,-0.5394329853051344,0.8384764112208831,0.1089033162500613,-0.46206305894236666,-0.28316008085440575,-0.31421995198441177,0.8832059437139015,0.39071707412016693,0.23229962475796734,-0.1039222391786889,0.5768674690695235,-0.13015197905609535,-0.158169058334802,-0.38438590897087443,0.15154350421959328,-0.46712682887027085,-0.07106540056829591
6764beec-de30-41fd-ac4d-374023ed0a03_25.png,0.8288315676186337,0.5166283433085338,-0.3721720169198374,-0.11782497092351714,0.15346928040140562,0.1527054441878829,0.001692705061729941,0.44944205125641334,1.0278558269175164,0.6485124258728985,-0.21088115932986004,-0.2944264966327307,-0.5652614767263616,0.19857491392558227,0.7097733736632086,0.45041918653643637,0.24714458287884655,-1.031952530873714,-1.0644193584597708,-0.07106540056829591
75769513-6d94-48cb-b36f-b1f9dc9210d3_8.png,-0.8738949948840309,-1.3446874816862602,0.7901395040702278,-0.8519194927185826,-1.0310021855392115,-0.10859801980285204,0.18704103939442598,2.2496157385605704,3.4552178267118947,-0.5477962626564901,-2.577340825309211,0.2119513634936162,-0.9784010924406954,-0.22095708119212196,0.9179950623869023,0.07591013301397609,-1.8493334664568295,-3.811547923746156,-2.283560381478907,-0.07106540056829591
578fbdd2-3bf8-444c-8c21-8d2666ef631c_26.png,1.4930052110925776,1.8447005103584344,0.7772040433269228,1.0454295077239821,-0.9240921671698563,-0.5768650130193328,-0.11534837541268045,-1.0727251908235351,-0.6947105312651215,0.7661447733411606,1.3571363278417712,-0.5901760235041402,-0.5101761946311171,-0.48465157717820256,-0.506153359838263,-0.7760982444441858,1.400562976686148,0.7217637304092984,0.7927900019332562,-0.07106540056829591
16c36170-95cc-4260-985e-1bc7fbeac4a2_27.png,1.3783639089577142,2.5338501547800507,0.18458568698837807,0.6849869796604079,-0.17998219096910892,-0.6041270013863489,0.013974174400034043,-1.0629004635667303,-0.7863523118443557,0.807638044714831,1.5500426620518397,0.39426970710193154,-0.4206626112263448,-0.16345978507485626,-0.0652117659114,-0.33520634869192933,-1.0516854485700247,0.7217637304092984,0.7927900019332562,-0.07106540056829591
855258ad-52cd-446f-9db1-1bc38d82eebd_91.png,0.41888321521038746,0.0849797752645599,-0.35779542809009757,-0.9594557604094829,0.4333014973646347,0.33875192214676236,-0.029954398434541684,-0.43343897358138705,-0.531521293025765,-0.1739508121220941,0.5328912644958066,-0.8967122261062497,0.13363303985705302,-0.18130377352504215,-0.036295334411996824,0.12056627336014004,-1.2257378794328528,0.659386384428034,0.6549655887450366,-0.07106540056829591
268cf2e7-02be-4b54-8659-24b54163053b_70.png,0.31498914162105174,0.2561525451291969,0.34884144585992116,-1.6401635698394437,-0.05711201520638597,-0.06635344467374407,-0.5135762341883431,-0.3743653899947084,-0.6677675384864652,0.6790440923023683,0.549873117965117,-2.0121852390891357,-0.3345918579525253,-0.521132620231916,-0.40743983985804727,-0.6367179539774636,-0.3282031799813521,0.7217637304092984,0.7927900019332562,-0.07106540056829591
519d608c-1d5a-448f-8835-1d3a5261bbba_52.png,-1.2948330119104292,-1.0864570955351482,-0.09246264043239427,0.31753517377810925,0.28399569949637665,-0.6446677225429107,-0.7351285650633567,0.9897287978893543,-0.34435237190404583,0.6471049301952287,-0.8381786931044174,-1.4473854708373528,-0.5377188356787393,0.15376667626178211,0.22965167015830995,-0.14662349499311775,-1.431478817299951,0.4939342777094362,0.28939473669091925,-0.07106540056829591
258bd669-e070-417c-9e38-6240e5c933aa_55.png,-0.9044170107402995,-0.8849416413080343,0.5602597272610533,1.2253773820097627,-0.6042660625552955,-0.6326949368170431,-0.6575842737754102,0.8221642267817078,0.8278473805571847,0.8853482104843613,-0.9770037894427531,-0.7671078941048277,-0.7787169448454341,-0.19557896428519086,-0.07827295699288175,-0.5136944940153588,-0.3399310452187123,-0.8238251911118366,-2.622230031186548,-0.07106540056829591
258bd669-e070-417c-9e38-6240e5c933aa_64.png,0.8287085860618655,0.6754953021869862,0.14455608087805263,1.6143739111139224,-0.2785503525888815,-0.37101096861027516,-0.18734635651002635,-0.7747209905586859,-0.7195279703243902,0.43568778060172086,0.9229230483813909,-1.9933663133854578,-0.8613448679883008,-0.23443920579892907,0.07997731116078335,-0.5586515892199589,0.32309703182785326,0.6721661333607808,0.7516497676805515,-0.07106540056829591
00367bac-0715-41b8-93dd-c21b8877a1f3_93.png,-1.6035734387679321,-1.552514928544909,-0.22880744495091504,-0.9356688528995192,0.2948356196353792,-0.6407193187047551,-0.6677744961725011,1.7398090868020517,-0.011177533927434875,-0.36960370159517536,-1.6778363508929173,0.11965306964707233,0.18527549182134476,-0.01674254670666101,0.02388153138289432,0.2783793808864421,-1.6274421502103775,0.23970855786872192,-0.18368911168818958,-0.07106540056829591
7483fa58-40a2-4a34-b0a6-a30645af78bb_38.png,0.8481126191436973,1.3993273955631904,0.9326034632641074,0.7975846506162957,-0.9921656378577014,-0.5261562530085666,0.23603344607806348,-1.3860464852932772,-0.7815798050496652,0.17918849818774543,1.4627291561621267,-0.8584584269430993,-0.4688622330596837,-0.5310459471486859,-0.5425848607016202,-0.8042032782249766,2.3559850479951066,0.7217637304092984,0.7927900019332562,-0.07106540056829591
81faa7e7-ef94-4bfb-ad32-94fd63e1848b_56.png,-1.1385745596212247,-0.25127630827196973,0.6704659333446962,1.360787018441803,-0.7414349618299539,-0.5087157240817312,-0.04347085856235486,-0.1797731173347362,0.4255983839020235,-0.625569563677962,-0.06989987912269438,1.7311408987616248,0.31266020666659766,-0.362122856486926,-0.5020969539395036,-0.5316774505775501,0.7762420712205866,-0.5476913302435563,-1.662684219741504,-0.07106540056829591
4a7aeead-7888-4bb1-a39e-eef6dfc4a6ff_46.png,-1.7969440448409513,-1.4006248683663594,1.7039440695294477,1.2543074489223676,-1.7719451336349503,-0.6653180834306144,-0.7345030180736853,1.0718571742465652,-0.09646190807103958,0.3342566639202858,-1.2556906626596778,1.6911334164438219,-1.1298856182026178,-0.509236627931792,-0.4087048609664986,-0.8931760784047154,0.6525358859115498,0.16995242827747864,0.3092246570235664,-0.07106540056829591
92da35e0-d1db-40c0-86e2-73b0de7f8784_34.png,1.510854886051318,1.2553546653259229,1.475376480617022,0.07359899721776265,-1.685431471487308,-0.6484066856502745,-0.005252105230531585,-1.3403053944481171,-0.7879594173360752,0.3450582491589309,1.3793429772698234,-1.33157491259739,-1.143656938726429,-0.5738715194291321,-0.49212629903994853,-0.9203593884579284,-0.246632202163336,0.7217637304092984,0.7927900019332562,-0.07106540056829591
a6a04226-e7be-4c2a-8240-4e24256bfed9_10.png,1.2327824361756627,0.3414038574475719,1.3670377033862877,-0.11123423301780991,-1.5325763387996831,-0.6176034270318914,-0.5167857237927755,-0.8813910317262733,-0.715829853876866,0.6963472301383016,0.7559836869752616,-0.1135675189463827,-1.1952993906907206,-0.5964739047993676,-0.6242275453765728,-0.9547689726676898,0.3974636274773307,0.7217637304092984,0.7927900019332562,-0.07106540056829591
505d1bd8-e981-43ac-b532-853c95be827a_70.png,-0.5594758521054238,-0.10231386972939686,0.23999870699168155,0.030218980243686494,-0.2563279004491521,-0.20884889632898324,-0.07332493380605427,-0.9995479816280151,-0.6732240692546158,-0.6928255593769865,0.7480859400438169,-0.44019430963727696,0.5226728446547173,-0.21778481657875556,-0.2938252556742871,-0.12675137845869888,-0.12902615799347208,0.6090280880382815,0.5436975868784508,-0.07106540056829591
a5f7c55f-08cd-4cf8-8e07-7d416d70c470_10.png,0.6799548252886135,0.26257838970995573,0.40214742394788716,0.4409971233240413,-0.3644717535536182,-0.5261565544130218,-0.6198566677334969,-0.29948773508195436,-0.6421168769626373,0.9155728196512664,0.33819809847810206,0.12217293126381877,-0.8613448679883008,0.14068108473164578,0.19440524731900202,-0.49799635842999973,-0.5706669265287857,0.6285780611080192,0.5868937749142712,-0.07106540056829591
4a7aeead-7888-4bb1-a39e-eef6dfc4a6ff_70.png,-0.645104807612697,0.5611342162887935,1.2567981536701043,1.8139573944274001,-1.4664488132221292,-0.6209917277141102,-0.01236909578331663,-0.6493773602478216,-0.628106539661575,-0.058762506981027515,0.6777681740977317,0.8955419447907274,-0.5549329863335033,-0.2887642373028284,-0.41465224408090995,-0.7122475626856561,0.7411450819440554,0.6857065816347626,0.7131207679683577,-0.07106540056829591
268cf2e7-02be-4b54-8659-24b54163053b_49.png,-0.4076378565033129,-1.2682231183632389,-1.3590843161577937,-1.154692886651672,1.4304333571349963,2.3859537942297018,-0.008587633263080931,-0.017842354856782334,-0.11812244035068771,-1.5974209480478962,-0.5772275338136384,1.9924360203168998,2.9016684651430893,0.09309711553115002,-0.2949173883116441,1.0576023332654843,0.5285455769448815,-0.09111958563435003,-0.08265156788306226,-0.07106540056829591
855258ad-52cd-446f-9db1-1bc38d82eebd_75.png,0.1220755236529413,-0.4242201446728663,-0.10058029220702597,-0.6146225821839645,0.37720076411482123,-0.07615769045150765,-0.3253116741122143,-0.7440860701800831,-0.6573449594211339,-0.5642455071018769,0.4981927545428058,0.03205420287109564,0.7189141621190259,-0.43310227721099886,-0.44254484993586,-0.36576983566212395,0.29851280948895975,0.7115703592367503,0.7702674758756703,-0.07106540056829591
a7ab7384-2203-4096-ab14-1eae445ccdd9_9.png,0.308563707207824,-0.6512165483780574,-3.1174161294634546,-1.0444701440333513,1.8170473215627745,5.929860356632712,1.2461456669818038,1.9942340194683383,2.23110188039826,-0.4503425152418987,-1.8674866912303345,-0.996604455783414,-0.8751161885121119,7.94445203361295,8.967103642187718,5.733845126261376,-1.7876986068043907,-2.285280765492388,-2.249572777901075,3.6106877384609457
505d1bd8-e981-43ac-b532-853c95be827a_52.png,-0.15208145458399028,0.03594173508418194,0.030859227887290185,-0.17655709978793166,-0.23017861550580257,-0.20736978157390057,0.12464954006272025,-1.0776020118860399,-0.4911946301086438,-0.5119010975342179,0.8371623324781162,-0.03494353494991313,0.24724643417849482,-0.1931997658251661,-0.19178243846428164,-0.052614754000012344,0.9860226035266078,0.2480001806881827,0.46929876738371057,-0.07106540056829591
6764beec-de30-41fd-ac4d-374023ed0a03_70.png,2.3545163065732986,-0.303194817638882,-1.016033539736353,-1.0356411138583843,1.2273910625212763,-0.22459682207884454,1.3574639215309052,0.8703390603987036,2.068212360487835,0.3570199517735592,-1.0419195651543256,1.394885116033027,-0.07637959813106665,-0.17614884352832177,-0.12449484207097752,0.1132585258463582,0.7894927326616639,-1.9593971677073432,-0.012659494813491455,-5.248530752328168
a3283dda-4e12-48f9-90f3-8f3223c77d46_3.png,1.4272153995782637,0.21293440649751352,-0.6520319364076876,0.5005702814656486,1.0214769587228794,0.4161662190318758,2.364151117827831,0.1842515181623417,2.500892058288389,-0.46985011094726403,-0.51073149578356,-0.20217230483806894,-0.46541940292873096,-0.4176374872208377,0.0423445903410756,0.04979273543852142,1.1360643677238944,-2.3710876511836885,-2.195855890254341,-1.1497040155182694
3b88f35e-b058-4cd6-a43c-563cda6b239f_16.png,1.1043779618089762,1.9597894024182119,0.44986662573275493,-0.22686855821841076,-0.6466935590699137,-0.5509269362555053,0.3755920504435479,-1.1459041467491964,-0.5111566387505398,0.4729476096649809,1.4078161700783924,0.4601284217971162,-0.4378767618811087,0.20293677776896105,-0.11395088163438843,-0.36831598358540757,0.5907222393314984,0.29866275681442916,-0.1420629080092745,-0.07106540056829591
22df8deb-bec0-46ea-b532-d6d7e8d8d57a_0.png,0.31704473225790475,1.2383140015661447,1.3363544062877932,0.8906537016062217,-1.4927781232448134,-0.6204912325273648,0.585175995151821,-1.4762424317267389,-0.7774853902127387,-0.4036606698831903,1.4750318623427996,0.046916633004097416,-1.0541433553216566,-0.5929051071093304,-0.6490136922469509,-0.9477349692656944,0.7847010483101915,0.7217637304092984,0.7927900019332562,-0.07106540056829591
258bd669-e070-417c-9e38-6240e5c933aa_84.png,-0.2580555956616878,-1.02730550750251,0.30284240048751115,1.0301664791310123,-0.15588444279123664,0.008885231294308389,-0.7687266319432566,1.9522066126201503,-0.25034312709680373,0.9508635514416454,-1.1685589137421877,-2.5788745409801943,-1.1402141085954762,-0.16901124814824742,1.4125382838436977,-0.48844103159192087,-1.9844671113058494,0.5965526188420286,0.6564379834030796,-0.07106540056829591
578fbdd2-3bf8-444c-8c21-8d2666ef631c_40.png,0.1317547357306619,0.6579761759524885,1.2418704746206817,2.0756542469418235,-1.5017736103222838,-0.6060522050499978,0.7225185528548853,-1.3618999276445956,-0.7311293586486736,-1.1755776109279594,1.1369842071561362,0.6797547067681068,-0.7683884544525758,-0.5833883132692312,-0.5739470543283414,-0.8796762336463871,0.2881968681831143,0.7217637304092984,0.7927900019332562,-0.07106540056829591
824faab9-9bc0-41fa-93a5-24d93dec52b5_19.png,-0.38773276359742287,-0.5208948301856254,1.5624683635693144,2.049783209362027,-1.9058890525147116,-0.6580327039685192,-0.7359033762357119,0.5564663857104419,-0.5204723035642251,0.8884504545135405,-0.35762489229274236,0.7437515890509445,-1.2159563714764374,-0.595680838646026,-0.6080448596762956,-0.954578864467636,0.014148350040532746,0.7217637304092984,0.7927900019332562,-0.07106540056829591
273317d8-7414-4eb9-bb2a-b42c7082fe9b_32.png,0.6936168994426629,1.9775881611705026,0.16984355577204385,-0.8058178741291558,-0.04934318545766139,-0.46583320488089974,0.3283096786494967,-1.2249792429781845,-0.7881494006543676,0.4436419515663324,1.5606910682911557,0.07406151937012351,0.7257998223809314,-0.1749592442983094,-0.45128842866917224,-0.38330372330557383,0.36237743599967337,0.7217637304092984,0.7927900019332562,-0.07106540056829591
3b88f35e-b058-4cd6-a43c-563cda6b239f_27.png,-2.070304645011655,-1.576342733565192,0.9310408618247034,1.9224408892892626,-1.4029688930585005,-0.6670169877322143,-0.7006203582811578,0.96167860090818,0.06697335135009042,-0.4494568820256455,-1.4658375770975367,1.0622936194468666,-1.064471845714515,0.015376632503673623,2.4705235775007806,0.06048940959922076,-1.1407172198833748,0.04573022585381424,-0.21430852589924151,-0.07106540056829591
19ef2be7-6425-4194-a4a4-1b4a7fbefc4e_69.png,-1.2258595852612417,-1.1390674911738545,0.6455965304785981,0.0017964742393340883,-0.5681510878878387,-0.6204912325273648,-0.6556961747674765,-0.055713102141699666,-0.44388896998784755,-0.4469664065860826,-0.49778253043678744,0.11742400219082925,-0.33114902782157246,-0.3922593703139067,-0.30188274293606415,-0.5241738995455365,-0.15173754923216928,0.7217637304092984,0.7927900019332562,-0.07106540056829591
4af4cf7a-5d36-4d0a-9b11-fcbd77f87c6e_108.png,-0.30094002904077305,0.6037013612609982,-0.3292921514653386,0.35027067970513076,0.3165050035219143,-0.3132248708179297,-0.13908478690343054,-0.2451006770062778,0.45851892341306766,0.5249142454523229,0.3955226489778768,-0.07968172540269873,0.46758756255947287,-0.0956526289641498,-0.20351366351113143,0.15338652299315372,0.7403603178666031,-0.5559068831288936,0.2967063364828353,-0.07106540056829591
855258ad-52cd-446f-9db1-1bc38d82eebd_81.png,-0.29498284399689,-0.0076399622848223,0.34820595748703326,-0.6681370282176199,-0.17003263708039149,-0.34871664867558905,-0.680607190085862,0.39050139084216867,-0.5822220477245665,0.9447055077536842,0.015491696146207375,-0.7457132895814925,0.04411945645228071,-0.4319126779809864,-0.4150348507601393,-0.5236035749453748,-0.16598247208849165,0.7217637304092984,0.7927900019332562,-0.07106540056829591
53345714-cf33-43b8-9e6c-89b5c2c7aad7_32.png,-0.7465874396335069,-0.31036202257417483,1.1095680085756412,1.5558409422991226,-1.3207043676987638,-0.6431710635824014,-0.6016046310878351,0.07841912389386102,-0.23734892294437973,0.6870927501131878,-0.13474612870357092,1.7799789536530943,-0.9336443007383093,-0.4572907948879175,-0.3549524832049514,-0.800130803886343,0.9143884547930167,0.11852915280999723,0.24382056707685137,-0.07106540056829591
505d1bd8-e981-43ac-b532-853c95be827a_33.png,0.023849769422430802,-0.2584393045598824,1.2840811201351814,-0.3079509825340077,-1.1868535852552051,-0.3086046388361401,-0.2962785518732769,-0.8913246534110505,-0.6991396243638253,-0.3821154840912759,0.6777149094632192,-1.7462371198926507,-0.3242633675596669,-0.46244572488463787,-0.41706484332034993,-0.6429699790994793,-0.9301941672897558,0.7019855475371901,0.7490895782394305,-0.07106540056829591
16c36170-95cc-4260-985e-1bc7fbeac4a2_38.png,-0.6005501779253174,-0.8451742089967704,-1.7143752041589186,-0.32851811961441657,1.5191348427383815,0.4603101340521289,0.014762921025129274,0.5015854253139903,0.7998345143313579,-0.40545070832546753,-0.7524614554311259,1.769036595331341,1.851605275202491,1.2406638394164393,-0.013371415776861852,1.8153346371959451,0.03833544156337833,-0.8703039208612909,-2.724926026867038,-0.07106540056829591
41b05097-d935-4d5b-b15a-8c9cc622e21b_96.png,-1.285046590047294,-1.4984101285774971,-0.8906450309392263,-0.5061121680834686,0.6842961866875326,-0.6528182315651091,-0.5279105505536427,1.999650585666803,0.5417778230733218,-0.14618763635303106,-1.8578682102298982,-0.65582027646425,-0.6892033614406617,1.392536007781355,2.1132740107854,1.2418807098253775,-1.3283874274257126,-0.4812822777537467,-1.865372308520023,-0.07106540056829591
3dbb185d-309a-4682-8409-24f5556e96df_15.png,0.5267513065687118,-0.45393102599960033,0.31397951295102183,-1.3409190204128745,-0.1332329172180119,0.5285344873937794,-0.6988155623129377,0.6479255933554895,-0.3854621057720783,0.8055849364250592,-0.4307827722013575,-1.5903471185625486,-0.5377188356787393,-0.37322578263370837,-0.22476502099309772,-0.5492681819526554,-0.5510810147451154,0.7217637304092984,0.7927900019332562,-0.07106540056829591
53345714-cf33-43b8-9e6c-89b5c2c7aad7_11.png,0.2004828546276652,0.6042611884196003,1.0807974870309776,1.1109247287721722,-1.1856076956319967,-0.617108949535203,-0.458722885758904,-0.6573378766211797,-0.6428238964927615,0.759967386642696,0.779972502738893,1.2506502300212556,-1.1229999579407122,-0.5282702156119904,-0.35330969293170933,-0.8798671136304024,-2.349179291864813,0.5769265758381673,0.633952488403117,-0.07106540056829591
578fbdd2-3bf8-444c-8c21-8d2666ef631c_62.png,-1.620504508334992,-0.7239109258360281,1.2148732779275093,1.2096557901565412,-1.2805327394834127,-0.648470736475284,-0.556824756929197,0.2298824150867425,-0.16475258006986135,0.06698062622296629,-0.4000381992181054,2.0332326495466764,-0.355248838738242,-0.5500795348288843,-0.5893755855498101,-0.8211078302794462,0.8525288603079239,0.07167007338992543,-0.31118394252814713,-0.07106540056829591
855258ad-52cd-446f-9db1-1bc38d82eebd_89.png,-0.21389856304966146,-1.3421877475671298,-1.6796137951399839,-1.1239481065625148,1.5183339627346533,1.5767368826387018,1.6481057496780207,1.6935175310869952,3.032757361429536,-1.6142801083967524,-2.280547357822015,0.3102844246648369,0.5571011459642452,1.821584796739158,0.17615223109260605,1.780143361885726,-0.8756096125873932,-3.110411340929919,-2.2795783522984037,0.5837918771246485
855258ad-52cd-446f-9db1-1bc38d82eebd_65.png,0.42947769680371406,-0.8010942211331611,-0.9788488368441807,-0.8777785556908551,1.0749906935181432,1.9308561200540355,2.3731809815267546,1.9639205260721837,3.747155067974229,-1.2116336028065522,-2.3713782604519684,0.5894750741010006,-0.49296204397635324,0.07406352785095172,0.3041881728447941,0.598471792611589,-0.6266068102632418,-3.455768841850578,-5.405004170116655,-0.07106540056829591
a653df7d-134c-48e9-9911-e3a0e5f096f4_31.png,0.2870449591031742,-0.3378032635026798,0.15783937223113723,0.9921650002893342,-0.40792721951988886,-0.10367220517180764,-0.20598486971168298,0.33846448195679246,0.44309050497067287,0.3714683302061905,-0.33930052783078735,-0.9710602836040856,-1.0575861854526094,0.07168432939092693,1.9189215153218102,-0.0395192912997714,-1.899350667588276,-0.51140597166665,0.35105357842086105,-0.07106540056829591
a653df7d-134c-48e9-9911-e3a0e5f096f4_22.png,-0.4944860864314428,-0.3125410774750592,-0.8903775329889313,1.213878841418758,0.971687781042697,0.0777582310629355,-0.13462544202656587,-0.12979952402942993,0.1899461832808533,-0.1245380023880347,0.031011093780995678,0.2902062102046104,-0.0660511077382083,0.711292182060924,0.3506027347398744,0.6231037598646589,-0.36605642984240544,-0.299170855462104,-0.156329622013398,-0.07106540056829591
75769513-6d94-48cb-b36f-b1f9dc9210d3_0.png,-0.981925900898236,-0.27630826386045076,2.3757160361387477,-0.5798426714910196,-1.9710483667427927,-0.6248831899786607,-0.7646683184285823,1.9283171517770608,-0.3291235747526341,1.1214245473754922,-0.7914472306462675,-0.9449659048963864,-0.9990580732264122,-0.5377870094520895,-0.41724375344854514,-0.855966184137502,3.2084738210336576,0.5360009512797279,0.3823421763166322,-0.07106540056829591
9229a83e-46a1-420b-bbda-57bc886c344b_16.png,-1.1045447379207094,-0.6344993383984001,0.9255130439871945,0.07228291675932522,-0.7745508368248071,-0.5741915491854015,-0.5438474439840655,-0.45765182301168267,-0.5992227240201536,0.04085215231550974,0.07582983156969793,1.4787548530556127,-0.4378767618811087,-0.5746645855824737,-0.5990184539210894,-0.8507708982119782,0.8868358290783827,0.6456937962858051,0.6247114492646954,-0.07106540056829591
519d608c-1d5a-448f-8835-1d3a5261bbba_68.png,-1.3919253901664885,-1.1368545748505268,1.7354710803280602,0.9014483251462787,-1.6998787689147608,-0.6628457131276416,-0.5546396779395332,-0.5482159012276666,-0.5461975510384658,-1.3677189636039069,-0.17787813263967278,0.8653547241163687,-1.047257695059751,-0.5607859278989957,-0.5511281660479984,-0.9159868998566879,1.9962835512142485,0.7217637304092984,0.7927900019332562,-0.07106540056829591
855258ad-52cd-446f-9db1-1bc38d82eebd_87.png,-0.41454436745404943,-0.8211280747286277,-0.2711733846655229,-1.298950722759959,0.4670795499443988,0.28820489671493627,-0.5757113211896292,-0.02776104014778531,-0.541427592740464,-0.28323277611557857,-0.24080029659017552,-0.9518864834411277,0.3161030367975505,-0.31572848651644264,-0.16196550571808535,-0.0009961329971189458,-0.4759568189460676,0.7217637304092984,0.7927900019332562,-0.07106540056829591
41b05097-d935-4d5b-b15a-8c9cc622e21b_6.png,-0.4798884298062182,-0.5790785795697295,-0.9853087719578311,-1.525184804342558,1.1624814334712832,0.8088444229975987,-0.5471526236973139,0.3274888827248487,-0.5518759173260376,0.17154101948216535,-0.18616098973347317,-0.16503530433868044,1.2250101913690847,0.46861393913839566,-0.10332804251714087,0.6945974045996106,-0.5605152939755029,0.6654719791579135,0.6684118729585211,-0.07106540056829591
19ef2be7-6425-4194-a4a4-1b4a7fbefc4e_125.png,0.27874763094155236,-0.28304321924484727,0.37046004088476914,-0.038466022622321634,-0.6571518918512975,-0.4565280538399299,-0.7416119570315539,0.6860018939369934,-0.5382961615443088,1.062954617003813,-0.17348043170461902,-1.8055187646391326,-0.8923303391668759,-0.16663204968822262,1.1196936422644077,-0.08920633782214284,-0.14814977462794826,0.7217637304092984,0.7927900019332562,-0.07106540056829591
578fbdd2-3bf8-444c-8c21-8d2666ef631c_63.png,-1.9373684408960736,-0.9859419512893597,1.4206828986702658,1.156357360121842,-1.4019088978327972,-0.6643788798557266,-0.716281020070597,0.9269853204705272,-0.26181215887235026,0.46867795320347444,-0.9504903337369246,2.2374665280445183,-0.5790327972501728,-0.5520622002122382,-0.5966684461718009,-0.8654024015047391,0.09650643964060551,0.5838489398434052,0.48806358594515664,-0.07106540056829591
78667ea1-0eed-4d74-b94c-83a1d16767bb_42.png,-0.2343404245801892,-0.19961138162701345,0.4782985808606568,-0.8524755044507397,-0.47006315632599793,-0.3350099180799216,-0.5898443476820148,0.13529314490249675,-0.2970605269405863,0.8081049869156229,-0.05004710401515682,0.83579316048038,0.013133985273705677,-0.14046086662794996,-0.34866902968928126,-0.4096935050889661,0.8100683175298162,0.12081125083370203,0.258758856773269,-0.07106540056829591
53345714-cf33-43b8-9e6c-89b5c2c7aad7_29.png,-0.921344826854118,-0.21962427450044722,0.9436085229061281,0.6427461406132178,-1.2728391513963473,-0.5926727861471142,-0.594133680035449,-0.033912060153828666,-0.4072822817488174,0.6681015883749382,-0.027838818649419075,2.01613685301224,-0.8751161885121119,0.16447306933189365,0.6696352753376631,-0.24946623954360822,-0.3837788502019396,0.30550905088554353,0.2674133101739529,-0.07106540056829591
07a9fdc8-46e7-4ddb-b62f-fe041b4ea954_26.png,2.3273049101495547,2.358847831101002,-0.3317804155986901,0.9421694364040102,0.41641281152189,-0.35631007657007346,-0.08781873368604709,-0.5219861809974302,-0.33142849420705034,0.9425597085706827,1.1042313348730999,-0.7904202637064652,-0.30360638677395024,0.07406352785095172,-0.015309872311839593,-0.1548847074736534,0.40035459910216126,0.14872891665702404,-0.4733457353190077,-0.07106540056829591
41b05097-d935-4d5b-b15a-8c9cc622e21b_79.png,-1.2925453685997963,-1.565978181513107,-0.9691640110275537,-0.21044792615159016,1.0342826199660713,-0.5936859118755524,-0.6001971503610748,2.0197839003750824,1.0319676941645477,0.40216421158868143,-2.1552812498571243,0.13003437032982357,-0.04883695708344439,0.4238057014745955,0.5022601422497285,1.0061902939142056,-1.5473940618079254,-0.9071217689770616,0.13644603006005004,-0.07106540056829591
27bb6d3d-77c3-486b-a22a-3741dde393ee_75.png,-0.6472749604341255,-0.5916108951782179,-1.013475909391022,-0.8159860682880984,1.1208456148923933,0.7184051491089092,-0.3694195497720473,-0.7863120754451706,-0.6392642484491046,-0.5802548889172859,0.35684924312064126,1.0189183859310496,3.283822609678848,0.3337926930703244,-0.3892127303959939,0.654409506452958,1.2031336156597003,0.7217637304092984,0.7927900019332562,-0.07106540056829591
3b88f35e-b058-4cd6-a43c-563cda6b239f_77.png,1.530289168995489,0.7165148128434139,0.7675549985360473,0.3008166751698038,-1.005249682258094,-0.5305805210706775,1.3306954652006147,-1.4707301150986982,-0.058396887244589094,-0.6521420320116662,1.3054700879603247,0.32687404667198405,-0.9302014706073565,-0.3847252418571615,-0.009501799997088238,-0.6286529372159483,-1.1175755995669843,-0.10146509667514511,0.5169144020226247,-0.07106540056829591
258bd669-e070-417c-9e38-6240e5c933aa_80.png,-0.23348366012680402,-0.4861142586352354,-0.9232763932096111,0.900789790309163,1.1259604123803928,0.4475692464890936,-0.4299384339321974,1.2458572562878658,1.7632531774098765,0.8129719588437158,-1.2346250534891172,0.8011059459166124,-0.3483631784763364,0.4039790476410556,0.4029187429291654,0.5714348083976725,0.3947754036913421,-1.6770255722409364,-0.7813202419077591,4.356359260289649
6764beec-de30-41fd-ac4d-374023ed0a03_74.png,-0.2617160023318395,-1.3818743220596703,-0.8671715508344664,0.2150100474657842,1.4295285196043745,0.6719621603356256,-0.7481709101212758,0.6527387198186638,-0.31682954914303024,0.14624921062618287,-0.9709953260869257,-0.805924223664683,-0.014408655773916576,-0.25902425655251854,-0.06995166998643736,-0.06563292101545543,-0.021297904337068158,0.7217637304092984,0.7927900019332562,-0.07106540056829591
00367bac-0715-41b8-93dd-c21b8877a1f3_24.png,-1.047302641640778,-0.8555890331858348,0.19904618427312112,-0.8903250141586132,-0.17115656945285013,-0.4825977929574749,-0.6452495400399658,0.3659875776470751,-0.46845870608073603,0.30978969707674886,-0.43433246350446597,1.1374941688635967,0.8325275564404677,-0.23721493733562465,-0.2986735977342333,0.007249506238450103,-0.6510599789619954,0.5488567701465983,0.41074745171761967,-0.07106540056829591
95815a0c-6ff2-4053-978b-a34ec048fcec_11.png,-0.3290576070676148,-0.015562564616487105,1.2204197444490494,1.2092161156886359,-1.390761122070772,-0.5367448731586358,-0.26207289925390403,-0.9028091675334143,-0.674746401269942,-0.27332333979776136,0.610247318773375,0.07395466073804935,-0.9956152430954593,-0.5421488732954682,-0.3777557322968769,-0.8422249182357628,-0.9893882261602704,0.7217637304092984,0.7927900019332562,-0.07106540056829591
95815a0c-6ff2-4053-978b-a34ec048fcec_25.png,-1.1140895610996935,-0.40410794767979136,0.8624835020166878,1.0902841589591792,-0.6994774220376836,-0.5842537332131816,-0.3208241486531416,-0.9495864895836672,-0.6516782411501769,-0.655498626918895,0.46293386917057944,2.061430546075507,-0.6306752492144645,-0.5762507178891569,-0.645735728782279,-0.9111150067848629,0.09338033243894658,0.6025621436377845,0.5294109099016232,-0.07106540056829591
3b88f35e-b058-4cd6-a43c-563cda6b239f_75.png,-0.37629783364663033,-0.30062448037060496,1.2288475075495247,1.7278325201117595,-1.4458822919254306,-0.6200819628126739,-0.18076170025191712,-0.27403466049600145,0.4366305658104297,0.05514647373627397,-0.004143250182401642,1.0390236460393294,-0.9405299610002148,-0.46760065488135827,-0.48145178912523273,-0.8519831030600837,0.8140409802015666,-0.5219036225756921,-0.3349108018767668,-0.07106540056829591
10b42c78-10e5-441c-bc2d-1bc4a35bb63d_15.png,-0.24573986761847783,0.2822407168357538,0.9677221968199424,-0.5183988883857921,-0.7111091997870754,-0.21802114722042534,-0.2652919888368909,-0.8862021636783703,-0.5851162779543562,0.3348206514443439,0.8139024283595478,0.6830151210561638,-0.24852110467870572,-0.4933753048649601,-0.5526764980062928,-0.7680062330278433,1.1510973156831272,0.4093445109641118,0.17255108371181876,-0.07106540056829591
a9e37804-c00a-4e4e-b99f-e267a0056a05_73.png,2.043400347319971,1.2245443809437069,0.2444355023330972,0.8679299982083682,-0.14106989459611124,-0.49567386166745836,0.12324887222396591,-1.4429032640603867,-0.7968826999389022,0.21319792725627978,1.4591784756300938,-2.204245933598454,-0.3104920470358558,-0.507253962548438,-0.39870536845462834,-0.6194181077725559,-0.6897733421400494,0.7217637304092984,0.7927900019332562,-0.07106540056829591
92f1a624-99c9-48dc-9309-0fb5c6bc0e7f_35.png,-0.05055625394908152,-0.4273108397574056,-0.052205673992326285,-1.4194122012245889,0.36560772980535583,0.05076311153156663,-0.6209284588875822,-0.000735735368794422,-0.5988496520714474,0.5570999181137968,0.11389113421986238,0.43566667217950206,0.8944984987976178,-0.2629895873192265,-0.47309161685995565,-0.38615534630638276,-0.048359399081485975,0.7217637304092984,0.7927900019332562,-0.07106540056829591
89bc92b0-73f3-4d37-8aaf-292e4f4f1595_32.png,0.7666669507661784,0.6757615641519926,0.9204238035756487,1.4172544546376613,-1.0896397620543077,-0.5044376859105241,0.6207448447259131,-1.616220009224448,-0.6172298961734677,-0.7950154316358109,1.3877033275694128,1.2742992258485093,-0.6788748710478034,-0.44698093489447677,-0.3411615403035809,-0.6946796023589118,-0.1935575892655519,0.3948912234806481,0.07055646111645272,-0.07106540056829591
78667ea1-0eed-4d74-b94c-83a1d16767bb_62.png,-0.4819158593201275,-0.5622815129419965,-0.5972978569573111,-1.043335912318477,0.7586185325032333,0.576928988721352,-0.01792903174992987,1.5803336567422146,-0.22433509041665117,-0.8414463560170153,-1.0249398823322167,-0.7647331932072682,0.1990468123451559,-0.27171331500598406,-0.027757987642933545,0.183447976586628,0.303858501920122,0.11541028551093402,0.3979019984775482,-0.07106540056829591
505d1bd8-e981-43ac-b532-853c95be827a_143.png,0.3202449078824501,0.6007595330181316,1.0380399263418376,-0.01051963530166219,-1.221045822466231,-0.5110884542991637,0.2836205397720336,-1.2856365288925238,-0.6746225839284704,-0.46279798812791767,1.227474935712073,-1.2719828350691178,-0.41721978109539204,-0.1947858981318493,0.003145896676197719,-0.2505028623103368,-0.18118287475307027,0.5162988383417432,0.3388098311754741,-0.07106540056829591
7728da31-7807-4ad4-af12-f6b9d4769e58_11.png,0.2745366795076825,1.271292986301449,0.5849733377744211,1.0161774238283112,-0.5297839725498393,-0.603806134109074,-0.07007673461067679,-0.9330706326129237,-0.7409689374777373,0.5616664102979354,1.058591736483723,0.3458697322865224,-0.8338022269406786,-0.5913189748026472,-0.6319359072828579,-0.9211198212581441,2.627487943459217,0.7217637304092984,0.7927900019332562,-0.07106540056829591
2ec83b5a-f1ad-4dae-bb33-773f1eee7923_70.png,0.6442797033202641,1.1500521561148196,-0.5994660887207411,0.06356510336364316,0.4852924359146717,-0.2114416528522907,0.42986413565535664,-0.4278337892659683,0.8726140934656926,0.4183480257095978,0.5395886944875428,0.7222748212184372,-0.35180600860728917,0.7707721435615437,0.40917398939312444,0.43485835471318735,0.3545484233372967,-1.1929165114790257,-0.7273591216099627,-0.07106540056829591
4af4cf7a-5d36-4d0a-9b11-fcbd77f87c6e_92.png,0.6001157198784551,0.06984369318630887,-2.2178881137364392,-0.5858973121173141,1.526578747729486,2.8537860523922087,0.48334128070751886,1.1459939774170635,2.7351479389106648,0.45680343756303027,-1.2826033725470773,-0.08749691934541935,0.49168737347614233,1.8901850190032061,0.5418994407937843,2.6169452604566423,-1.3593504101954992,-2.5522101643317257,-3.6895282908939118,-0.07106540056829591
268cf2e7-02be-4b54-8659-24b54163053b_29.png,-0.0912054864924475,0.4415670327531625,1.2619487470278952,0.49449890829887005,-1.4519130983128419,-0.6296378232698647,-0.45588748564136417,-0.5218745148623919,-0.686815536494167,0.5625759013270034,0.6372188292796718,-0.8242715606124129,-0.8785590186430647,-0.43111961182764486,-0.1999451750847691,-0.7116581997590098,0.7157895880691306,0.720470541529199,0.7914452804515978,-0.07106540056829591
824faab9-9bc0-41fa-93a5-24d93dec52b5_20.png,-0.5016022723172715,-0.8126372349828801,1.5802732799218129,1.5852384410554563,-1.8553982886026894,-0.5468732992442432,-0.5180231919961054,-0.5318085651653428,-0.5847809432034273,-0.7078640832551678,0.0385508479201399,0.5237353508366257,-1.205627881083579,-0.33476207419664095,1.5540205681210537,-0.615963853975169,-1.3092564365921797,0.709212191278922,0.7650570407429441,-0.07106540056829591
505d1bd8-e981-43ac-b532-853c95be827a_62.png,0.06309387409055843,0.02547193282309773,0.3136098173106871,-0.21549517900841603,-0.3654136303928566,-0.08883797235513298,-0.13429563631171423,-1.0355365040026074,-0.7077636366646992,-0.29388003816393615,0.8584176068339424,-0.6064167645019203,0.09920473854752522,-0.2871781049961452,-0.2520691014072824,-0.2578926937762981,0.1630323254111438,0.668971196127594,0.6761434863812765,-0.07106540056829591
258bd669-e070-417c-9e38-6240e5c933aa_27.png,-0.898992099954797,-0.7385550993004274,-0.39691136543319383,1.170011445828892,0.538863336363333,-0.09625353784689739,-0.6366234947937807,0.7668955491269583,0.4394719469547332,0.8244974876967482,-0.7381149107607862,0.933844623470389,-0.2347497841548946,0.02132462865373559,0.08680534851751961,0.09693729955282908,-0.6051580733186891,-0.4981698031291622,-0.02085604339822826,-0.07106540056829591
519d608c-1d5a-448f-8835-1d3a5261bbba_67.png,-0.7158730247722332,-0.6898724053213883,1.002057546282095,0.6822578630469782,-1.141136355670964,-0.5733237427679657,-0.2723108118670392,-1.0806859806282478,-0.663996725890254,-1.7479871728768528,0.43425192709832583,1.8923701960588628,-0.8372450570716313,0.0954763139911748,0.056483014800925546,-0.553260454153788,-1.2835447675203442,0.7217637304092984,0.7927900019332562,-0.07106540056829591
3b88f35e-b058-4cd6-a43c-563cda6b239f_67.png,0.3151888802206834,1.143286672879433,0.5411346230917166,0.11960498568184462,-0.780698454314433,-0.29337663865286473,-0.3528276900628348,-0.31500097330586,-0.4134026606636278,0.8511880123040114,0.4574302745482522,-1.0584665309678523,-0.9749582623097426,-0.1709939135316014,0.9041526055395588,-0.3005949125449743,-1.7300227277930686,0.3039115822689502,0.1531062448924401,-0.07106540056829591
16c36170-95cc-4260-985e-1bc7fbeac4a2_15.png,2.2612029447905915,1.1135295586175693,0.07299752581325464,0.09120365171597648,0.26413590966631284,-0.47802616141734305,0.8191454337718099,-1.903653409114826,-0.8277429676500626,-0.8158271171298642,1.7447100783938831,-0.9978796356849499,-0.6169039286906534,-0.4632387910379795,-0.24180781030079712,-0.6030688025679178,-0.018820835077641977,0.7217637304092984,0.7927900019332562,-0.07106540056829591
95815a0c-6ff2-4053-978b-a34ec048fcec_20.png,-0.16711387752948292,0.5732574704207968,1.3611041324320374,1.2837055803739177,-1.551774464356999,-0.6028967677913506,-0.43767291987973717,0.8197866942230783,2.063477505262465,0.9570351592265125,-0.7892164742617233,0.9223385600724641,-0.9026588295597342,-0.5556309979022754,-0.5229633746548354,-0.841845730177248,1.1259970227666891,-2.1495720030160763,-2.6823859536220134,-0.07106540056829591
95815a0c-6ff2-4053-978b-a34ec048fcec_12.png,0.5588968183901822,-0.27155281881051163,1.2523860086399783,0.9672739592518569,-1.417338697526935,-0.624020772577388,-0.28870881394479914,-1.2727020340326802,-0.7184693662850838,-0.4906318595023166,0.7767396376818222,-0.740105611845306,-1.0300435444049871,-0.5845779124992436,-0.5699294233793952,-0.9192187392576048,1.347435085214721,0.7217637304092984,0.7927900019332562,-0.07106540056829591
6ab94b0b-0d10-4c2a-a48b-13560294cd7b_7.png,2.8855483402216957,1.853178298270489,1.256067045064065,0.8014391676552332,-1.573601211683299,-0.6599579076321682,0.6498089346376063,-1.7772357114810526,-0.8300974918163717,0.05386755956358389,1.752943045150879,-1.366355062592644,-1.2193992016073902,-0.5972669709527092,-0.6399868630516446,-0.9595216776690381,2.6849447401285667,0.7217637304092984,0.7927900019332562,-0.07106540056829591
519d608c-1d5a-448f-8835-1d3a5261bbba_91.png,-1.2138748340724816,-0.16389108887215706,0.35870837298928016,0.2736729376693668,-0.06119582897940963,-0.37453623059983887,0.4241781612606265,-1.182635351925942,-0.6782938163794016,-2.3206675421946352,0.8743303137333612,1.0817330145647674,2.0306324420120356,-0.5044782310117425,-0.6078266765931307,-0.5545596989177397,2.063340189182154,0.6842612528864163,0.7099272754676553,-0.07106540056829591
41b05097-d935-4d5b-b15a-8c9cc622e21b_25.png,-0.060914282939586235,-0.10079182630217157,0.24320354543515466,-0.6073969212400995,-0.626558194625745,-0.10289548942340204,0.49514460917847014,-1.4302963077295308,-0.4863577043023963,-1.5387915549917957,1.00039269678071,1.1934267381971693,-0.2313069540239418,0.027669157880468358,0.1417683282954996,0.07807404193120339,0.40746378110865544,0.3239940448775524,-0.08609274997064507,-0.07106540056829591
258bd669-e070-417c-9e38-6240e5c933aa_101.png,-1.6646124118023318,-1.698967356556029,-1.8979852637429935,-0.45038041172159254,1.3497776439887061,-0.6670169877322143,-0.5416295392612803,2.1005340938066928,1.8535122420794687,0.1390724851182794,-2.374449752425409,0.1206319315201132,0.5639868062261507,2.388627096378399,0.6376045910962536,2.6036802993811445,-1.2872065657835008,-2.1472899049923715,-1.1519282390222707,-2.0915396841819063
a7ab7384-2203-4096-ab14-1eae445ccdd9_1.png,-0.796814314900252,-0.7136173731925644,-2.305373127437664,-0.24752282287186675,1.7508369544985403,1.5928588055931476,-0.425949797681224,1.2967102870973557,-0.40455155341936644,-0.22959494152415236,-0.5866110322460258,-1.83438382258127,0.0028054948808473317,2.2787874341405883,2.250476109330318,3.260966296267774,-1.796605906982672,0.6166350814506307,0.5605054421453052,-0.07106540056829591
a3283dda-4e12-48f9-90f3-8f3223c77d46_5.png,0.8374258201057144,0.6270388672219793,-0.4825697047959063,0.8553966021881142,0.4557457649216376,-0.19338556929297585,0.06488874453163682,0.3962829288319018,2.0347035542491563,0.7268187111703363,-0.41638208743520366,-0.28076180934717077,-0.4309911016192031,-0.20271655966526525,0.25501604144574685,0.3056441355833676,-0.26649413239920605,-1.940531824044717,-2.3604001898790736,-0.07106540056829591
48a4d49c-a4cf-463b-ae33-31db1940e1d3_37.png,-0.4193791961999297,0.04337135047797334,-0.5453596391317189,0.43240542461736015,0.5006461802657428,0.09938333146900984,-0.40261039175520563,0.2561524998533278,0.3019451832710277,0.6502237855263973,-0.15559128271218453,0.31777774242353557,-0.18655016232155566,0.24179701928269925,0.26614031563141055,0.377451036617773,0.1951438510714359,-0.5203822238932222,-1.0648309101042515,-0.07106540056829591
75769513-6d94-48cb-b36f-b1f9dc9210d3_56.png,0.209061933984208,-0.7427136104228814,-1.4745008968645907,-1.3707025225459946,1.2674713988593107,2.335763496771555,1.24919350533445,1.3425013955928944,2.1630991991498,-0.6455033753006623,-1.3464196734639078,1.2189714577389634,1.1320537778333597,1.1300311110252865,0.028157093704780534,1.7045943294737376,1.01305798895683,-2.0859014681547126,-4.441211949422592,-0.07106540056829591
00367bac-0715-41b8-93dd-c21b8877a1f3_45.png,-1.2347697254679044,-0.8159465289277654,1.265172063775567,-0.4754107274882373,-1.2909361193584572,-0.5832619180537922,-0.6863120547609732,0.5640641640404198,-0.1411781270739319,0.738867694054842,-0.5699807002839674,0.7572256103754247,-0.606575438297795,-0.1892344350584581,-0.2977104499089135,-0.618020183628541,-0.573997440976524,0.06657338780365138,-0.654870572201053,-0.07106540056829591
00367bac-0715-41b8-93dd-c21b8877a1f3_53.png,-1.0001749815811691,-1.321821840946015,-1.8340722588723584,-1.4203251674123214,1.4297493176766316,-0.11272435029988925,-0.20446807310009385,2.1166411588875365,2.7468096298085913,0.12967540427279867,-2.3947328795319525,1.4664044139695318,3.393993173869337,0.33736149076036154,-0.34268490219847675,1.8079347630822424,0.26542844282450745,-2.786201281695591,-1.9433815072886973,-0.07106540056829591
16c36170-95cc-4260-985e-1bc7fbeac4a2_17.png,-0.09467024303543276,0.669441333415744,-1.808695000959388,-0.05932273823569765,1.6423553682547838,0.8057770301310906,0.008749618329368391,-0.44089101467169506,-0.3062962334531294,0.3304165134563834,0.4049130454129079,0.08604052447067376,2.013418291357272,0.7259639058977435,-0.041491365976144466,1.5422097529602463,-0.11154136821791301,0.16348648387698173,-0.024936218876368817,-0.07106540056829591
19369012-66cc-4209-a974-c98c915c0a70_10.png,0.004116167133285495,-0.6473732941499839,0.7423646231841087,0.829536308198141,-0.6409327560601007,-0.4392012208670894,-0.6080099845206872,-0.4051906288968603,-0.5930177845326693,0.2796699544097971,0.03929529140454315,-0.09666801055369323,-1.0575861854526094,-0.548493402522201,-0.41184560302886053,-0.8749235286450389,-0.25636567607729754,0.7217637304092984,0.7927900019332562,-0.07106540056829591
27bb6d3d-77c3-486b-a22a-3741dde393ee_10.png,-0.08961164391284106,0.8924531784624024,-0.8093879003536203,-1.6852603709493108,0.5886469902597941,0.5967535357394438,6.9246432268016616,0.019349395904439015,-0.19611267050543074,-6.091532075813653,0.19804262496274117,0.22496383023550756,1.521093582631024,-0.3446754011134109,-0.2925630827708432,0.40263637849376777,0.35112694258082544,0.28999078432435094,0.03280894841557544,-0.07106540056829591
4af4cf7a-5d36-4d0a-9b11-fcbd77f87c6e_91.png,-0.09842075993378223,-0.495632807978922,-0.6683147337349793,-0.40873406819282,0.4101185616998311,0.992191856001203,0.7635578418213258,2.4526233745957384,4.279156104221779,-0.23346181979690622,-2.6404743094883734,-0.33008884346827133,-0.6100182684287477,0.05621953940076581,0.641685720748634,0.9792425904812204,-1.0504120389282854,-3.8714910318354683,-1.3301262860640684,-0.07106540056829591
90bae25d-a144-44fe-8481-52b9f3c73315_8.png,0.4021060368099172,1.4023840644425098,0.48378672491951485,0.8467991124671419,-0.2453586674222939,-0.6266145109736513,-0.21785787544633545,-1.0566010998945035,-0.737609344796512,0.6703828976506486,1.0895020085139664,1.436419976353947,0.35053133810707826,-0.5778368501958401,-0.5798860453905674,-0.7133523551079018,1.2841006138982007,0.7000837991841028,0.7448876144227174,-0.07106540056829591
00367bac-0715-41b8-93dd-c21b8877a1f3_7.png,-1.4142654729527875,-1.5685247537011417,0.14189633000894444,-0.7389916529082766,-0.045288021598363405,-0.6620586387853897,-0.5642610241880963,1.3488422833292153,0.28200492165750135,-0.3975862854142725,-1.611021608024788,0.3402614487316843,-0.22097846363108348,-0.2911434357628532,-0.14505639023511915,-0.22235652788629748,-0.733413782167661,-0.22127524291964693,-0.60133424157335,-0.07106540056829591
41b05097-d935-4d5b-b15a-8c9cc622e21b_7.png,-1.0864681179640394,-1.3699617321525681,-1.3604880803348076,-1.1501799512899693,1.1859750732547998,-0.337836861815822,-0.26650716031583643,1.5988687454507833,0.7710832066862917,-0.5756137146182096,-1.595807173057878,-0.23281340059478944,-0.06260827760725551,0.3472748176771315,0.9124486753856459,1.5894080996423339,-1.1479192510213339,-0.7647949222320058,-0.5566355773017996,-0.07106540056829591
00367bac-0715-41b8-93dd-c21b8877a1f3_72.png,-1.4439863884976294,-1.6139105219053784,-0.5818333538026269,-0.8286507037791203,0.47588854587383556,-0.5377204416317167,-0.06980329006024115,1.8863702267686848,1.6327316898896373,-1.4262834928645716,-2.0716145137957556,0.7174895031698661,0.39184529967851167,-0.07225717744057272,-0.10957468259937253,0.465103499457479,-1.5131007586796912,-1.5473263345603805,-1.037188098301891,-4.6013475833581845
3dbb185d-309a-4682-8409-24f5556e96df_17.png,-0.21060959090717413,-0.1424612710851508,-0.7760129683798018,-0.7454828957335695,0.7701685529238544,1.0707144951405967,-0.5213348749206325,1.0902305187727648,-0.2127572515569202,0.7330333081341011,-0.506455188753966,-1.5579687474812085,-0.5308331754168338,0.9325576388432293,1.2475149894083548,0.8107269219820641,-2.0402575131604612,0.10719473262559676,-0.5651166250760399,-0.07106540056829591
3b88f35e-b058-4cd6-a43c-563cda6b239f_85.png,0.5266254966208638,1.0541725413971494,1.3683199454914579,0.33246141374381044,-1.489465917131164,-0.6135472770276139,-0.49381018802164023,-0.20103721181147102,-0.5836752175827591,0.951582801003858,0.5467681436185756,-1.3486638699996574,-0.9543012815240259,-0.5714923209691073,-0.5442011328794127,-0.8947240343410341,-0.6165647509805506,0.5263400696460443,0.3717108474195533,-0.07106540056829591
22df8deb-bec0-46ea-b532-d6d7e8d8d57a_69.png,-0.4757835541143484,0.2505237812949405,0.6821750357732899,1.204091371097762,-0.6509663430927679,-0.5262093835967839,1.439439377113508,-0.6032882101172253,-0.5711869923529769,-3.395792055648151,0.5182809638178827,0.8790233629917693,-0.7511743037978118,-0.450549732584514,-0.3861377879782328,-0.756058469598144,0.4253618269195978,0.5431515250873363,0.3981415602674759,-0.07106540056829591
3dbb185d-309a-4682-8409-24f5556e96df_14.png,-0.3508752806247383,-0.6326394716291536,0.14381850835028429,-1.1744157393169732,-0.0309433255264716,0.1996455281870849,-0.7531954150259377,1.1150298399669158,-0.45233991385044525,0.9590944812148695,-0.5783734396619714,-1.5731552683697623,-0.40689129070253366,-0.2506970619424318,0.14554528024393776,-0.11981375803082571,-1.2176019858242915,0.7217637304092984,0.7927900019332562,-0.07106540056829591
a6a04226-e7be-4c2a-8240-4e24256bfed9_1.png,0.5954090006046692,-0.35645883028818925,1.1216687035488553,-0.5002377642516989,-1.2914139814563281,-0.48651606169373485,-0.31980562189619666,-0.9857101264699176,-0.6916297254124257,-0.5080497261466592,0.6093324217817911,-0.49031633435648253,-0.8820018487740175,-0.47156598564806623,-0.18913333999958787,-0.7090868463554111,0.16276581697124878,0.7162106252182834,0.7880821734521414,-0.07106540056829591
2ec83b5a-f1ad-4dae-bb33-773f1eee7923_72.png,-0.35291988916939726,0.3381606379792214,-0.9944167267984594,-0.20683813556571584,1.0223989355979217,0.13493785440352202,-0.02630392917006355,-0.4378316430840628,0.24431269948114062,0.24916581471248772,0.4577841704460319,1.1162142582752064,1.9858756503096495,0.2663820700362887,-0.3349515433504934,0.5371659231384315,0.3990694938459457,-0.37524078958559715,-1.2889096271121459,-0.07106540056829591
519d608c-1d5a-448f-8835-1d3a5261bbba_50.png,-1.2034898336477673,-0.9894900098347023,-1.038655924791447,-0.3688380266036898,1.2800036048222274,-0.38916523611977566,-0.625970615365715,0.5742131576095859,0.12562372827702958,0.5405565684615266,-0.7140998345118209,-0.6040123574751958,0.9048269891904761,-0.2681445173159469,-0.10033182888166622,0.6320170536030472,0.048871983782027034,-0.20157312998166219,-0.8889578909134684,-0.07106540056829591
81faa7e7-ef94-4bfb-ad32-94fd63e1848b_13.png,0.301573308453809,1.7313368698403753,1.0649229338113673,0.9242560013630069,-1.2168483719063412,-0.6156782233682425,-0.2591842347392241,-0.6827664581827991,-0.6992086534255387,0.8110753453895543,1.0532366030919813,-0.08577871885391579,-0.30360638677395024,-0.5762507178891569,-0.5750179302246597,-0.8081955504261091,0.7497322748952621,0.7217637304092984,0.7927900019332562,-0.07106540056829591
258bd669-e070-417c-9e38-6240e5c933aa_65.png,0.21079669181482177,0.8958157943111638,0.27318706096701095,1.554833314516373,-0.4487830097301861,-0.4527086729250279,-0.027249062542577113,-0.8938688660879954,-0.7409109902862172,0.2813580893116007,1.0750415805592521,-0.9344599188604756,-0.57558996711922,-0.3438823349600693,-0.14633677629473038,-0.5029943001702467,0.28151377392478605,0.7105814500931449,0.7680824546909788,-0.07106540056829591
90bae25d-a144-44fe-8481-52b9f3c73315_21.png,2.7326728011650605,2.4361494495281146,0.4855134122441305,1.1337583053003648,-0.5483882753691535,-0.6243416398546627,-0.057250853585322184,-0.6577604240337382,-0.757885220737713,0.8257569982465095,1.1804483480478851,-0.6479387490025049,-0.7236316627501895,-0.5794229825025233,-0.4665412724675654,-0.8026824126245452,-0.2413170250602895,0.7217637304092984,0.7927900019332562,-0.07106540056829591
9229a83e-46a1-420b-bbda-57bc886c344b_25.png,1.21532699403084,1.3252158421888713,0.40622350827646325,2.192892187716108,-0.2550190425603201,-0.5095593058267888,0.18447103223240496,-1.2302306786480894,-0.6468861500407088,0.3463105129254687,1.4450724698230457,-0.5284231215268634,-0.5893612876430311,-0.4255681487542537,-0.31693774996149376,-0.6394008959775089,-0.8647382313390415,0.5388916087764207,0.39070900305050904,-0.07106540056829591
41b05097-d935-4d5b-b15a-8c9cc622e21b_89.png,-0.5244639724979879,-0.9080315699091085,-0.18453713488624449,-0.9827230823474352,0.6001037224839636,0.34660274117895423,-0.6890929517744625,0.16174676364257523,-0.5259541691185937,0.391417953814289,-0.32181163244203415,0.4656328330579937,0.670714540285687,-0.3843287087804907,-0.41913461176436095,-0.3317844010909586,0.4781874390163202,0.7217637304092984,0.7927900019332562,-0.07106540056829591
10b42c78-10e5-441c-bc2d-1bc4a35bb63d_21.png,0.05696375296786967,1.0081616084798706,0.7573477561400139,0.825538291292296,-1.0760776464913693,-0.533604347439094,0.13884078577988693,-0.9861337424474894,-0.7125207377102617,0.11770555204336096,1.0526078964763486,0.6577126637552674,-0.07293676800011387,-0.08891156666074623,-0.40296212056110847,-0.5411639383852691,0.3577492614668391,0.6383150126758264,0.6084078296558464,-0.07106540056829591
07a9fdc8-46e7-4ddb-b62f-fe041b4ea954_30.png,0.5963448244327931,0.354886344039505,-0.9335296995643227,-0.10157586221683658,1.2866817676768516,0.39970855059421845,-0.023024452625202883,-1.1207187499570803,-0.5790250765505168,0.04978672679701649,0.9196444724173194,-0.028052469290747797,1.9376760284763106,-0.1337198043245464,-0.4047789333885462,0.15340217418499408,0.14894514790568403,0.4837409065368881,0.4112084498523614,-0.07106540056829591
00367bac-0715-41b8-93dd-c21b8877a1f3_35.png,-0.01169194999533443,-0.6611257254859949,-0.00032478262400001005,-0.4352932326800565,0.22871672197088574,-0.2264215643395189,-0.6158413992839532,0.13018758188920362,-0.48112167242261766,0.5822938096167845,-0.2005985033611562,-0.3537700914089749,-0.5514901562025505,0.436494759928061,0.042073594898902826,-0.3165321505066229,-0.22221413666135725,0.4347518689613585,0.372268765516904,-0.07106540056829591
78667ea1-0eed-4d74-b94c-83a1d16767bb_13.png,0.49135844489991326,-0.2619997775291706,0.39475366016672114,-0.6534199194511824,-0.23792152272597045,-0.31326282818186435,-0.35248549727888107,-0.5478861174052368,-0.6389004393911123,-0.033773950551709,0.36379725969407845,-0.43982171305000395,-0.8097024160240092,-0.35736445956687646,-0.10271637241848086,-0.6157466907853626,-0.16923332269371855,0.597085108380893,0.5173092541094872,-0.07106540056829591
a9e37804-c00a-4e4e-b99f-e267a0056a05_68.png,2.467010891647172,2.306048803302899,-0.12890192639190476,0.9992149144156102,0.41569623739581696,-0.48059309963554164,0.02794028513626486,-1.0102340372150944,-0.7856345006719475,0.7223961372225172,1.4291546449328651,-1.2925197416912713,-0.06949393786916108,-0.36926045186700035,-0.3734012046541718,-0.5047828631400356,0.7021371050364446,0.7217637304092984,0.7927900019332562,-0.07106540056829591
6764beec-de30-41fd-ac4d-374023ed0a03_2.png,0.4640212221312877,0.3805949738411531,0.2424403433997753,-0.10543003604860382,-0.3844155648120213,-0.4487127227879057,-0.1978155976386489,0.4857570248709944,-0.11241984866879658,0.49678532161075045,0.10381868300948624,-1.7943654831139733,-0.9439727911311676,0.059788337090802994,1.0954413804423833,-0.13436223915824927,-0.4729332975631994,-0.04821614278869987,-0.3513362931122143,-0.07106540056829591
19369012-66cc-4209-a974-c98c915c0a70_22.png,0.6036589176393224,-0.5659736327825313,0.5260108080824134,0.7410849389833964,-0.2040383041384052,-0.5842332301953098,-0.6508738887659115,-0.26728532710405495,-0.5915456636403775,0.4737157755260301,0.0008639637183388278,0.5023562000031031,-1.0610290155835622,-0.595680838646026,-0.6297515394386134,-0.9424119396641844,1.4331041990196323,0.7217637304092984,0.7927900019332562,-0.07106540056829591
16c36170-95cc-4260-985e-1bc7fbeac4a2_34.png,1.8321033614019813,1.0048590986506205,-0.2397144387965602,-0.298678985038111,0.45406008652630064,-0.3348598745763436,0.31115080085212193,-1.2993585218030452,-0.5012166430761852,0.2653248258575248,1.2965692465304888,0.15748138072797627,-0.9646297719168843,0.5308696321757109,0.8772651872695314,-0.2961900506637787,-0.7183092369723023,0.3149417227168567,-0.10609409773820415,-0.07106540056829591
92da35e0-d1db-40c0-86e2-73b0de7f8784_20.png,-0.2861045373703301,1.1940862768705143,0.41129921699636895,-0.04266709381018987,-0.33815897770052694,-0.5881959205294758,-0.1845707240009057,-0.5468677841798866,-0.6104962637687203,0.5686944575165136,0.7115909447722581,1.0799641475366633,1.283538303595282,-0.450549732584514,-0.537763167379818,-0.45510487413180734,0.9302687735338553,0.693009295310618,0.7292563090245414,-0.07106540056829591
855258ad-52cd-446f-9db1-1bc38d82eebd_86.png,-0.37653405883459745,-1.1065317294332337,-1.0160103533654699,-1.4205530321935835,1.2545079890611535,0.6555708305943542,-0.48862527057210225,0.4436538354900202,-0.34746235950902565,-0.4679862504057616,-0.623849326682548,-0.21133602090476855,1.679463768654852,-0.18804483582844572,-0.2532732294954398,0.5398650076284528,-1.3833604998226137,0.48891366205728565,0.6275982058941008,-0.07106540056829591
27bb6d3d-77c3-486b-a22a-3741dde393ee_63.png,-0.7522157487112071,-0.6762425458349497,-1.1154779679470177,-0.839936753247393,1.1999176939322898,0.13086797024032382,-0.6107317332792125,0.0235822704716252,-0.5352209472837347,0.29665158672342007,-0.19445777710183274,-0.024224823955683435,1.8963620669048773,0.6553810182503415,-0.17090154598349935,0.892343595552774,0.25542802523450703,0.7217637304092984,0.7927900019332562,-0.07106540056829591
41b05097-d935-4d5b-b15a-8c9cc622e21b_33.png,-0.2422918754127775,-0.33239308458752054,-0.5859800318251872,-0.34962699322339036,0.10787089249826347,0.015753025771007106,-0.0510508158228424,-0.1301809928308964,0.4846849785493812,-0.01070789094655112,-0.08593498835446053,0.39907074455025005,-0.48263355358349486,2.1518968496059325,1.0652097950008852,0.8797095487095586,1.3349433147981893,-0.6576123850520039,-1.5484197822833938,-0.07106540056829591
3dbb185d-309a-4682-8409-24f5556e96df_20.png,0.5184891388990086,0.21505587801213386,-0.9447571097316998,-1.678687324320299,1.0447982115556957,0.22248394058431092,-0.43428443712677506,-0.27086433209129307,-0.6379929659192456,0.5543599557072453,0.3963099413707421,0.26144527214978197,1.7793058424524826,0.19619571546555747,-0.31503815140022623,0.36365509869376,1.3160732193968239,0.6511708315426967,0.6368131050568314,-0.07106540056829591
16c36170-95cc-4260-985e-1bc7fbeac4a2_50.png,2.1397305865414835,2.95652854254426,-0.31592820258381255,0.6858468676296284,0.32063241152797567,-0.5881671300324512,-0.33172972429089626,-0.46106885147613635,-0.1685108768500613,1.1367132959682542,0.9252582664401374,-0.19118358931174972,-0.8716733583811592,0.31237990693010126,1.5516241413555756,0.25422676905004915,-0.2845637617276967,-0.0015092032368750404,-0.26894771256883954,-0.07106540056829591
386822e1-0d1f-45b2-97d0-ac0273ee2394_42.png,0.7436204361782046,0.44321902999280394,-0.3222885955321885,0.049036192909721825,0.8326480989353464,-0.3708716001266628,-0.5820686747297095,0.0857489620243168,-0.33549425695676305,1.0134386500963184,0.24949341517145252,1.1000765723925598,-0.4998477042382588,-0.15870138815480667,0.03784541299994154,-0.2595946417937239,-0.1764322301610103,0.17733121188745748,-0.043531017629410626,-0.07106540056829591
9229a83e-46a1-420b-bbda-57bc886c344b_19.png,-0.32348169585521835,-0.06658932077778347,-0.7995491755991369,0.7105955544158327,-0.30146391152829083,-0.39372701490790313,0.416531004150259,-0.9228476495240391,-0.08908378454726924,-1.2698052862281113,0.5762120140093498,0.8160752861327939,-0.9474156212621204,2.127708331929014,4.713605551132722,1.5158897532895212,0.8385958781158513,-0.020450616833624848,-0.8471524364538859,-0.07106540056829591
258bd669-e070-417c-9e38-6240e5c933aa_44.png,-0.2685877949138749,0.24229045854641942,0.7819899669257259,1.495466197677599,-0.7502689446794742,-0.412509523510838,-0.5250358214917027,-0.3236707979707905,-0.648276163421822,0.6365394958510517,0.4548750255036651,-2.251645494083341,-0.9818439225716482,-0.4461878687411352,-0.05864384282965009,-0.7137062145131217,-0.39262915781351027,0.7054847645068708,0.7568211916621834,-0.07106540056829591
78667ea1-0eed-4d74-b94c-83a1d16767bb_23.png,-0.23515915625047443,-0.3498000309687393,-0.8151913672444008,-0.2352349261441797,0.9390735869088646,0.2540980777090294,-0.12555191390905635,-0.13563684335992562,-0.2264046003752435,-0.3621357979451326,-0.03423629187280373,1.1266462506162247,-0.13146488022631114,0.5978837221330758,0.4837396112381494,0.6572204401877592,-0.29721858154132275,0.06900762569560316,-0.6494920585156593,-0.07106540056829591
a9e37804-c00a-4e4e-b99f-e267a0056a05_93.png,0.39986874225916236,-0.8170828902462219,-0.9903837898599687,0.8221031930095538,1.4148678578598575,1.3466858353858187,0.16815509448744861,0.21547270728553264,0.7201702689000274,-0.09862258219598416,-0.5839350507540144,-0.17369284346254563,-0.004080165381058231,0.47297580298177444,0.11364815176292577,0.40324270664620515,-1.4997317866085416,-0.7688266287405511,-0.33981770866379485,-0.07106540056829591
27bb6d3d-77c3-486b-a22a-3741dde393ee_106.png,0.35119486517788373,0.44720859152329917,1.127218779874372,-0.8364728925960232,-1.1535392242171734,-0.5579221134587742,-0.431955358458796,-0.9070049421589537,-0.7369705402892192,0.5888593872487244,0.8304123469324591,-0.5021189435687831,-0.8923303391668759,-0.5064608963950965,-0.5568930479565124,-0.890892617449569,2.925447612661086,0.7217637304092984,0.7927900019332562,-0.07106540056829591
00367bac-0715-41b8-93dd-c21b8877a1f3_96.png,-0.7692070120503071,-0.8099399736335728,-1.2373176716961092,-0.8229338146571962,1.4473705828612293,0.321872042236015,-0.7160772527838625,0.6123312910445897,-0.4753843700598956,0.7564405377687503,-0.47695601176774094,1.02802877353071,2.8362546926549865,-0.2681445173159469,-0.3075401169603429,0.8566947198486219,-0.7236174787239665,0.5903909541780256,0.5025183414746519,-0.07106540056829591
8b0863a2-01d3-4fdc-9994-7b50b25bc730_12.png,1.0527569422844543,0.4997179572000586,0.34370957749018466,0.7199888263984391,0.015942243483374984,-0.530969262167689,-0.16094455742516675,-0.9908806106329474,-0.7457264530315679,0.13793885544753512,1.0346389195555954,-0.4271265677407418,-0.4309911016192031,-0.5889397763426224,-0.5957714529311208,-0.8477380560373268,1.8663966642881127,0.7217637304092984,0.7927900019332562,-0.07106540056829591
19ef2be7-6425-4194-a4a4-1b4a7fbefc4e_44.png,-0.8065964570407669,-1.185422225150108,0.16127277537974793,-0.783001481982087,-0.44159207547700574,-0.021251290397564945,0.2585079249040065,1.3955569235913179,2.167451238964002,-0.7680141211868234,-1.7004880406809284,1.069642906961374,-0.26229242520251683,-0.1721835127616138,0.08345143078847436,0.2935458287478652,1.1785933650802825,-2.0787508943471042,-2.0307719105682582,-0.07106540056829591
a9e37804-c00a-4e4e-b99f-e267a0056a05_54.png,1.9310693121185822,0.24562893899845348,-0.4633482204425033,0.055968415431999756,0.734074769905912,-0.3873855176667334,-0.1589545747738661,-0.19389695095618653,0.1513213024465568,0.7770735458993218,0.26887919629130386,-1.073260354554114,-0.795931095500198,-0.01277721593995303,0.6232064506587703,-0.10590098943561735,-0.43002488547398354,-0.27908839285350173,0.3123466983879679,-0.07106540056829591
2ec83b5a-f1ad-4dae-bb33-773f1eee7923_58.png,-0.013894416735758941,0.38416784901709083,-0.014332813488335988,-0.8598344991433388,0.2242088969506968,-0.005313771698559016,-0.532937532872125,-0.2531615775931656,-0.6464051706577529,0.8122001993054774,0.5235368861545273,-2.0006002627392054,-0.15212186101202785,-0.09803182742417459,-0.23667231692004284,-0.3592344104030405,-1.1577756508520949,0.6207428578932994,0.569581683989409,-0.07106540056829591
6764beec-de30-41fd-ac4d-374023ed0a03_22.png,1.0534676252254187,-0.7098889869536598,-1.0010677126317558,0.5318961293259341,1.3568365087537264,0.4678607128313238,1.082292923339234,-0.10897075726746897,0.4012546385802628,-0.9971227199001413,-0.17993544891316557,0.26086669311456495,0.1370758699880058,-0.08811850050740463,0.0016903888980760754,0.30393211953023463,-0.6313056719422447,-0.4879003620224906,0.22011996513349227,-2.4440703534582373
9229a83e-46a1-420b-bbda-57bc886c344b_50.png,-1.1467702253351688,-0.761154748724289,-0.18988836631842995,1.3934740541431436,-0.05830608872490963,-0.3961784558144838,-0.48030116013528823,-0.13124178794674543,-0.15187572266505958,-0.05391448002169123,-0.15264583949558333,1.1681569562131828,-0.04195129682153883,0.534834962942419,0.13234286940676523,0.2737151442588172,-0.03932978370960919,0.035612924615389646,-0.7232785431371562,-0.07106540056829591
4af4cf7a-5d36-4d0a-9b11-fcbd77f87c6e_97.png,-0.7568923437083971,-0.8689414881934499,-0.9342788374149597,-0.37918778037745254,1.0444472948182506,0.24958330350340993,-0.40152776191565576,2.0119096528538734,2.601256231353062,0.6505712652329549,-1.929487967416008,0.04682694889599584,-0.04539412695249161,0.08556298707440485,0.08965653692830253,0.6364082415593826,-0.2687366775929873,-2.4203048985615885,-1.7775333532067343,-0.07106540056829591
53345714-cf33-43b8-9e6c-89b5c2c7aad7_34.png,1.5585537802570433,1.9772416606687402,1.1558134298508485,0.5388851872030965,-1.3575787481681671,-0.6371594741340845,1.2246884762058956,-1.7413184959387942,-0.8386733020742637,-0.38974466440308403,1.924056572772046,0.4333300209446171,-1.0541433553216566,-0.5699061886624242,-0.5355684064140471,-0.9123413380622677,-0.48810740956624127,0.7156020657452954,0.7791756391671016,-0.07106540056829591
3dbb185d-309a-4682-8409-24f5556e96df_41.png,0.6606985692740208,-0.8178763940188933,-0.12376619900433933,-0.21468537979211608,0.3068107287095559,0.47609850733248127,-0.5626383181356817,0.6908572499983601,-0.41740094841062597,0.21754243923161373,-0.5073483999461071,-1.5331771465166544,-0.716746002488284,-0.11706541510437289,0.39982725943029424,-0.21638478842911718,-1.3688203184289724,0.5378266296986918,0.38637606158067755,-0.07106540056829591
268cf2e7-02be-4b54-8659-24b54163053b_57.png,0.07847530128666877,-0.06211178349789315,-0.5822689238874822,-1.829360093604783,0.837121177449438,0.9183882292826904,-0.5591008808767631,-0.5642764837980062,-0.6657124655831558,0.6606646889893205,0.46364901586527774,0.44747327766922307,1.8998048970358299,0.01616969865701522,-0.3875420244495328,0.16192659444909976,0.3693591705419346,0.7217637304092984,0.7927900019332562,-0.07106540056829591
505d1bd8-e981-43ac-b532-853c95be827a_59.png,-0.23220377065969688,0.44430896698974903,1.0472560847646386,0.18798120167326715,-1.1374224364339396,-0.5011584305735473,-0.2298810743938542,-0.6127210124645761,-0.6968978265268033,0.13897680382937255,0.7461948378815236,0.2085107715402726,-0.03506563655963327,-0.4188270864508501,-0.41934035651333335,-0.5540484612300055,0.2792735917895931,0.7217637304092984,0.7927900019332562,-0.07106540056829591
578fbdd2-3bf8-444c-8c21-8d2666ef631c_69.png,-0.1415710403293744,0.6873643039539402,1.2418464939273652,0.631243552317633,-1.4495725262212047,-0.6605996421867179,-0.6770285658221781,0.23239950792222636,-0.6067643486356126,1.0842864963838228,0.16264520830306844,-1.9982206476571778,-0.9749582623097426,-0.5746645855824737,-0.40769382093001433,-0.8465974068370032,-0.630606722193009,0.7217637304092984,0.7927900019332562,-0.07106540056829591
78667ea1-0eed-4d74-b94c-83a1d16767bb_1.png,-0.038750583572105125,-0.20000072610933442,-0.3928217331475983,-0.6368828257789758,0.8733776429615443,0.5008327661851464,-0.6495939948509057,0.1108934579095472,-0.6033305491554541,0.7841961764807229,0.03623025872949807,-0.4158041096662634,0.4985730337380479,-0.29828103114292753,-0.35692382200831557,-0.2670151473643929,-0.5422927342638392,0.7164388350206539,0.7810245032464579,-0.07106540056829591
00367bac-0715-41b8-93dd-c21b8877a1f3_54.png,-1.2759946329726812,-1.1322502131855796,1.2843103066176031,-0.5942977527500134,-1.1973581499051549,-0.6650917840685654,-0.7503494858996607,0.6900562907122515,-0.41929241917905513,0.5578795102863261,-0.7856595477003915,1.4054404521335884,-0.7546171339287646,-0.595680838646026,-0.6335460984366152,-0.9144660342562565,0.2086263478683651,0.7217637304092984,0.7927900019332562,-0.07106540056829591
22df8deb-bec0-46ea-b532-d6d7e8d8d57a_54.png,-0.887814966773649,-0.05924042692547189,1.067237070716412,2.483197388303065,-1.172552412812736,-0.6227373034682886,-0.6485256101408235,0.04093207714704997,-0.5846161475449879,0.7787031970375564,0.077388605318429,0.7272649888244118,-0.7856026051073397,-0.593698173262672,-0.6388875357579147,-0.9205494966579822,2.2605223249825985,0.7217637304092984,0.7927900019332562,-0.07106540056829591
268cf2e7-02be-4b54-8659-24b54163053b_16.png,-0.4032113855983888,-0.29478548439718105,0.7679295235400369,-0.9434929229256275,-0.864622920879457,0.3825770217696793,1.2076314820518883,-0.4074869299781714,-0.22023132611522536,-2.946722606476229,0.39632849073527765,-0.6982923875161908,-0.196878652714414,0.35044708229049787,0.11379282957968721,0.1032219500972712,0.009927289962752791,0.10559726400900339,-0.5686462746820798,-0.07106540056829591
81faa7e7-ef94-4bfb-ad32-94fd63e1848b_49.png,1.698725151878832,1.6646941708876102,1.1476871553973527,0.6255718021111752,-1.4646296577769125,-0.6399625833485023,-0.16622082950933495,-1.1873901583795603,-0.7600121295421671,0.7194244222583749,1.1841948291662665,-0.31472078955220867,-1.0025009033573649,-0.5421488732954682,-0.39861451922627167,-0.8518508223039308,-1.7913069698194257,0.680685965982612,0.7020275834922348,-0.07106540056829591
19ef2be7-6425-4194-a4a4-1b4a7fbefc4e_21.png,-1.0190522826183235,-1.200761629423038,0.7911307298473262,-0.665036452353409,-1.2156795503212883,-0.11146655452716257,-0.41320009713084915,2.54965882586564,4.054402692302612,0.5236703569890694,-2.885624988743358,-0.134740912702297,-1.0507005251907038,0.28145032694977906,1.6013751002646666,0.33915208470009567,0.03505346329815493,-3.6654175802949256,-1.489254461771631,3.3662559947909556
27bb6d3d-77c3-486b-a22a-3741dde393ee_94.png,-0.0012449776275220044,0.6880429306323913,0.43883705335605466,-1.1167693738365692,-0.4685875383514492,-0.4953030100404573,-0.6028792604984723,-0.0834991488916762,-0.5280995685490261,1.0338215716739512,0.31847282258898846,0.894817262007609,-0.1417933706191695,-0.06392998283048597,-0.18533213330988682,-0.27615625792944903,0.4998109799133943,0.451487254468527,0.6116545073686384,-0.07106540056829591
27bb6d3d-77c3-486b-a22a-3741dde393ee_60.png,-0.19047918672406713,-1.1465170039533672,-2.0116955139866204,-1.4271285008555832,1.5991514712195973,4.823316380247452,0.08933988990959572,0.27581455486601414,-0.20145863740982048,-1.6805855055933794,-0.5235208244659248,1.2235614256018574,2.0822748939763276,2.161413643446032,0.27511963829928515,2.7842148219704215,-1.4762393554752324,0.23035195597153227,-0.2929974483056432,-0.07106540056829591
2ec83b5a-f1ad-4dae-bb33-773f1eee7923_64.png,-1.054478308181616,-0.73206745381772,-0.5507642880428966,-0.5624341843016937,0.9568565622609212,-0.07052471927831679,-0.7358457763643858,0.7959110791370285,-0.49383668592142843,0.8443857090178769,-0.4803625211088979,0.37833510356406724,2.0375181022739413,-0.46561798949800426,-0.44399861998241047,0.012691657406764072,0.9491012978950708,0.7217637304092984,0.7927900019332562,-0.07106540056829591
578fbdd2-3bf8-444c-8c21-8d2666ef631c_119.png,-2.43968315712166,-1.0408175646939897,1.2456698865644316,1.3722564775212938,-1.0017395810470568,-0.6040892334674277,-0.6362472375697952,1.7701941826899323,2.0291879471865677,0.12010977928906841,-2.2615495226959705,1.7816393257590344,0.1990468123451559,-0.5921120409559888,-0.6427417623707574,-0.7904489578524961,0.5652327635060508,-1.7699069618057217,-2.559451528280225,-0.07106540056829591
268cf2e7-02be-4b54-8659-24b54163053b_78.png,-0.6437101201775257,-0.4451582228501394,-1.0352257007058459,-1.2407723119649485,1.0488662323005022,0.2546996388591096,-0.5373978067791723,-0.3277472705573698,-0.519077898082898,0.4318025301200525,0.09271329148278779,0.5987799857699954,2.4575433782501808,0.02370382711376038,-0.28252830222714986,0.8025090775613891,-0.23554724206905736,0.5258836500413033,0.43637385899088266,-0.07106540056829591
258bd669-e070-417c-9e38-6240e5c933aa_40.png,0.16068394584800255,0.11709487507490104,0.2228640564532962,1.0866749934463666,-0.17285364486544605,-0.4701469899262902,-0.29154669147615936,-1.0965600533304742,-0.7061048981715808,0.03856750287463719,0.7728952419476668,-0.9297253009245786,-0.6410037396073228,-0.213026419658706,0.12232510913264227,-0.3441890055670455,-0.17448984164212128,0.6835005535451812,0.7082464899409716,-0.07106540056829591
19ef2be7-6425-4194-a4a4-1b4a7fbefc4e_109.png,-0.7738438256604502,-0.29684988291268577,2.115834852194804,-0.15037544576860856,-1.8554598067773767,-0.6060522050499978,-0.1312165206095848,-1.1020982329091267,-0.6953687643198873,-1.3477335962280486,0.6491255260708669,0.12447594482872057,-0.7649456243216229,-0.4747382502614326,-0.3570176114572336,-0.7469807100087434,-0.11741181867460572,0.7217637304092984,0.7927900019332562,-0.07106540056829591
273317d8-7414-4eb9-bb2a-b42c7082fe9b_58.png,-0.27849868641454795,-0.7703207215642179,-0.3092875135107548,0.031421831075703385,0.5208330362381233,0.32027553577639317,-0.19002629891033118,0.1982881512130992,-0.32949464161363545,-0.8005889192028974,-0.35003373219591516,-2.003798761781346,-0.5342760055477866,-0.044499862073616864,0.390715134059194,0.0165507116271464,-1.3871844036309353,0.28618728761817624,0.5382139093519465,-0.07106540056829591
7483fa58-40a2-4a34-b0a6-a30645af78bb_40.png,0.4000036204341023,1.5162251584105395,1.168723364831949,1.3525124380466886,-1.1283927489778807,-0.6156782233682425,-0.13738713908294634,-0.9110581315978394,-0.7415609348353092,0.6119765351636216,1.1709345138774985,-0.7365690116458562,-0.8200309064168675,-0.5790264494258525,-0.5899608387447391,-0.896595863451187,2.5911687456210952,0.7217637304092984,0.7927900019332562,-0.07106540056829591
6764beec-de30-41fd-ac4d-374023ed0a03_6.png,-0.38871834359918134,-0.20216102726937543,-0.762235296860145,0.25127488456254204,0.8802342500265546,0.2978304924613045,-0.618557264184655,0.9316134128222712,0.5383944047281779,1.006882517765303,-0.489181887339856,-0.16832420297331094,0.574315296619009,0.20095411238560706,-0.07556846183500267,0.5153147513774073,-0.375524338321384,-0.5810860313237698,0.30508737984662765,-0.07106540056829591
27bb6d3d-77c3-486b-a22a-3741dde393ee_33.png,1.1819280480718097,0.5236491199803958,-0.6911471173485919,-0.8429254156133978,1.0671803362954215,-0.07321872283389123,-0.12415620089794326,-0.5373575649680545,-0.40637631034566424,0.5413874923317298,0.7779461128695779,-0.15653271009846784,0.2782319053570699,-0.18407950506173773,-0.31116888007382876,-0.2376573181124549,1.5743491723874126,0.23385117294121294,-0.17684552216429653,-0.07106540056829591
6764beec-de30-41fd-ac4d-374023ed0a03_4.png,0.0638242554869713,-0.33089538099521937,-0.2874613043310036,0.038803441427933086,0.5987924159859693,-0.07213775250245433,-0.5497368759888025,0.18754689714176367,-0.5461941617804774,0.5117510956462744,0.005772976897368821,-0.5114587277342946,-0.3173777072977614,-0.10675555511093214,0.07496644526348231,-0.09618460109549158,-1.2623895779669332,0.5137124605815444,0.333095160384745,-0.07106540056829591
27bb6d3d-77c3-486b-a22a-3741dde393ee_24.png,0.5373636712184365,0.03725515461171096,0.008819078063237883,-0.5685614345784248,0.05189355896034398,-0.2321056252512251,-0.416889275986272,0.4135152111007468,-0.2118167918847126,0.6901980620074851,-0.01282528138652926,-0.287578390231173,-0.4241054413572976,-0.2665583850092637,0.010308540914759898,-0.21811932264862469,0.606517646344404,0.13785091607736452,0.03779584120235315,-0.07106540056829591
578fbdd2-3bf8-444c-8c21-8d2666ef631c_41.png,0.6743806688694747,1.1212815622059995,0.6931963411479678,1.1230999925380647,-0.6020345012572748,-0.6461367191382975,0.04355077929583948,-1.4480220931673375,-0.7821089142115125,0.23101515723162094,1.2693736755154879,0.4918807723005846,-0.8682305282502064,-0.46997985334138304,-0.23675871215297414,-0.7254067443835157,-1.1872207460918736,0.7191773526490997,0.7870753311425247,-0.07106540056829591
27bb6d3d-77c3-486b-a22a-3741dde393ee_102.png,-0.6066857533275539,-0.3951228313445819,0.10205397795616018,-0.851357786323136,-0.2761807974680989,-0.10636103085495079,-0.5651906737242316,0.4325518278880585,-0.5365800660861181,0.4629677571313546,-0.005327695902807393,0.050672994644050534,0.3539741682380311,-0.16108058661483146,-0.0793034001356562,0.18793486449820412,0.9885785742097579,0.5328060140465413,0.37528287710455227,-0.07106540056829591
41b05097-d935-4d5b-b15a-8c9cc622e21b_36.png,0.018795296212100233,-0.1734021921590849,-2.723225832941247,-3.1596152464654264,1.6002068775472995,4.237074190562866,1.162787814487373,1.9814466844832102,2.220893016012001,-0.36696996138903804,-1.6605667445920635,0.4471909874344082,0.06821926736895018,4.802720467150217,2.013146622067725,4.607366828012077,-1.457858392142189,-2.4086661986406943,-1.7225457438884257,-0.07106540056829591
2ec83b5a-f1ad-4dae-bb33-773f1eee7923_44.png,-1.7603627586792274,-1.5755258783152188,-0.6350534534724535,0.1877295773107645,0.8392144747516971,-0.6499923181760523,-0.6925068280190845,0.3063745700667097,-0.3052491266266134,-1.8814259791752816,-1.0593991306311135,0.762919025460962,2.247530740262061,-0.26219652116588493,-0.3936752917185248,0.2615674294198324,0.5912768211776982,0.7101250304884039,0.7670739833749656,-0.07106540056829591
2ec83b5a-f1ad-4dae-bb33-773f1eee7923_62.png,-0.1370622831834207,0.2850985864911384,-0.33789680009634165,-0.07342326965618982,0.5710581102629925,-0.3387606588602405,-0.3416672504782983,-0.9408165012502478,-0.7260033381589686,0.30523676776151726,0.8246716970368644,0.15151227950727836,0.6466147293690175,0.06533980016419416,-0.24511192134728021,0.022287818457424842,0.2672065006304908,0.7217637304092984,0.7927900019332562,-0.07106540056829591
95815a0c-6ff2-4053-978b-a34ec048fcec_14.png,0.16209271175925197,1.1489812098392775,1.4995432463502063,0.835467526244196,-1.6673105011034843,-0.6160624649707099,0.16151005126746523,-1.0605228226879118,-0.4263472310833425,0.2930366238792192,1.1285734773973493,0.29431061780007167,-1.0369292046668928,-0.44975666643117235,-0.34784393759215776,-0.8407334737066664,2.240610035776909,0.21156268224302943,-0.33451285081477744,-0.07106540056829591
3b88f35e-b058-4cd6-a43c-563cda6b239f_64.png,0.5870726707412225,1.4297790282704999,1.690213516866447,0.8585933733175974,-1.8692256279110815,-0.627550312627411,0.27563955114935595,-1.3636535542625752,-0.7669468025510203,0.17535731419847242,1.4018234250811046,-0.49720290782686705,-1.2469418426550123,-0.5611824609756666,-0.3887299517674255,-0.9334768542616496,-2.6159191712678167,0.7217637304092984,0.7927900019332562,-0.07106540056829591
90bae25d-a144-44fe-8481-52b9f3c73315_19.png,-1.2280014834401145,-0.7540328759039892,0.4855674751219716,0.3144651744470142,-0.429668472643932,-0.43357149871384165,-0.3185015731964412,-0.3287057781528552,-0.46345943052447164,-0.8891638811905799,-0.05649584579355011,1.4748361989276442,0.16461851103562808,-0.17694190968166337,-0.35792411705258265,-0.3755486747004366,0.42446217209857595,0.4273730853513797,0.14232600310592824,-0.07106540056829591
4af4cf7a-5d36-4d0a-9b11-fcbd77f87c6e_137.png,0.21222834436534146,0.5019391291613456,0.24258460576795626,-0.22815672534029618,-0.12640928567381196,-0.4867077772819946,-0.04727461780697529,-1.111803452197316,-0.7013377131196671,0.028889404223013455,1.0193701174690346,0.536543012467139,0.30233171627373934,-0.44499826951112276,-0.39758962214576704,-0.40218604274865855,-0.4375666635946883,0.6845655326229102,0.7105995896783308,-0.07106540056829591
386822e1-0d1f-45b2-97d0-ac0273ee2394_9.png,0.011095743136951513,0.038737001490779154,1.3599474061003867,-1.7465797183961786,-1.3562136925873227,-0.2682907378475041,-0.0832683438512797,2.196707180729079,0.9818980451680036,0.463137140897928,-1.1728747514233826,-0.645821900755495,-1.0403720347978456,-0.14284006508797475,1.1946976080846234,-0.21664357664760286,0.8741784100520191,-1.570984084072787,-0.4420364208686146,10.460461020375815
386822e1-0d1f-45b2-97d0-ac0273ee2394_66.png,1.3430720123154682,0.4785302929677137,0.32820838678942654,-1.1854623156555752,-1.1716670033947876,0.5091766266144917,1.4485048536361007,-0.956990019578475,0.043228378876846954,-0.8855496686895469,0.8257320373091355,0.7899574452378451,-1.0438148649287982,0.6831383336172974,2.789425387646784,0.27932610122144325,0.8394025372551145,-0.21427680898028553,-0.7956660966690989,-0.07106540056829591
5ff99f98-8c70-4537-ae86-b6048ef8dd6e_6.png,-0.65316106512434,0.4303466909515123,0.8675070138948164,1.0038322368269326,-0.7252125326189769,-0.47123504617644146,-0.5303842482533924,-0.2357460736908488,-0.4673917125884071,0.7820480540090005,0.12602532860215396,0.07059889571519773,-0.41033412083348647,-0.58775017711261,-0.5949015107464389,-0.8413130262248556,1.2110317472974603,0.7217637304092984,0.7927900019332562,-0.07106540056829591
519d608c-1d5a-448f-8835-1d3a5261bbba_43.png,-1.2011395884564429,0.6166855890859853,1.033507809936693,1.9706954149895017,-1.1458190041226015,-0.6601198257417058,-0.5924976578837492,0.8940185296309875,0.37840836022978613,0.9580288445203967,-0.43316158072146166,0.6804569819908622,0.11986171933324191,-0.4223958841408873,-0.447489574071765,-0.4931441771136984,-0.14994368179993034,-0.44294303095550613,-1.0294307116924966,-0.07106540056829591
a3283dda-4e12-48f9-90f3-8f3223c77d46_19.png,-0.20169035568423144,-0.7106381516588375,-0.6989751519053319,0.9839158662229284,0.9627048695835635,0.30564450184200576,-0.021291191981049354,0.20248825906998436,0.7461724905955858,-0.11809033102932168,-0.531974323088716,-0.3138658258062567,-0.24507827454775294,0.5082672468054754,0.29010208698041057,0.40088836792703064,-0.8455630732872021,-0.7949186161449092,-2.0082475423694657,-0.07106540056829591
95815a0c-6ff2-4053-978b-a34ec048fcec_13.png,0.9096355630712242,1.5554852282971237,1.3843097977475154,0.7050120271732471,-1.5473643743740098,-0.654824031195771,-0.21869957679184368,-1.0962539238696418,-0.7277966124717208,0.7144342699408377,0.9920297962424575,-0.6407139103593151,-1.0300435444049871,-0.5980600371060508,-0.6405518424038402,-0.9429822642643462,2.9071582480565765,0.7217637304092984,0.7927900019332562,-0.07106540056829591
3dbb185d-309a-4682-8409-24f5556e96df_40.png,0.5847385555798632,-0.7503195780598946,-0.44103316067078346,-0.5500812947317898,0.702373234391932,0.8768682605563768,0.5753264171550456,0.8171276005204648,0.5970415891532393,-0.6016291723794049,-0.7816194818639316,-0.6663520984433471,-0.9646297719168843,0.4551318145315885,1.4365947459431356,0.042146063955360455,-0.19889430234911876,-0.6720656725354677,-0.0009580889336786766,-0.07106540056829591
855258ad-52cd-446f-9db1-1bc38d82eebd_71.png,0.9156288216597592,0.3155467549029557,0.5013766408730123,-0.6361804310581939,-0.34176466310482956,-0.4035849530895839,-0.37663966267510973,-0.5823565706713236,-0.7050039828910211,0.4484548875943415,0.7802841610844228,-0.5859563663984158,-0.4998477042382588,-0.34745113265010646,-0.430985344620169,-0.7116205847987124,1.6378536124823735,0.7217637304092984,0.7927900019332562,-0.07106540056829591
7483fa58-40a2-4a34-b0a6-a30645af78bb_42.png,-1.6925335624984958,-0.6206931887284303,0.7800096291914312,1.2629397234831568,-0.829142678951766,-0.6360288149057518,-0.31664815798199436,0.07199363495114927,0.2672624803790103,-0.6588342987777813,-0.3334207545470278,2.761922687046005,0.1783898315594392,-0.41049989184076335,-0.42308039552307664,-0.4345534494915309,0.668659712587243,-0.36664488702964243,-1.231092432661192,-0.07106540056829591
44341a17-f4a0-402e-8f84-ad64321de876_29.png,-0.10726840352455315,-1.145302134377455,-2.6044069195195996,-1.2038777542169814,1.7674709705966785,5.491685299098727,-0.09153113829603689,2.093802392715391,2.1425970917261066,0.46877807441072994,-1.9493660121988872,0.08094813946052384,0.5364441651785284,2.1392077911524674,1.0399792407018524,3.7631447747295756,-1.4846280548618984,-2.001007421672894,-0.5372742296154445,-0.07106540056829591
4af4cf7a-5d36-4d0a-9b11-fcbd77f87c6e_124.png,-0.5819772423334039,0.5195841847945887,0.3540990570266731,0.025187890914246742,-0.1205466914054283,-0.2502787935175228,-0.5149332376085112,0.007045207983868008,-0.5108945149345926,0.7955553305528335,0.14892849232698474,-0.44221232369224606,0.5261156747856701,-0.5429419394488099,-0.508620384279534,-0.5489053085113901,-0.5071297887436008,0.6879886796584674,0.7181631245484161,-0.07106540056829591
78667ea1-0eed-4d74-b94c-83a1d16767bb_6.png,-0.001921882325298616,0.36729338964036495,-0.19813323929902832,-1.099698371324752,-0.05986701917156314,0.4881958409952231,4.74600830016175,-0.38486875324746084,-0.44475501658352257,-6.236856766436734,0.369572918954462,-0.16885697675596323,-0.19343582258346123,0.562195745232704,0.2165903678751673,0.20643509068742236,0.19021025476540937,0.5563876936248241,0.42738722843180643,-0.07106540056829591
27bb6d3d-77c3-486b-a22a-3741dde393ee_14.png,-0.4242006963375562,-0.4927704548506494,-0.965001418610546,-1.5835188611879638,0.8792984021404359,1.7887413465089375,-0.5450496090404535,0.3338432318941295,-0.3142317904558786,0.6015660764262564,-0.13955862112585973,0.33663732343813113,1.851605275202491,0.9674525495902595,-0.2231109072641384,0.772146253215181,-0.2238414582160436,0.3376105630856577,-0.05600668904297144,-0.07106540056829591
19ef2be7-6425-4194-a4a4-1b4a7fbefc4e_105.png,-1.2467668561068703,-1.3971670796861524,1.1670926776864252,0.3339196753070913,-1.1685998503089992,-0.6654126513458402,-0.7443395896479028,0.7875088096146952,-0.3129541794332411,-0.18458603739419494,-1.0694441299865398,-0.8086722076473655,-0.7546171339287646,-0.5794229825025233,-0.5203726630582418,-0.8443161084363561,-0.5707730842624111,0.7217637304092984,0.7927900019332562,-0.07106540056829591
855258ad-52cd-446f-9db1-1bc38d82eebd_88.png,0.2651127559199887,-0.08419297590523311,0.16781413938484033,-0.9358642878848039,-0.02896154496356262,-0.2889921178089474,-0.6005641172832334,-0.24638416675363597,-0.6487552177709778,0.7135730209285576,0.30533020509357084,-1.5064067923139997,-0.5687043068573144,0.30167351385998975,0.045012360524951944,-0.344220620130324,-0.4673018394363878,0.7217637304092984,0.7927900019332562,-0.07106540056829591
00367bac-0715-41b8-93dd-c21b8877a1f3_97.png,-0.9553663006365033,-1.2794672927940753,-2.6787467815705597,-0.7191437713299644,1.6382693329308367,0.39213304619084277,-0.18823481904139627,0.8394248214716408,0.8670397594365257,-0.40608172095297435,-1.1767869967790714,1.8274782452218294,1.6691352782619937,3.8435069546835567,0.6605981767121004,4.177803301875543,-0.4389090720688343,-0.8723578090826253,-0.2762819963859335,-0.07106540056829591
27bb6d3d-77c3-486b-a22a-3741dde393ee_87.png,-0.33858705986596965,0.7698733804744812,-0.46495005317286453,-1.1207589878637243,0.18152136207552041,0.168224968130117,3.5180381917427863,0.8431211266703504,0.49203854214480724,-2.8256578275938775,-0.559299750134063,-0.9714406002727393,-0.4757478933215893,-0.19835469582188647,0.44781467108307044,0.24976666426858252,-0.5714500699587497,-0.5693712614687518,-0.8235223973622587,-0.07106540056829591
258bd669-e070-417c-9e38-6240e5c933aa_104.png,-0.7400898736552035,-0.7966075916274146,-0.6406627840219022,0.5520323198180097,0.7692849493737729,-0.2232498457395357,-0.3485581770199645,1.0611011661565861,2.2802569946202067,0.5134251155787225,-1.4770901735797084,0.7962224968411099,0.29200322588088096,-0.10239369126755336,-0.07853774718410418,0.5672304563192291,-0.6579499891456553,-2.1262185332401637,-0.24198260866884136,-4.817075306348179
5ff99f98-8c70-4537-ae86-b6048ef8dd6e_7.png,0.08874186765917606,-0.42364510184827114,0.9440182732827737,1.0182693349338088,-0.9321275763785228,-0.5986722576726768,-0.620663994962246,-0.03705779135899998,-0.6011329313150572,0.49366867941061837,0.09684726518385374,-0.8405332847237502,-1.2090707112145318,-0.5952843055693552,-0.634744380225458,-0.9578107038685527,5.220810713192099,0.7217637304092984,0.7927900019332562,-0.07106540056829591
273317d8-7414-4eb9-bb2a-b42c7082fe9b_27.png,1.3018260273615776,2.475720156322684,-0.42886560805880836,-0.949155377479455,0.5915823398309112,-0.3935854623692489,0.7491259772868447,-1.2117166779512323,-0.7168200934928006,0.4215231840040829,1.7174676500654218,0.06218178978166048,1.0149975533809652,-0.175752310451651,-0.29577831772062346,0.09947369421389181,0.32423610320887836,0.6213514173662873,0.5709263124107574,-0.07106540056829591
a9e37804-c00a-4e4e-b99f-e267a0056a05_60.png,0.039674168588714406,0.22733465962325747,-0.6217199315799008,0.5187673740088872,0.828897740682083,-0.2109559271701525,-0.0553085611500656,-0.6818603932184243,-0.06960502446129826,0.16170325502552016,0.5563409557419967,0.6143272013731754,-0.1417933706191695,0.2322802254426001,0.32326932177210754,0.4548118603455681,0.019536910799226186,-0.07849197656985017,0.3655256298749547,-0.07106540056829591
27bb6d3d-77c3-486b-a22a-3741dde393ee_50.png,1.3006165321530108,-0.05141875363677026,-2.1603211123812485,-2.001174111740884,1.7236984383042941,0.9980457602655426,0.45666820480931686,-0.39614074768579066,-0.0038852151513730417,-0.013996364539268936,0.3299927615837884,0.3259809020992715,3.2184088371907453,0.7509454897280038,-0.09047026027475229,2.3041501160977673,-0.7065910532670505,-0.10427968423771436,-0.7353515409786417,-0.07106540056829591
00367bac-0715-41b8-93dd-c21b8877a1f3_57.png,-1.0961231321547689,-1.19975830994095,0.05221825505448508,-0.9370286966726848,0.22120290316020336,-0.6557866330275954,-0.7998887816841694,1.9368218455143729,-0.23866832214529773,1.008225100390016,-1.3824552134411057,0.0029066674894164717,-0.04539412695249161,-0.06749878052052315,-0.29098532636586616,-0.38482458890600524,0.2105179361251358,0.7217637304092984,0.7927900019332562,-0.07106540056829591
a3283dda-4e12-48f9-90f3-8f3223c77d46_0.png,1.0338929233052916,0.6655272968403578,-0.5362339135713349,0.42313065805148853,0.9277089157668444,-0.025620788929151865,0.06630675426713421,-0.8475552398806051,-0.0747312250996424,0.42854857646220135,0.8932439946837181,-0.5748993293596503,0.30233171627373934,-0.08494623589403826,-0.2373499907310492,-0.063170953306953,0.25235625586364113,-0.08663145952106394,0.40463425965853306,-0.07106540056829591
578fbdd2-3bf8-444c-8c21-8d2666ef631c_113.png,-1.1467265645194358,-0.2012501074288294,0.7663745909983202,0.9269426669295152,-0.8704328478066348,-0.6602086337093221,-0.7186522147735244,1.7954708405890452,0.8007042176677102,1.1001770995415991,-1.2008695282722004,-0.31335879714230375,-0.38967714004776977,-0.5060643633184256,-0.34404022323769073,-0.523709412500908,0.2589755437868699,-0.8149250088193879,-2.6008610375499264,-0.07106540056829591
386822e1-0d1f-45b2-97d0-ac0273ee2394_55.png,-0.08137813146999338,0.20562023582646458,-0.052743601014059394,-1.569926329022999,0.2621637874412624,0.07144904090697222,-0.6482651720129455,-0.0005077715611785149,-0.5901665353174903,0.9834369240159709,0.18301356982515507,-0.3774408435656963,0.17150417129753362,0.19540264931221588,-0.22382739864285797,-0.16981121292805787,-0.62299874398232,0.5595065609238874,0.4342784490912163,-0.07106540056829591
22df8deb-bec0-46ea-b532-d6d7e8d8d57a_26.png,0.40439982936144536,1.4674454621756678,1.4147474463739884,1.599932311625832,-1.4572554241078342,-0.6362811008936394,0.3295477662062818,-1.0625198923266217,-0.5087526332033733,0.2461186758789815,1.2440909780265748,0.8485044938050929,-0.9784010924406954,-0.585767511729256,-0.6229090780875516,-0.9299232839981086,-0.3240418685811941,0.3406533604505974,-0.049283546936229196,-0.07106540056829591
386822e1-0d1f-45b2-97d0-ac0273ee2394_16.png,0.11081008981132394,-0.2386832843174996,-1.4773102742644584,-0.6471640154307451,1.2901476625631956,1.1504449960583463,0.1957562715381482,1.1825986523716325,2.120931066460303,0.3677238395773344,-1.1949616180419271,0.026644723731088074,-0.3242633675596669,1.2680246217067244,0.8635738543013256,1.3553405784957957,-0.8118290003060974,-2.1641013604336634,-0.7635018284262236,-0.07106540056829591
a7ab7384-2203-4096-ab14-1eae445ccdd9_7.png,0.2577013623406581,0.13385221705967312,-2.6461602089694267,-0.716573949981006,1.7872596595032761,2.0298487874112188,-0.6439392978056592,0.9651924868779287,-0.4319409946633638,1.057934510348381,-0.33743612227429787,-1.924280906374715,-0.544604495940645,7.817164916001624,5.552289778164846,4.4264905509062045,-1.9871622703475145,0.4372621767874338,0.23674089803702517,-0.07106540056829591
41b05097-d935-4d5b-b15a-8c9cc622e21b_44.png,-0.6892925383685906,-1.234318322320766,-2.435131502645644,-2.807842375172707,1.6529659887475512,2.534418751744016,0.6296015991341302,2.920358850128249,2.7337124721301764,-0.8211152298890718,-2.4968765427703077,0.09710201166773955,0.39873095994041724,1.0967223325849396,1.0559759109875464,3.7994631377693517,-0.2897627587634477,-2.806588024040687,-5.36947335136781,-0.07106540056829591
386822e1-0d1f-45b2-97d0-ac0273ee2394_5.png,-0.5233770691748205,-1.19051483691264,-0.15082921052025933,-1.2027368257036295,0.4977994803640153,-0.12934756407508352,-0.413746366878265,0.5969382630222014,0.5125822982556224,0.26318026688125756,-0.9934065609748818,1.382784714585202,0.670714540285687,-0.25426585963246895,-0.4620548173908301,-0.3404564491414411,0.5161854658393827,-0.5263917486889782,-0.40770147865739564,-0.07106540056829591
386822e1-0d1f-45b2-97d0-ac0273ee2394_12.png,0.5923104880455262,-0.19147267339643337,-0.4722706443909185,-0.7979057842392875,0.2608476989656154,0.5453557468080903,-0.04606006568148487,0.8743543842816276,0.489766340200824,0.38392102738559647,-0.5732463364178306,-1.1380010062893557,-0.9095444898216398,1.4643084946587692,2.5238323193182373,0.7488876917820685,-0.8260220934280692,-0.5966803678190858,-1.1152237152897644,-0.07106540056829591
16c36170-95cc-4260-985e-1bc7fbeac4a2_22.png,3.0886467681090455,0.8537830644263782,-0.6269509507094988,-0.27225211321015713,1.342912882669033,-0.44016382269891385,0.13340007535338458,-1.6207260250928108,-0.776146143268925,-0.10502956205538437,1.2989975131513358,-2.1680075160294816,-0.7993739256311507,-0.11825501433438527,0.22832362578935364,-0.42417698631716894,0.5774270119150998,0.7217637304092984,0.7927900019332562,-0.07106540056829591
41b05097-d935-4d5b-b15a-8c9cc622e21b_73.png,-0.7922440798082513,-0.8412418306291388,-2.1137952383541485,-2.659258587637271,1.5124443928254765,2.3877473908699276,-0.044764687930101,1.2063104155189017,1.1898328388093644,-0.09861857138542432,-1.1047152126643394,0.5892527113602348,1.9996469708334605,1.5701828261298723,0.2396454256966844,3.1546250253161467,-1.461028021651518,-1.217334960332667,-3.3660805080999068,-0.07106540056829591
75769513-6d94-48cb-b36f-b1f9dc9210d3_9.png,-0.7258714290535121,-1.0812192553370819,0.8320459702496736,-0.729127731429337,-1.145005475375452,0.5819178579454091,0.4849227997551681,2.183658157390039,4.216727386895754,-0.7394880554788563,-2.665758155925925,0.2273612848410087,-0.7408458134049535,-0.16028752046148986,0.44144989954448993,0.38906267061899996,0.5082310928402952,-3.8299568478040413,-2.5611133540695845,-0.07106540056829591
53345714-cf33-43b8-9e6c-89b5c2c7aad7_16.png,-0.7102527063008484,0.08203655946948288,0.28762997360710735,-0.5947526032977254,-0.1301717961424546,-0.45563760781745954,-0.6996851345639264,0.42076713087148265,-0.5398166202104759,1.026265293275586,-0.11920039203943934,1.9522611247975272,0.7946564249999871,-0.3855183080105031,-0.4853226354294057,-0.43366224301001427,-0.15022626493707034,0.6138204938880615,0.5542865356965683,-0.07106540056829591
5ff99f98-8c70-4537-ae86-b6048ef8dd6e_9.png,0.524272234980294,0.438500023848515,0.2886379152887833,1.0095888505983632,0.1119622532724358,-0.34711231228921496,-0.4196004957360603,-0.6958231836501771,-0.7187173568783697,0.5158843897721281,0.7827704246439028,-0.38342657653743617,-0.2898350662501391,-0.5889397763426224,-0.6204221748393242,-0.8559127086396459,1.9241392438328486,0.7217637304092984,0.7927900019332562,-0.07106540056829591
4a7aeead-7888-4bb1-a39e-eef6dfc4a6ff_43.png,-1.919123718964387,-1.1406788205673355,1.3998026378327733,1.5161404809078574,-1.4075185306964628,-0.6555104522988873,-0.6930989299221793,0.6738184749420857,-0.2990957521556779,0.051522520995797245,-0.8706748015824303,2.001811934753138,-0.8062595858930564,-0.5944912394160136,-0.6396514065612785,-0.9216292671274504,3.5776869525237975,0.47392788503495753,0.2791648028224804,-0.07106540056829591
3dbb185d-309a-4682-8409-24f5556e96df_29.png,0.020152876666342797,0.2165777592683187,0.42508471651269597,-0.5640031556224451,-0.20305162282325595,-0.4715551306694063,-0.6645705807491649,0.5966388080283924,-0.6074754621257008,0.9782109278835714,0.1579407418175267,-0.8233739651567366,-0.37590581952395863,-0.40732762722739696,-0.38781774552169307,-0.6303506321020836,0.5717432724209771,0.7187209330443587,0.7860668598265139,-0.07106540056829591
855258ad-52cd-446f-9db1-1bc38d82eebd_59.png,0.37405547257787175,0.5614463923720032,0.630552834144861,-0.5312718450621946,-0.9271024899883791,-0.48207895738037887,0.5195130708701705,-0.997826546683048,-0.12827125625754138,-0.28688415445319804,0.8906395297172045,0.30765404510710403,-0.795931095500198,-0.19954429505189886,0.2527637005612215,-0.359565428310405,-1.6335633691751825,-0.023036994593823617,0.26077329464503646,-0.07106540056829591
2ec83b5a-f1ad-4dae-bb33-773f1eee7923_90.png,-1.568972983461385,-1.1293665507006068,-0.6920674519526365,-0.37107457114346487,0.9146691302421159,-0.5700587392215216,-0.6794505475084253,0.8345828523883982,-0.3466500022111958,0.2505936141018358,-0.7856946360258362,-0.7100949001066967,1.5176507525000713,-0.20707842350864403,-0.28818741456805375,0.36329489248207225,-1.4631709577083354,0.41619080503522615,0.14436564072937946,-0.07106540056829591
a653df7d-134c-48e9-9911-e3a0e5f096f4_20.png,-0.43989498399508714,0.11543410102278559,-0.9323218233503597,0.11574071590237905,1.2176350760498138,0.9591897153951439,-0.3730978899420055,-0.6486897968694595,-0.658804191697349,0.26531618622265973,0.5255349569436418,-0.6769549309194314,1.8791479162501132,0.030444889417163945,-0.2562246380728106,0.592309313685544,-0.4423306550744503,0.7191773526490997,0.7870753311425247,-0.07106540056829591
4af4cf7a-5d36-4d0a-9b11-fcbd77f87c6e_93.png,0.13981092626484418,-0.8373313515315908,-1.4526009733968699,-0.25169806926970034,1.2693967303377172,2.6200685202236436,0.956806029474078,0.9917477584054811,1.1897715283011898,-1.0127067154381857,-1.0031678954542969,-0.5783675039366701,-0.09359374878583056,0.39327265457094407,0.7598703290950003,1.422437790478555,-1.3139559761301303,-1.0182599427314853,-0.8218054807740577,-0.07106540056829591
a3283dda-4e12-48f9-90f3-8f3223c77d46_10.png,0.24516185575610414,0.30858310314690307,-0.5610669025380078,0.6212982421160245,0.7946974587465888,0.1918420694242124,0.6323995283676354,-1.2512507406238944,-0.4189702959268481,-0.9663255554149459,1.0515886058887691,-1.081151351434829,0.29200322588088096,-0.30978049036638067,-0.05758397225351105,0.22265775809670738,1.012238483904041,0.2899147143902274,0.036242189753814436,-0.07106540056829591
519d608c-1d5a-448f-8835-1d3a5261bbba_37.png,-1.1739514030266665,-1.0802632183131087,-0.45799840298105304,-0.20939554965281773,0.7683533227938416,-0.5392315526661857,-0.7085858630674573,0.8995229793974858,-0.31761917202339507,0.5894880687225527,-0.7845188972017053,-0.7115327500459101,0.5364441651785284,-0.22293974657547594,-0.23324281887827394,0.02359053034090629,-0.664512621712095,0.3700924249563893,0.491668788234414,-0.07106540056829591
6764beec-de30-41fd-ac4d-374023ed0a03_46.png,-0.2264202573162357,0.09129828309599154,-0.9123852797473224,0.46384571573871336,0.9458905310471379,0.14964372331301573,-0.5666619478568694,0.7360770061150391,-0.42027819330577687,0.8442177381913923,-0.09994486380771087,-0.7668368354289602,-0.10047940904773611,0.39644491918431046,0.4722949531146167,0.6103608899096999,0.14065938376403245,0.5060293972350717,0.31611922656522057,-0.07106540056829591
27bb6d3d-77c3-486b-a22a-3741dde393ee_93.png,-1.0167161501852249,-0.9260797981455664,0.6366681920489223,-1.0472503811590512,-0.6533690614296718,-0.5323272299127869,-0.5935945328527669,-0.020220746701390582,-0.5039869549593726,-0.3134466222930534,-0.2689423525343377,-0.5297834945554925,0.07510492763085574,-0.19835469582188647,-0.28022267930669414,-0.3122778199161205,0.5160213963196248,0.6778713784200427,0.6958086770434979,-0.07106540056829591
3dbb185d-309a-4682-8409-24f5556e96df_10.png,0.38905543069509013,-0.4972204197412152,-1.1154367382748327,-1.7138788147362929,1.013559957844859,1.91982231295485,0.6779470911338948,0.4639659638477409,0.44820812121801346,-0.7455358504903837,-0.41284282736895345,-0.5866711915845045,0.3057745464046921,0.3575846776705722,0.4128270105803666,1.2591540959274456,-1.0795329003757892,-0.5850416678981915,-2.094631454359939,-0.07106540056829591
a9e37804-c00a-4e4e-b99f-e267a0056a05_67.png,1.1938807836846812,3.387551052498204,-0.31488069289074816,0.6052129101455577,0.4065962588373544,-0.33358567614690576,0.6935873142593152,-1.107180107343684,-0.7026783247560369,0.6042808434656922,1.49877872353489,-0.5677346418899638,0.7085856717261676,-0.0385518659235549,-0.28458189339175943,-0.01814178432688445,0.15524169777409388,0.5846857091187636,0.6179643594549473,-0.07106540056829591
578fbdd2-3bf8-444c-8c21-8d2666ef631c_135.png,-1.081385084279109,0.2907442282815527,0.35198456850265236,1.462668779876954,-0.11248304014333954,-0.3091352959046422,-0.47158592799156585,-0.47789101966967273,-0.548810230622664,0.5778498447723569,0.3273591171277737,0.6358438836689911,0.670714540285687,-0.562372060205679,-0.5937314567331824,-0.6959433540841069,-0.4047985737365023,0.7182645134396177,0.7850583885105032,-0.07106540056829591
3b88f35e-b058-4cd6-a43c-563cda6b239f_60.png,2.320854586835811,2.6873256844986697,-0.2730127627516446,-0.45219859564228204,-0.27236093039733483,-0.49509096755440707,0.3601537365444968,-0.09788184207016934,1.0675064909793792,0.9504302033093044,0.5052821639088099,-0.606459230988376,-0.9129873199525925,-0.15632218969478187,0.9717021429417543,-0.022826538804222852,-0.8939897086389345,-1.098894072902388,-1.8650570003622593,-0.07106540056829591
3b88f35e-b058-4cd6-a43c-563cda6b239f_21.png,-1.521985085398344,-1.3262769977312254,0.6371251553447449,1.1697448771190446,-0.9750350613248753,-0.5693384972172014,-0.610948816665232,-0.05796577134382619,-0.3170247769585695,-0.8762571768209039,-0.7252782869405875,1.6485735836724256,-0.844130717333537,0.5887634613696474,1.0500294270977877,-0.004526515432106754,-0.8481820137396395,0.4112462593171991,0.10669334994019317,-0.07106540056829591
78667ea1-0eed-4d74-b94c-83a1d16767bb_32.png,-0.018511545758776747,-0.13855787051870289,0.6634565359117486,-0.6638262641217738,-0.9016967919441722,-0.4176951701433639,0.013007363656591442,0.01937286705448521,1.0451667778491989,0.2835854288180146,-0.21005174751826994,0.7956045888706591,-0.7477314736668591,-0.2292842758022087,0.21659844224661332,-0.25095083036835863,-0.5393075723665578,-1.0772902116113159,-0.5825178178842453,-0.07106540056829591
75769513-6d94-48cb-b36f-b1f9dc9210d3_50.png,-0.47047584457935304,0.014655199299850576,1.350712846411063,-0.301863234281601,-1.2261845971306857,-0.5024120744902297,-0.15621981959278314,-0.9695707555443812,-0.7160486741397356,-0.42400574628074683,0.8219060585800964,0.2642807865407666,-0.44820525227396707,-0.48465157717820256,-0.5475635172816838,-0.8049637110251924,0.8685347660042642,0.7217637304092984,0.7927900019332562,-0.07106540056829591
81faa7e7-ef94-4bfb-ad32-94fd63e1848b_36.png,2.14357361962055,2.7104033582580027,0.8114209349467336,1.3381077632368266,-0.6790667894676159,-0.6363945017771456,0.8748411029002118,-1.3281927444077974,-0.24493525875542851,0.505031293579656,1.4510747065781584,1.06495741468601,-0.5687043068573144,-0.5671304571257285,-0.6217989687966854,-0.8811760466206985,1.9580904341410053,-0.02402590373742903,-0.29115684733565916,-0.07106540056829591
268cf2e7-02be-4b54-8659-24b54163053b_87.png,1.7868631843140823,-0.1020063324675763,-0.989941113838086,-0.7646761303850912,1.2360413381555901,0.01692532214268974,1.711354124514886,0.40366226814902784,2.0935059277373145,0.038788601833262236,-0.6692511790588426,1.0031235726314793,0.2713462450951643,-0.4679971879580291,-0.2630046889140369,0.09470344771715403,-0.14924081922287413,-2.2453440500775543,-2.5864520545454743,-0.07106540056829591
4a7aeead-7888-4bb1-a39e-eef6dfc4a6ff_65.png,-0.36188841176755493,0.48813232693736025,1.1576478173733313,1.4367744297073566,-1.2982023098772677,-0.6184311010166971,-0.5738774156090185,-0.10415069079482864,-0.587091297084547,0.9007713076890471,0.2947497093168143,-0.9057537380674724,-0.9439727911311676,-0.5591997955923126,-0.540691741903275,-0.892764627911238,-0.23039373379785347,0.7217637304092984,0.7927900019332562,-0.07106540056829591
27bb6d3d-77c3-486b-a22a-3741dde393ee_81.png,-0.8742748257813977,-1.2687990230112904,-0.6805727757245935,-0.6258452677554018,0.5163826488214114,-0.4206945400071493,-0.5113090908658761,0.6901465481284418,-0.013510419781734576,-0.15367068599152722,-1.0363732808909212,0.15146346690135978,0.13363303985705302,0.9159032496230557,0.49956735671140623,1.0461850824418826,-1.8571927731775209,0.02009465805419703,-0.7575665678815429,-0.07106540056829591
92da35e0-d1db-40c0-86e2-73b0de7f8784_42.png,-1.219854309719168,-0.08269110860747443,0.01559071837405622,0.43012384546651167,-0.02731684833766873,-0.3243717951246101,0.12589815662824208,-0.9471101350034379,-0.63504217202732,-1.3334649647955625,0.5567876237979736,1.6668998348459416,2.185559797904911,-0.4592734602712715,-0.4460232471021122,0.052916526644577404,0.10044679122723668,0.6744482313844856,0.6882451421734126,-0.07106540056829591
268cf2e7-02be-4b54-8659-24b54163053b_42.png,-0.9117608642939595,-0.7294369094483514,-0.959884946627254,-0.7902469139346863,1.1356293664561707,0.06040829161325125,-0.6215047672775715,1.1050460696060607,0.6164799335585772,0.8346548039368912,-0.947843591186759,1.2068892192560687,2.0822748939763276,-0.12103074587108087,-0.31039464910970893,0.7330785109171095,-0.6399704236941687,-0.6490164824960493,-0.3800735026528945,-0.07106540056829591
3b88f35e-b058-4cd6-a43c-563cda6b239f_3.png,-1.1871945311076313,-0.9584457950708476,0.281846708831651,0.7821426809928098,0.043011040105654263,-0.5694406194057147,-0.551689078079341,-0.18120886913138023,-0.5195970022715837,-0.5825371941017824,-0.21549120544364692,1.6114872057467213,-0.15212186101202785,-0.3486407318801189,-0.47283368613778676,-0.6537210817784389,0.9824710028949217,0.5725905895931283,0.46318796015020913,-0.07106540056829591
95815a0c-6ff2-4053-978b-a34ec048fcec_16.png,0.2575361695532502,-0.10066037739776149,1.419957098362531,0.5717339914121248,-1.569853092067686,-0.5823080265316608,-0.0939695328488448,-1.4177027835688907,-0.7439570349642631,-0.7841449180505407,0.95179581553693,-0.6420936927740235,-1.0266007142740343,-0.5754576517358153,-0.5156443239559385,-0.9002079192522117,-0.6849456243983941,0.7217637304092984,0.7927900019332562,-0.07106540056829591
81faa7e7-ef94-4bfb-ad32-94fd63e1848b_35.png,1.3384253167180282,2.6427737560733395,1.1849446526826743,1.6190030276420344,-1.4023714165428294,-0.642539983072161,0.5396042776008111,-1.2989048622809438,-0.6925037774790344,0.4604446540285479,1.3919716855872521,0.8486563873724751,-0.41033412083348647,-0.5298563479186735,-0.6056361184381546,-0.8525772543244847,0.4109575076746039,0.552355987116279,0.562836457030651,-0.07106540056829591
16c36170-95cc-4260-985e-1bc7fbeac4a2_47.png,1.4502851809366604,2.027722243918003,0.105581292857084,0.19697811950682526,0.3413471737479352,-0.5184554383539709,0.31536735917457964,-1.1188472904452191,-0.77043991631302,0.4519419133879648,1.5000502733891412,-0.5640093905354041,-0.6960890217025674,-0.4414294718210856,-0.3672048269689332,-0.7277797818032965,0.7288194546473773,0.7217637304092984,0.7927900019332562,-0.07106540056829591
4af4cf7a-5d36-4d0a-9b11-fcbd77f87c6e_113.png,-0.10678934096819373,-0.29277811320456815,0.11450661845487453,-0.066463316347912,0.017478236850324538,-0.16562140407671355,-0.22422544831842514,-0.8933771841457193,-0.5237055768133382,-0.27197632587319165,0.5752874226874947,-0.7834320660897236,-0.12802205009535836,-0.00048469056315829465,-0.21168503683092324,-0.29796666373153496,-0.2593108715592172,0.44555379960689456,0.18249677719371402,-0.07106540056829591
386822e1-0d1f-45b2-97d0-ac0273ee2394_58.png,0.7511513919673013,0.15655743435859185,-0.8647833505940019,-1.5921032560672386,0.9463519702295882,0.08216098968752386,0.28045378555600453,1.743774575718859,1.3819071911503629,0.4887408446167425,-0.9392914526778007,0.5294075779704013,0.7189141621190259,-0.26417918654923894,-0.22518239568072243,0.3764730439865653,2.4836524997036302,-1.6081822818591751,-0.8503373266197761,2.173906025669053
855258ad-52cd-446f-9db1-1bc38d82eebd_82.png,0.11586914334512617,-0.3612330395297743,-0.26106207906046824,-1.5935945181265272,0.5515609608836631,0.5965617282461921,-0.3874086708760105,-0.8132886982754958,-0.6722235030013007,-0.09213235570397789,0.49540241876769475,0.19432627856620935,1.331737925428621,-0.10318675742089496,-0.44533447620135413,-0.18890645168237327,0.27784805563207876,0.631012298999971,0.592272288599665,-0.07106540056829591
3b88f35e-b058-4cd6-a43c-563cda6b239f_52.png,1.216894130393536,1.748694817776665,0.7509342587980339,0.8163228778790033,-0.7168268472276621,-0.553230303169873,0.1654169328623627,-1.0532901787979987,-0.7691892602599166,0.4780689761002079,1.374502622456274,-2.122558325405897,-1.1884137304288152,-0.4521358648911971,-0.17379818615427975,-0.8757056425152566,-1.9684812090426604,0.7217637304092984,0.7927900019332562,-0.07106540056829591
505d1bd8-e981-43ac-b532-853c95be827a_142.png,0.4703779127013783,-0.006091867944263105,1.83265883516661,0.21263411064938664,-1.7496946859877227,-0.5386700768222847,0.181696328753467,-1.5583840471664847,-0.7634844716122033,-1.478398410963294,1.141415035811702,-1.9578019461221856,-0.7546171339287646,-0.589732842495964,-0.6031824938229053,-0.8956453224509173,0.40432820621135257,0.7217637304092984,0.7927900019332562,-0.07106540056829591
27bb6d3d-77c3-486b-a22a-3741dde393ee_66.png,-0.6430128875553428,-1.535003288451973,-1.5428182633387892,-0.7692575227386677,1.4743534695278255,1.1827519724314866,0.8625116336691362,1.5005916235792667,2.3041857314969736,-1.565245106580539,-1.9752638719994409,0.9431972991572773,0.7292426525118842,1.1930798702159435,0.1017284723733012,1.52968118442883,0.3807320475930345,-3.206639807596138,-1.64673236860857,-0.07106540056829591
95815a0c-6ff2-4053-978b-a34ec048fcec_15.png,-0.15649517923643133,0.7360774917195418,0.7561714641927327,0.3050561057279428,-0.807608970733672,-0.5582915960649066,2.3457956491551637,-0.8180418541169563,-0.4927691289258194,-2.823898072745628,0.7887624520361444,0.8506766792862496,-0.8475735474644898,-0.5017024994750469,-0.3265798371333793,-0.7541300700208777,0.30130259975129337,0.29508746991062496,0.42460272003796695,-0.07106540056829591
2ec83b5a-f1ad-4dae-bb33-773f1eee7923_71.png,-0.3644234237244982,0.11063119029253815,-0.7914356118483842,-0.5358558477178098,1.032052753465665,0.725212887615591,-0.37632007629226777,-0.43937490525771133,-0.2513118351981871,0.5470562263950082,0.43616562810092074,0.7723734680529087,2.2750733813096833,0.2318836923659293,-0.4268209567564384,0.2213713067949111,0.47259780331132084,0.0887858085677114,-0.539817999688557,-0.07106540056829591
6ab94b0b-0d10-4c2a-a48b-13560294cd7b_4.png,0.40616859475502654,0.2758762507116957,0.4578733740316515,1.2766414329522464,-0.9851702699164263,-0.5308908826983562,0.10540777659577634,-0.8289698984618202,-0.14435506811437676,-0.03553845810184127,0.738176111908788,-0.8804221396333544,-1.03348637453594,0.20254024469229026,1.591212765466867,-0.1367725428099641,-1.7037220132008983,-0.012082924080040596,-0.5133841256433942,-0.07106540056829591
a3283dda-4e12-48f9-90f3-8f3223c77d46_2.png,0.7473171312307577,0.732951119554262,-0.8040064209084944,0.47253738843276577,0.8631259471666891,0.1368118435120322,1.029720653685002,-0.23853649356061413,1.4048651154137366,-0.05532112397317982,0.19753635516530657,-0.22082772762420066,0.1577328507737225,0.2870017900231702,0.10179892528156888,0.6669453206571718,-0.8420473603321891,-2.2957023464673068,-0.6243595437765472,-0.07106540056829591
6764beec-de30-41fd-ac4d-374023ed0a03_27.png,0.47693544359927054,1.1648764294376879,0.24509159204344363,-0.4178007827999845,-0.03780671283099477,-0.4790486270959935,-0.4004519449641122,-0.6202321536491914,-0.7132056743936858,0.8172715984944325,0.8377733746920693,-0.17019202110582723,0.36085982849993664,-0.3454684672667525,-0.4397509344053738,-0.4652976412587449,0.1142207334560355,0.7060933239798588,0.7581658200835318,-0.07106540056829591
5ff99f98-8c70-4537-ae86-b6048ef8dd6e_10.png,-0.45155647358029566,-0.30356532183809903,0.9853376500459344,1.7339623300589362,-1.1651788223505168,-0.5936686381947197,-0.45579427294636854,-0.5636338836029857,-0.6461613131339936,0.028507757521246343,0.37120683323384307,0.010565662639146375,-1.1780852400359567,-0.11944461356439767,0.7160830970806635,-0.7042424738406426,-0.8079493164503186,0.7217637304092984,0.7927900019332562,-0.07106540056829591
4a7aeead-7888-4bb1-a39e-eef6dfc4a6ff_80.png,2.9088301972798574,2.0364482853169084,0.37640594199381006,0.7510220084820821,-0.5583022318769568,-0.6337135732848508,2.657901171289467,-1.248653541738931,-0.7879452214261174,-1.1065322174998793,1.5365841422326236,-1.5145926477510039,-0.9611869417859316,-0.5794229825025233,-0.5611108326212123,-0.9040644767182421,0.8622462652589484,0.7217637304092984,0.7927900019332562,-0.07106540056829591
855258ad-52cd-446f-9db1-1bc38d82eebd_68.png,0.9604782197990428,0.3347114185159629,0.7968367680525968,-0.06462355570180855,-0.7445171527097617,-0.5335362003858876,-0.4638245001687283,-0.8362883100206772,-0.7191199727661904,0.5818678689462897,0.7672154215324188,-1.320839379024074,-0.8544592077263953,-0.4945649040949725,-0.4530870496794449,-0.8306283180324731,1.3693274558897006,0.7217637304092984,0.7927900019332562,-0.07106540056829591
a3283dda-4e12-48f9-90f3-8f3223c77d46_41.png,0.17097742217418607,0.43149059056150163,-0.3595961960968824,0.6738795162068958,0.5408152849279075,-0.05223528447365182,0.2242796658835218,-1.356086531106901,-0.7487732842294662,-0.762678435161678,1.1894702251436946,-1.9475513841480194,0.4607019022975673,-0.1341163374012172,-0.14013636170974947,0.12371484623825967,-0.13117426524755216,0.7217637304092984,0.7927900019332562,-0.07106540056829591
00367bac-0715-41b8-93dd-c21b8877a1f3_64.png,-1.3669436056870599,-0.6865992314326985,-0.47211477170521027,-0.34486993636740165,0.5729781585218429,-0.5136299838408341,-0.6233219503148939,0.7654205698223541,-0.2909388363396821,0.5191441371975528,-0.6781488018184568,1.0841879151750804,1.066640005345257,0.556247749082642,-0.2598841634222591,0.23581795865312624,0.5959971129586134,0.339816591175239,0.2707621331685253,-0.07106540056829591
9229a83e-46a1-420b-bbda-57bc886c344b_32.png,-1.63011729274261,-0.8524249785246658,1.0962743176192902,1.3731799238138207,-1.4294534237679262,-0.5437311083982562,-0.6132568373157371,0.6074328554584265,-0.03595383574513154,0.25146255532530254,-0.7142705225571366,-0.24587734622101864,-0.9164301500835453,1.0078989234106808,1.2101395454400639,-0.027017965588223024,1.6480234544447512,0.013400503851329628,-0.07725741185203555,-0.07106540056829591
505d1bd8-e981-43ac-b532-853c95be827a_147.png,-0.2993705448565943,-0.48184776944973406,1.0828632699033245,0.6073095483784465,-1.1036488059576564,-0.4812495661901667,-0.5088453028214083,-0.41216963783456306,-0.617110485670191,-0.08902790050832059,0.23037570824001935,-2.074785371928596,-0.5652614767263616,-0.5175638225418788,-0.4572651712557024,-0.7525128737394808,-0.6528176395315698,0.7051804847703769,0.7667251997218448,-0.07106540056829591
505d1bd8-e981-43ac-b532-853c95be827a_134.png,-0.15892763379149338,0.011654546201401075,1.695525804860972,0.3001232876220477,-1.711363138899785,-0.4621056946133518,-0.43009791744689085,0.16945443046979322,0.10126021356734208,0.6520421932675555,0.02820894760390625,-0.9533113875092049,-0.6857605313097089,-0.43865374028439,-0.17729774690359373,-0.553790836131016,0.5760201260699194,-0.21518964818976746,-0.3903183331926227,-0.07106540056829591
53345714-cf33-43b8-9e6c-89b5c2c7aad7_33.png,1.787641901972717,1.148442787197311,0.2934864995610284,0.23641408000747266,-0.40672627302126313,-0.4225605824355045,-0.3343053056340133,-0.7799671755983406,-0.32509665180857933,0.9249385377181127,0.8649971686282609,1.7631816218418719,-0.9302014706073565,0.6867071313073345,0.7691901047366388,-0.2749422062542255,0.334265930422693,0.1413501330470452,-0.4896493549278567,-0.07106540056829591
a6a04226-e7be-4c2a-8240-4e24256bfed9_23.png,-0.9451906741775852,-1.5800844552641418,-0.8509799193504661,-0.9303477001280043,0.8055477160194335,0.07803574737587661,-0.060773116684590144,1.9068332402371306,2.0840747493464775,-0.4011878978952579,-2.1658874312463223,0.5882234979376435,0.46414473242852006,0.4198403707078875,-0.030041989710267263,0.8080474634593268,0.2949007839537978,-2.050833228523782,-1.5336957334813552,-0.07106540056829591
4a7aeead-7888-4bb1-a39e-eef6dfc4a6ff_81.png,0.570256745710563,0.4790199887016585,1.6726261117989043,1.786708961318921,-1.8600692635571432,-0.6415175054335229,0.19702408806077903,-1.085958795310124,-0.646617256473136,-0.5581872500212893,0.7888371127307684,-0.49698672984716724,-0.9887295828335537,-0.5929051071093304,-0.5844076793020141,-0.917758803527885,-0.05359396879843455,0.6554307478536123,0.646225504006273,-0.07106540056829591
8b0863a2-01d3-4fdc-9994-7b50b25bc730_6.png,-0.053936382149377286,-0.47032922228401985,-0.2985641331780749,0.22446734007253336,0.5528348241359419,-0.07743064803537236,-0.4475079430703169,0.01621476961358104,-0.4384796667408798,0.16041688151545197,0.03775141992446793,-0.9705892079098665,0.2782319053570699,-0.059568118987107184,-0.22551801028098195,-0.09976821964286567,-0.29673803861090564,0.3711574040341182,0.3140309242669764,-0.07106540056829591
2ec83b5a-f1ad-4dae-bb33-773f1eee7923_65.png,-0.5587908721147788,-0.34893710706270503,-0.19114981106827644,0.03886471093202845,0.6689328281524883,0.010654701872213653,-0.6448494377079582,0.23581636726248442,-0.592712525456207,0.6718745026831546,0.018115544292246162,-0.0021535760392381183,0.9943405725952484,-0.3498303311101313,-0.5033917306230933,-0.43349228811981155,0.06398783833329125,0.7217637304092984,0.7927900019332562,-0.07106540056829591
07a9fdc8-46e7-4ddb-b62f-fe041b4ea954_37.png,1.8456812700507264,0.4302910489559204,-0.6504829335118804,0.02181279885454236,0.7618470428697898,-0.27044995327682003,-0.11705438450480872,-0.2428921397607063,0.11238889825887052,0.7547171894392611,0.3853723228929963,-1.0114539975352472,-0.6823177011787562,0.016566231733686015,0.6633369085797687,0.09636413687860387,0.5123370323667237,-0.23025149514621912,0.4681362334829888,-0.07106540056829591
2ec83b5a-f1ad-4dae-bb33-773f1eee7923_98.png,-0.9753512069846794,-1.3753606830566731,-1.9219700394854353,-0.7728273927090006,1.3810792392878086,0.6592804441459946,0.8762721190582669,1.426902359435805,2.8851578640405453,-1.8883649941133471,-2.0578577051338396,1.3188192682032052,2.8672401638335616,1.0987049979682937,-0.25658552036073495,2.132194444167767,0.2851108275615063,-3.655604558792995,-2.5623198201157034,-0.07106540056829591
578fbdd2-3bf8-444c-8c21-8d2666ef631c_29.png,0.11260161626285035,1.794356691049558,0.16025541026092138,0.9202944252778676,0.07455337669711395,-0.3611667565097074,-0.5440487338569795,0.5258640987409843,0.1363292744147231,1.1465782879836652,0.10965135182055047,0.6344376010362592,0.6569432197618759,-0.5599928617456542,-0.5438341377446533,-0.5541248897591923,0.6185738911239578,-0.19267294768921348,-1.02861984168894,-0.07106540056829591
41b05097-d935-4d5b-b15a-8c9cc622e21b_23.png,0.19871466820253986,-0.5729305836268774,0.11242946291032989,-0.2482207202166425,-0.5574567828558481,-0.23008538278548013,-0.2559221000911065,1.2346271728958227,1.9358626966151644,0.6965396587245585,-1.3887093372566137,0.629969918199595,-0.7993739256311507,0.3746355999674166,0.785595543612369,0.19414002789336224,-0.35725302406142784,-1.8204934679978446,-1.0512517313708771,-0.07106540056829591
16c36170-95cc-4260-985e-1bc7fbeac4a2_36.png,1.4753497559883737,0.3959694800078161,0.20066904685163364,-0.4319723552548873,0.29953739246633554,-0.48689226031655336,-0.251278807238071,-1.3191616541593274,-0.7633454231104673,0.28089756087165446,1.119981004184646,0.19244445631235252,-0.8923303391668759,-0.5350112779153939,-0.45312517360326127,-0.8411887526391975,-0.1796859645029671,0.7153738559429249,0.7867369399197202,-0.07106540056829591
75769513-6d94-48cb-b36f-b1f9dc9210d3_41.png,-0.04818439453514866,-0.1770039939063827,1.5643019634548467,-1.7165900898710669,-1.3813839365037122,-0.33291676910956075,0.15923392731989877,-1.4499316571368903,-0.7542561017686066,-1.563741498988936,1.038301886973909,0.3789943279800647,-0.04883695708344439,-0.1749592442983094,-0.3918196825997449,-0.5206788092317061,0.6315161345286325,0.6949110436637053,0.7740985010167137,-0.07106540056829591
75769513-6d94-48cb-b36f-b1f9dc9210d3_59.png,0.5482060930274918,0.7648667357234324,0.6827072502305014,-0.5881173338140603,-0.700728828505789,-0.5057260059671634,-0.47268589972785907,0.15823983414970796,0.5034842068326493,1.0209366187933981,0.04288774821426663,-0.21660285463245457,-0.7580599640597174,-0.45610119565790513,-0.2970963483932796,-0.6677268990947941,1.4057877942201489,-0.5873237659218963,-1.1268737285115158,-0.07106540056829591
19369012-66cc-4209-a974-c98c915c0a70_12.png,-1.1253521270758484,-0.6109084676166194,0.849336191740281,1.5633030981859921,-0.6156764236058442,-0.5398032798543944,-0.6706953670668475,0.29892908390866585,-0.23807871463900923,0.7780356745948294,-0.3379383379569554,1.9104253438689311,-0.8888875090359231,-0.595680838646026,-0.6579831171230502,-0.937025600114392,-1.256568710781418,-0.03749028207728733,0.6587180353002072,-0.07106540056829591
3dbb185d-309a-4682-8409-24f5556e96df_6.png,-0.41250538379078966,-0.416648838971651,-0.8292316901535846,-2.3545547058899268,0.8090551556994553,1.4846060036224886,-0.27285522355409003,1.1345569146772212,-0.06113975602789585,0.1389388741165643,-0.5806915502698029,-1.1367355450910197,0.24036077391658925,0.09983817783455358,0.3429700585121787,0.9238922776102677,-1.9351211997280175,-0.010485455463447238,-0.3380595314208297,-0.07106540056829591
75769513-6d94-48cb-b36f-b1f9dc9210d3_60.png,-1.1549575694508558,-1.2800983776268269,0.8883836690853905,-0.5390480831866383,-0.9366269370747619,-0.4088554656383274,-0.1969246576934588,0.8029488985775763,1.1357536691274728,-0.6646427536371897,-1.2379981182825144,0.6768728175390788,-0.4413195920120615,-0.23602533810561227,-0.22626055457243896,-0.39437241515979743,-0.04048539151652459,-1.1143362695294572,0.24999756344737892,-0.07106540056829591
578fbdd2-3bf8-444c-8c21-8d2666ef631c_88.png,-1.2548433590179562,-0.2273134921579136,1.3329611381835047,1.6749944069395215,-1.3420355670678066,-0.5742863445997902,-0.513423563561656,-0.19130143683808803,-0.5045443781948481,0.2926996065740237,-0.06790516873194773,0.09360967487856874,-0.8510163775954425,-0.5940947063393428,-0.6057383527971233,-0.9091430046547464,3.0569025092988857,0.7217637304092984,0.7927900019332562,-0.07106540056829591
44341a17-f4a0-402e-8f84-ad64321de876_10.png,-0.2528556921172908,-0.5947668605814971,-1.736997540291641,-0.9458973084297044,1.579193459363212,3.995997798537863,-0.1449246706317581,1.0478374033678897,0.37234155444622447,0.07894037069601767,-0.8679550133286201,-0.3649974842660615,1.0356545341666819,0.7576865520314073,0.2558509011490849,1.7599073074259546,-1.4105746576824802,-0.43624887675263874,-0.3886643271338509,-0.07106540056829591
a5f7c55f-08cd-4cf8-8e07-7d416d70c470_1.png,1.2957027045746141,0.011277810535500784,0.7498705801921812,0.5681832583944108,-0.7230506494567069,-0.5524673697451022,-0.7061542814026559,0.27121114877813873,-0.6111743744861351,1.0354154930377517,0.11773671996404361,-1.9227421134727958,-1.0851288265002317,-0.5837848463459021,-0.5213626540026857,-0.9144660342562565,-1.2783374460905226,0.7217637304092984,0.7927900019332562,-0.07106540056829591
2ec83b5a-f1ad-4dae-bb33-773f1eee7923_69.png,0.38608397824171814,0.36092712043229735,0.12557951911945736,-0.11672346205875998,0.22950586567927853,-0.3678147443417855,-0.6800256171915042,0.4863250723193894,-0.5646875351759199,1.0614917823168668,0.0461067196643546,-1.0132571662666172,-0.3827914797858642,-0.4212062849108749,-0.3306177452649565,-0.5748734019381562,0.7300215259024141,0.7050283449021298,0.7558127203461726,-0.07106540056829591
8b0863a2-01d3-4fdc-9994-7b50b25bc730_11.png,0.14225337617137626,0.027345845311328672,-0.08189976749151429,0.043804288512896535,0.6134606578414198,-0.3721399599166512,-0.3260849369009317,-1.144893393472037,-0.7284176504740235,0.02711368421951358,0.8340843463813191,-0.5769558121743277,-0.16245035140488617,-0.36648472033030477,-0.37366341170299927,-0.5388122309496892,0.7070219882669823,0.7217637304092984,0.7927900019332562,-0.07106540056829591
258bd669-e070-417c-9e38-6240e5c933aa_89.png,0.2578866707745314,-0.4238622946443335,-0.18927409795533084,1.4745503283797903,0.5543599848892734,-0.2627497045444691,-0.6382793362560443,1.4029290594609238,0.8196468766338048,1.0936151849502977,-0.9564060029675144,-0.22666668919143934,-0.9508584513930731,-0.00524308748320787,0.6173268056534557,-0.30692713821622963,0.0024851822067681033,-0.830975764919445,0.18099293645834544,-0.07106540056829591
53345714-cf33-43b8-9e6c-89b5c2c7aad7_28.png,-0.2874573442535514,-0.35595410059419724,1.2563339209134203,1.8629055145881386,-1.5290364875972935,-0.5928377886746653,-0.6456700810359924,-0.09640748664797608,-0.6001902784979791,0.6069456125065485,0.1082949549346401,-0.03366319375366947,-1.0197150540121287,-0.5183568886952203,-0.40985001855884307,-0.861909065696029,1.5013178793878104,0.7126353383144792,0.7726205756130294,-0.07106540056829591
a3283dda-4e12-48f9-90f3-8f3223c77d46_25.png,0.22941237119881716,0.6004736719272984,-0.6493489182671339,0.35066484330623415,1.0048324933407642,0.12231651436385235,-0.2862948838534686,-0.656566375471959,-0.7019485370207983,0.39083591971371867,0.8593337125939374,-1.8092118824834948,0.9289268001071456,-0.30066022960295236,-0.22785229394786938,0.19956801805977806,-0.4492505564375957,0.7217637304092984,0.7927900019332562,-0.07106540056829591
27bb6d3d-77c3-486b-a22a-3741dde393ee_51.png,1.2557490110717537,0.057891400782839726,-1.3424692063499444,-1.4778218590426617,1.4864753150321628,0.21558133072032473,-0.2878302610687113,-0.9699068647687115,-0.7010351808251098,0.24354031083962288,0.8263054266841875,0.28101672776241665,2.7880550708216476,-0.22452587888215914,-0.36357071498996696,0.5861569915135179,0.33707244697602845,0.6346636558378986,0.6003400591277557,-0.07106540056829591
519d608c-1d5a-448f-8835-1d3a5261bbba_71.png,-1.239157754706987,-0.757359319131247,1.4336740549395837,1.2307930138247978,-1.4819426501742237,-0.32048032827540457,-0.7345426566948131,0.8327917836641666,-0.37377676899294765,0.812599300757521,-0.6706253418733886,-1.3260958790508381,-1.126442788071665,-0.49575450332498494,-0.2660379921193417,-0.8625664956415334,0.13437783372709783,0.7217637304092984,0.7927900019332562,-0.07106540056829591
8b0863a2-01d3-4fdc-9994-7b50b25bc730_15.png,0.7134245296099647,-0.4997969497203791,0.41448259864058123,0.6199590873341398,-0.027263353540233643,-0.38144511095762107,-0.6897017762208456,0.3298541264003095,-0.5491426650871258,0.7455441290687178,-0.17100141321345708,-1.4589087503066218,-0.9956152430954593,-0.564354725589033,-0.5014593066490286,-0.8882311026488141,1.705831220744925,0.7217637304092984,0.7927900019332562,-0.07106540056829591
5ff99f98-8c70-4537-ae86-b6048ef8dd6e_11.png,0.25719734723362025,1.0395542507094944,0.834742196213586,1.2996434415353202,-1.0470494519248743,-0.6315571004501578,-0.47060425276520035,-0.5449683400253896,-0.674665780528334,0.8342425233712649,0.6080579911248526,0.34651133288720287,0.09920473854752522,-0.48901344102158134,-0.5303314497279963,-0.6773666030082739,0.10981574061117473,0.6854023018982687,0.7124484537576846,-0.07106540056829591
48a4d49c-a4cf-463b-ae33-31db1940e1d3_36.png,-0.4048266127874715,-0.21532478697487006,-0.7005936609089447,0.05900203172625682,0.5839528384116602,0.4158023248146182,-0.32485552029251824,-0.18275255240964317,-0.2680746560969312,0.19150667195867074,0.14809246461785203,-0.7202218475387409,-0.2726209155953752,0.47495846836512845,0.7759590086651323,0.8126703365097514,-0.19285323023633974,0.23035195597153227,-0.2929974483056432,-0.07106540056829591
4af4cf7a-5d36-4d0a-9b11-fcbd77f87c6e_103.png,0.4052588405488066,1.2062465538442855,0.4156034302425843,0.1900539247328563,-0.4432853903106211,-0.5356918382967614,-0.011650336098649763,-0.9569660920009295,-0.6965530519964902,0.39894970853197154,1.1278039526121888,-0.7021066024218195,0.2541320944404004,-0.4227924172175581,-0.40474298167079936,-0.42974349145095253,0.6996194667219687,0.6987145403698799,0.7418622004746829,-0.07106540056829591
27bb6d3d-77c3-486b-a22a-3741dde393ee_32.png,2.179131818274448,1.2233339893953632,-0.9020621459415761,-1.7582031789453405,1.0947902823189393,-0.35280696015268476,-0.14049969987165234,-0.7109826334520456,-0.6395706253891592,0.8014709301410209,1.17743953385784,-0.37516552687974275,0.1370758699880058,-0.20668189043197321,-0.34372158440793515,-0.3687049106814718,0.7658098531320362,0.4751450039809334,0.6370457814252839,-0.07106540056829591
19ef2be7-6425-4194-a4a4-1b4a7fbefc4e_104.png,-1.4771929421259258,-1.2180990866701835,1.0029941194827665,0.11979255816517329,-1.0784831858706925,-0.6670169877322143,-0.7033222877291192,0.8446792109582515,0.0040814755002359935,0.5088892595316874,-0.9935633289497678,-0.18814717598698427,-0.6857605313097089,-0.29272956806953637,-0.07600708970996924,-0.4872589709054803,-0.21524456269080114,-0.014441092037868886,-0.5563137450685156,-0.07106540056829591
19ef2be7-6425-4194-a4a4-1b4a7fbefc4e_53.png,-0.5224425736087857,-0.014159074845462498,-0.03675600322374528,-0.36087120949175644,0.25388130234042333,-0.06150745521195549,-0.08162086366066015,-0.9191081481628093,-0.5553373934904985,-0.37747157445914764,0.6772542169096681,1.0721948076405137,0.6397290691071119,-0.3466580664967649,-0.350337534818283,-0.17441446753597345,-0.5977630306237384,0.3980100907797113,0.45810935649284595,-0.07106540056829591
2ec83b5a-f1ad-4dae-bb33-773f1eee7923_55.png,-0.21413635330477232,-0.3973636208166648,-0.13639986946390906,-0.2043849772344473,0.013622808826475966,0.11398801020561036,0.42954176218196616,-0.15028555601129456,0.8607888158028323,-0.5782324521336318,-0.15987374575254637,0.5984838068768844,-0.5136190247620699,0.23584902313263728,0.37958179403497944,0.17683282358644248,0.6302847165184731,-0.9253024832325766,-0.15404499552030348,-0.07106540056829591
578fbdd2-3bf8-444c-8c21-8d2666ef631c_37.png,0.7368455747084162,1.7564523946004367,1.4006346547227404,1.7332155613593534,-1.717188266775954,-0.6605996421867179,-0.246424005180112,-0.7985720399294487,-0.7228411660675798,0.7807542358875085,0.9678705714217171,0.2405989586277415,-1.2125135413454846,-0.5964739047993676,-0.6274631540779764,-0.957050271068337,4.618719604119114,0.7217637304092984,0.7927900019332562,-0.07106540056829591
824faab9-9bc0-41fa-93a5-24d93dec52b5_5.png,1.1887336593016546,2.137378005395933,0.8217025854341989,1.5111857458789253,-0.9482767645247334,-0.5850891584472395,-0.18143122133690193,-0.8024137029684747,-0.7477501183304073,0.8331906680373997,1.1527647846556863,-0.40518916130025756,-0.8716733583811592,-0.5005129002450345,-0.5225913661677758,-0.8696382734034929,1.8292351861747917,0.6686669163911001,0.6754711721706012,-0.07106540056829591
578fbdd2-3bf8-444c-8c21-8d2666ef631c_91.png,-1.2830213802855217,-0.7094921409372467,1.7140743067163902,1.6879270443091643,-1.8578449738054938,-0.5624142553406217,-0.5854813122674212,-0.33933470032869356,-0.573078124263438,-0.08949332764414439,-0.08072084116366597,0.24330706244785258,-1.2125135413454846,-0.48465157717820256,0.0051119420409807955,-0.8629467120416413,1.3233003899381608,0.7217637304092984,0.7927900019332562,-0.07106540056829591
a3283dda-4e12-48f9-90f3-8f3223c77d46_36.png,0.08423355489228841,0.5533660703092125,-0.2791137916741428,1.022233275274774,0.5722293964671017,-0.0424746260638904,0.2141312498446514,-0.806960751258864,-0.5798015597159323,-0.3475926987043104,0.860772953939518,-0.37161032626018803,0.35053133810707826,-0.02269054285672298,-0.17192766839693882,0.033184211898869886,-0.1939768519242275,0.6504101322014617,0.6376356022723481,-0.07106540056829591
258bd669-e070-417c-9e38-6240e5c933aa_54.png,-0.7977355256448917,-1.1468080550020323,0.5771616269265628,1.1505471062348054,-0.3641170855397564,-0.545408289645056,-0.7645574541601157,1.1218009760020868,-0.37259838075669705,0.6966453045479478,-0.9026612548832734,-1.7903141254732284,-0.906101659690687,-0.5488899355988719,-0.4579082501433076,-0.8473578396372189,-0.6826397035923494,0.7217637304092984,0.7927900019332562,-0.07106540056829591
578fbdd2-3bf8-444c-8c21-8d2666ef631c_5.png,-0.44595344753011684,-0.2048201765260139,0.3358563020834039,0.904285198634458,-0.02423989003890942,-0.38304318071484694,-0.4668850352672042,-0.7590561408771058,-0.6406125203649556,0.21267590127954927,0.3675859995567639,0.6066125095562233,-0.05572261734534995,-0.5433384725254806,-0.5588809382697931,-0.745302588033187,0.4850651721859848,0.6018014442965496,0.6873032507748754,-0.07106540056829591
4af4cf7a-5d36-4d0a-9b11-fcbd77f87c6e_100.png,0.46819405348972865,0.2302554693868909,-0.7536929960008465,-1.1171416373972856,0.7563483433768264,0.37883331677827714,0.413453436831767,0.6823486255296111,1.8486108336096336,0.34092449550855136,-0.5765619835795877,0.1620246273636937,0.1956039822142031,0.02330729403708958,-0.03608782457224517,0.49902349668564966,-0.01760153681483856,-1.7933365015157576,-1.349649516396664,-0.07106540056829591
5ff99f98-8c70-4537-ae86-b6048ef8dd6e_3.png,-0.3132663289076265,-0.8927179874198579,0.46740652778309666,1.608318735501979,-0.11066248140813642,-0.38424917238356365,-0.678737052328127,0.13527571919083828,-0.4851573280414179,0.5710543895212724,-0.31416781519832654,-0.562019211286995,-0.937087130869262,-0.5607859278989957,-0.40426543677208565,-0.8297789362305554,-0.38315403858772784,0.512875691306186,0.3312462963053912,-0.07106540056829591
00367bac-0715-41b8-93dd-c21b8877a1f3_59.png,-1.1566945641551716,-0.6624930545710082,-0.8037859510525782,-0.8777504117554634,0.8897526059760467,-0.2726839319669413,-0.4885735545585998,0.2958396980723745,-0.19068409813641107,0.13801167228078154,-0.3927194597499677,1.7991570931008432,2.7260841284644974,-0.16702858276489344,-0.39196854941893644,0.5246324176581014,0.5379707122898219,0.14910926632764152,0.4042944137678144,-0.07106540056829591
a9e37804-c00a-4e4e-b99f-e267a0056a05_65.png,2.2953976668338227,2.1468751805923465,-0.22256986101879533,0.6943477134710023,0.18054729159649807,-0.29145303043867565,2.0834112030444474,-1.6220974964815373,-0.8349680500032047,-0.8332065245442797,1.9006164445261677,-2.2002708880925606,-0.15212186101202785,-0.3803633780137827,-0.16459709384709495,-0.2726285464343487,-0.4514337885890035,0.7217637304092984,0.7927900019332562,-0.07106540056829591
7483fa58-40a2-4a34-b0a6-a30645af78bb_35.png,1.4420498048900965,-0.5774607707229042,2.4684409715476696,0.8149044561406795,-2.3939623740968647,-0.6670169877322143,-0.4780281329549975,-0.8482792854378227,-0.6509491242867792,-0.058583899897805006,0.40001540757006465,-2.1977903786002786,-1.3571124068455014,-0.599646169412734,-0.7258637245853697,-0.9716886024724897,-3.183229448153494,0.7217637304092984,0.7927900019332562,-0.07106540056829591
78667ea1-0eed-4d74-b94c-83a1d16767bb_12.png,-0.49412885092402975,0.34392497550676665,0.7539829091041934,-0.5847150154777238,-0.8066737390754347,-0.2664399774822763,-0.7369671157948807,0.848679546629196,-0.5749774413371848,1.1562013843816372,-0.1086278081506975,-1.6725004377657393,-0.29327789638109186,0.08476992092106327,0.12543582714761306,-0.03515244662964939,-0.7079270361358428,0.6683626366546062,0.6747988579599281,-0.07106540056829591
4a7aeead-7888-4bb1-a39e-eef6dfc4a6ff_68.png,0.22591267497493603,0.6876558045172344,1.2012742914779964,1.0823753939894367,-1.320575655966444,-0.6209633337105824,0.8051694133802971,-1.60932449909464,-0.7600297341412188,-1.1424316517356434,1.4627542903042683,0.5709220863596364,-0.8957731692978287,-0.591715507879318,-0.6157138322263473,-0.9188460406314093,-0.47452273559824165,0.6136683540198146,0.553950378591233,-0.07106540056829591
386822e1-0d1f-45b2-97d0-ac0273ee2394_67.png,0.8305268787793395,0.3770859896370926,-0.37285951263881295,-1.7356113627363836,0.8141012725699828,-0.11713206562130105,-0.5428001172914574,-0.7019694315987565,-0.6782943459765622,0.8023035700528522,0.5418977284172415,1.0241340574523292,1.2766526433333765,-0.3783807126304287,-0.4784064609992191,-0.3001009814283934,0.6546151441542181,0.7048762050338829,0.755476563240835,-0.07106540056829591
27bb6d3d-77c3-486b-a22a-3741dde393ee_47.png,-0.780128803521638,-0.9240030823518759,-0.2838172052166611,-1.2392246437038228,0.6671609897887442,-0.4276499988851957,-0.6968794634122324,0.26740242339022213,-0.4611216872774966,0.3872845632192802,-0.5433197656131221,-0.37447223555144005,0.92204113984524,-0.27964397653940004,-0.41582490424457974,-0.24471484546625824,-0.6339792218439282,0.7217637304092984,0.7927900019332562,-0.07106540056829591
2ec83b5a-f1ad-4dae-bb33-773f1eee7923_75.png,1.0667124132563055,0.9745103564725012,-0.4091912758758642,-0.1891735242526936,0.7474396275317146,-0.16431367586469706,-0.286454367368162,-0.9750903768824719,-0.4797192104227039,0.785067021553804,1.0368338592789883,0.25027683622081864,0.46414473242852006,-0.3767945803237455,-0.34355746955337996,-0.22300826304866891,0.18771198287151716,0.7217637304092984,0.7927900019332562,-0.07106540056829591
4af4cf7a-5d36-4d0a-9b11-fcbd77f87c6e_125.png,-0.0935595944008321,-0.14594662380480805,0.5276510127437251,-0.6132607048520472,-0.37610628498484133,-0.2479526358741178,-0.37810567230337905,-0.4063137524845842,-0.4990200577132921,0.3179268607796124,0.36825185982696984,-2.207544646350306,-0.606575438297795,-0.26061038885920174,-0.22310985058345847,-0.5712110559266799,-0.3146767860872654,0.412463378263175,0.10938260678289007,-0.07106540056829591
4af4cf7a-5d36-4d0a-9b11-fcbd77f87c6e_101.png,0.48063903268765074,0.7918453419978436,-0.19439912912407567,-0.07912554940604012,-0.028429467988758055,-0.015087187693131644,0.23573522738942307,-0.7928754667150805,-0.1957275565561401,0.249857599360062,0.8921449150871151,-1.5557478740362483,-0.25540676494061126,0.08675258630441725,0.24025096766903764,0.20547529288551764,0.4233143377477965,0.021844266539037375,0.1432618045699834,-0.07106540056829591
19ef2be7-6425-4194-a4a4-1b4a7fbefc4e_103.png,-0.49921715631183966,-0.15302322896974227,-1.1925812969161713,-0.978614966265161,1.2509606269539262,0.5166040133135248,-0.5612330051460142,0.7421639841538825,-0.15765078039617403,0.8017982236791953,-0.3186034946697051,0.6093971206872107,2.244087910131108,0.0030841071268788867,-0.2866786995691454,0.7721257328313945,-0.04032440299413933,0.0506747715718413,-0.5703831422930735,-0.07106540056829591
258bd669-e070-417c-9e38-6240e5c933aa_14.png,-0.07607754092899584,-0.579944820421621,-0.43138361829122435,-0.39562236433707104,0.13356205982837038,0.4172317978409056,-0.023937069941322307,0.7056394137040649,1.3702690440494454,0.3048189148735175,-0.7812618064124432,0.22900793544435716,-0.38967714004776977,1.2140961232794958,0.7429820609892432,0.8716109219376843,-0.16000801283692334,-1.2905903068935909,-0.2916784038935585,2.64498199707623
505d1bd8-e981-43ac-b532-853c95be827a_55.png,-0.3123672118061249,-0.8958077410205552,0.1735846025931044,0.5934736875121165,-0.19203101629861097,-0.024914203063199428,0.05810651452134424,0.6907019357616684,1.3748346995202738,-0.14177519141163372,-0.9380214155191566,0.44865161934343806,-0.8751161885121119,-0.356174860336864,0.47602895804064893,-0.2163609414132881,0.2695635640827605,-1.6961951956400567,-0.6795820916493277,-0.07106540056829591
44341a17-f4a0-402e-8f84-ad64321de876_7.png,-0.08584797956153677,-0.7433953544255812,-3.011146487601409,-0.5481891118187034,1.7700440406055329,5.476666014115975,-0.4385864662260392,0.5114831152218529,0.2896057618575387,0.6240887534635448,-0.5379888279556357,1.0206477322296579,0.670714540285687,4.629435512645078,1.873588049726008,5.122648652014156,-1.5763714740313608,-0.3840649019439224,-0.2208304455663408,-0.07106540056829591
258bd669-e070-417c-9e38-6240e5c933aa_87.png,-0.6425182753784112,-1.0699932921513335,-0.47064881294200533,0.9332336873059727,0.28641600109413473,0.20174941301338825,-0.46915403665003674,2.171849299433918,3.1156719323970923,0.778056009684918,-2.3428071063186326,-0.807819371271774,-1.1195571278097594,0.4634590091416753,3.7204418961281505,0.7260549689096327,-0.7596873254426509,-2.8624994256214547,-0.6787419041648777,5.380457487693887
a6a04226-e7be-4c2a-8240-4e24256bfed9_4.png,1.1331461412384494,0.34595249791292904,1.6235866519335613,-0.7568824210231433,-1.9141720043308343,-0.6232086630838538,-0.441204473280832,-0.13729581755152084,0.3144970146908234,0.9646789782876504,0.1542785333449155,0.44228260824504306,-1.112671467547854,-0.12340994433110565,0.47157420384262805,-0.63190542549559,0.7347587224704651,-0.4117543579648739,0.2397469290005961,-0.07106540056829591
a9e37804-c00a-4e4e-b99f-e267a0056a05_107.png,-0.1279534979252787,-0.24277357213618356,-0.32635895516017777,1.2973283005761607,0.7847156504602345,-0.1959838246927729,-0.5947072013348902,-0.33908219670923323,-0.6368048900681272,0.4738012314165394,0.2534427146373292,-2.269133757718644,-0.4516480824049198,-0.1301510066345092,0.14331297045297436,-0.16201777844279835,-0.9927807392834306,0.7217637304092984,0.7927900019332562,-0.07106540056829591
258bd669-e070-417c-9e38-6240e5c933aa_112.png,0.1149272000941727,0.3472419279679132,-0.33813668323662677,1.7214667041249272,0.29067760496384965,-0.3009783686393931,-0.3931943611770148,-0.5566003225552812,-0.32646882212811523,0.6130656565300305,0.4704371785701927,-0.27628636898818043,-0.6237895889525589,0.9979855964939109,0.8175511137188153,0.26167951828081165,1.741514503386578,0.15732481921297878,-0.45435285886745935,-0.07106540056829591
78667ea1-0eed-4d74-b94c-83a1d16767bb_33.png,0.023318396474049246,-0.8748907581746895,-0.22313307009467215,0.035873531168287294,0.3220623233930249,0.33865139131353905,-0.051209370307353286,0.3486741733347545,0.6177440451149412,-0.05118958772111067,-0.6446697775543974,1.1918363359714896,-0.5136190247620699,-0.11191048510765252,0.2038847456930214,-0.033377572542250517,0.4528678042659613,-0.656699545842522,-0.04970251610884359,-0.07106540056829591
41b05097-d935-4d5b-b15a-8c9cc622e21b_60.png,-1.137305701817425,-0.6204788792264501,-0.7343336693670856,-0.5538073899057229,0.4929594954399505,0.059654486135747316,-0.7392974331697701,1.1374179951158006,-0.3760330319838197,0.9747539951324189,-0.6618526786284925,-0.7009584881513508,0.4744732228213784,0.9000419265562238,0.3884571584503371,1.1370983545579534,-1.098062277137067,0.6758174901987085,0.6912705561214447,-0.07106540056829591
6764beec-de30-41fd-ac4d-374023ed0a03_41.png,1.2751970918796809,1.2613792425526005,-0.948483469982471,-0.787567601951325,0.9734308373791241,0.23503739685620822,5.7048358872444505,-0.39410809361007426,0.4461276023154438,-2.4321207257739315,0.3867246411025151,0.03178842723339695,-0.1417933706191695,0.02132462865373559,-0.1401737978362389,-0.12864747599252507,0.317673752068588,-0.5912794024963178,-2.091635488276232,-0.07106540056829591
48a4d49c-a4cf-463b-ae33-31db1940e1d3_31.png,0.9577668795339065,-0.6963166316127132,-0.5500851757114407,0.04020986648424764,1.0512268588810152,0.6469700741362477,0.285552303198553,0.2859500529638346,0.030345581763541195,-0.445453644834693,-0.28537926349217335,-0.6189623769557943,-0.4413195920120615,-0.15711525584812347,0.040086854319753534,-0.18193988290672491,-0.3539934452609919,-0.119493671062413,-0.41330433677820727,-0.07106540056829591
4a7aeead-7888-4bb1-a39e-eef6dfc4a6ff_1.png,-1.2711343564590045,-1.4423923460854005,0.5112818787287831,1.3889939792320303,-0.3470608039308014,-0.6404743057437753,-0.7106557423144687,0.5357839557177924,-0.3299466189725529,0.027745060535351772,-0.9138859588395076,-0.13069217061352925,-0.8475735474644898,-0.4850481102548734,-0.20726612326262106,-0.6940555019272331,0.42886313527887504,0.5057251174985776,0.31544691235454514,-0.07106540056829591
3dbb185d-309a-4682-8409-24f5556e96df_24.png,0.460698580478096,0.6095680891601871,0.1711684890777819,-0.9158535508464335,0.2509834171969809,-0.452677646512632,-0.6457521453687958,0.09050668603778776,-0.6381795068627195,1.0475678086114721,0.3392394071560777,-0.4736683515776842,0.2162609629999198,-0.5457176709855055,-0.5165741085390102,-0.632915789976385,1.2705326515038415,0.7217637304092984,0.7927900019332562,-0.07106540056829591
505d1bd8-e981-43ac-b532-853c95be827a_31.png,0.7724852110521448,-0.20736109350971865,1.7697874524640085,-0.002489432574999116,-1.7888795728782194,-0.6185660288637159,-0.17318979458634629,-1.2178756914153681,-0.704770753684727,-0.8313907924264687,0.7971163795445827,-1.811779826970057,-0.9129873199525925,-0.5810091148092065,-0.5902248832094279,-0.9097133292549082,-0.04344630909895955,0.7217637304092984,0.7927900019332562,-0.07106540056829591
4af4cf7a-5d36-4d0a-9b11-fcbd77f87c6e_121.png,0.5622821709097995,0.02597784701808909,0.6745789785564436,0.3840644977055812,-0.9582888857492506,-0.5632093582266584,-0.48448613143153474,-0.007072365712946907,0.1694325946070352,0.8901764368787093,0.12622392609172375,-1.4172683164234947,-1.0610290155835622,-0.24276640040901584,1.1183668410553111,-0.3471357575708784,0.9496505717948768,-0.28045765166772463,0.3628415537592013,-0.07106540056829591
a5f7c55f-08cd-4cf8-8e07-7d416d70c470_36.png,-0.8330354469079563,-0.22934616791006654,-0.3962819065237499,1.1932062642443895,0.14128190216576683,-0.3681177644692003,-0.5556275467004498,0.1332037790982927,-0.09651562233524003,0.6494567862746884,-0.10592814826970896,0.6195956711493968,-0.5170618548930227,0.3337926930703244,0.9850743620163562,0.6262529137229498,0.08919293517324065,0.009368797342784488,0.004013166958057248,-0.07106540056829591
258bd669-e070-417c-9e38-6240e5c933aa_86.png,0.29644954605961304,-0.44945294222665766,0.036678888650816276,0.6809510831000211,-0.38893717491576674,0.3595854350011741,-0.510731853445704,0.6980681073250062,0.621359851490053,0.8817972186586507,-0.6411210881178266,-1.529082219210115,-1.2297276920002485,0.7802889374016428,8.704634194852922,0.46672284903210814,-1.167582637212132,-0.6884207083720187,-1.5215939337201279,-0.07106540056829591
a3283dda-4e12-48f9-90f3-8f3223c77d46_9.png,0.6337577677013093,-0.21576295175541985,-0.3996986069784819,0.23036123500241296,0.7661244970665484,0.29078416447960354,0.10194249401437909,-0.4404100418843609,0.4927223154221254,0.20558909403720807,0.17339882311197236,-1.6506790769991049,-0.3621344990001475,-0.175752310451651,0.056202590117304115,-0.04904015909682191,-0.6509065888184733,-0.6026898926148418,-0.03579748158132279,-0.07106540056829591
92da35e0-d1db-40c0-86e2-73b0de7f8784_46.png,1.2148117594382435,3.056706977550204,-0.2006192563551471,0.669400138483543,-0.010252913944484857,-0.542036131943246,4.453954036460233,-1.2082290117277315,-0.6853902248201001,-1.0839487222441389,1.8018312430048617,0.7782199339933719,0.7705566140833177,-0.47672091564478664,-0.5212461216591396,-0.5125851015806874,-0.5016646368960144,0.60834345863117,0.5421848799044323,-0.07106540056829591
268cf2e7-02be-4b54-8659-24b54163053b_2.png,-0.11955808627369831,-0.8126237552547383,0.11387786293865285,-0.9310882844432675,-0.3313798672099492,0.3633184067303927,0.6919280663530484,0.7458316693282381,1.4676211455747443,-0.8049074249786615,-1.0040138100140057,-0.0473672290572676,-0.3621344990001475,-0.1531499250814155,0.1197187809575593,0.13476206533662644,-0.2832211598795559,-1.2422858987251728,-1.0452160995310056,-0.07106540056829591
a3283dda-4e12-48f9-90f3-8f3223c77d46_8.png,0.10873259052982204,-0.4713708372845022,-0.4192847228541646,0.6393785870100208,0.6263793862203907,0.4390845794249808,0.08935785115979433,0.11477492801325206,0.9617890259285781,0.06839906802175233,-0.3961613385126764,-1.4217375034199449,-0.5928041177739839,-0.31533195343977183,0.5463323491490375,0.2391361410880243,-0.025458651795305324,-1.027160125023934,-0.6218415133317423,-0.07106540056829591
855258ad-52cd-446f-9db1-1bc38d82eebd_92.png,0.7043751949707069,-0.1353829888552475,-0.35319279425068467,-1.2476542014425187,0.6736578847208156,0.5238977698196324,-0.07708812539936373,-0.460386020256724,-0.5815451589045942,-0.3662490908483684,0.4198482597234559,-0.5613564208021169,0.670714540285687,-0.31453888728643026,-0.36363905926644224,-0.2003068586020607,-0.238438530762519,0.5096807540729993,0.3241869970933113,-0.07106540056829591
2ec83b5a-f1ad-4dae-bb33-773f1eee7923_103.png,-0.3334777360718284,-0.9430259612795397,-1.5210310684786346,-0.45821979165219384,1.0509905071625796,1.861750253354149,1.5777270681890858,-0.1532937060636201,1.2633089213867483,-2.51756140931492,-0.438714872033687,0.22453903179131937,1.362723396607196,0.6775868705439062,0.04960977030856882,1.7436218385943885,0.32153851062168726,-1.2172588903985435,-1.556334817542094,-0.07106540056829591
27bb6d3d-77c3-486b-a22a-3741dde393ee_48.png,-0.9500676249115881,-0.9686334520969696,-0.5982202515361484,-1.2902493913884558,0.968904360091308,-0.3542509495636663,-0.7337777551777398,0.9864331583232473,-0.36289536525950744,0.794864395626094,-0.7818506230282797,0.22781225039958372,1.741434711012002,-0.2851954396127912,-0.4147986483632099,0.040424905024997834,-0.6119789291809131,0.5216237337303877,0.6594568958288178,-0.07106540056829591
41b05097-d935-4d5b-b15a-8c9cc622e21b_66.png,-1.505989226749407,-0.866722515685503,0.5461838878095573,-0.27105898760384867,-0.5844920264083939,-0.6551698401429659,-0.7414555702841361,1.4005088098256255,-0.27808864427703645,0.7910150223919313,-0.9605254574634547,0.15144743565477062,0.20937530273801422,-0.3046255603696603,-0.2377339814170257,-0.16486758066052107,-0.6973621969162063,0.4665491014249787,0.2708872153227904,-0.07106540056829591
95815a0c-6ff2-4053-978b-a34ec048fcec_22.png,-0.1330059577132599,-0.1682392446126867,1.39549926401631,0.9315066999821472,-1.4717128080291408,-0.5771948610348504,0.7761654007537503,-0.7625378690097673,0.8531261271711613,-0.9732961918219738,0.4354293686641135,1.1761630632272224,-1.0369292046668928,-0.5088400948551213,-0.48000658067833407,-0.8748045054066496,-0.07015256247256314,-0.9265956721126759,-1.0725887353103922,-0.07106540056829591
a3283dda-4e12-48f9-90f3-8f3223c77d46_26.png,0.5674266248550556,1.0319299195416203,-0.20087398220812763,0.8699115920812265,0.6168680393101587,-0.294169211538869,0.1912309655183135,-1.4625281652950892,-0.7788135391002782,-0.018013321558790367,1.4170267978211482,-1.47005358322207,0.4125022804642283,-0.3430892688067277,-0.36341408160925126,-0.3118230400852958,0.5579355808582425,0.7217637304092984,0.7927900019332562,-0.07106540056829591
3b88f35e-b058-4cd6-a43c-563cda6b239f_89.png,0.6940588161846928,0.10798621622490882,0.6892713681813206,0.8393331370668626,-0.5498875232153986,-0.5659437953906448,-0.7021514000222145,0.33539677131133155,-0.609061282110897,1.0077675231617451,0.02964453403592722,-0.250016878254326,-1.15742825925024,-0.527080616381978,-0.4297366158483866,-0.9108539784552319,0.21771839209619806,0.7217637304092984,0.7927900019332562,-0.07106540056829591
3b88f35e-b058-4cd6-a43c-563cda6b239f_100.png,1.1517782840178918,-0.05314072357731056,-0.6071548883767068,-0.1713719435390185,1.02902490176881,0.1579327821413578,-0.5142352262645908,-0.5670342932645628,-0.6473614139885905,0.45372867403517675,0.4736110934887727,0.22942435798673452,0.28167473548802263,0.024100360190431176,-0.35759451532966313,-0.35079522109635164,-0.4705351982288048,0.7217637304092984,0.7927900019332562,-0.07106540056829591
6764beec-de30-41fd-ac4d-374023ed0a03_50.png,1.1097956512959235,1.1700227763701767,0.31379366257781877,-0.4324022742741319,-0.1509513008554539,-0.49631559622200805,-0.13555447220924605,-0.8821952868419766,-0.752708175011561,0.472059423796617,1.096846153987697,-0.7592458330360208,0.44693058177375616,-0.5631651263590206,-0.5457927291460941,-0.6374783867776793,0.5787030355314886,0.7217637304092984,0.7927900019332562,-0.07106540056829591
386822e1-0d1f-45b2-97d0-ac0273ee2394_51.png,0.556831965220378,0.8157009863032818,-0.24139413862657086,-1.357927479372872,0.29419923430129497,-0.2767744509539618,-0.3836290664161401,-0.5774066303414094,-0.6575640228608582,0.7429636947538907,0.6718980500124249,-0.030431327824124745,0.13363303985705302,0.17835172701537158,0.04006169027734297,0.22384095262169632,-0.4477875725340169,0.5497696093560802,0.5315040392205441,-0.07106540056829591
505d1bd8-e981-43ac-b532-853c95be827a_43.png,-0.27338844749986363,-1.222408565668545,-1.4917038866000725,-0.38598681661388656,1.47657252153807,1.4888798830831211,-0.3015408885047049,1.7827915631280218,2.544804402041715,0.664625704496466,-2.0115942789611005,0.09540107386759607,0.7705566140833177,-0.00048469056315829465,-0.015868434295925257,1.2787811689414879,-0.4163453277278053,-2.3587643218556824,-0.3915146210592484,1.7104280538006909
258bd669-e070-417c-9e38-6240e5c933aa_79.png,-1.223407919481217,-1.0128144144342082,-0.5129595568055751,0.7909762689319921,0.3845758710730763,-0.48870007154905853,-0.5677681131277139,1.6243178591723773,0.9129005701292383,0.4973612623413308,-1.3746170941260076,0.35524167798255163,-0.5652614767263616,0.328637763073604,0.7690470770044211,0.48377700366020837,-0.8682548863956892,-0.9247699936937122,-0.538401308285135,-0.07106540056829591
855258ad-52cd-446f-9db1-1bc38d82eebd_72.png,1.1961391337098515,0.47655496936904584,0.45206634024090625,-0.6180875816424042,-0.1495202006385836,-0.4626245321081515,-0.36563313242417056,-0.5360940538962798,-0.7029015326988891,0.5474624060084807,0.8092904346461484,-0.926884294792349,-0.6857605313097089,-0.5607859278989957,-0.5777811877099078,-0.8694103908434749,3.612783527821835,0.7217637304092984,0.7927900019332562,-0.07106540056829591
78667ea1-0eed-4d74-b94c-83a1d16767bb_60.png,-0.5390529342590821,-1.1147972593841473,-0.6559636264382904,0.561573072995842,1.0641863309056085,0.328511857591448,-0.4104300388028244,0.8147116646957503,-0.362179630027623,-1.1223131373926412,-0.7728842900807336,0.275623943419172,0.15429002064276973,-0.03458653515684692,-0.09658097072135625,0.035902457824573804,-0.003172383930795285,0.4339911696201236,0.15694883718809352,-0.07106540056829591
a3283dda-4e12-48f9-90f3-8f3223c77d46_20.png,0.011185991488171345,0.0635564673077169,-0.8823684728592249,0.4685143830421669,1.0214086506012636,0.21490078332741688,0.04194076998925445,-0.6316092434671493,-0.0747446906621372,-0.07950479294510773,0.5019505488395397,0.05638371010344771,0.2885603957499282,0.045116613253983466,0.2422721281130845,0.8132454819894438,0.3512994609192091,-0.1006283273997867,-1.0002377828588833,-0.07106540056829591
41b05097-d935-4d5b-b15a-8c9cc622e21b_76.png,0.009163885787016305,-0.15850087239207175,-1.71822499004462,-1.2995221590046722,1.4034378748836853,1.8488868672015824,0.9077873002685986,1.2999240296297936,1.5359290717647283,-0.4796848996582072,-0.941986492953198,0.8101074866492224,1.3764947171310071,0.5947114575197094,0.08403133054337746,1.9531757513207297,1.2644376381641789,-1.495750919224652,-1.5064742912726066,-0.07106540056829591
92f1a624-99c9-48dc-9309-0fb5c6bc0e7f_26.png,-1.3466100685582594,-1.3682239273305346,-1.2800019944530583,-2.104156416004971,1.0446363043922304,-0.4485188952031332,-0.4782117712544406,1.4511666356404889,0.42279466496298884,-0.20130593026103755,-1.3457981404710315,0.9323655464607888,2.368029794845408,0.3476713507538023,-0.1261840924913293,1.6236626087986883,-0.776514646827652,-0.42575122584359665,-1.1378640070664987,-0.07106540056829591
6764beec-de30-41fd-ac4d-374023ed0a03_45.png,1.4794711966619534,-0.32414440958460006,-1.761767550552299,-0.9798277364154817,1.70072259004621,1.5843918763560128,0.10441588203740147,1.6377412445156811,1.6106883061711443,0.7618975908065999,-1.383510411192159,1.0011315657818272,-0.1039222391786889,2.6110821523907166,0.6189113049262596,1.2695329587026618,0.9907494258265317,-1.5317319980650643,-0.05153960098356579,1.02906003938068
75769513-6d94-48cb-b36f-b1f9dc9210d3_39.png,-0.7815406163807388,-0.5231908158445306,-0.4721739346188304,-1.059225806604796,0.3683673091912822,0.4449001597998673,-0.252686597641559,0.13983087451487367,0.2670605351524884,0.0225090570158737,-0.23279306608366546,0.37838581841156504,0.2782319053570699,0.18152399162873795,0.0777629059775946,0.5475473426444284,0.5845884052799658,-0.298410156120869,-0.12791856113460803,-0.07106540056829591
27bb6d3d-77c3-486b-a22a-3741dde393ee_34.png,0.73332742751987,-0.04287001047470167,-0.4065356069140433,-0.8432429805141336,0.5129210324360929,0.06865990124062143,-0.13681547584387072,0.20071778946378865,-0.11584599851825599,0.3721504680816064,0.13326586106535512,-0.3563543343013879,-0.4619765727977782,0.5891599944463183,0.2910339194413846,0.040627798077863424,1.255121198465023,-0.002878462051097918,0.024755733006216033,-0.07106540056829591
9229a83e-46a1-420b-bbda-57bc886c344b_49.png,-1.4859877542165227,-1.40196629371526,-0.7877102906279536,-0.9484531113713859,0.9687814616092896,-0.43811542394635483,-0.6675335676784593,0.4911474798639153,-0.3256639261728148,-0.26651654897635174,-0.8715280134166733,0.7385391753750209,3.018724689595484,0.0974589793745288,-0.41894347004803983,0.44452858107435483,0.496350186576355,0.4775792418728852,0.5659665722683863,-0.07106540056829591
90bae25d-a144-44fe-8481-52b9f3c73315_26.png,0.8689249998913442,1.072182042386525,0.9820156818428087,1.126664248631308,-1.0626302866312207,-0.6285129144592354,1.4549665682333688,-1.8232956327392538,-0.8143536224967929,-1.583961591209835,1.7468717879510949,0.27516916202437763,-0.8613448679883008,-0.5913189748026472,-0.6278358835117165,-0.9216901458583059,0.12156785801502468,0.7217637304092984,0.7927900019332562,-0.07106540056829591
41b05097-d935-4d5b-b15a-8c9cc622e21b_58.png,-1.128750854876772,-1.379726863266269,-1.0551530532704818,-1.401842822036182,0.9583891269650555,-0.5014991163021975,-0.2509016209839029,2.0889042011773356,2.7161479029456386,0.06170935155926903,-2.3502403163357193,0.6201813567175994,0.8772843481428538,0.00823903712359926,-0.10560519078053704,1.1357559156832666,-1.6966474478050415,-2.4950816438049825,-1.1213870596564197,-9.99454065810805
19369012-66cc-4209-a974-c98c915c0a70_55.png,-1.2263847215415362,-0.8438224571203803,1.1979217180736008,1.4689380539477535,-1.4478871793009294,-0.5154118034077835,-0.29137110477163286,-0.8883951250415104,-0.5421155424951192,-1.7113439185669517,0.13840354078544967,0.6921708208956826,-0.7649456243216229,-0.32048688343649223,0.07923185229330308,-0.47223954365033927,-0.8268513401267971,0.5442165041650653,0.7021158113645248,-0.07106540056829591
3dbb185d-309a-4682-8409-24f5556e96df_42.png,0.6711357885122421,-0.45173242660119023,-0.3851167702368206,-0.5979706673344108,0.6195831785873238,0.28546897009194533,0.23780851308043752,0.13653170565762568,0.5197056980931133,0.01671412819702843,-0.26440778811394827,0.5879490372083915,-0.2519639348096585,-0.0948595628108082,0.051810113018515486,0.04840624965520579,-0.20934031732592254,-0.606417319386893,0.26866528165520537,-0.07106540056829591
505d1bd8-e981-43ac-b532-853c95be827a_75.png,-0.2271840787441456,-0.5869582613034785,0.3030126670029571,0.2437146061828565,-0.564107242766157,-0.1897243474263784,-0.054536537068258305,0.33347506659927184,1.3161925808124473,0.17392005414382306,-0.604211357337685,0.834098214439268,-0.7580599640597174,-0.2617999880892141,0.44383835492571344,-0.06370377876398567,0.0063742024831678545,-2.2515817846756807,-1.3315667611490403,-0.07106540056829591
2ec83b5a-f1ad-4dae-bb33-773f1eee7923_78.png,0.7155939321457198,-0.05112174676498935,-0.9265517349446493,-0.744794351046747,1.312192397675918,0.7528604691488857,0.7457672234997281,-0.7554102530470254,-0.3156465161008633,-1.149501494305299,0.6164188258292385,-0.34001344843692466,1.7070064097024742,-0.04608599438030006,-0.37964247313514793,0.1870517238580937,-0.1729727405119858,0.2619970485669054,-0.14763940471660303,-0.07106540056829591
9229a83e-46a1-420b-bbda-57bc886c344b_43.png,0.10260962203472476,1.0841730153541553,-1.2943817839268874,-0.4704069232912641,1.0771761503713273,0.3062178333929073,2.0016193857612876,1.0122325889188963,0.6024673711831798,-0.7414758476026874,-0.5223974953569822,-0.1370558513290761,-0.2795065758572808,0.3762217322740997,0.2604855316885656,0.2986077921870925,-0.774510392788276,-0.6494729021007902,-1.6240665544488881,-0.07106540056829591
386822e1-0d1f-45b2-97d0-ac0273ee2394_54.png,1.1954761161575262,-1.076319204981447,-2.0230776474543632,-1.4119672375424008,1.7707329893930979,1.516436635910177,2.011849556456234,1.0435523116937295,1.9095247303553962,-0.6591380216106942,-1.435129830227083,1.5887381491783241,2.591813753357339,0.07089126323758534,-0.2534286798793493,1.608471135034897,-0.2038282587489747,-2.451113221881603,-0.36170940090823817,-1.7968871844882532
519d608c-1d5a-448f-8835-1d3a5261bbba_12.png,0.22465269593804407,0.9527641188774277,-0.569407216275895,0.5756048882603042,0.9379233707251754,0.24488986360408577,0.2896038038252211,-1.4814273345524072,-0.7701549904956234,-0.008279347164849305,1.4378787588673023,0.2800225977134087,1.676020938523899,-0.5445280717554931,-0.566855063544633,-0.4700331218921714,2.0478783043322535,0.6142769134928024,0.5552950070125815,-0.07106540056829591
268cf2e7-02be-4b54-8659-24b54163053b_58.png,0.6975310945981936,-0.3864902323011141,-0.04595693567043675,-0.786043060656318,0.3459088717318605,-0.2118899334918073,-0.40478401270594966,-0.5207078130127378,-0.6457321635445057,-0.049489339783371215,0.3488763071009745,0.4378986494010865,0.05444794684513905,-0.3042290272929895,-0.3365378309858294,-0.40171474094412185,-0.04915459232824107,0.6453895165493112,0.6240391350540224,-0.07106540056829591
824faab9-9bc0-41fa-93a5-24d93dec52b5_4.png,1.014249083156451,1.0770738860901576,1.0141099205999484,1.5385948710535693,-1.369861172388521,-0.612991945940552,1.340786900721613,-1.8919538427659708,-0.8067177820313469,-1.6563548738990626,1.6997671708813786,-0.1542360883068268,-0.37590581952395863,-0.46601452257467507,-0.459758449701261,-0.7008589433664357,0.2410610635496701,0.6380868028734559,0.6560073073930083,-0.07106540056829591
8b0863a2-01d3-4fdc-9994-7b50b25bc730_0.png,1.7252055442403744,1.8128716777970093,-0.35687795510103665,0.42567556280782554,0.2506896627547041,-0.34933116264763897,0.4240917614536374,-1.2667502533379527,-0.7926697429697652,0.30165621050024555,1.5366430296566547,-1.3474773526723007,0.009691155142752894,-0.43032654567430323,-0.19643395480251785,-0.22565395628997723,-0.23064917778835115,0.7217637304092984,0.7927900019332562,-0.07106540056829591
00367bac-0715-41b8-93dd-c21b8877a1f3_60.png,-1.2804855807636364,-1.5077040696588608,-0.2921054331456226,-1.9751792788626616,0.24468197880709297,-0.6439951478000608,-0.6078316107256126,1.8698462710844168,0.1829293824290802,0.016484964463191122,-1.6669342660189634,0.8582153080770341,0.4228307708570867,0.22078076621914694,0.00946728392934842,0.49213503962812954,-1.3055002785888232,-0.07590559880965139,-0.49628976540482905,-0.07106540056829591
a9e37804-c00a-4e4e-b99f-e267a0056a05_51.png,3.869535803374363,0.3652021588250319,-1.2690210509676432,-0.13552044104058994,1.0771430345964577,-0.4835160000821578,6.457868734057309,-0.4803065638134564,0.9458514857190669,-1.328607400368912,0.3865754614545057,0.5121953751212668,-1.047257695059751,-0.43548147567102363,0.17763242280069635,-0.6227215211235531,-0.9759643393219977,-0.9608271424682479,-1.642283766367819,-0.07106540056829591
81faa7e7-ef94-4bfb-ad32-94fd63e1848b_32.png,-0.7662457070533386,-0.44475376174553766,0.36767291301257937,0.25588018862661027,-0.18590391838047207,-0.21594003066187184,-0.1817176723098949,-0.683786750692652,-0.6188147885528128,-0.927497069139239,0.36368257671083126,1.2450587236332602,-0.26229242520251683,-0.36807085263698797,-0.3644990222589046,-0.5570558126400496,0.7812895551303464,0.7110378696978858,0.7690909260069895,-0.07106540056829591
519d608c-1d5a-448f-8835-1d3a5261bbba_49.png,-1.6230692854916724,-1.3943389107728137,-1.0485792284563475,-0.924201343622944,1.0986739479359378,-0.48313589453945627,-0.678606678425824,0.6906854606273496,-0.17080760901351327,0.09574121393227189,-1.0136278641640053,1.449476648291486,3.7520475074884265,-0.00048469056315829465,-0.37861652630989184,0.9510934862071502,0.7044982974192339,0.2141490600032282,0.2100936191017389,-0.07106540056829591
92da35e0-d1db-40c0-86e2-73b0de7f8784_49.png,2.280741629308756,2.048030889597813,-0.02223580251999823,0.3793267422192212,-0.1943613407671869,-0.33748629397097024,0.5501983184506406,-1.5510249891873156,-0.838002052066672,0.2875615325937489,1.8343740110773883,-0.27448304010618607,-0.20720714310727234,-0.26259305424255575,-0.18302682664202505,-0.3295031026903114,-0.17376681426220011,0.7217637304092984,0.7927900019332562,-0.07106540056829591
386822e1-0d1f-45b2-97d0-ac0273ee2394_64.png,0.19634903133785842,-0.19696526376612664,0.12727605431547964,-0.8532993870875053,-0.6055149815410196,0.016689365542350378,0.47157821021115026,0.25753729541174036,0.5991783696452453,-0.4159395236009025,-0.2711858567537624,0.7063714835270556,-0.8682305282502064,0.35322281382719345,1.337902402061369,0.2362624452606165,-1.0605108952338227,-0.6795965960136935,-0.43495631449520544,-0.07106540056829591
578fbdd2-3bf8-444c-8c21-8d2666ef631c_98.png,-2.171340739904737,-1.4562319353760018,1.2252748633324286,1.5782335006220778,-1.2088589256037408,-0.6670169877322143,-0.6578812537571402,0.9770685086616253,0.5239399642701464,-0.3095808092096767,-1.4517917591072713,1.6283854599885181,-0.23819261428584737,-0.5520622002122382,-0.5593947314584565,-0.7511997783086447,1.1808979133767294,-0.4519192831820783,-1.2917349886261758,-0.07106540056829591
16c36170-95cc-4260-985e-1bc7fbeac4a2_44.png,1.5163746933307687,1.694437652020131,-0.36891854094898224,0.6426233634698152,0.49485762424781604,-0.3874318380558445,0.32550772361853364,-1.0975574526998353,-0.31316403539274507,0.5418927832330297,1.364861242607756,-0.3128948258070799,-0.42754827148825036,-0.023087075933393778,0.20526409815529778,-0.023154163910758044,0.7353662639663869,0.0019139437986821538,0.19766546183957068,-0.07106540056829591
a6a04226-e7be-4c2a-8240-4e24256bfed9_9.png,0.9666943345605524,0.5353136772733577,1.5580079546124406,-0.2639923162320156,-1.7403584607633782,-0.631079852677434,-0.7089828686321893,0.1431392820706658,-0.6520783614434851,1.1170523668274894,0.3038827839752893,-0.6774941655599275,-1.0679146758454678,-0.356174860336864,0.046644650372023436,-0.7418477886072873,-0.8896844787531997,0.7217637304092984,0.7927900019332562,-0.07106540056829591
78667ea1-0eed-4d74-b94c-83a1d16767bb_20.png,-0.014648210774087463,0.41317557692014795,0.8188019442050023,-0.21485634952637425,-1.1327437592299263,-0.5347238559542223,-0.17598153028530025,-0.5751100605665497,-0.11822058977443889,0.35010914467606685,0.45647611942741484,-0.5924128202208344,-0.906101659690687,1.0420007680043695,1.6107571786915111,0.20156288752573256,0.933582158181891,0.20699848619561984,0.33418001284172494,-0.07106540056829591
16c36170-95cc-4260-985e-1bc7fbeac4a2_37.png,-0.22124510442800518,-0.9060228656870166,-0.8767398474677601,-0.19616450668032553,1.299775433274799,0.878921554177887,-0.40635469306813415,-0.8714695397110426,-0.5819396816348547,-1.4196282745802324,0.1591043961280287,1.1012114533420538,2.202773948559675,-0.08772196743073384,-0.4179964217828289,0.155843132047374,1.3761041438938504,0.7217637304092984,0.7927900019332562,-0.07106540056829591
505d1bd8-e981-43ac-b532-853c95be827a_79.png,-0.5557986363042479,-0.26639115318435563,-0.6123349836284832,0.3757818109634855,0.1013283275294166,-0.2910611578285337,-0.24052714093391372,0.2689179395856746,1.0869812727275474,0.35279859816309034,-0.44894628628236066,0.852231466235367,-0.3621344990001475,1.4167245254582734,0.6724210731815339,0.7825620612294735,0.04643078548770862,-1.1016325905308337,-0.7240241991077202,-0.07106540056829591
386822e1-0d1f-45b2-97d0-ac0273ee2394_27.png,-0.5781701412683338,-0.5794984030315705,0.33135352525884476,-0.1149101020009059,0.09567496985186409,-0.4270082643306461,-0.6825981017673456,0.07843028035048676,-0.5674434670870859,0.6047100180275662,-0.17567156216646077,-0.8998701973782413,-0.5170618548930227,-0.564354725589033,-0.5366882611657908,-0.8081955504261091,-0.5817157520009849,0.7217637304092984,0.7927900019332562,-0.07106540056829591
53345714-cf33-43b8-9e6c-89b5c2c7aad7_43.png,-1.9478826370032816,-1.561538766538371,0.38402350918948885,1.2214168184915506,-0.5500843659961577,-0.6666800380160965,-0.6882252375838392,0.6236173157835352,-0.12322086833470348,-0.6915329576497106,-1.2521152001872837,2.2739256839003366,-0.45509091253587264,-0.0028638890231830823,0.0921379645944116,-0.1745390146320445,0.09323869748987991,0.25826962179485424,-0.025520475392741177,-0.07106540056829591
273317d8-7414-4eb9-bb2a-b42c7082fe9b_30.png,0.8374472919135844,1.1929304709349788,-0.35795650978352694,-1.2162392849331802,0.6924459594244802,-0.2527430538840356,0.20227279891619435,-0.6707619268549238,0.22521032111213304,0.5742803245583031,0.8791849767151501,0.09094376362212599,0.6431718992380647,-0.35538179418352245,-0.40983022274923203,-0.24279586289710844,0.13527697789726512,-0.33933578067930836,0.15329755548561896,-0.07106540056829591
505d1bd8-e981-43ac-b532-853c95be827a_8.png,1.0114834175971021,0.22280424788500716,0.7582084349681175,0.27021099693268075,-1.1483248603304896,-0.4288968988921036,-0.2735278414063503,1.8546097459891902,2.339616137491557,0.9898011535632115,-1.328994574091289,0.9301807868608503,-0.8888875090359231,-0.4834619779481902,0.15342693486839648,-0.3741019355507816,0.7976871188429283,-2.2054073346627203,-1.992313546931894,7.81840561163722
578fbdd2-3bf8-444c-8c21-8d2666ef631c_126.png,1.0540026391278525,0.6725273037684704,-0.30463632635715787,0.5208821901260251,0.42686878717563215,-0.30404188042238367,-0.1989530402589771,0.03903857496545536,1.616190262090937,0.9527688882489823,-0.12018117798202853,-0.0852135009219969,0.17150417129753362,-0.5421488732954682,-0.43223352094598594,-0.37126117110218926,-0.017799598233043643,-1.5744072311083441,-0.6621218830848189,-1.5811594614982587
7483fa58-40a2-4a34-b0a6-a30645af78bb_5.png,-0.22982376438640634,0.24592786414169296,0.9911077800661949,0.08135683257584522,-0.9030588822801735,-0.5076654993519081,-0.37330506367274313,-0.6927958330503267,-0.4525064319450399,0.5677780207647273,0.6419389012935567,0.03442724598021604,-0.7064175120954257,-0.5445280717554931,-0.5429778157635476,-0.8436845253341572,-0.5770738699535587,0.2845137490674594,0.47872644211057386,-0.07106540056829591
22df8deb-bec0-46ea-b532-d6d7e8d8d57a_53.png,-0.7842281375297703,0.27515156071727565,0.8109040005353406,2.046522993619343,-0.9584097894627185,-0.6391640001462803,-0.5948855751299648,-0.0832315362868083,-0.5468818797242306,0.8151443470285009,0.14236419338100448,0.744241432320973,0.212818132868967,-0.5032886317817301,-0.5282386553486312,-0.649507953956055,0.15187917401280893,0.7173516742301358,0.7830414458784793,-0.07106540056829591
44341a17-f4a0-402e-8f84-ad64321de876_36.png,-0.007786997354688712,-0.12024531175293181,-2.1086607084073203,-1.10535565996559,1.6401908002954664,2.3190375695533567,-0.09781850489568866,0.7215447534213869,0.8977612893062605,0.48913912228080353,-0.4289184626603238,0.3249650570266128,2.4231150769406526,0.8778360742626591,-0.04874266016986424,2.1900641491482973,0.49726222536469,-0.9409728896620162,-0.11037534613912896,-0.07106540056829591
41b05097-d935-4d5b-b15a-8c9cc622e21b_65.png,0.15200073394494973,1.199839435351069,-1.0951266062949847,-1.2560132831779243,0.9100411903071657,0.29224160054738835,-0.08760041159311723,-0.7867615028511418,-0.6986861422305761,0.5892701948020083,0.9673911639696045,-0.31720681421652075,1.9652186695239329,0.23743515543932048,-0.2078771886633608,0.8122634338002238,0.20183219955100956,0.6495733629261033,0.6754118050823137,-0.07106540056829591
2ec83b5a-f1ad-4dae-bb33-773f1eee7923_18.png,-0.565869152385266,-0.9690969917455784,-0.5171414741371002,-0.5601453483400632,0.6199345322905787,0.08807867137567352,-0.2857095948383801,1.1835667618021244,1.579931948342681,0.38059313586695737,-1.3241876987242176,0.22932767628672068,0.02346247566656402,0.37185986843072094,-0.09570745260784831,0.18369760817283023,0.1555350535296156,-1.525189983730444,-0.5395244465993837,-0.07106540056829591
4af4cf7a-5d36-4d0a-9b11-fcbd77f87c6e_90.png,0.582418887987018,0.5848211396938415,-0.6560140252409815,0.036916725948535144,0.3763441402002176,0.1373590774898994,2.806032556503996,-0.1047901145788635,0.8938560486346533,-1.541282687205949,0.29167261383589266,-0.8684673614815575,-0.26573525533346964,0.3452921522937775,0.31898271178020127,0.4388469836575494,0.39770704059038087,-1.4145082295807614,-0.9394297504431262,-0.07106540056829591
41b05097-d935-4d5b-b15a-8c9cc622e21b_100.png,-1.673165546004734,-0.6248670988910913,-0.014777498043475347,-0.27847149758797723,-0.07664094989543827,-0.15535770137702715,-0.780475766986885,2.409475878931746,-0.09404963090992126,1.129058691032829,-1.3178142011265095,-1.3820870028827599,-0.48607638371444767,0.14068108473164578,0.9316360757184697,0.5216934338736173,-1.4903886315160344,0.6660044686967779,0.669588422827202,-0.07106540056829591
92da35e0-d1db-40c0-86e2-73b0de7f8784_53.png,2.140097917858308,1.3639592791682609,0.4163633040220664,0.43633859415743015,-0.7555679702436774,-0.6261336942142893,3.583727748223007,-0.6888356252838876,0.18732967856379487,-1.1941500579497624,0.8940789453096689,-0.22912105065213892,-1.078243166238326,-0.16345978507485626,0.17133743680864102,-0.683991751181706,-0.849671615499665,-0.10640964239317217,0.36917341715522745,-0.07106540056829591
3b88f35e-b058-4cd6-a43c-563cda6b239f_54.png,0.2965895230368337,2.035316380945193,1.3386723665469,0.612252180550659,-1.4892043090045421,-0.6540954216287317,0.5776654054783068,-1.2515432473764916,-0.6044878416023396,0.3072969313493563,1.510097703093228,-0.35516144935621907,-0.7890454352382924,-0.5151846240818541,-0.5544352926600927,-0.8682371523506482,-0.4448678522551695,0.40744276261102447,0.157037833673649,-0.07106540056829591
578fbdd2-3bf8-444c-8c21-8d2666ef631c_67.png,-0.6709867975960119,0.8014487252925364,0.289002398385809,0.17397999713328013,-0.4324971779518364,-0.4823895779774959,0.7783994086663686,0.8388166288851641,1.0574641939865772,-0.4044814533644164,-0.5129859686623046,1.1949501373147884,0.5226728446547173,-0.4787035810281406,-0.4540579529041084,-0.33088530978660186,0.5732688894934235,-1.1365486902935171,-1.3785327162187793,-0.07106540056829591
4a7aeead-7888-4bb1-a39e-eef6dfc4a6ff_41.png,-1.128300515561045,-0.6157782013149082,0.36634463422039715,0.8003622613351722,0.019132080068144777,-0.5698117013589652,-0.5732661137488151,0.6571247895765006,0.9434066321802881,0.6992486432355415,-0.7934810668691452,1.2511579879382027,-0.004080165381058231,-0.5782333832725108,-0.596392883723456,-0.7550314147846933,0.1852950351004681,-1.0446562098723373,-1.6427934201155816,-0.07106540056829591
27bb6d3d-77c3-486b-a22a-3741dde393ee_28.png,0.39987348544258433,0.19987163877535563,0.621322073668945,-0.5426750507152912,-0.5592918960691178,-0.5319318639995134,-0.673113632632364,0.22737857186855095,-0.6139307225882007,0.9757240398708282,0.16253411137145204,-0.8491432588706183,-0.5893612876430311,-0.322866081896517,-0.37879412163797177,-0.6975525779947215,0.15381580367690417,0.7217637304092984,0.7927900019332562,-0.07106540056829591
41b05097-d935-4d5b-b15a-8c9cc622e21b_3.png,-0.4778522055756511,-0.6863717704400779,-1.4403024681375083,-2.1535396696307636,1.2189660396571584,2.0670675679821855,-0.5776483491205173,0.659400198128097,0.08072293109492569,0.7814381680078635,-0.5106154215443877,1.2924215678362365,1.7001207494405686,0.030048356340493146,0.06853351016811349,1.7712003925921904,-1.5693999415034914,-0.18004533862471359,-1.1997812399525243,-0.07106540056829591
27bb6d3d-77c3-486b-a22a-3741dde393ee_58.png,-0.8847474052663807,-0.7610316351259983,-0.1925541471894296,-0.5150810219077694,0.46864419943803964,-0.3617598939359532,-0.6164180173506701,0.15040797029825917,-0.4918475226848123,0.031983134714473026,-0.3645640782318254,0.34367487933237567,1.0390973642976347,-0.22373281272881754,-0.3820015428514615,-0.12279149623718973,-0.12261071362459408,0.7054086945727474,0.7566531131095158,-0.07106540056829591
9229a83e-46a1-420b-bbda-57bc886c344b_13.png,-0.6840794196569927,-0.7286948609792954,1.043154459453291,0.6629367053394127,-1.2717753611824114,-0.5797410883134623,-0.47877631192878256,-0.6756144843363742,-0.6187353866470899,-0.7019640965127105,0.18340784137805907,1.3756872234671647,-1.0403720347978456,0.11926829859142268,0.5885423150578548,-0.5433748277509836,-2.2807793670841385,0.7217637304092984,0.7927900019332562,-0.07106540056829591
578fbdd2-3bf8-444c-8c21-8d2666ef631c_130.png,1.303525052437122,1.3500079863539973,1.3526937992950534,2.7407509645929284,-1.4134197974518647,-0.6427654487452445,-0.3381010132837167,0.520792841233516,0.7386584859360774,1.0295080671636891,0.06086519537190739,-1.5602904172653016,-1.03348637453594,-0.5730784532757905,-0.42095518695897877,-0.85180052171918,-1.44802977179028,-0.8155335682923759,-1.1976291960733392,-0.07106540056829591
78667ea1-0eed-4d74-b94c-83a1d16767bb_25.png,-0.029765878645302467,-0.46844616556257124,0.023477049317374488,-0.6113066242655938,-0.330876571147615,0.5039022934160734,-0.15985914049506897,0.2730861135812085,0.9906992611712088,0.3927605163217151,-0.5010263127619194,0.8422288251574936,-0.3104920470358558,0.06573633324086496,0.25084433052270433,0.30206497884332545,0.3909153040428078,-1.3482513169591988,-0.9513223586915837,-0.07106540056829591
268cf2e7-02be-4b54-8659-24b54163053b_52.png,1.6563985954345644,-0.10826598348482024,-1.1918331649495975,-1.0571269736088593,1.2545983001180383,-0.09878652512899162,5.691024924548729,0.6915548821450425,1.7689131726638505,-2.228407719131441,-0.8074530535869111,0.8710144232682693,0.3264315271904088,-0.2106472211986812,-0.1778279760706849,0.2874694105766745,-0.7083711553793646,-1.6969558949812917,-0.7424180517277664,-0.9339762925282746
a9e37804-c00a-4e4e-b99f-e267a0056a05_70.png,2.1726651231128056,1.1416153517752676,0.2736635041884513,1.2907950006303983,-0.1853970128442542,-0.41340380567675766,0.3427183174294105,-1.4182682591554232,-0.7979300940713085,-0.15636134207987318,1.482795203914817,-2.587088475676899,-0.7683884544525758,-0.4069310941507262,-0.16088437238980982,-0.6288870769799502,0.20836758598275262,0.7025941070101781,0.7504342066607789,-0.07106540056829591
a9e37804-c00a-4e4e-b99f-e267a0056a05_72.png,1.9901211772206586,3.1673007113865235,-0.4021509181853792,0.4945978393848693,0.5768095715098656,-0.4393259573004262,0.28687740991578264,-1.1022440375557538,-0.738527186822329,0.7877595973967577,1.516024201082749,-1.0883613895515372,0.4366020913808978,-0.4580838610412591,-0.3717865015870334,-0.3083676742450567,-0.6636100153401318,0.5686349530187066,0.45444787541144543,-0.07106540056829591
258bd669-e070-417c-9e38-6240e5c933aa_32.png,0.7570175888419861,0.7028882610002231,-0.02957004461193473,0.9839572922022297,0.41506122771650017,-0.4864528301965239,-0.05410329932640183,-0.8309672525639233,-0.2642381697016848,0.4718547523222575,0.9275693204848966,-0.5048594507154525,-0.4378767618811087,-0.37917377878377034,-0.2685372732997316,-0.5098632689090788,-0.5741192044372176,0.053641499002657536,0.3213677010992876,-0.07106540056829591
00367bac-0715-41b8-93dd-c21b8877a1f3_47.png,0.9509924633756435,1.9298010020989227,-0.4538942773907908,-0.18621537416952708,0.8301019716238359,-0.41706137873512655,-0.303289942661964,-0.8069226885466604,-0.7577097945395433,0.933478071930612,1.164226956348238,0.24977718438932137,0.8084277455237983,-0.3292106111232498,-0.3383768125974468,-0.10840726602758985,0.14186285602756266,0.7217637304092984,0.7927900019332562,-0.07106540056829591
7728da31-7807-4ad4-af12-f6b9d4769e58_10.png,1.3759116715328628,1.7777452833836644,-0.7234236787562758,0.027720825639185098,0.9305927377324051,-0.5231850899131415,-0.4114049011411836,-0.7182895065341579,-0.44742318525090324,1.0537009085262428,0.9109899034794355,1.5071361814717688,-0.4998477042382588,0.07406352785095172,0.5631514159057851,0.21897217312810757,-1.654778660890479,0.2600953002138181,-0.19807511545327228,-0.07106540056829591
95815a0c-6ff2-4053-978b-a34ec048fcec_21.png,0.6825004930563904,1.4108795964987522,1.1001395311585953,1.2296433884675955,-1.1195915149669307,-0.62073537019708,-0.09718614501801104,-0.5399748556576366,0.19649878177576172,0.7771530833329788,0.7994207400250198,0.5072740213157815,-0.9508584513930731,-0.5889397763426224,-0.6030525348920128,-0.9142957243987455,-0.30283960561476836,-0.33735796239209753,-1.5473676868711064,-0.07106540056829591
41b05097-d935-4d5b-b15a-8c9cc622e21b_64.png,-1.4064495313717778,-1.6171519353842867,-1.2079662203017993,-0.8164229386441512,0.8574640403798607,-0.17071095194185468,0.13202077520883165,1.987838526579881,2.1975251314236477,-1.6134688643568849,-2.326096955102531,0.2140073979831671,0.009691155142752894,0.12799202627818024,0.5923028370547747,1.595019138091258,-1.4002891208723096,-1.9818377982737738,-2.748754624410341,-4.6013475833581845
07a9fdc8-46e7-4ddb-b62f-fe041b4ea954_25.png,0.48358386585303464,1.0059222233142593,-1.2316099831280465,0.11261838178938904,1.3378302476616335,0.5745574790929682,0.6014848103320432,-0.9740860609865762,-0.3161247827752596,-0.08112554788089331,1.1232933758531003,-0.3852796047718682,2.288844701833494,-0.1333232712478756,-0.3186277812287354,0.6512202648971844,0.7246962683386373,0.056988576104091235,0.14871683123983132,-0.07106540056829591
00367bac-0715-41b8-93dd-c21b8877a1f3_0.png,-1.4425554224475459,-1.5723762244651887,-0.5163334100311796,-0.5560776636207316,0.5283926350320188,-0.6639146020601467,-0.6655101399405821,1.5608208635513872,1.062471604339567,0.6195729167589613,-1.833185863283323,0.03347152792561204,0.20593247260706143,0.16407653625522284,-0.025986218693777506,0.3885118864626455,-1.1281464434604795,-0.9936893540095969,0.007672372278196241,-0.07106540056829591
19ef2be7-6425-4194-a4a4-1b4a7fbefc4e_39.png,-0.02566597560651776,0.6854764955309501,1.4173449970848837,-0.4333035608747911,-1.383773211078645,-0.5137978726125437,0.10375410287060603,-0.988848851217191,-0.7383430445224038,-0.08039366787833768,1.1137592034525061,0.42357275018921625,-0.04883695708344439,-0.20787148966198563,-0.39605702774121165,-0.5263725988898781,1.0716814177100509,0.6879886796584674,0.7181631245484161,-0.07106540056829591
10b42c78-10e5-441c-bc2d-1bc4a35bb63d_32.png,1.7350129511701986,1.0713083807062376,-0.024292146971890312,-0.23121574919416543,0.2975963956893284,-0.26497028930686,-0.24915411521028163,-1.1228719418570392,-0.7673189124637143,0.5932282715018905,1.200215628808289,0.13104266706634132,0.4882445433451895,-0.5247014179219531,-0.5343030481464517,-0.6080116157693201,-0.20223414081931118,0.7217637304092984,0.7927900019332562,-0.07106540056829591
27bb6d3d-77c3-486b-a22a-3741dde393ee_95.png,-0.7423057219160123,-0.1741692856792364,0.8511255242918742,-0.9796041936423211,-0.7822870117700301,-0.35835921500822554,-0.5210502820080049,-0.296606877318356,-0.6134561160157674,0.40879755474486074,0.22806911430710974,-0.6676626680095549,0.026905305797516803,-0.4461878687411352,-0.383397695614591,-0.48205129706924205,-0.4898991607144111,0.6790124274318952,0.6983298553335248,-0.07106540056829591
268cf2e7-02be-4b54-8659-24b54163053b_75.png,0.939444067336684,0.6217810926109881,-0.23096975232036746,-0.7326602603677091,0.41269774170332674,-0.013410343923398136,-0.31861429552527304,-0.9545109584398626,-0.7418228524394314,0.5922031435871429,1.0509619504854437,-2.2807538348340803,-0.39656280030967533,-0.4021726972306766,-0.18701719869835357,-0.4391955341214295,-0.9177968762251425,0.7217637304092984,0.7927900019332562,-0.07106540056829591
41b05097-d935-4d5b-b15a-8c9cc622e21b_24.png,0.8020873388282244,-0.453455037147893,-1.471608061404193,-1.8288516227408458,1.3945448679397157,1.3197717806186355,1.5829472887855662,0.5602166204642449,0.31326915471694466,-1.5169851161245786,-0.3210497467464938,0.47297463504052656,1.83783395467868,0.5193701729522578,-0.1805155784367343,1.0529789440972037,-0.944789878628087,-0.4211109598620636,-1.6747185324368685,-0.07106540056829591
824faab9-9bc0-41fa-93a5-24d93dec52b5_7.png,0.1958890551546499,1.3424212463219034,0.42270198127482045,1.295554992224629,-0.144818014211724,-0.42829173343974536,-0.44011472087654824,-0.6823160829874937,-0.7002357131417838,0.8988347881624162,0.8655952935024971,-0.6037908073237217,-0.3173777072977614,-0.5726819201991197,-0.5790626326423711,-0.8146592292279429,0.15549004776983613,0.7217637304092984,0.7927900019332562,-0.07106540056829591
7483fa58-40a2-4a34-b0a6-a30645af78bb_3.png,2.2793913096870715,2.6575983647526864,-0.35678459069252355,1.1269095502061228,1.0528142950089059,-0.590059294785548,1.7785511873048678,-1.6246089924674876,-0.6143948041514293,0.028646208602398117,1.9681814389281123,0.8718040320324205,-0.5067333645001644,-0.5913189748026472,-0.6280788367053689,-0.883247939474517,-0.8607226308901804,0.39063130716973243,0.1561165375573969,-0.07106540056829591
578fbdd2-3bf8-444c-8c21-8d2666ef631c_140.png,-0.6133529583993385,1.3829346561178684,0.2568330664110018,1.100130277747378,-0.33246991874382487,-0.6087191335778185,-0.6792938510842799,1.4109355100429513,0.2208607796405305,1.216888002640984,-0.36646064642414505,-1.6774746968348038,-0.527390345285881,-0.5223222194619284,-0.11408017003883743,-0.3895866643225888,-2.191205357668476,0.06459556951644056,0.2899028811524742,-0.07106540056829591
19ef2be7-6425-4194-a4a4-1b4a7fbefc4e_17.png,-1.1329344662436023,-0.3393424323398981,-0.08627293335548693,-0.7804476182275486,-0.2292622263164924,-0.3270717718684909,-0.3038309479050114,0.549446000061167,0.559490994550099,0.13137311271601212,-0.48748746730874126,0.9511323910847945,0.32987435732136156,0.7933745289317792,0.11428363251115009,0.7148032396843866,-0.05115814358804379,0.06360666037283515,-0.6614256357551251,-0.07106540056829591
90bae25d-a144-44fe-8481-52b9f3c73315_10.png,1.0615330824496096,1.9760486638442816,1.1384509150001914,1.3442965571933922,-1.3252500819898279,-0.576591122870422,0.47343688992996585,-1.4107705737970746,-0.7708300110412798,0.23509906833336564,1.561038465999608,0.9185354363826261,-0.8751161885121119,-0.4985302348616805,-0.48165139959883896,-0.8502375718632127,0.42266414148766246,0.6946828338613348,0.732954037183249,-0.07106540056829591
6764beec-de30-41fd-ac4d-374023ed0a03_18.png,0.4312771343544607,1.0103175848278945,-0.4152373699130648,0.5499695715336081,0.5115557772452195,-0.3213545456641112,0.3894101357040047,0.17400608383190302,-0.38136501116623606,0.15574243471939184,0.2500730285439789,-1.4855901593163485,-0.7236316627501895,-0.05837851975709479,0.6346311198211991,-0.04432738035156267,-0.062307204468357344,0.30429193193956766,0.3376133805186529,-0.07106540056829591
6764beec-de30-41fd-ac4d-374023ed0a03_29.png,-0.18842263535476061,-0.46551203847793904,-1.263481490027256,0.07746617647172402,1.2861012345020961,1.1493562815462546,-0.41011292983380293,-0.47107474963627033,-0.5091795367165193,0.028067752310911326,0.18356951305998997,-0.5467679489650357,0.5295585049166229,2.14039739038248,0.42458063624393566,1.335426270557013,-0.48035708015115336,0.42988339317745494,0.1478725953439921,-0.07106540056829591
268cf2e7-02be-4b54-8659-24b54163053b_82.png,-0.21087443006228349,-0.6022297540063384,-0.8911702296709795,-1.1562224518237059,1.3663556671739563,2.666152288598656,-0.7445111505549711,0.6723258697892635,-0.4572982149120687,0.9608572114199556,-0.5796512910603964,-1.2768420207211397,0.1405187001189586,-0.05044785822367884,-0.03132226830183728,0.09843045563108686,-0.5570513020412731,0.7217637304092984,0.7927900019332562,-0.07106540056829591
75769513-6d94-48cb-b36f-b1f9dc9210d3_24.png,0.3365022473253433,-0.607322396937123,-0.5685680288839797,-1.5590218860070304,0.797496733071942,1.4533796468534155,-0.33967510008990437,-0.6358059957970685,-0.4166266318970067,0.11404168472291745,0.21884203517638529,1.107105661077398,1.8102913136310577,-0.32048688343649223,-0.4004417588006424,0.1379912019399928,-0.1686174285069941,0.28055811249303775,0.520206623029728,-0.07106540056829591
2ec83b5a-f1ad-4dae-bb33-773f1eee7923_101.png,-1.4941826489399723,-1.2233818863556656,-0.5124482660586349,0.48991884686884596,0.5661129890371345,-0.514250714719637,-0.6193627333530386,0.10895981502244603,-0.4213492068365208,-0.9759009523071445,-0.5559303768387897,-1.081621375883924,0.26446058483325874,0.16328347010188124,0.13404444570853905,0.4662028284043282,-1.2486859050312256,0.7040394357585245,0.7536276991614811,-0.07106540056829591
855258ad-52cd-446f-9db1-1bc38d82eebd_60.png,0.8477348413637595,1.0249112869164225,0.5836759584046101,-0.38603041037957453,-0.9304733181036702,-0.3064094201718662,-0.27538032759061465,-1.0120507976914523,-0.6965576978193339,0.6929955488269794,1.1099944272178117,0.1338620987596312,-0.8372450570716313,-0.0948595628108082,0.7048248833336845,-0.19203690362444864,1.3481525558031677,0.5332624336512822,0.376291348420563,-0.07106540056829591
92da35e0-d1db-40c0-86e2-73b0de7f8784_24.png,1.5361650574433057,1.575808858247506,1.4203527798022537,1.5980794211648945,-1.8074157280681589,-0.6480858183729997,0.664536540446907,-1.5818635642519483,-0.7981420922548526,-0.24485509876939546,1.5776298821998427,0.36369638863539977,-1.1505425989883344,-0.5814056478858772,-0.5836301726701375,-0.9414613986639147,1.0762714855019357,0.7217637304092984,0.7927900019332562,-0.07106540056829591
89bc92b0-73f3-4d37-8aaf-292e4f4f1595_31.png,0.6151425101303163,0.07374599764733711,1.0970958896390641,0.8262209648656023,-1.4732714985936164,-0.4651149168403032,0.02650462382729634,-1.4759191014184516,-0.7425316138610668,-0.9194659753884847,1.0034387746478515,0.5175253350075087,-0.8234737365478203,-0.05996465206377798,0.15852943814500886,-0.4851946527306015,-0.7987927233650842,0.7023658972078076,0.7779800715485238,-0.07106540056829591
a653df7d-134c-48e9-9911-e3a0e5f096f4_8.png,0.5451403918513248,1.0450551356747866,0.8365801698239114,0.30980361129096723,-1.2755106254800626,-0.503963273042922,0.3046064025685957,-0.563763486330585,0.543207790371918,0.3430904019902212,0.6538212216694375,-0.5240692478110608,-0.5618186465954088,0.26241673926958076,0.40219948630812413,0.09670390139312357,-0.036048113302233065,-0.46150409488163846,-0.736503445008996,-0.07106540056829591
9229a83e-46a1-420b-bbda-57bc886c344b_23.png,2.234271908809571,1.9911346024229248,-0.07817451088833825,0.9820789296423371,0.5336334838717958,-0.5632521413556071,1.0098648012673068,-1.7500991275187687,-0.699787708134524,0.1449610986732176,1.9294593712677635,-0.18052678897390118,-0.5308331754168338,-0.5790264494258525,-0.5219061784427725,-0.793692721295007,0.24972629543949107,0.4943906973141772,0.29040320800693,-0.07106540056829591
578fbdd2-3bf8-444c-8c21-8d2666ef631c_105.png,-1.8088943128804174,-1.0329220919400728,1.3999921779504934,1.2493873517087961,-1.5537408301606024,-0.6636307242040603,-0.7018770264415964,1.05531036693011,-0.14355529214466578,0.46801263081160605,-1.089780608302786,1.7291652137486089,-1.1815280701669095,-0.5389766086821018,-0.4459219945857267,-0.918320985511454,0.8121130764372351,0.24503345325736645,-0.2605582876406104,-0.07106540056829591
4a7aeead-7888-4bb1-a39e-eef6dfc4a6ff_40.png,-0.9454531904605137,0.03230096773745893,0.6125908700456969,0.6197772165161574,-0.42626333684325995,-0.507769621324991,-0.46917819143478634,-0.30553712468130334,-0.5292742674016769,0.35144105388852703,0.19681002512625775,1.2962999724648243,0.7085856717261676,-0.5782333832725108,-0.608945955809767,-0.7230654374647659,1.9505143730987036,0.715221716074678,0.778335246403761,-0.07106540056829591
258bd669-e070-417c-9e38-6240e5c933aa_18.png,-0.04457818162915963,-0.05012112847889383,-0.19442495183418304,1.398160487212282,0.08272976299702109,-0.3409403808655636,-0.5506148095114353,0.14316176069836617,0.20777141587816625,0.8913241704087757,-0.05954861292406874,-0.8298015841370222,-0.9508584513930731,0.028858757110480752,2.0123709493183646,0.3063682197543339,0.6219737777648007,-0.3177319193882363,0.27747719244900826,-0.07106540056829591
6ab94b0b-0d10-4c2a-a48b-13560294cd7b_3.png,0.2923994259517874,0.2614815023369237,0.3843015829724884,0.8711813405943631,-0.6677037561163773,-0.5680843527428113,0.009953331769394284,-1.395907374163094,-0.7336430392770842,-0.5712513815169182,0.9519092893940885,-0.6749281844282297,-0.8131452461549619,-0.16861471507157663,0.6923953612663006,-0.17194633344654975,0.8208780104017058,0.641509949909013,0.6154671288679263,-0.07106540056829591
00367bac-0715-41b8-93dd-c21b8877a1f3_5.png,-1.390444268151942,-1.6795130351065453,-0.057142356651805136,-0.6359611053670734,0.2334890472115823,-0.6268178229367537,-0.5054797361462856,1.2668113682874833,0.2050264784451229,-1.053330767109683,-1.6886598732227696,0.713429504642039,0.0647764372379974,-0.2744890465426797,-0.2312400336087388,-0.1834396641746497,-0.9016196270724144,-0.10192151627988608,0.03834877528756824,-0.07106540056829591
6764beec-de30-41fd-ac4d-374023ed0a03_5.png,-0.6230787268627914,-0.2921352346909424,-1.3037247951334103,-0.3209102604677937,1.2704049711955276,0.6065541413453344,-0.29746027826564614,-0.7360887342266861,-0.42853260104676877,-0.043030425927633106,0.4215030913868395,0.5333126924863063,2.60558507388115,0.6046247844364794,-0.2057808419367837,1.2464720741906363,0.5691384130860497,0.7217637304092984,0.7927900019332562,-0.07106540056829591
9229a83e-46a1-420b-bbda-57bc886c344b_45.png,0.2858240110553528,0.8475211090642961,-1.6259473031093434,-0.894145307757448,1.294641421063403,2.4509096058483144,4.986941439354381,0.2766882015846138,0.1467644543067649,-3.4716475208327973,-0.24113537720741657,-0.2999112424597733,0.1990468123451559,1.8505317113361264,0.42786911095344804,1.0805097765276719,-1.264189351538135,-0.25200749630553815,-1.028604659227695,-0.07106540056829591
41b05097-d935-4d5b-b15a-8c9cc622e21b_2.png,-0.5032670821244464,-0.7536843279839823,0.6292297954307402,-0.3439933463133793,-0.6358343430856692,-0.32037565527847994,-0.50539922019712,-0.4615002473550961,-0.4732223794971253,0.052614496125250564,0.08149806647950747,-0.7262156955334463,-0.7374029832740007,-0.2538693265557982,0.03688978862042469,-0.46895256703068033,0.33897400469068373,0.3990750698574402,0.46522395542222783,-0.07106540056829591
519d608c-1d5a-448f-8835-1d3a5261bbba_25.png,-0.6714415249869558,-0.6323044664813658,-0.17340639893344983,1.113498438912076,-0.24749187804326517,-0.24265457174239208,0.36911887780736025,0.5141492886742292,2.3148445207961914,-0.6662561514065916,-1.008315813045702,1.4385784635217427,-0.6203467588216062,0.26083060696289756,0.3809545871796094,0.2124612650172251,0.012244190861572076,-2.2708274780089246,-0.830126054195987,3.8571649360528575
22df8deb-bec0-46ea-b532-d6d7e8d8d57a_59.png,1.1641205035051112,1.568002267529537,0.9728250811292503,0.6954415956103152,-1.043003769371285,-0.6307589854001592,-0.4410394155850425,-0.7157654629688408,-0.7551782392660065,0.9749944853838332,1.0771598378194778,-1.7841033422255086,-1.0610290155835622,-0.5861640448059269,-0.5405045103737683,-0.9152264670564723,-1.107764155586553,0.7217637304092984,0.7927900019332562,-0.07106540056829591
41b05097-d935-4d5b-b15a-8c9cc622e21b_46.png,-0.633032011072175,-1.2560758216042578,-2.0587079370973953,-2.725163991229912,1.5559550434940004,1.7429126976702085,0.04916831513377841,2.073815213292873,2.7164406377260706,0.06744721653033936,-2.1710134720643746,-0.361003894863813,0.38840246954755886,0.08318378861438007,0.7135688275276236,2.853799390432051,-1.418092909701401,-2.5100674208273106,-3.209385490330504,-0.07106540056829591
a3283dda-4e12-48f9-90f3-8f3223c77d46_38.png,0.1390349940666061,0.5116122578565307,-0.10002018758572293,1.3788989388437327,0.37450208077729946,-0.23738793535129374,-0.03318804282372365,-0.5043142321663175,-0.17994487430544032,0.23951824077834416,0.6305104894831604,-0.6363933914531922,0.1956039822142031,-0.3196938172831506,-0.34289290915365217,-0.31374942013782714,-0.5943713415296588,0.008608098001549555,-0.7829464293344957,-0.07106540056829591
7483fa58-40a2-4a34-b0a6-a30645af78bb_25.png,-0.41117306616208427,-0.17542515499799946,1.1596601601780216,0.748729981231585,-1.230125571997559,-0.5028835045272937,0.2344060948747354,-1.3158311315595452,-0.7157070077667508,-2.0141716396955407,0.9088737378856631,1.380306274731758,-0.6272324190835117,-0.5933016401860012,-0.6400374979935867,-0.9071749834743384,0.9848116506114213,0.7217637304092984,0.7927900019332562,-0.07106540056829591
273317d8-7414-4eb9-bb2a-b42c7082fe9b_25.png,-0.15660106570868837,0.39261265935557615,-0.853407193181392,-0.6900893730305419,0.9560861747403746,0.19478476278574228,-0.30260369903369105,-0.1396532241116305,-0.5751046299401105,0.4544857498558412,0.5250015967424124,-0.4061413903418621,1.5245364127619767,0.16407653625522284,-0.2850650789888745,0.36949612073755067,-0.15793509891290147,0.4717218569453762,0.24031579931169972,-0.07106540056829591
273317d8-7414-4eb9-bb2a-b42c7082fe9b_9.png,0.1434475533588549,0.5243577565942357,0.09970397201661602,-0.9159203202262437,0.1433104956117782,-0.29347181325710786,-0.1228468876938194,-0.7877501513560413,-0.7002968823697795,0.1781658473427467,0.9171215189640091,-1.956835250623954,0.2679034149642115,-0.47235905180140786,-0.4086014845441978,-0.4361467119757943,-0.9005755725774331,0.6234053055876216,0.6596600878786578,-0.07106540056829591
258bd669-e070-417c-9e38-6240e5c933aa_69.png,0.07690280744237248,-0.3527808563150626,-0.5182384545525752,0.9768631785402986,-0.017553757875067574,-0.25102343515458386,-0.11662610159059306,1.7648870551467233,2.5065146148673794,0.6069406308363783,-1.6677432263292689,-0.1624808492208487,-1.0093865636192705,0.9793485418903835,3.023277724179671,0.9711467760711482,1.189180366613045,-2.348647020617258,-1.4493268135410728,-3.5227089684082107
78667ea1-0eed-4d74-b94c-83a1d16767bb_21.png,0.3951946604202745,-0.23051636452379445,-0.7279847836223592,-0.9353098563571888,0.7604663709706152,0.862612357915713,0.736447192707081,-0.05655208756727327,0.8817443194082613,-0.36741733016289185,-0.2390913934972128,1.4092904052670125,0.4400449215118506,0.2897775215598658,-0.1627081084213223,0.27861033444358047,1.165286017034948,-0.9239332244183537,-2.7521699727551385,-0.07106540056829591
19ef2be7-6425-4194-a4a4-1b4a7fbefc4e_107.png,-1.1016790875035265,-1.0654083002523234,0.580601704427048,-1.0856965860236052,-1.0457207047825872,0.13586832370021212,0.2684934509841804,1.436966074404144,2.3050674308034824,-1.146690045442744,-1.6824686062899707,0.17255093972651384,-0.5928041177739839,0.12957815858486343,0.7397487039547248,0.6529116193935001,-1.3137581803422342,-2.212177558799711,-3.9396864297621397,-0.07106540056829591
824faab9-9bc0-41fa-93a5-24d93dec52b5_9.png,1.033565826639469,3.2616191489675783,0.6762258710171306,1.6706821557114238,-0.5979316019246164,-0.6339676581729075,-0.33770307868880206,-0.36812909991742476,-0.651697085242438,1.102027187742854,0.946882683196705,-0.12885718287590306,-0.5928041177739839,-0.5913189748026472,-0.6158581727896352,-0.8851893714479512,1.6871862365316446,0.7217637304092984,0.7927900019332562,-0.07106540056829591
22df8deb-bec0-46ea-b532-d6d7e8d8d57a_8.png,1.5561066182060446,1.2504114485576256,1.3470977568935967,1.1249353964780042,-1.5346207676809265,-0.5312901294449638,-0.33499836215029266,-0.8769706950967415,-0.7559078757120313,0.8111870635751216,1.1303335979774276,-1.8276590152516754,-1.112671467547854,-0.3799668449371119,-0.010727183996426607,-0.7918462452214712,-0.8189712003791376,0.7217637304092984,0.7927900019332562,-0.07106540056829591
78667ea1-0eed-4d74-b94c-83a1d16767bb_31.png,-0.49990088914114134,-0.5471770195098058,-0.6748673440975084,-1.215623292173634,0.7346207196501412,0.4942408229607155,-0.34731389592862827,0.643030638250633,-0.1666215022003008,0.11846793549453466,-0.491512841827756,0.14287749892244447,0.8221990660476094,0.033617154030530325,-0.14639840890460615,0.4153206086854258,-0.834216001886003,0.0852865915980307,-0.5709733816890354,-0.07106540056829591
519d608c-1d5a-448f-8835-1d3a5261bbba_3.png,0.390621574268823,0.11341127870173531,-1.7508806790916767,-0.8344056276311622,0.9514165166164339,2.953235679607639,1.4527173861611002,0.44312398490513605,0.9066428738729694,-0.697836864963265,-0.5860395957483676,1.549962363814323,0.6156292581904425,3.342289145771668,0.323898477867136,1.5796057935006236,-0.08886259720126705,-0.8151532186217584,-0.3498816082472851,4.356359260289649
505d1bd8-e981-43ac-b532-853c95be827a_69.png,1.1911345003132447,1.2484866099830827,0.5565190244204151,0.018108074746053675,-0.6504352510907191,-0.5308546172431173,1.4273486686393808,-1.4285499505567263,-0.09950683498472726,-0.4866160522307133,1.450044739566439,0.6384570510202515,-0.4791907234525421,-0.4001900318473226,-0.27858840409721813,-0.5321198099718982,0.6953143697221451,-0.5711969398877157,-0.22111552597204961,-0.07106540056829591
578fbdd2-3bf8-444c-8c21-8d2666ef631c_20.png,0.3719304413895855,0.6866229100464634,1.0500259189533163,2.0023660606110942,-1.244071528337984,-0.6028825588023914,-0.2746686904706816,-0.8493036331010501,-0.7230392625267065,0.3883485892230049,0.9258858614815066,0.3969497625813168,-0.8165880762859147,-0.5734749863524613,-0.5446744864767937,-0.8704865207331378,-0.7239943225804312,0.7217637304092984,0.7927900019332562,-0.07106540056829591
81faa7e7-ef94-4bfb-ad32-94fd63e1848b_27.png,1.012770411718403,1.4981778567714958,1.3931027316074036,1.986342343869814,-1.7076410023512059,-0.6444726866303534,0.4470010264050747,-1.3800076114849953,-0.7606711470216503,-0.06036997589689041,1.361156110113624,0.29214193606673805,-1.0989001470240427,-0.5825952471158896,-0.5634133281840731,-0.9283734333622832,-0.6993726347084412,0.6833484136769343,0.7079103328356339,-0.07106540056829591
519d608c-1d5a-448f-8835-1d3a5261bbba_64.png,-0.8109307505377844,-0.4520936500166311,0.42045484580324843,0.38797978318258086,-0.5700425005357741,-0.43836735440286,-0.3882070174796603,-0.5011508427900799,-0.3844721401171588,-0.02667101976617897,0.2579111725508183,1.7513783732348465,-0.7856026051073397,-0.28440237345944963,0.3230238462557607,-0.3244610433030565,-0.7694851945630349,0.25165153752611036,0.250545032159792,-0.07106540056829591
78667ea1-0eed-4d74-b94c-83a1d16767bb_45.png,-0.3181389759304294,0.18653352924152705,-0.08332794669186988,-1.1669811982082599,-0.06435535103701488,0.0453235037855751,-0.5005506116737123,-0.4169424204144805,-0.4920611125899757,0.7156016701110186,0.360351412262777,0.2458249213363535,-0.02129431603582214,0.7771166727882765,0.2029011728653879,0.35244136959631855,0.356727375490079,0.35046638195252805,-0.027601413641986386,-0.07106540056829591
19ef2be7-6425-4194-a4a4-1b4a7fbefc4e_56.png,-0.15665865733918877,-0.2710604962643885,-0.6651770522770952,-1.0221442816851094,1.075449025016047,0.9458858877353032,-0.6001002215453485,-0.0841248062096529,-0.4843163295336701,0.78284564998157,0.005713000207629461,-0.2426867489092323,0.6741573704166397,-0.008415352096574253,-0.21506014671262982,0.13034191986358004,0.47870264053877903,0.255455034232285,0.47263311625463855,-0.07106540056829591
a7ab7384-2203-4096-ab14-1eae445ccdd9_5.png,0.2874478436533422,-0.7244593126108798,-2.29938245348914,-0.4704897663994135,1.814731510814095,4.150009334076809,0.169144511632003,1.146714841932305,1.6711387960031163,0.3277398283403348,-1.168403662533997,-1.0730298922498696,0.02346247566656402,0.7216020420543647,1.3402136361293755,2.859461222151287,-1.7020315949508662,-1.6090190511345335,-0.520413400277957,-0.9339762925282746
4af4cf7a-5d36-4d0a-9b11-fcbd77f87c6e_116.png,0.5756470870051956,1.656147067980969,0.23367737151681217,0.2728784363319641,-0.12311101528722262,-0.42618270736769825,0.6713577897248721,-1.272312263642773,-0.6640922002834839,0.024416354943703193,1.469462710709118,-0.21814876856062848,0.09231907828561965,-0.32207301574317543,-0.3468377309099471,-0.3913636324874144,0.7688917553962645,0.47765531180700865,0.44529753764552904,-0.07106540056829591
258bd669-e070-417c-9e38-6240e5c933aa_99.png,-1.7076175480561662,-1.5913213473222605,-1.2264533508238995,0.04307860681356016,1.0748150517818391,-0.5178135615079457,-0.6191112758502598,2.41553151483134,2.2019388870328678,0.49947785270734646,-2.473565065934792,-0.45877701606863946,-0.4241054413572976,1.1042564610416847,1.100009860468624,1.4537972992766925,-0.431137708011326,-2.053115326547487,-1.0111689443683614,-0.9339762925282746
386822e1-0d1f-45b2-97d0-ac0273ee2394_53.png,0.03190403126715374,-0.20990196354639323,0.5875901025896665,-0.8737323025302365,-1.3299919919323786,-0.03146232277049874,-0.08287412537709589,0.08043572427161749,0.6430533102091954,0.29692216281996175,-0.09912847702717893,0.3409242295543829,-0.985286752702601,0.3809801291941493,2.7439988172460463,0.577578624021128,-0.4262471134833678,-0.6967884011256029,-0.7666134141935101,-0.07106540056829591
3dbb185d-309a-4682-8409-24f5556e96df_27.png,0.401288412596645,0.8022959251469994,-0.4297030190440125,-1.3395137702945814,0.4958162730453919,-0.07123565414143344,-0.3403365695799728,-0.4196315848591832,-0.5325820528673911,0.734693117862296,0.6208861036325143,0.300278692897312,0.40561662020232275,0.2695543346496551,-0.04100833347230079,0.31375353610508294,-0.18409748052068525,0.3910116568403499,0.061984454930356675,-0.07106540056829591
41b05097-d935-4d5b-b15a-8c9cc622e21b_35.png,-0.4519235844945036,-0.4308427260838513,-2.3279062953628515,-3.000320787706065,1.5858504760859775,5.252923280642622,-0.41362342521742373,1.360725954175314,0.1720196362447248,0.6068372044540817,-0.6517559192092566,-0.12323170812983283,1.1492679284881235,2.8291753445596557,0.896271154763033,3.6570984803892395,-1.3107151409807576,-0.22317699127273424,-0.14299902385332933,-0.07106540056829591
3b88f35e-b058-4cd6-a43c-563cda6b239f_38.png,-1.264337059851072,-0.6125504004165196,0.6532421452671656,0.6463588372026834,-0.4340797499999598,-0.6323909485745814,-0.6264722916643622,0.359604645683274,0.17802203638903927,0.6826404247863603,-0.5105952415784412,2.3845109074733513,-0.1383505404882167,-0.5869571109592684,-0.6198822164425839,-0.8238514196091205,0.47767361049263585,-0.35082234073195584,-1.5771175906934423,-0.07106540056829591
505d1bd8-e981-43ac-b532-853c95be827a_13.png,-0.9868910332296021,0.007503117868829523,0.48904583470473967,0.24542026266360611,-0.6731022962366136,-0.5755466291341512,-0.6259461509042378,0.6431986830232079,-0.2530726610166972,0.8746579186288153,-0.20742289088350818,-0.3225266650475131,-0.22097846363108348,-0.2713167819293133,0.012872459289970047,-0.0600154443752835,-0.2936145549630775,0.1841014360244484,-0.3951892083281277,-0.07106540056829591
3b88f35e-b058-4cd6-a43c-563cda6b239f_72.png,1.0836179132938157,0.25759205559152154,0.7162616385090704,-0.10953584159292143,-0.7076492852180073,-0.42283698972607336,0.580106277444935,-1.7622474962294357,-0.7685823977207433,-1.8465848180626718,1.3247830081434275,0.19924648474633047,-0.6306752492144645,-0.5219256863852576,-0.4651297699880113,-0.7768276974172106,0.03855272848015209,0.7217637304092984,0.7927900019332562,-0.07106540056829591
41b05097-d935-4d5b-b15a-8c9cc622e21b_90.png,-0.7187611593059654,-1.2272740315316275,-0.534330469402683,-0.4326671716155541,0.7273729502585061,0.4702516138051049,-0.7626294068543269,1.8355662315212438,-0.21938935061695558,0.859180594237429,-1.2277608966065485,-0.7489631298219138,-0.4585337426668254,0.07525312708096411,0.6790948913112057,0.3511506817620158,-0.45566757546837083,0.5316649650346889,0.3727616988145254,-0.07106540056829591
268cf2e7-02be-4b54-8659-24b54163053b_61.png,-0.4362874053115737,-1.509779921796409,-1.4165055094994758,-2.161982278607237,1.0945739562507293,2.602145348195021,0.3320753476566268,2.280251814319674,3.0484876546338957,-0.20014784605112196,-2.5040943582902373,0.3550504827755926,0.2541320944404004,1.3441589724275176,0.40757781192345116,1.929143377655486,-0.5577271043649514,-2.8012631286520424,-1.4684541828403044,12.026123484813507
3b88f35e-b058-4cd6-a43c-563cda6b239f_95.png,-0.3787077155413928,-1.0433879019833423,0.675654409816858,0.5502169992152097,-0.7651392452107842,-0.4475178207963396,-0.6631881838373368,0.3238831995820793,-0.21201307956023824,0.6270297466622088,-0.6527902768581009,1.7366390663221416,-0.8854446789049704,-0.09882489357751618,-0.0735600090121385,-0.6385621051801258,1.6071978919377927,0.22715701873834554,0.4072930489575437,-0.07106540056829591
4a7aeead-7888-4bb1-a39e-eef6dfc4a6ff_91.png,2.470386252532539,0.5105408780531948,0.5580688976651095,1.9512010771126638,-0.825050047482169,-0.5593888521445793,3.304961093547636,-1.2697040281177379,-0.32695477824814906,-2.621077623622416,1.099648254412266,-0.9278842569328731,-0.9818439225716482,-0.48980650717492297,-0.35704624013147007,-0.8205428409232174,-1.2227476475456194,0.14340402126837953,0.4868732308565441,-0.07106540056829591
22df8deb-bec0-46ea-b532-d6d7e8d8d57a_65.png,-0.37178553551694987,0.912060061800279,1.7748550421228468,1.4126128747441329,-1.9509674486322532,-0.6553597315563099,-0.4391383101545513,-0.40913362697921984,-0.5074440408129032,0.8357985129634409,0.6767882906717897,1.0622108551501328,-1.2090707112145318,-0.59766350402938,-0.6509711127827025,-0.9598485134595008,-0.03757844234147319,0.4206028612143888,0.12736701191842767,-0.07106540056829591
578fbdd2-3bf8-444c-8c21-8d2666ef631c_99.png,-1.9432649148067689,-1.18251609829787,1.5078420103205696,1.828684407268715,-1.6177330579010456,-0.6670169877322143,-0.6893806414543657,0.7258762886512491,-0.06849785560652207,0.07247223507523196,-1.0788096073477254,2.0655108187544746,-0.826916566678773,-0.5683200563557409,-0.5787856581599152,-0.8863202047088682,0.22333898361410676,0.17596195307323462,-0.4131736134636629,-0.07106540056829591
7483fa58-40a2-4a34-b0a6-a30645af78bb_13.png,-0.816638935382723,-1.3527263355036252,0.04940839678390982,-0.3120358407430305,0.4930216030147929,-0.46676570235683223,-0.6197684098661422,0.14585171697033844,-0.3111591286452677,-0.3743350451748069,-0.83452757749255,1.1539856057356075,0.16806134116658084,-0.5572171302089586,-0.578898948851159,-0.7353719959852598,0.47689451101737523,0.4761339131245388,0.25006435536647653,-0.07106540056829591
578fbdd2-3bf8-444c-8c21-8d2666ef631c_89.png,0.5172232562730691,0.09991603873376805,0.19365638423535392,1.7799209139123213,-0.011044217749036713,-0.2890353351024718,-0.7035576420420648,0.7884967798253849,-0.4985239350383195,1.0355185031173086,-0.20390214458057654,-2.389936357544286,-1.016272223881176,-0.5730784532757905,-0.38213941768902054,-0.8511600036382976,-0.6048605223200283,0.7217637304092984,0.7927900019332562,-0.07106540056829591
78667ea1-0eed-4d74-b94c-83a1d16767bb_0.png,1.1621305814179455,1.4788595885215483,-2.2260770045457163,-1.4436920202068537,1.665943777134897,2.3323996698444103,2.5577486208292717,0.10629445051658565,1.2384877857158907,-0.3328349372659263,-0.13019324202738783,0.22119903278823103,1.2732098132024237,1.050724495691127,-0.044272338295938386,1.3305464377096154,1.2151124666711794,-1.2475347241796937,-1.3307374800907905,-0.07106540056829591
258bd669-e070-417c-9e38-6240e5c933aa_20.png,-0.14597264572883356,-0.3425046568838355,0.23241379630664988,0.8975620938109146,0.072539454539743,-0.022842069827198327,-0.577376143276992,-0.29498114376647805,-0.6013975036715642,0.4979214530056372,0.14011163344264818,-0.6687512485197872,-0.37934864965491144,-0.24316293348568663,-0.30309405193804784,-0.5422225545778756,0.1088665579452066,0.6209710676956699,0.5700859196474144,-0.07106540056829591
3dbb185d-309a-4682-8409-24f5556e96df_38.png,0.43275676139039115,0.4744500990755544,-1.0129447122784205,-1.1114342982516516,1.0716584122713528,0.11165093073082528,-0.2730013909694982,-0.7672291896213433,-0.5353691121828851,0.5484606137408479,0.8004096114197128,0.18640025000457083,1.331737925428621,0.23783168851599126,-0.19758632813070837,0.5432086228877036,0.0504444062111262,0.36065975312507614,0.1466132949053521,-0.07106540056829591
3b88f35e-b058-4cd6-a43c-563cda6b239f_55.png,2.793041339271997,1.719006054335846,1.4392615564823343,-0.4433006289433872,-1.6412036600230777,-0.6320424545092586,-0.12301659054052216,-1.206228259272335,-0.7831570262389304,0.709335495814903,1.3018838732857991,-2.997755126350175,-1.1608710893811929,-0.5829917801925605,-0.46126506130711586,-0.9182681982573351,0.9974256244216895,0.7217637304092984,0.7927900019332562,-0.07106540056829591
519d608c-1d5a-448f-8835-1d3a5261bbba_46.png,-1.7071064378547722,-0.9707188533002382,0.29205461258041543,-0.8268600078014132,0.017775178838040355,-0.48777462724562415,-0.6363807082393735,0.3615749888913917,-0.4365111831635646,0.13197746459907383,-0.40688005828006096,-1.0035811377731323,1.1561535887500292,-0.5358043440687356,-0.5321996378731849,-0.4574875675362393,-0.4294515214839197,0.44684698848699395,0.185354112589081,-0.07106540056829591
268cf2e7-02be-4b54-8659-24b54163053b_19.png,0.7181196995552344,-0.4415657083867906,-1.1784804935957724,-1.6247349880189248,1.271745173654535,1.8847117521593675,0.1849160376899087,-0.48430228389588087,-0.44153527378680013,-0.8130530886752158,0.31087044047843204,-0.11955652932939209,1.917019047690594,0.175575995478676,-0.2222627549051456,0.7959051473559063,0.09959000975559727,0.3372302134150402,-0.056847081806314516,-0.07106540056829591
4af4cf7a-5d36-4d0a-9b11-fcbd77f87c6e_110.png,-0.6153605529276519,0.17122930024229568,0.7340193419099577,0.7196735166961936,-0.6559933821519264,-0.5389909440995596,-0.5778657421832646,0.12793222982385746,-0.6148650500765229,0.7138358719606767,0.23568484180437663,-2.0381375600865783,-0.5342760055477866,-0.5647512586657037,-0.4963497274947132,-0.7773980220173724,-0.9974315068803242,0.7217637304092984,0.7927900019332562,-0.07106540056829591
386822e1-0d1f-45b2-97d0-ac0273ee2394_28.png,-0.3434408022608789,-0.8383247039628845,-0.5259916191169111,-0.3545156508446002,1.0001347363060078,0.11086745339719145,-0.4459397401219527,-0.4684339753583843,-0.5923528550881022,-1.0278524281681116,0.012123937061421168,0.6658530412460357,1.1836962297976514,-0.3244522142032002,-0.4076800616364814,-0.13571751035306204,0.4221159914431186,0.6968888619509161,0.7378283152106375,-0.07106540056829591
273317d8-7414-4eb9-bb2a-b42c7082fe9b_15.png,1.6454492082479908,0.04333757670895398,-1.591902947655929,-1.2598438607671991,1.5713383600200994,0.7820101212831363,6.026496794484349,-0.3907569170321017,0.419399769325414,-3.957362160451345,0.28862284118265724,-0.36872980833597857,1.1320537778333597,-0.2491109296357486,-0.1862381138586687,0.6118190459713562,-0.7400492585918873,-0.5291302663174239,-1.336352335123112,-0.07106540056829591
16c36170-95cc-4260-985e-1bc7fbeac4a2_18.png,0.7033688734793401,0.2120317560095519,-2.082340449355904,-0.7415206808754575,1.7696620647538164,1.264914655889372,-0.04302244666084803,-0.48236622749488284,-0.6668779837920733,-0.1908720479118446,0.5856215568740379,-0.30483393230312206,2.0512894227977525,1.7149173991147133,0.1649460682559416,2.191362930905216,-0.8589891186327718,0.7136242474580846,0.774805596797721,-0.07106540056829591
a9e37804-c00a-4e4e-b99f-e267a0056a05_90.png,-0.10222779671499983,-0.1849339827592475,-0.3878514544678534,1.3615178340047491,0.38070410306164604,0.015652820108188012,-0.21997234814211555,0.8933361615177688,0.12287968185373284,0.26296591604804676,-0.41670802077948044,-1.4961421965072912,-0.8613448679883008,0.09944164475788278,1.4001849654683107,0.22680273618072586,-0.4156443254361902,-0.10891995021924746,-0.847675385786579,-0.07106540056829591
519d608c-1d5a-448f-8835-1d3a5261bbba_60.png,-1.233492726746579,-0.5859764764005128,1.6061614369331463,-0.13051945897439599,-1.6235590768137602,-0.5393382672415195,-0.6379764724164905,0.01713819657499721,-0.4955649402309213,0.48296925874715757,-0.30887941426270077,-0.0732364855057499,-0.6306752492144645,-0.136495535861242,-0.04719231886268438,-0.45418287472583063,-0.008458405388766218,0.5501499590266977,0.42682594926408096,-0.07106540056829591
578fbdd2-3bf8-444c-8c21-8d2666ef631c_124.png,-1.038968386109196,1.2843019349581137,0.6414238898415227,1.559850383740696,-0.7243454544148277,-0.4850852415173892,-0.5916940467757309,0.8970001159210401,-0.24765944026129813,1.0885789697089723,-0.15109230902210133,-0.46029118297379407,-0.307049216904903,-0.18526910429175014,-0.21852152827035035,-0.42360666171700717,-0.7646691176406102,0.7217637304092984,0.7927900019332562,-0.07106540056829591
27bb6d3d-77c3-486b-a22a-3741dde393ee_29.png,-0.11482659598803206,-0.49427408412434415,0.2660331217477038,-1.154212127994028,-0.09470699363128864,0.03589896568823493,-0.5840134445787865,-0.2576607078578034,-0.5233504109953427,0.46788369982475586,-0.005831302993396791,-0.9842530454067439,-0.32082053742871414,0.07406352785095172,-0.20589501978399433,-0.4073703808115515,-0.46975197565019283,0.7217637304092984,0.7927900019332562,-0.07106540056829591
3b88f35e-b058-4cd6-a43c-563cda6b239f_9.png,0.5149763530097778,0.4478599159416427,0.07601870599784886,0.03212870491841717,-0.1147666149447877,-0.5529259678622747,0.09856237253306158,-1.0223557989571006,-0.17350072089766952,0.15575172189296288,0.884559489781198,1.4947442875294206,-0.6995318518335201,0.3968414522609812,0.4493229080521904,-0.1150513199197168,0.059470331606909003,-0.44720294726642174,-0.14871089195641624,-0.07106540056829591
10b42c78-10e5-441c-bc2d-1bc4a35bb63d_19.png,2.200349052067788,1.8661873667756685,0.9233152801497768,0.08625374460470088,-1.096233953297923,-0.60218695930677,-0.5104457121494386,-0.683383673612324,-0.7664348703497472,1.0876851046297804,1.0795831596888295,-0.7964407793164531,-1.1092286374169011,-0.4287404133676201,-0.24877004939800804,-0.8499915001817735,-0.3104072783610287,0.7191773526490997,0.7870753311425247,-0.07106540056829591
2ec83b5a-f1ad-4dae-bb33-773f1eee7923_53.png,0.6262594814750709,-0.5845481689421603,-1.208261986624769,-0.7253908093747378,1.1711908350729707,1.9487186080191576,2.216052248669696,0.8839361160983612,2.8457462359436567,-0.9970633624583154,-1.3594041220759283,1.0983138594481021,0.1405187001189586,0.26162367311623913,0.13068393743635387,1.0258147808207567,0.9131663232898332,-3.2847636299409655,-2.9956413013279697,-0.07106540056829591
41b05097-d935-4d5b-b15a-8c9cc622e21b_17.png,-0.3386365106169239,-1.0450093887005663,-1.1019165723440962,-0.7776680800568555,1.2500888961787116,2.186564792548585,0.14711999309120471,0.29413685350104896,-0.4545863325296201,-3.977046805748825,-0.5226643166660044,1.6558066866192536,2.784612240690695,-0.09961795973085778,-0.348457047676714,0.6560833848360959,0.9084873372210627,0.6339790264307872,0.5988273521537372,-0.07106540056829591
258bd669-e070-417c-9e38-6240e5c933aa_96.png,-1.7364705333272492,-1.716965096134201,-1.4449115889644868,0.42393896589209557,1.372226111359281,-0.661046015892909,-0.7231511982715166,1.935977322642674,0.3594605571394848,0.33362418349051554,-2.020686223306507,-0.06383924881345548,0.8084277455237983,0.8841806034893919,0.3315548645699576,1.607083285556854,-1.7247190371766221,-0.11903725145767205,-0.29980922018775746,-0.07106540056829591
7483fa58-40a2-4a34-b0a6-a30645af78bb_36.png,1.368402617586143,-0.11369037551570037,1.8783060848946167,0.7591563835630023,-2.064127847922944,-0.6541822966412214,-0.35517844610174315,-0.916958471815799,-0.6896516146961725,0.0698030523042815,0.6540198579728599,-0.7881200396127707,-1.2125135413454846,-0.5825952471158896,-0.5316184425448011,-0.9427921560642922,-0.16087964068650124,0.7217637304092984,0.7927900019332562,-0.07106540056829591
505d1bd8-e981-43ac-b532-853c95be827a_133.png,-0.39304932023006434,-0.5466647847317163,0.6181206511111887,-0.11084482965185147,-0.5334639445360773,-0.11833394359226554,-0.5436734056631768,-0.27969771170390717,-0.6046874199314928,0.06145092088161369,0.18232051778250494,-2.513932430146318,-0.26229242520251683,-0.4192236195275209,-0.24702595695333732,-0.43235163891948797,-1.425874177468739,0.7217637304092984,0.7927900019332562,-0.07106540056829591
6ab94b0b-0d10-4c2a-a48b-13560294cd7b_1.png,1.7576488484864914,0.9973741120005943,1.242697808540102,0.5528475165316756,-1.5241941803865855,-0.6487275529275494,0.5425384645944425,-1.792768739321233,-0.8182464459550542,-0.6031890665964196,1.6100114962653904,-1.0538786283958157,-1.1402141085954762,-0.5968704378760384,-0.6457801433932054,-0.9538184316674202,-0.5204864055346428,0.7217637304092984,0.7927900019332562,-0.07106540056829591
75769513-6d94-48cb-b36f-b1f9dc9210d3_28.png,-0.6960772986719576,-0.5974903964312003,1.2227425526114346,-0.05961706663271865,-1.1570036379008801,-0.45908630868658623,-0.26504115068756723,-0.970524216257971,-0.6692473356197142,-1.34826418929033,0.4790091512584624,-0.6339308478173797,-0.34147751821443084,-0.5802160486558648,-0.5693931717908707,-0.8076825309457781,0.6611061865594092,0.6882168894608379,0.7186673602064215,-0.07106540056829591
4af4cf7a-5d36-4d0a-9b11-fcbd77f87c6e_143.png,-0.8451946083318352,-0.8446462120959878,-0.49521594936155877,-0.15958279169995943,0.6369785583079911,0.05854327734238809,0.002371206771814182,-0.16961736462236413,-0.2799781447422676,-1.805491503393834,-0.15732167780768333,-0.5439100939242809,0.33331718745231437,0.37820439765745373,-0.07785196902029537,0.21968047081800415,-0.3316369788566845,0.1905673804249453,0.1853040415520599,-0.07106540056829591
5ff99f98-8c70-4537-ae86-b6048ef8dd6e_5.png,-0.41599036634300457,-0.05967730130180419,1.1421695320137686,1.7689290301727658,-1.193425068273684,-0.5950031644678293,-0.5148298055815062,-0.4763679381674357,-0.6693975793743081,0.3817747141291217,0.42920943784274823,0.8166872557277547,-0.9474156212621204,-0.5940947063393428,-0.6406183105629221,-0.9356883890651482,2.38993636143489,0.7217637304092984,0.7927900019332562,-0.07106540056829591
92da35e0-d1db-40c0-86e2-73b0de7f8784_50.png,2.181014885082866,1.519850942514634,0.5472563728129762,-0.0303266110075523,-0.7336585012032156,-0.6131679903136941,-0.09930278545088385,-1.2068646861269798,-0.7428167484692986,0.6486321704218515,1.1777010270985007,-0.6779107965638265,-0.4516480824049198,-0.316918085746455,-0.29280597702224076,-0.5638481177860399,0.48314919851916616,0.6141247736245555,0.7032665453607211,-0.07106540056829591
00367bac-0715-41b8-93dd-c21b8877a1f3_68.png,-1.3062600351263796,-1.687201543919192,-0.4665022540167606,-1.0300224371320101,0.5975138385111128,-0.5597627715244254,-0.49974700056569393,0.610722574830264,0.016819192942646725,-1.2271777908698296,-1.3424627637470385,1.1050389904607083,1.2009103804524153,-0.2772647780793753,-0.274013313335832,0.3022911166277986,0.24391420694204002,0.04740376440453109,-0.6972263674735303,-0.07106540056829591
4a7aeead-7888-4bb1-a39e-eef6dfc4a6ff_48.png,0.17826740474759672,1.755395786896951,0.7660356262260689,0.4041431314577214,-0.8233933243135857,-0.6387655794522415,-0.43389517348023204,-0.2914888622533791,-0.6919312975410157,0.9651990201251339,0.8578227472870136,-1.0576475943488615,-0.5996897780358894,-0.397414300310627,-0.26329972041507765,-0.6110508538335309,-0.21209096382379428,0.7217637304092984,0.7927900019332562,-0.07106540056829591
