epoch,phase,loss,accuracy,false_positive_rate,false_negative_rate,lr
1,train,0.6732445739601788,0.6134868421052632,0.11160318866253321,0.8330935251798561,0.0001
1,val,0.6762475612655722,0.5804289544235925,0.27729257641921395,0.6458333333333334,0.0001
2,train,0.6545019526230661,0.6321271929824561,0.11691762621789194,0.7755395683453238,0.0001
2,val,0.6715027538125701,0.6300268096514745,0.09388646288209607,0.8090277777777778,0.0001
3,train,0.6511974571305409,0.6447368421052632,0.1341895482728078,0.7143884892086331,0.0001
3,val,0.6572182264788221,0.631367292225201,0.013100436681222707,0.9340277777777778,0.0001
4,train,0.6430475000749555,0.6543311403508771,0.1403897254207263,0.679136690647482,0.0001
4,val,0.6487383295959186,0.6394101876675603,0.09170305676855896,0.7881944444444444,0.0001
5,train,0.6373122995882704,0.6567982456140351,0.16209034543844109,0.637410071942446,0.0001
5,val,0.6737062306250707,0.613941018766756,0.0,1.0,0.0001
6,train,0.6284934453535498,0.6672149122807017,0.14924712134632417,0.6309352517985611,0.0001
6,val,0.6569071273062248,0.6474530831099196,0.028384279475982533,0.8680555555555556,0.0001
7,train,0.6191543735433043,0.6798245614035088,0.17493356953055803,0.556115107913669,0.0001
7,val,0.6625128563383629,0.613941018766756,0.314410480349345,0.5,0.0001
8,train,0.6160058359566488,0.6902412280701754,0.1753764393268379,0.5280575539568345,0.0001
8,val,0.632462449431739,0.6595174262734584,0.1615720524017467,0.625,0.0001
9,train,0.6062344516578474,0.7012061403508771,0.17316209034543845,0.5028776978417266,0.0001
9,val,0.6765154445139396,0.6353887399463807,0.17467248908296942,0.6666666666666666,0.0001
10,train,0.6018780977056738,0.7080592105263157,0.1696191319751993,0.4906474820143885,0.0001
10,val,0.6612165952176255,0.660857908847185,0.21179039301310043,0.5416666666666666,0.0001
11,train,0.6059043706770528,0.6998355263157894,0.17847652790079716,0.497841726618705,0.0001
11,val,0.6121469947032571,0.6729222520107239,0.19868995633187772,0.53125,0.0001
12,train,0.5899829907636893,0.7214912280701754,0.17316209034543845,0.44964028776978415,0.0001
12,val,0.7105659703466911,0.6434316353887399,0.09170305676855896,0.7777777777777778,0.0001
13,train,0.5872178637144858,0.721765350877193,0.17404782993799822,0.4474820143884892,0.0001
13,val,0.6370083761598725,0.6474530831099196,0.1222707423580786,0.71875,0.0001
14,train,0.5828482941315886,0.721765350877193,0.1696191319751993,0.4546762589928058,0.0001
14,val,0.6498706944826141,0.6635388739946381,0.2663755458515284,0.4479166666666667,0.0001
15,train,0.5763306341934622,0.7335526315789473,0.17936226749335696,0.4079136690647482,0.0001
15,val,0.6881770234325296,0.6568364611260054,0.12882096069868995,0.6840277777777778,0.0001
16,train,0.5491920601119075,0.7554824561403508,0.162533215234721,0.3776978417266187,5e-05
16,val,0.6882849982852272,0.6769436997319035,0.12008733624454149,0.6458333333333334,5e-05
17,train,0.5388869929470514,0.772203947368421,0.1536758193091231,0.34820143884892085,5e-05
17,val,0.6402979860676518,0.6957104557640751,0.2074235807860262,0.4583333333333333,5e-05
18,train,0.5282520309352038,0.7691885964912281,0.16474756421612047,0.3381294964028777,5e-05
18,val,0.7134466340650503,0.6662198391420912,0.15283842794759825,0.6215277777777778,5e-05
19,train,0.5251190688526421,0.78125,0.1488042515500443,0.33237410071942447,5e-05
19,val,0.7478989767005553,0.67828418230563,0.12663755458515283,0.6319444444444444,5e-05
20,train,0.5020108637318277,0.7938596491228069,0.14437555358724535,0.3064748201438849,2.5e-05
20,val,0.6985959484174488,0.6702412868632708,0.15502183406113537,0.6076388888888888,2.5e-05
21,train,0.49675408463206205,0.8009868421052632,0.1328609388839681,0.3064748201438849,2.5e-05
21,val,0.734697550615101,0.6568364611260054,0.18340611353711792,0.5972222222222222,2.5e-05
22,train,0.4811583861970065,0.8166118421052632,0.12134632418069087,0.2841726618705036,2.5e-05
22,val,0.6988962051376261,0.6916890080428955,0.1572052401746725,0.5486111111111112,2.5e-05
23,train,0.4791366179522715,0.8116776315789473,0.12843224092116917,0.28561151079136693,2.5e-05
23,val,0.6797121419663723,0.707774798927614,0.21615720524017468,0.4131944444444444,2.5e-05
24,train,0.45554233695331375,0.8366228070175438,0.11071744906997343,0.2489208633093525,1.25e-05
24,val,0.7295451335229439,0.6863270777479893,0.17685589519650655,0.53125,1.25e-05
25,train,0.4560712735381043,0.8322368421052632,0.11603188662533215,0.2517985611510791,1.25e-05
25,val,0.7078153256117179,0.6983914209115282,0.1703056768558952,0.5104166666666666,1.25e-05
26,train,0.4530271713932355,0.828125,0.1204605845881311,0.25539568345323743,1.25e-05
26,val,0.743926976065853,0.67828418230563,0.185589519650655,0.5381944444444444,1.25e-05
27,train,0.4397485205217412,0.8445723684210525,0.10186005314437556,0.24244604316546764,1.25e-05
27,val,0.7522751815197615,0.6903485254691689,0.17467248908296942,0.5243055555555556,1.25e-05
28,train,0.4334322967027363,0.8473135964912281,0.10407440212577503,0.2316546762589928,6.25e-06
28,val,0.7557885509393809,0.6957104557640751,0.16593886462882096,0.5243055555555556,6.25e-06
29,train,0.4314311037591675,0.8486842105263157,0.10363153232949512,0.22877697841726619,6.25e-06
29,val,0.7498890955710219,0.6957104557640751,0.15938864628820962,0.5347222222222222,6.25e-06
30,train,0.4306481021799539,0.8514254385964912,0.10008857395925598,0.2273381294964029,6.25e-06
30,val,0.7397729030563109,0.7010723860589813,0.15938864628820962,0.5208333333333334,6.25e-06
31,train,0.4249441359649625,0.8558114035087718,0.0987599645704163,0.21798561151079138,6.25e-06
31,val,0.7318442730737436,0.7064343163538874,0.17467248908296942,0.4826388888888889,6.25e-06
32,train,0.41435151161593303,0.8604714912280701,0.09654561558901682,0.2093525179856115,3.125e-06
32,val,0.7688114173290876,0.693029490616622,0.16812227074235808,0.5277777777777778,3.125e-06
33,train,0.4153064999794751,0.8673245614035088,0.09255978742249779,0.19784172661870503,3.125e-06
33,val,0.7662041268783344,0.6903485254691689,0.15938864628820962,0.5486111111111112,3.125e-06
34,train,0.4165216588921714,0.8612938596491228,0.09477413640389726,0.21007194244604316,3.125e-06
34,val,0.7561010112711316,0.6970509383378016,0.16593886462882096,0.5208333333333334,3.125e-06
35,train,0.41758689807172406,0.856907894736842,0.10141718334809566,0.21079136690647482,3.125e-06
35,val,0.7634983652398669,0.693029490616622,0.17248908296943233,0.5208333333333334,3.125e-06
36,train,0.41351156890915153,0.8549890350877193,0.09743135518157661,0.2223021582733813,1.5625e-06
36,val,0.7532979673418858,0.7037533512064343,0.17467248908296942,0.4895833333333333,1.5625e-06
37,train,0.40665976154176814,0.8626644736842105,0.09521700620017715,0.20575539568345325,1.5625e-06
37,val,0.7666994900550024,0.693029490616622,0.1703056768558952,0.5243055555555556,1.5625e-06
38,train,0.4070003545075132,0.8667763157894737,0.09300265721877768,0.1985611510791367,1.5625e-06
38,val,0.7674634300032506,0.6997319034852547,0.1703056768558952,0.5069444444444444,1.5625e-06
39,train,0.4143376236029884,0.8591008771929824,0.09654561558901682,0.21294964028776978,1.5625e-06
39,val,0.7554865602513741,0.6997319034852547,0.17467248908296942,0.5,1.5625e-06
40,train,0.41561466455459595,0.8580043859649122,0.0987599645704163,0.21223021582733814,7.8125e-07
40,val,0.7560658680210165,0.6983914209115282,0.17248908296943233,0.5069444444444444,7.8125e-07
41,train,0.40711953909250725,0.8692434210526315,0.08857395925597875,0.19928057553956835,7.8125e-07
41,val,0.7586347702041708,0.6957104557640751,0.17248908296943233,0.5138888888888888,7.8125e-07
42,train,0.4038281859013072,0.865953947368421,0.08813108945969884,0.20863309352517986,7.8125e-07
42,val,0.7582811922554037,0.7024128686327078,0.17248908296943233,0.4965277777777778,7.8125e-07
43,train,0.41008097547710987,0.8703399122807017,0.091674047829938,0.19136690647482013,7.8125e-07
43,val,0.7598938485732347,0.6983914209115282,0.17248908296943233,0.5069444444444444,7.8125e-07
44,train,0.4063436621636675,0.8643092105263157,0.08857395925597875,0.21223021582733814,3.90625e-07
44,val,0.7593893209027861,0.7024128686327078,0.17248908296943233,0.4965277777777778,3.90625e-07
45,train,0.404920531404123,0.8714364035087718,0.091674047829938,0.1884892086330935,3.90625e-07
45,val,0.7617656267360452,0.7024128686327078,0.17248908296943233,0.4965277777777778,3.90625e-07
46,train,0.41231923308550267,0.8612938596491228,0.09344552701505757,0.21223021582733814,3.90625e-07
46,val,0.7601779958198281,0.7037533512064343,0.1703056768558952,0.4965277777777778,3.90625e-07
47,train,0.41092842993767636,0.859923245614035,0.09565987599645705,0.21223021582733814,3.90625e-07
47,val,0.7595562134287632,0.7037533512064343,0.1703056768558952,0.4965277777777778,3.90625e-07
48,train,0.4049592982781561,0.8662280701754386,0.08901682905225863,0.20647482014388488,1.953125e-07
48,val,0.7589103566737341,0.7050938337801609,0.1703056768558952,0.4930555555555556,1.953125e-07
49,train,0.4066439863751855,0.8651315789473684,0.08813108945969884,0.21079136690647482,1.953125e-07
49,val,0.7596512460836456,0.7050938337801609,0.17248908296943233,0.4895833333333333,1.953125e-07
50,train,0.409928663192611,0.8612938596491228,0.0983170947741364,0.20431654676258992,1.953125e-07
50,val,0.7589163585258872,0.7050938337801609,0.17248908296943233,0.4895833333333333,1.953125e-07
51,train,0.4076624319218753,0.865953947368421,0.09034543844109831,0.20503597122302158,1.953125e-07
51,val,0.759308119881249,0.7050938337801609,0.17248908296943233,0.4895833333333333,1.953125e-07
52,train,0.410452033409424,0.8621162280701754,0.0983170947741364,0.20215827338129497,9.765625e-08
52,val,0.7596663294145313,0.7024128686327078,0.17248908296943233,0.4965277777777778,9.765625e-08
53,train,0.40984590671825827,0.8637609649122806,0.09477413640389726,0.20359712230215826,9.765625e-08
53,val,0.7591043905662148,0.7024128686327078,0.17248908296943233,0.4965277777777778,9.765625e-08
54,train,0.4033022485019868,0.8722587719298245,0.08724534986713905,0.19352517985611511,9.765625e-08
54,val,0.7602872671134989,0.7024128686327078,0.17248908296943233,0.4965277777777778,9.765625e-08
55,train,0.407637629135136,0.8692434210526315,0.08325952170062002,0.2079136690647482,9.765625e-08
55,val,0.7609345423951546,0.7024128686327078,0.17248908296943233,0.4965277777777778,9.765625e-08
56,train,0.4062740843285594,0.862390350877193,0.09477413640389726,0.20719424460431654,4.8828125e-08
56,val,0.7610349754226112,0.7024128686327078,0.17248908296943233,0.4965277777777778,4.8828125e-08
57,train,0.4065767974968542,0.8604714912280701,0.09388839681133747,0.21366906474820144,4.8828125e-08
57,val,0.7612396302875182,0.7024128686327078,0.17248908296943233,0.4965277777777778,4.8828125e-08
58,train,0.4087053280519812,0.8626644736842105,0.09300265721877768,0.2093525179856115,4.8828125e-08
58,val,0.7611216311480341,0.7024128686327078,0.17248908296943233,0.4965277777777778,4.8828125e-08
59,train,0.40630230601680906,0.8656798245614035,0.0983170947741364,0.19280575539568345,4.8828125e-08
59,val,0.7611135206017993,0.7024128686327078,0.17248908296943233,0.4965277777777778,4.8828125e-08
60,train,0.40987341308541464,0.8615679824561403,0.09610274579273693,0.20719424460431654,2.44140625e-08
60,val,0.7609431887440004,0.7024128686327078,0.17248908296943233,0.4965277777777778,2.44140625e-08
61,train,0.4081063026137519,0.8629385964912281,0.09565987599645705,0.20431654676258992,2.44140625e-08
61,val,0.760878279126042,0.7024128686327078,0.17248908296943233,0.4965277777777778,2.44140625e-08
62,train,0.4118953608629996,0.8585526315789473,0.09610274579273693,0.21510791366906476,2.44140625e-08
62,val,0.7608961786565448,0.7024128686327078,0.17248908296943233,0.4965277777777778,2.44140625e-08
63,train,0.4071848832985811,0.868969298245614,0.08724534986713905,0.20215827338129497,2.44140625e-08
63,val,0.7609238614984876,0.7024128686327078,0.17248908296943233,0.4965277777777778,2.44140625e-08
64,train,0.40947809553982917,0.8654057017543859,0.09255978742249779,0.20287769784172663,1.220703125e-08
64,val,0.7609424686943238,0.7024128686327078,0.17248908296943233,0.4965277777777778,1.220703125e-08
65,train,0.4086637473420093,0.8651315789473684,0.09433126660761736,0.20071942446043164,1.220703125e-08
65,val,0.7609355516791664,0.7024128686327078,0.17248908296943233,0.4965277777777778,1.220703125e-08
66,train,0.4051663160585521,0.8585526315789473,0.09654561558901682,0.2143884892086331,1.220703125e-08
66,val,0.7609702804133336,0.7024128686327078,0.17248908296943233,0.4965277777777778,1.220703125e-08
67,train,0.4055655486881733,0.868969298245614,0.08857395925597875,0.2,1.220703125e-08
67,val,0.7609743052449367,0.7024128686327078,0.17248908296943233,0.4965277777777778,1.220703125e-08
68,train,0.4035685369581507,0.8681469298245613,0.08945969884853854,0.20071942446043164,1.220703125e-08
68,val,0.7610617925590228,0.7024128686327078,0.17248908296943233,0.4965277777777778,1.220703125e-08
69,train,0.4106101381282012,0.8601973684210525,0.0987599645704163,0.20647482014388488,1.220703125e-08
69,val,0.7611008684373094,0.7024128686327078,0.17248908296943233,0.4965277777777778,1.220703125e-08
70,train,0.4042046968743466,0.8695175438596491,0.09477413640389726,0.1884892086330935,1.220703125e-08
70,val,0.7611648176694363,0.7024128686327078,0.17248908296943233,0.4965277777777778,1.220703125e-08
71,train,0.4007948340946122,0.8695175438596491,0.091674047829938,0.19352517985611511,1.220703125e-08
71,val,0.761156769124816,0.7024128686327078,0.17248908296943233,0.4965277777777778,1.220703125e-08
72,train,0.40553084460266847,0.8684210526315789,0.09654561558901682,0.1884892086330935,1.220703125e-08
72,val,0.7613028006643137,0.7024128686327078,0.17248908296943233,0.4965277777777778,1.220703125e-08
73,train,0.40546190594894843,0.8681469298245613,0.08901682905225863,0.2014388489208633,1.220703125e-08
73,val,0.7613709664856141,0.7024128686327078,0.17248908296943233,0.4965277777777778,1.220703125e-08
74,train,0.4116481298155952,0.8604714912280701,0.09698848538529672,0.20863309352517986,1.220703125e-08
74,val,0.7613796507065801,0.7024128686327078,0.17248908296943233,0.4965277777777778,1.220703125e-08
75,train,0.4048171326387347,0.8697916666666666,0.09078830823737821,0.19424460431654678,1.220703125e-08
75,val,0.7614031565093483,0.7024128686327078,0.17248908296943233,0.4965277777777778,1.220703125e-08
76,train,0.4115274242664638,0.8645833333333333,0.09433126660761736,0.20215827338129497,1.220703125e-08
76,val,0.7614210545217703,0.7024128686327078,0.17248908296943233,0.4965277777777778,1.220703125e-08
77,train,0.40261572677838176,0.8708881578947368,0.08768821966341896,0.19640287769784173,1.220703125e-08
77,val,0.7614918007607754,0.7024128686327078,0.17248908296943233,0.4965277777777778,1.220703125e-08
78,train,0.40938239374704527,0.8643092105263157,0.10407440212577503,0.18705035971223022,1.220703125e-08
78,val,0.7615940745011092,0.7024128686327078,0.17248908296943233,0.4965277777777778,1.220703125e-08
79,train,0.4042713752571951,0.865953947368421,0.09255978742249779,0.2014388489208633,1.220703125e-08
79,val,0.7617217538823391,0.7024128686327078,0.17248908296943233,0.4965277777777778,1.220703125e-08
80,train,0.4049084674763052,0.8615679824561403,0.09255978742249779,0.21294964028776978,1.220703125e-08
80,val,0.7616409378141245,0.7024128686327078,0.17248908296943233,0.4965277777777778,1.220703125e-08
81,train,0.4039225495959583,0.8640350877192982,0.09388839681133747,0.20431654676258992,1.220703125e-08
81,val,0.7616883235067209,0.7024128686327078,0.17248908296943233,0.4965277777777778,1.220703125e-08
82,train,0.40568371443894874,0.865953947368421,0.08768821966341896,0.2093525179856115,1.220703125e-08
82,val,0.7616258385034412,0.7024128686327078,0.17248908296943233,0.4965277777777778,1.220703125e-08
83,train,0.40587322505419715,0.8640350877192982,0.08857395925597875,0.21294964028776978,1.220703125e-08
83,val,0.761660273928425,0.7024128686327078,0.17248908296943233,0.4965277777777778,1.220703125e-08
84,train,0.402382328910263,0.8645833333333333,0.08857395925597875,0.21151079136690648,1.220703125e-08
84,val,0.7616641115567,0.7024128686327078,0.17248908296943233,0.4965277777777778,1.220703125e-08
85,train,0.41241075190012916,0.8580043859649122,0.09344552701505757,0.220863309352518,1.220703125e-08
85,val,0.7615895670796208,0.7024128686327078,0.17248908296943233,0.4965277777777778,1.220703125e-08
86,train,0.4082231000719363,0.8654057017543859,0.09034543844109831,0.20647482014388488,1.220703125e-08
86,val,0.7616654567360558,0.7024128686327078,0.17248908296943233,0.4965277777777778,1.220703125e-08
87,train,0.41010228812433125,0.8722587719298245,0.08813108945969884,0.1920863309352518,1.220703125e-08
87,val,0.7618865723903953,0.7024128686327078,0.17248908296943233,0.4965277777777778,1.220703125e-08
88,train,0.4072152793799576,0.8632127192982456,0.09565987599645705,0.20359712230215826,1.220703125e-08
88,val,0.7619152987131165,0.7024128686327078,0.17248908296943233,0.4965277777777778,1.220703125e-08
89,train,0.40662371733209546,0.8684210526315789,0.08768821966341896,0.20287769784172663,1.220703125e-08
89,val,0.7618720285374742,0.7024128686327078,0.17248908296943233,0.4965277777777778,1.220703125e-08
90,train,0.40740311466026724,0.8719846491228069,0.08370239149689991,0.2,1.220703125e-08
90,val,0.7619323807171778,0.7024128686327078,0.17248908296943233,0.4965277777777778,1.220703125e-08
91,train,0.40939243072480486,0.8651315789473684,0.08813108945969884,0.21079136690647482,1.220703125e-08
91,val,0.7619485856700519,0.7024128686327078,0.17248908296943233,0.4965277777777778,1.220703125e-08
92,train,0.4059670994940557,0.8643092105263157,0.09211691762621789,0.20647482014388488,1.220703125e-08
92,val,0.7618720948536338,0.7024128686327078,0.17248908296943233,0.4965277777777778,1.220703125e-08
93,train,0.40814506157971264,0.8621162280701754,0.08990256864481842,0.2158273381294964,1.220703125e-08
93,val,0.7618702471895448,0.7024128686327078,0.17248908296943233,0.4965277777777778,1.220703125e-08
94,train,0.40818723748650465,0.8618421052631579,0.09344552701505757,0.21079136690647482,1.220703125e-08
94,val,0.761923055866129,0.7024128686327078,0.17248908296943233,0.4965277777777778,1.220703125e-08
95,train,0.4096674466211545,0.8675986842105262,0.09433126660761736,0.19424460431654678,1.220703125e-08
95,val,0.76168279817213,0.7024128686327078,0.17248908296943233,0.4965277777777778,1.220703125e-08
96,train,0.4059627866535856,0.8662280701754386,0.08591674047829938,0.21151079136690648,1.220703125e-08
96,val,0.7616750362251783,0.7024128686327078,0.17248908296943233,0.4965277777777778,1.220703125e-08
97,train,0.4054913575712003,0.8632127192982456,0.09388839681133747,0.20647482014388488,1.220703125e-08
97,val,0.7616689569509061,0.7024128686327078,0.17248908296943233,0.4965277777777778,1.220703125e-08
98,train,0.39892222379383285,0.8711622807017544,0.08591674047829938,0.1985611510791367,1.220703125e-08
98,val,0.7617713893706294,0.7024128686327078,0.17248908296943233,0.4965277777777778,1.220703125e-08
99,train,0.40040217470704464,0.8678728070175438,0.08680248007085917,0.20575539568345325,1.220703125e-08
99,val,0.7617319649729588,0.7024128686327078,0.17248908296943233,0.4965277777777778,1.220703125e-08
100,train,0.3992663527136309,0.8700657894736842,0.08680248007085917,0.2,1.220703125e-08
100,val,0.7618353584177053,0.7024128686327078,0.17248908296943233,0.4965277777777778,1.220703125e-08
101,train,0.4064514437657699,0.8684210526315789,0.09477413640389726,0.19136690647482013,1.220703125e-08
101,val,0.761931817269517,0.7024128686327078,0.17248908296943233,0.4965277777777778,1.220703125e-08
102,train,0.40594861061688053,0.8670504385964912,0.09255978742249779,0.1985611510791367,1.220703125e-08
102,val,0.7619233109036975,0.7024128686327078,0.17248908296943233,0.4965277777777778,1.220703125e-08
103,train,0.40480316149299606,0.8634868421052632,0.091674047829938,0.2093525179856115,1.220703125e-08
103,val,0.7618601991727588,0.7024128686327078,0.17248908296943233,0.4965277777777778,1.220703125e-08
104,train,0.41384457143252357,0.8667763157894737,0.09034543844109831,0.20287769784172663,1.220703125e-08
104,val,0.7618364039758575,0.7024128686327078,0.17248908296943233,0.4965277777777778,1.220703125e-08
105,train,0.41003570672974254,0.8670504385964912,0.08901682905225863,0.20431654676258992,1.220703125e-08
105,val,0.7617809363408639,0.7024128686327078,0.17248908296943233,0.4965277777777778,1.220703125e-08
106,train,0.40210961824969244,0.8741776315789473,0.08547387068201949,0.19136690647482013,1.220703125e-08
106,val,0.7619482665534952,0.7024128686327078,0.17248908296943233,0.4965277777777778,1.220703125e-08
107,train,0.4080744994183381,0.8665021929824561,0.09255978742249779,0.2,1.220703125e-08
107,val,0.7619277285986228,0.7037533512064343,0.17248908296943233,0.4930555555555556,1.220703125e-08
108,train,0.41021882677287386,0.8654057017543859,0.09344552701505757,0.2014388489208633,1.220703125e-08
108,val,0.7619859283794986,0.7024128686327078,0.17248908296943233,0.4965277777777778,1.220703125e-08
109,train,0.4092709755426959,0.8684210526315789,0.0845881310894597,0.2079136690647482,1.220703125e-08
109,val,0.7618753882899042,0.7024128686327078,0.17248908296943233,0.4965277777777778,1.220703125e-08
110,train,0.40863061813931717,0.8632127192982456,0.09698848538529672,0.2014388489208633,1.220703125e-08
110,val,0.7619150467916085,0.7024128686327078,0.17248908296943233,0.4965277777777778,1.220703125e-08
111,train,0.41061061986705716,0.8634868421052632,0.09388839681133747,0.20575539568345325,1.220703125e-08
111,val,0.7619671864739692,0.7024128686327078,0.17248908296943233,0.4965277777777778,1.220703125e-08
112,train,0.4121220785666976,0.8626644736842105,0.09610274579273693,0.20431654676258992,1.220703125e-08
112,val,0.7619617132335182,0.7024128686327078,0.17248908296943233,0.4965277777777778,1.220703125e-08
113,train,0.40639561342827063,0.8675986842105262,0.08635961027457928,0.20719424460431654,1.220703125e-08
113,val,0.7618727051221014,0.7037533512064343,0.17248908296943233,0.4930555555555556,1.220703125e-08
114,train,0.4084411226866538,0.8637609649122806,0.09388839681133747,0.20503597122302158,1.220703125e-08
114,val,0.762054547307958,0.7037533512064343,0.17248908296943233,0.4930555555555556,1.220703125e-08
115,train,0.40160047994893894,0.8730811403508771,0.09078830823737821,0.1856115107913669,1.220703125e-08
115,val,0.7621524068689218,0.7024128686327078,0.17248908296943233,0.4965277777777778,1.220703125e-08
116,train,0.40230473947891016,0.8733552631578947,0.08370239149689991,0.19640287769784173,1.220703125e-08
116,val,0.762239842248666,0.7024128686327078,0.17248908296943233,0.4965277777777778,1.220703125e-08
117,train,0.40568268214140024,0.8665021929824561,0.08724534986713905,0.20863309352517986,1.220703125e-08
117,val,0.7622209987116243,0.7024128686327078,0.17248908296943233,0.4965277777777778,1.220703125e-08
118,train,0.41304032393453416,0.8615679824561403,0.09433126660761736,0.21007194244604316,1.220703125e-08
118,val,0.7622640005065673,0.7024128686327078,0.17248908296943233,0.4965277777777778,1.220703125e-08
119,train,0.41074595789898904,0.8632127192982456,0.09211691762621789,0.2093525179856115,1.220703125e-08
119,val,0.7623106014313071,0.7024128686327078,0.17248908296943233,0.4965277777777778,1.220703125e-08
120,train,0.4118808919008364,0.8621162280701754,0.09565987599645705,0.20647482014388488,1.220703125e-08
120,val,0.7622675198971746,0.7024128686327078,0.17248908296943233,0.4965277777777778,1.220703125e-08
121,train,0.4123294614908988,0.8673245614035088,0.0845881310894597,0.21079136690647482,1.220703125e-08
121,val,0.7622676908810081,0.7037533512064343,0.17248908296943233,0.4930555555555556,1.220703125e-08
122,train,0.4089223224865763,0.8632127192982456,0.09388839681133747,0.20647482014388488,1.220703125e-08
122,val,0.7621805659887299,0.7037533512064343,0.17248908296943233,0.4930555555555556,1.220703125e-08
123,train,0.4084827893397264,0.8615679824561403,0.09565987599645705,0.2079136690647482,1.220703125e-08
123,val,0.7620954492776068,0.7037533512064343,0.17248908296943233,0.4930555555555556,1.220703125e-08
124,train,0.4005057981662583,0.8714364035087718,0.08635961027457928,0.1971223021582734,1.220703125e-08
124,val,0.7622127072740815,0.7037533512064343,0.17248908296943233,0.4930555555555556,1.220703125e-08
125,train,0.4076266567827317,0.8629385964912281,0.09743135518157661,0.2014388489208633,1.220703125e-08
125,val,0.7622772119639706,0.7037533512064343,0.17248908296943233,0.4930555555555556,1.220703125e-08
126,train,0.4065799654967952,0.8651315789473684,0.09521700620017715,0.19928057553956835,1.220703125e-08
126,val,0.762464676242092,0.7037533512064343,0.17248908296943233,0.4930555555555556,1.220703125e-08
127,train,0.4015804155353914,0.8703399122807017,0.08680248007085917,0.19928057553956835,1.220703125e-08
127,val,0.7624744458109061,0.7037533512064343,0.17248908296943233,0.4930555555555556,1.220703125e-08
128,train,0.40450944156761753,0.8678728070175438,0.08768821966341896,0.20431654676258992,1.220703125e-08
128,val,0.7625116082682367,0.7037533512064343,0.17248908296943233,0.4930555555555556,1.220703125e-08
129,train,0.404645737325936,0.8706140350877193,0.08503100088573959,0.2014388489208633,1.220703125e-08
129,val,0.7624267012120571,0.7037533512064343,0.17248908296943233,0.4930555555555556,1.220703125e-08
130,train,0.40521413604157014,0.8645833333333333,0.09388839681133747,0.20287769784172663,1.220703125e-08
130,val,0.7624093281359838,0.7037533512064343,0.17248908296943233,0.4930555555555556,1.220703125e-08
131,train,0.4007926821839391,0.8695175438596491,0.08813108945969884,0.19928057553956835,1.220703125e-08
131,val,0.7624845344962767,0.7037533512064343,0.17248908296943233,0.4930555555555556,1.220703125e-08
132,train,0.405603998977887,0.8662280701754386,0.09300265721877768,0.2,1.220703125e-08
132,val,0.7624285484766513,0.7037533512064343,0.17248908296943233,0.4930555555555556,1.220703125e-08
133,train,0.4137456207944636,0.8610197368421052,0.09920283436669619,0.20359712230215826,1.220703125e-08
133,val,0.7623319127284809,0.7037533512064343,0.17248908296943233,0.4930555555555556,1.220703125e-08
134,train,0.41108163328547226,0.8621162280701754,0.09255978742249779,0.21151079136690648,1.220703125e-08
134,val,0.7622717423988731,0.7037533512064343,0.17248908296943233,0.4930555555555556,1.220703125e-08
135,train,0.40840074622578787,0.8703399122807017,0.0845881310894597,0.20287769784172663,1.220703125e-08
135,val,0.7622446202081266,0.7037533512064343,0.17248908296943233,0.4930555555555556,1.220703125e-08
136,train,0.39423147922283724,0.8736293859649122,0.08281665190434012,0.1971223021582734,1.220703125e-08
136,val,0.7623851014845493,0.7037533512064343,0.17248908296943233,0.4930555555555556,1.220703125e-08
137,train,0.406042743539601,0.8643092105263157,0.09433126660761736,0.20287769784172663,1.220703125e-08
137,val,0.7623794165117811,0.7037533512064343,0.17248908296943233,0.4930555555555556,1.220703125e-08
138,train,0.4021714919883954,0.8678728070175438,0.09300265721877768,0.19568345323741007,1.220703125e-08
138,val,0.7623919795090008,0.7037533512064343,0.17248908296943233,0.4930555555555556,1.220703125e-08
139,train,0.4034353084862232,0.8706140350877193,0.091674047829938,0.1906474820143885,1.220703125e-08
139,val,0.7624554541411412,0.7037533512064343,0.17248908296943233,0.4930555555555556,1.220703125e-08
140,train,0.40278743129027517,0.8703399122807017,0.09078830823737821,0.19280575539568345,1.220703125e-08
140,val,0.762454881105602,0.7037533512064343,0.17248908296943233,0.4930555555555556,1.220703125e-08
141,train,0.4059154667090951,0.8673245614035088,0.08370239149689991,0.21223021582733814,1.220703125e-08
141,val,0.7623650062499673,0.7037533512064343,0.17248908296943233,0.4930555555555556,1.220703125e-08
142,train,0.4032601150112194,0.8651315789473684,0.08945969884853854,0.20863309352517986,1.220703125e-08
142,val,0.7622814696212237,0.7037533512064343,0.17248908296943233,0.4930555555555556,1.220703125e-08
143,train,0.4042095043941548,0.8645833333333333,0.09255978742249779,0.20503597122302158,1.220703125e-08
143,val,0.7622669035563839,0.7037533512064343,0.17248908296943233,0.4930555555555556,1.220703125e-08
144,train,0.4036607990662257,0.8656798245614035,0.09078830823737821,0.20503597122302158,1.220703125e-08
144,val,0.7623817118498979,0.7037533512064343,0.17248908296943233,0.4930555555555556,1.220703125e-08
145,train,0.4145106613113169,0.8618421052631579,0.09565987599645705,0.20719424460431654,1.220703125e-08
145,val,0.7623215439172596,0.7037533512064343,0.17248908296943233,0.4930555555555556,1.220703125e-08
146,train,0.41575735317249046,0.8588267543859649,0.09698848538529672,0.21294964028776978,1.220703125e-08
146,val,0.762291211065594,0.7037533512064343,0.17248908296943233,0.4930555555555556,1.220703125e-08
147,train,0.40004846636663405,0.8656798245614035,0.09300265721877768,0.2014388489208633,1.220703125e-08
147,val,0.7623083321402604,0.7037533512064343,0.17248908296943233,0.4930555555555556,1.220703125e-08
148,train,0.406793341694171,0.8632127192982456,0.09521700620017715,0.20431654676258992,1.220703125e-08
148,val,0.7623773912322426,0.7037533512064343,0.17248908296943233,0.4930555555555556,1.220703125e-08
149,train,0.4024065510745634,0.8719846491228069,0.08281665190434012,0.2014388489208633,1.220703125e-08
149,val,0.7624233646303336,0.7037533512064343,0.17248908296943233,0.4930555555555556,1.220703125e-08
150,train,0.4080973948564446,0.8670504385964912,0.08680248007085917,0.2079136690647482,1.220703125e-08
150,val,0.7623307089703333,0.7037533512064343,0.17248908296943233,0.4930555555555556,1.220703125e-08
151,train,0.40340679870885715,0.8711622807017544,0.08680248007085917,0.1971223021582734,1.220703125e-08
151,val,0.7624208911174744,0.7037533512064343,0.17248908296943233,0.4930555555555556,1.220703125e-08
152,train,0.4106878155940457,0.8591008771929824,0.09964570416297608,0.2079136690647482,1.220703125e-08
152,val,0.7623603804181792,0.7037533512064343,0.17248908296943233,0.4930555555555556,1.220703125e-08
153,train,0.4063834973463887,0.868969298245614,0.0912311780336581,0.19568345323741007,1.220703125e-08
153,val,0.7624974378631837,0.7037533512064343,0.17248908296943233,0.4930555555555556,1.220703125e-08
154,train,0.4063231903210021,0.8673245614035088,0.09344552701505757,0.19640287769784173,1.220703125e-08
154,val,0.7626015601464954,0.7037533512064343,0.17248908296943233,0.4930555555555556,1.220703125e-08
155,train,0.40823685717687275,0.8673245614035088,0.08591674047829938,0.20863309352517986,1.220703125e-08
155,val,0.7626122335326576,0.7037533512064343,0.17248908296943233,0.4930555555555556,1.220703125e-08
156,train,0.4047690827987696,0.8640350877192982,0.09610274579273693,0.20071942446043164,1.220703125e-08
156,val,0.7625592346165838,0.7037533512064343,0.17248908296943233,0.4930555555555556,1.220703125e-08
157,train,0.41000699970805854,0.8656798245614035,0.09388839681133747,0.2,1.220703125e-08
157,val,0.7626229668430604,0.7037533512064343,0.17248908296943233,0.4930555555555556,1.220703125e-08
158,train,0.40572333956758183,0.865953947368421,0.09565987599645705,0.19640287769784173,1.220703125e-08
158,val,0.7625499442818977,0.7037533512064343,0.17248908296943233,0.4930555555555556,1.220703125e-08
159,train,0.4097660322461212,0.8643092105263157,0.09654561558901682,0.19928057553956835,1.220703125e-08
159,val,0.7624263331973201,0.7037533512064343,0.17248908296943233,0.4930555555555556,1.220703125e-08
160,train,0.40299209181153983,0.8684210526315789,0.08503100088573959,0.20719424460431654,1.220703125e-08
160,val,0.7624665791163815,0.7037533512064343,0.17248908296943233,0.4930555555555556,1.220703125e-08
161,train,0.4092354971196568,0.8640350877192982,0.09654561558901682,0.2,1.220703125e-08
161,val,0.7624344875282001,0.7037533512064343,0.17248908296943233,0.4930555555555556,1.220703125e-08
162,train,0.40832540033417836,0.8675986842105262,0.08990256864481842,0.2014388489208633,1.220703125e-08
162,val,0.7624009898776344,0.7037533512064343,0.17248908296943233,0.4930555555555556,1.220703125e-08
163,train,0.4008433710326228,0.8706140350877193,0.08945969884853854,0.19424460431654678,1.220703125e-08
163,val,0.7624075383986608,0.7037533512064343,0.17248908296943233,0.4930555555555556,1.220703125e-08
164,train,0.4084398865438344,0.8607456140350876,0.09521700620017715,0.21079136690647482,1.220703125e-08
164,val,0.7623072194669586,0.7037533512064343,0.17248908296943233,0.4930555555555556,1.220703125e-08
165,train,0.41029371948618637,0.8637609649122806,0.08724534986713905,0.2158273381294964,1.220703125e-08
165,val,0.7623482640563003,0.7037533512064343,0.17248908296943233,0.4930555555555556,1.220703125e-08
166,train,0.40572004628024605,0.8634868421052632,0.0912311780336581,0.21007194244604316,1.220703125e-08
166,val,0.7624178849979636,0.7037533512064343,0.17248908296943233,0.4930555555555556,1.220703125e-08
167,train,0.40859549963160563,0.8695175438596491,0.08901682905225863,0.19784172661870503,1.220703125e-08
167,val,0.7624467424349235,0.7037533512064343,0.17248908296943233,0.4930555555555556,1.220703125e-08
168,train,0.4057732732933864,0.8706140350877193,0.08635961027457928,0.19928057553956835,1.220703125e-08
168,val,0.7623263760482338,0.7037533512064343,0.17248908296943233,0.4930555555555556,1.220703125e-08
169,train,0.40531902845230017,0.8719846491228069,0.09078830823737821,0.1884892086330935,1.220703125e-08
169,val,0.7624299348838847,0.7037533512064343,0.17248908296943233,0.4930555555555556,1.220703125e-08
170,train,0.40831592496027025,0.8695175438596491,0.09565987599645705,0.18705035971223022,1.220703125e-08
170,val,0.7623492658298073,0.7037533512064343,0.17248908296943233,0.4930555555555556,1.220703125e-08
171,train,0.40254144984901996,0.8744517543859649,0.08813108945969884,0.18633093525179856,1.220703125e-08
171,val,0.7623896731448238,0.7037533512064343,0.17248908296943233,0.4930555555555556,1.220703125e-08
172,train,0.40359918707818315,0.8615679824561403,0.09920283436669619,0.20215827338129497,1.220703125e-08
172,val,0.7625129945156721,0.7037533512064343,0.17248908296943233,0.4930555555555556,1.220703125e-08
173,train,0.40162890692029085,0.8763706140350876,0.08148804251550044,0.1920863309352518,1.220703125e-08
173,val,0.7625396794991582,0.7037533512064343,0.17248908296943233,0.4930555555555556,1.220703125e-08
174,train,0.40052283568340435,0.8722587719298245,0.07883082373782108,0.20719424460431654,1.220703125e-08
174,val,0.762478251559485,0.7037533512064343,0.17248908296943233,0.4930555555555556,1.220703125e-08
175,train,0.408979119700298,0.8626644736842105,0.09078830823737821,0.21294964028776978,1.220703125e-08
175,val,0.7624927554629124,0.7037533512064343,0.17248908296943233,0.4930555555555556,1.220703125e-08
176,train,0.40088609017823873,0.8733552631578947,0.08724534986713905,0.1906474820143885,1.220703125e-08
176,val,0.7625155316281255,0.7037533512064343,0.17248908296943233,0.4930555555555556,1.220703125e-08
177,train,0.40407559131844,0.8643092105263157,0.09698848538529672,0.1985611510791367,1.220703125e-08
177,val,0.7625656640082198,0.7037533512064343,0.17248908296943233,0.4930555555555556,1.220703125e-08
178,train,0.4098139662099512,0.8618421052631579,0.09521700620017715,0.2079136690647482,1.220703125e-08
178,val,0.7625478017905443,0.7037533512064343,0.17248908296943233,0.4930555555555556,1.220703125e-08
179,train,0.40698656858059395,0.8665021929824561,0.09211691762621789,0.20071942446043164,1.220703125e-08
179,val,0.7625927169265441,0.7037533512064343,0.17248908296943233,0.4930555555555556,1.220703125e-08
180,train,0.4021158870636371,0.8695175438596491,0.09034543844109831,0.19568345323741007,1.220703125e-08
180,val,0.7626936426111585,0.7037533512064343,0.17248908296943233,0.4930555555555556,1.220703125e-08
181,train,0.39716820157410804,0.8730811403508771,0.09034543844109831,0.18633093525179856,1.220703125e-08
181,val,0.7627922168685668,0.7037533512064343,0.17248908296943233,0.4930555555555556,1.220703125e-08
182,train,0.40504795391308634,0.8632127192982456,0.09565987599645705,0.20359712230215826,1.220703125e-08
182,val,0.7627596454070656,0.7037533512064343,0.17248908296943233,0.4930555555555556,1.220703125e-08
183,train,0.40628492159017343,0.865953947368421,0.09255978742249779,0.2014388489208633,1.220703125e-08
183,val,0.7627187782733753,0.7037533512064343,0.17248908296943233,0.4930555555555556,1.220703125e-08
184,train,0.40407339856028557,0.8695175438596491,0.08724534986713905,0.20071942446043164,1.220703125e-08
184,val,0.7627933937806546,0.7037533512064343,0.17248908296943233,0.4930555555555556,1.220703125e-08
185,train,0.40812181393828306,0.8645833333333333,0.09078830823737821,0.2079136690647482,1.220703125e-08
185,val,0.7627485466386933,0.7037533512064343,0.17248908296943233,0.4930555555555556,1.220703125e-08
186,train,0.40508917764874924,0.868969298245614,0.09300265721877768,0.19280575539568345,1.220703125e-08
186,val,0.762746714075513,0.7037533512064343,0.17248908296943233,0.4930555555555556,1.220703125e-08
187,train,0.41141689706005546,0.8612938596491228,0.09654561558901682,0.20719424460431654,1.220703125e-08
187,val,0.7628966542734857,0.7037533512064343,0.17248908296943233,0.4930555555555556,1.220703125e-08
188,train,0.40627573025331165,0.8681469298245613,0.0912311780336581,0.19784172661870503,1.220703125e-08
188,val,0.7629238862454412,0.7037533512064343,0.17248908296943233,0.4930555555555556,1.220703125e-08
189,train,0.4059931560043703,0.8665021929824561,0.09743135518157661,0.1920863309352518,1.220703125e-08
189,val,0.762931027616956,0.7037533512064343,0.17248908296943233,0.4930555555555556,1.220703125e-08
190,train,0.41206564754247665,0.8601973684210525,0.09698848538529672,0.2093525179856115,1.220703125e-08
190,val,0.7629838135223287,0.7037533512064343,0.17248908296943233,0.4930555555555556,1.220703125e-08
191,train,0.4067844755686166,0.8673245614035088,0.09388839681133747,0.19568345323741007,1.220703125e-08
191,val,0.7631301028159604,0.7037533512064343,0.17248908296943233,0.4930555555555556,1.220703125e-08
192,train,0.4087090641260147,0.8643092105263157,0.091674047829938,0.20719424460431654,1.220703125e-08
192,val,0.7631634807778428,0.7037533512064343,0.17248908296943233,0.4930555555555556,1.220703125e-08
193,train,0.40158020352062423,0.8703399122807017,0.0841452612931798,0.20359712230215826,1.220703125e-08
193,val,0.7632699346734116,0.7037533512064343,0.17248908296943233,0.4930555555555556,1.220703125e-08
194,train,0.41363931826332156,0.8651315789473684,0.09610274579273693,0.19784172661870503,1.220703125e-08
194,val,0.7633697267511894,0.7037533512064343,0.17248908296943233,0.4930555555555556,1.220703125e-08
195,train,0.4035328441021735,0.8714364035087718,0.08724534986713905,0.19568345323741007,1.220703125e-08
195,val,0.7633859551943659,0.7037533512064343,0.17248908296943233,0.4930555555555556,1.220703125e-08
196,train,0.4037218649397817,0.8656798245614035,0.09388839681133747,0.2,1.220703125e-08
196,val,0.7633861587769863,0.7037533512064343,0.17248908296943233,0.4930555555555556,1.220703125e-08
197,train,0.39958690786570833,0.8711622807017544,0.08724534986713905,0.19640287769784173,1.220703125e-08
197,val,0.7635065807733715,0.7037533512064343,0.17248908296943233,0.4930555555555556,1.220703125e-08
198,train,0.40249300146834893,0.8700657894736842,0.07971656333038087,0.21151079136690648,1.220703125e-08
198,val,0.7634145678208277,0.7037533512064343,0.17248908296943233,0.4930555555555556,1.220703125e-08
199,train,0.4077676569944934,0.8656798245614035,0.08990256864481842,0.20647482014388488,1.220703125e-08
199,val,0.763383208586767,0.7037533512064343,0.17248908296943233,0.4930555555555556,1.220703125e-08
200,train,0.4057042597417246,0.8675986842105262,0.08680248007085917,0.20647482014388488,1.220703125e-08
200,val,0.7633232172308914,0.7037533512064343,0.17248908296943233,0.4930555555555556,1.220703125e-08
201,train,0.4067374256096388,0.8632127192982456,0.09078830823737821,0.21151079136690648,1.220703125e-08
201,val,0.7633027006090486,0.7037533512064343,0.17248908296943233,0.4930555555555556,1.220703125e-08
202,train,0.4035262558936027,0.8684210526315789,0.08768821966341896,0.20287769784172663,1.220703125e-08
202,val,0.7632920725256125,0.7037533512064343,0.17248908296943233,0.4930555555555556,1.220703125e-08
203,train,0.4064599757916049,0.8662280701754386,0.08813108945969884,0.2079136690647482,1.220703125e-08
203,val,0.7632249660849891,0.7037533512064343,0.17248908296943233,0.4930555555555556,1.220703125e-08
204,train,0.4021190523186274,0.8728070175438596,0.08768821966341896,0.19136690647482013,1.220703125e-08
204,val,0.7632962808052912,0.7037533512064343,0.17248908296943233,0.4930555555555556,1.220703125e-08
205,train,0.4095733478142504,0.8604714912280701,0.091674047829938,0.21726618705035972,1.220703125e-08
205,val,0.7632040205653807,0.7037533512064343,0.17248908296943233,0.4930555555555556,1.220703125e-08
206,train,0.41032470043813973,0.8670504385964912,0.08945969884853854,0.20359712230215826,1.220703125e-08
206,val,0.7632233716207919,0.7037533512064343,0.17248908296943233,0.4930555555555556,1.220703125e-08
207,train,0.4082112758698171,0.862390350877193,0.091674047829938,0.21223021582733814,1.220703125e-08
207,val,0.7632877374462403,0.7037533512064343,0.17248908296943233,0.4930555555555556,1.220703125e-08
208,train,0.40418432149709316,0.8684210526315789,0.09078830823737821,0.19784172661870503,1.220703125e-08
208,val,0.763368870234042,0.7037533512064343,0.17248908296943233,0.4930555555555556,1.220703125e-08
209,train,0.4072873991048127,0.8695175438596491,0.08724534986713905,0.20071942446043164,1.220703125e-08
209,val,0.7634019343527009,0.7037533512064343,0.17248908296943233,0.4930555555555556,1.220703125e-08
210,train,0.40389560476729747,0.8695175438596491,0.08990256864481842,0.19640287769784173,1.220703125e-08
210,val,0.7634538044558773,0.7037533512064343,0.17248908296943233,0.4930555555555556,1.220703125e-08
211,train,0.4050450594278804,0.8648574561403508,0.0912311780336581,0.20647482014388488,1.220703125e-08
211,val,0.7633718211433523,0.7037533512064343,0.17248908296943233,0.4930555555555556,1.220703125e-08
212,train,0.40642538437979264,0.8708881578947368,0.08768821966341896,0.19640287769784173,1.220703125e-08
212,val,0.7633971552746546,0.7037533512064343,0.17248908296943233,0.4930555555555556,1.220703125e-08
213,train,0.4037245203528488,0.8703399122807017,0.09211691762621789,0.1906474820143885,1.220703125e-08
213,val,0.7634413565131998,0.7037533512064343,0.17248908296943233,0.4930555555555556,1.220703125e-08
214,train,0.4023836900790532,0.8678728070175438,0.08591674047829938,0.20719424460431654,1.220703125e-08
214,val,0.7633172992726753,0.7037533512064343,0.17248908296943233,0.4930555555555556,1.220703125e-08
215,train,0.4058455965367326,0.8708881578947368,0.08857395925597875,0.1949640287769784,1.220703125e-08
215,val,0.7634238011076367,0.7037533512064343,0.17248908296943233,0.4930555555555556,1.220703125e-08
216,train,0.405975420681531,0.8645833333333333,0.08857395925597875,0.21151079136690648,1.220703125e-08
216,val,0.7634058933475382,0.7037533512064343,0.17248908296943233,0.4930555555555556,1.220703125e-08
217,train,0.405279116803094,0.8673245614035088,0.09255978742249779,0.19784172661870503,1.220703125e-08
217,val,0.7634533647717484,0.7037533512064343,0.17248908296943233,0.4930555555555556,1.220703125e-08
218,train,0.40562467695328225,0.8681469298245613,0.0845881310894597,0.20863309352517986,1.220703125e-08
218,val,0.763342313728128,0.7037533512064343,0.17248908296943233,0.4930555555555556,1.220703125e-08
219,train,0.4091727255206359,0.8667763157894737,0.08591674047829938,0.21007194244604316,1.220703125e-08
219,val,0.7633525123545056,0.7037533512064343,0.17248908296943233,0.4930555555555556,1.220703125e-08
220,train,0.40756598768527047,0.8632127192982456,0.0983170947741364,0.19928057553956835,1.220703125e-08
220,val,0.7632909805461485,0.7037533512064343,0.17248908296943233,0.4930555555555556,1.220703125e-08
221,train,0.4022753746493867,0.8692434210526315,0.09034543844109831,0.19640287769784173,1.220703125e-08
221,val,0.7631989594439079,0.7037533512064343,0.17248908296943233,0.4930555555555556,1.220703125e-08
222,train,0.4034918845353419,0.8711622807017544,0.08591674047829938,0.1985611510791367,1.220703125e-08
222,val,0.763195702761172,0.7037533512064343,0.17248908296943233,0.4930555555555556,1.220703125e-08
223,train,0.4045348777844195,0.8752741228070174,0.07617360496014172,0.20359712230215826,1.220703125e-08
223,val,0.7632395490884142,0.7037533512064343,0.17248908296943233,0.4930555555555556,1.220703125e-08
224,train,0.40205283038187445,0.8656798245614035,0.09787422497785651,0.19352517985611511,1.220703125e-08
224,val,0.7633483266063414,0.7037533512064343,0.17248908296943233,0.4930555555555556,1.220703125e-08
225,train,0.407569027522154,0.8634868421052632,0.09433126660761736,0.20503597122302158,1.220703125e-08
225,val,0.7633172898445948,0.7037533512064343,0.17248908296943233,0.4930555555555556,1.220703125e-08
226,train,0.40682978346421006,0.8643092105263157,0.08990256864481842,0.21007194244604316,1.220703125e-08
226,val,0.763328641413364,0.7037533512064343,0.17248908296943233,0.4930555555555556,1.220703125e-08
227,train,0.4065556554287149,0.868969298245614,0.08768821966341896,0.2014388489208633,1.220703125e-08
227,val,0.7632139601592404,0.7037533512064343,0.17248908296943233,0.4930555555555556,1.220703125e-08
228,train,0.4075853241640225,0.8645833333333333,0.09034543844109831,0.20863309352517986,1.220703125e-08
228,val,0.7632365407317317,0.7037533512064343,0.17248908296943233,0.4930555555555556,1.220703125e-08
229,train,0.40518462246185855,0.8621162280701754,0.09698848538529672,0.20431654676258992,1.220703125e-08
229,val,0.7631602504617727,0.7037533512064343,0.17248908296943233,0.4930555555555556,1.220703125e-08
230,train,0.4024821496323535,0.8728070175438596,0.08990256864481842,0.18776978417266188,1.220703125e-08
230,val,0.7631326028552835,0.7037533512064343,0.17248908296943233,0.4930555555555556,1.220703125e-08
231,train,0.4101532740158993,0.8681469298245613,0.0912311780336581,0.19784172661870503,1.220703125e-08
231,val,0.7631094078595773,0.7037533512064343,0.17248908296943233,0.4930555555555556,1.220703125e-08
232,train,0.40517551922484446,0.8697916666666666,0.08547387068201949,0.20287769784172663,1.220703125e-08
232,val,0.763173623954323,0.7037533512064343,0.17248908296943233,0.4930555555555556,1.220703125e-08
233,train,0.40519096793835624,0.8722587719298245,0.09433126660761736,0.18201438848920864,1.220703125e-08
233,val,0.7632443693943382,0.7037533512064343,0.17248908296943233,0.4930555555555556,1.220703125e-08
234,train,0.4089842040679957,0.8645833333333333,0.09034543844109831,0.20863309352517986,1.220703125e-08
234,val,0.7632388749007565,0.7037533512064343,0.17248908296943233,0.4930555555555556,1.220703125e-08
235,train,0.4092256451646487,0.8648574561403508,0.09034543844109831,0.2079136690647482,1.220703125e-08
235,val,0.7632464672221575,0.7037533512064343,0.17248908296943233,0.4930555555555556,1.220703125e-08
236,train,0.4047983902457513,0.8662280701754386,0.09743135518157661,0.19280575539568345,1.220703125e-08
236,val,0.7632872324846385,0.7037533512064343,0.17248908296943233,0.4930555555555556,1.220703125e-08
237,train,0.4075622457945556,0.8615679824561403,0.09787422497785651,0.20431654676258992,1.220703125e-08
237,val,0.7632066249527816,0.7037533512064343,0.17248908296943233,0.4930555555555556,1.220703125e-08
238,train,0.4039122959631577,0.875548245614035,0.0841452612931798,0.18992805755395684,1.220703125e-08
238,val,0.7633000084925593,0.7037533512064343,0.17248908296943233,0.4930555555555556,1.220703125e-08
239,train,0.40901292050093935,0.8637609649122806,0.09388839681133747,0.20503597122302158,1.220703125e-08
239,val,0.7633566060590361,0.7037533512064343,0.17248908296943233,0.4930555555555556,1.220703125e-08
240,train,0.40880221566348746,0.8656798245614035,0.09211691762621789,0.20287769784172663,1.220703125e-08
240,val,0.7632453495951185,0.7037533512064343,0.17248908296943233,0.4930555555555556,1.220703125e-08
241,train,0.40709458252317027,0.8629385964912281,0.08901682905225863,0.21510791366906476,1.220703125e-08
241,val,0.7632507373436527,0.7037533512064343,0.17248908296943233,0.4930555555555556,1.220703125e-08
242,train,0.40307514800837163,0.8665021929824561,0.09300265721877768,0.19928057553956835,1.220703125e-08
242,val,0.7632705869687466,0.7037533512064343,0.17248908296943233,0.4930555555555556,1.220703125e-08
243,train,0.40206107203113406,0.8730811403508771,0.0841452612931798,0.19640287769784173,1.220703125e-08
243,val,0.7632523663242126,0.7037533512064343,0.17248908296943233,0.4930555555555556,1.220703125e-08
244,train,0.40001853660010456,0.8675986842105262,0.08635961027457928,0.20719424460431654,1.220703125e-08
244,val,0.7633601382334814,0.7037533512064343,0.17248908296943233,0.4930555555555556,1.220703125e-08
245,train,0.40867074056152713,0.8640350877192982,0.09477413640389726,0.20287769784172663,1.220703125e-08
245,val,0.763318580532841,0.7037533512064343,0.17248908296943233,0.4930555555555556,1.220703125e-08
246,train,0.412268951404513,0.8588267543859649,0.09521700620017715,0.2158273381294964,1.220703125e-08
246,val,0.7631464822682235,0.7037533512064343,0.17248908296943233,0.4930555555555556,1.220703125e-08
247,train,0.40498439693137217,0.8722587719298245,0.09034543844109831,0.1884892086330935,1.220703125e-08
247,val,0.7631623153712092,0.7037533512064343,0.17248908296943233,0.4930555555555556,1.220703125e-08
248,train,0.4072162865154576,0.8648574561403508,0.09521700620017715,0.2,1.220703125e-08
248,val,0.7632114858473913,0.7037533512064343,0.17248908296943233,0.4930555555555556,1.220703125e-08
249,train,0.408147749343985,0.8615679824561403,0.09565987599645705,0.2079136690647482,1.220703125e-08
249,val,0.7632392884579166,0.7037533512064343,0.17248908296943233,0.4930555555555556,1.220703125e-08
250,train,0.40383793243713545,0.8648574561403508,0.09255978742249779,0.20431654676258992,1.220703125e-08
250,val,0.7632796406426314,0.7037533512064343,0.17248908296943233,0.4930555555555556,1.220703125e-08
251,train,0.4135510192105645,0.8656798245614035,0.08990256864481842,0.20647482014388488,1.220703125e-08
251,val,0.7632748671575142,0.7037533512064343,0.17248908296943233,0.4930555555555556,1.220703125e-08
252,train,0.4053509150419319,0.8648574561403508,0.08724534986713905,0.21294964028776978,1.220703125e-08
252,val,0.763226885738066,0.7037533512064343,0.17248908296943233,0.4930555555555556,1.220703125e-08
253,train,0.4054372410633062,0.8629385964912281,0.0987599645704163,0.19928057553956835,1.220703125e-08
253,val,0.7633278759810624,0.7037533512064343,0.17248908296943233,0.4930555555555556,1.220703125e-08
254,train,0.4064328894019127,0.8601973684210525,0.09344552701505757,0.21510791366906476,1.220703125e-08
254,val,0.7633122573269596,0.7037533512064343,0.17248908296943233,0.4930555555555556,1.220703125e-08
255,train,0.4017521305042401,0.8637609649122806,0.09920283436669619,0.19640287769784173,1.220703125e-08
255,val,0.7634915845323823,0.7037533512064343,0.17248908296943233,0.4930555555555556,1.220703125e-08
256,train,0.40522043080183495,0.8654057017543859,0.08990256864481842,0.20719424460431654,1.220703125e-08
256,val,0.7634792788099029,0.7037533512064343,0.17248908296943233,0.4930555555555556,1.220703125e-08
257,train,0.4099236262733476,0.8618421052631579,0.09654561558901682,0.20575539568345325,1.220703125e-08
257,val,0.7634613613021278,0.7037533512064343,0.17248908296943233,0.4930555555555556,1.220703125e-08
258,train,0.40874671720360456,0.8637609649122806,0.08768821966341896,0.21510791366906476,1.220703125e-08
258,val,0.7634765948431101,0.7037533512064343,0.17248908296943233,0.4930555555555556,1.220703125e-08
259,train,0.3990372093231009,0.8678728070175438,0.09521700620017715,0.1920863309352518,1.220703125e-08
259,val,0.7635141750123482,0.7037533512064343,0.17248908296943233,0.4930555555555556,1.220703125e-08
260,train,0.4067977700186403,0.862390350877193,0.09255978742249779,0.21079136690647482,1.220703125e-08
260,val,0.7633558206519876,0.7037533512064343,0.17248908296943233,0.4930555555555556,1.220703125e-08
261,train,0.408967058517431,0.8654057017543859,0.0912311780336581,0.20503597122302158,1.220703125e-08
261,val,0.7632930574404331,0.7037533512064343,0.17248908296943233,0.4930555555555556,1.220703125e-08
262,train,0.40941368971477476,0.865953947368421,0.09344552701505757,0.2,1.220703125e-08
262,val,0.7633633677505616,0.7037533512064343,0.17248908296943233,0.4930555555555556,1.220703125e-08
263,train,0.40747676554479095,0.8667763157894737,0.08768821966341896,0.20719424460431654,1.220703125e-08
263,val,0.7632940077589919,0.7037533512064343,0.17248908296943233,0.4930555555555556,1.220703125e-08
264,train,0.39923521941691115,0.8681469298245613,0.08724534986713905,0.20431654676258992,1.220703125e-08
264,val,0.7632803726771562,0.7037533512064343,0.17248908296943233,0.4930555555555556,1.220703125e-08
265,train,0.40098840978584793,0.8708881578947368,0.08945969884853854,0.19352517985611511,1.220703125e-08
265,val,0.7632757955837506,0.7037533512064343,0.17248908296943233,0.4930555555555556,1.220703125e-08
266,train,0.40004025275508565,0.8733552631578947,0.08237378210806023,0.1985611510791367,1.220703125e-08
266,val,0.763236461471936,0.7037533512064343,0.17248908296943233,0.4930555555555556,1.220703125e-08
267,train,0.40448289743640964,0.8667763157894737,0.09078830823737821,0.20215827338129497,1.220703125e-08
267,val,0.763288114889058,0.7037533512064343,0.17248908296943233,0.4930555555555556,1.220703125e-08
268,train,0.40661136224343064,0.868969298245614,0.08857395925597875,0.2,1.220703125e-08
268,val,0.7633664123014854,0.7037533512064343,0.17248908296943233,0.4930555555555556,1.220703125e-08
269,train,0.41149864149721044,0.8670504385964912,0.08724534986713905,0.20719424460431654,1.220703125e-08
269,val,0.7633210636335788,0.7037533512064343,0.17248908296943233,0.4930555555555556,1.220703125e-08
270,train,0.40680699213816407,0.8662280701754386,0.09211691762621789,0.2014388489208633,1.220703125e-08
270,val,0.7632613412176955,0.7037533512064343,0.17248908296943233,0.4930555555555556,1.220703125e-08
271,train,0.40686715407329693,0.868969298245614,0.08768821966341896,0.2014388489208633,1.220703125e-08
271,val,0.7632750065013487,0.7037533512064343,0.17248908296943233,0.4930555555555556,1.220703125e-08
272,train,0.4053792748273465,0.8670504385964912,0.09078830823737821,0.2014388489208633,1.220703125e-08
272,val,0.763293270930528,0.7037533512064343,0.17248908296943233,0.4930555555555556,1.220703125e-08
273,train,0.40688478835580644,0.8675986842105262,0.091674047829938,0.1985611510791367,1.220703125e-08
273,val,0.7633298071395935,0.7037533512064343,0.17248908296943233,0.4930555555555556,1.220703125e-08
274,train,0.4121700240985343,0.8612938596491228,0.09388839681133747,0.21151079136690648,1.220703125e-08
274,val,0.7633598074516726,0.7037533512064343,0.17248908296943233,0.4930555555555556,1.220703125e-08
275,train,0.41048464283608554,0.8654057017543859,0.08945969884853854,0.2079136690647482,1.220703125e-08
275,val,0.7633556875402742,0.7037533512064343,0.17248908296943233,0.4930555555555556,1.220703125e-08
276,train,0.405457409915694,0.8706140350877193,0.08901682905225863,0.1949640287769784,1.220703125e-08
276,val,0.7633520968797699,0.7037533512064343,0.17248908296943233,0.4930555555555556,1.220703125e-08
277,train,0.40563282723489563,0.8634868421052632,0.09654561558901682,0.2014388489208633,1.220703125e-08
277,val,0.7632934618891084,0.7037533512064343,0.17248908296943233,0.4930555555555556,1.220703125e-08
278,train,0.3995853965088986,0.8717105263157894,0.08945969884853854,0.19136690647482013,1.220703125e-08
278,val,0.7632171565981397,0.7037533512064343,0.17248908296943233,0.4930555555555556,1.220703125e-08
279,train,0.40388633415364383,0.8670504385964912,0.09300265721877768,0.19784172661870503,1.220703125e-08
279,val,0.7632495917519679,0.7037533512064343,0.17248908296943233,0.4930555555555556,1.220703125e-08
280,train,0.408966765003769,0.8678728070175438,0.08857395925597875,0.20287769784172663,1.220703125e-08
280,val,0.7632418473028945,0.7037533512064343,0.17248908296943233,0.4930555555555556,1.220703125e-08
281,train,0.4033212425808112,0.8662280701754386,0.09521700620017715,0.19640287769784173,1.220703125e-08
281,val,0.7633419553012695,0.7037533512064343,0.17248908296943233,0.4930555555555556,1.220703125e-08
282,train,0.403130684962921,0.8695175438596491,0.08901682905225863,0.19784172661870503,1.220703125e-08
282,val,0.7633023591207755,0.7037533512064343,0.17248908296943233,0.4930555555555556,1.220703125e-08
283,train,0.40829377301168024,0.8621162280701754,0.09654561558901682,0.20503597122302158,1.220703125e-08
283,val,0.7633682868915332,0.7037533512064343,0.17248908296943233,0.4930555555555556,1.220703125e-08
284,train,0.41357368988948956,0.865953947368421,0.09433126660761736,0.1985611510791367,1.220703125e-08
284,val,0.7633848516295487,0.7037533512064343,0.17248908296943233,0.4930555555555556,1.220703125e-08
285,train,0.40954446903707686,0.8610197368421052,0.09743135518157661,0.20647482014388488,1.220703125e-08
285,val,0.7632947965217979,0.7037533512064343,0.17248908296943233,0.4930555555555556,1.220703125e-08
286,train,0.40313507603448734,0.868969298245614,0.09211691762621789,0.19424460431654678,1.220703125e-08
286,val,0.7634434594545544,0.7037533512064343,0.17248908296943233,0.4930555555555556,1.220703125e-08
287,train,0.404948520294407,0.8667763157894737,0.09388839681133747,0.1971223021582734,1.220703125e-08
287,val,0.7634853282818526,0.7037533512064343,0.17248908296943233,0.4930555555555556,1.220703125e-08
288,train,0.39940361123074564,0.8706140350877193,0.08990256864481842,0.19352517985611511,1.220703125e-08
288,val,0.763576580755832,0.7037533512064343,0.17248908296943233,0.4930555555555556,1.220703125e-08
289,train,0.4106060916133094,0.868969298245614,0.08237378210806023,0.21007194244604316,1.220703125e-08
289,val,0.7636169473223647,0.7037533512064343,0.17248908296943233,0.4930555555555556,1.220703125e-08
290,train,0.400804472074174,0.8717105263157894,0.08768821966341896,0.19424460431654678,1.220703125e-08
290,val,0.7637405703917904,0.7037533512064343,0.17248908296943233,0.4930555555555556,1.220703125e-08
291,train,0.4086204071186091,0.8667763157894737,0.08857395925597875,0.20575539568345325,1.220703125e-08
291,val,0.7637629657584285,0.7050938337801609,0.1703056768558952,0.4930555555555556,1.220703125e-08
292,train,0.41337262754116144,0.8643092105263157,0.09565987599645705,0.20071942446043164,1.220703125e-08
292,val,0.7638849698346677,0.7050938337801609,0.1703056768558952,0.4930555555555556,1.220703125e-08
293,train,0.41060846749889224,0.8604714912280701,0.09787422497785651,0.20719424460431654,1.220703125e-08
293,val,0.7638591219528751,0.7037533512064343,0.17248908296943233,0.4930555555555556,1.220703125e-08
294,train,0.4071244337971796,0.8662280701754386,0.09477413640389726,0.1971223021582734,1.220703125e-08
294,val,0.7638395133031277,0.7037533512064343,0.17248908296943233,0.4930555555555556,1.220703125e-08
295,train,0.40418394099463495,0.8670504385964912,0.08768821966341896,0.20647482014388488,1.220703125e-08
295,val,0.7638076674842323,0.7037533512064343,0.17248908296943233,0.4930555555555556,1.220703125e-08
296,train,0.41187410180767375,0.8651315789473684,0.08945969884853854,0.20863309352517986,1.220703125e-08
296,val,0.7638305551884321,0.7037533512064343,0.17248908296943233,0.4930555555555556,1.220703125e-08
297,train,0.4080228900308149,0.8673245614035088,0.08945969884853854,0.20287769784172663,1.220703125e-08
297,val,0.763870481511543,0.7037533512064343,0.17248908296943233,0.4930555555555556,1.220703125e-08
298,train,0.40812403708696365,0.8615679824561403,0.09433126660761736,0.21007194244604316,1.220703125e-08
298,val,0.763818266404538,0.7037533512064343,0.17248908296943233,0.4930555555555556,1.220703125e-08
299,train,0.40728531817072317,0.8673245614035088,0.08813108945969884,0.20503597122302158,1.220703125e-08
299,val,0.7637098151940762,0.7037533512064343,0.17248908296943233,0.4930555555555556,1.220703125e-08
300,train,0.40698225208018957,0.8654057017543859,0.08635961027457928,0.21294964028776978,1.220703125e-08
300,val,0.7636117762598851,0.7037533512064343,0.17248908296943233,0.4930555555555556,1.220703125e-08
301,train,0.40790856178653867,0.8656798245614035,0.09433126660761736,0.19928057553956835,1.220703125e-08
301,val,0.7635074668531443,0.7037533512064343,0.17248908296943233,0.4930555555555556,1.220703125e-08
302,train,0.40172904997802616,0.8708881578947368,0.08724534986713905,0.1971223021582734,1.220703125e-08
302,val,0.7634699301489556,0.7037533512064343,0.17248908296943233,0.4930555555555556,1.220703125e-08
303,train,0.4063236203632857,0.8632127192982456,0.08945969884853854,0.21366906474820144,1.220703125e-08
303,val,0.7635307593256155,0.7037533512064343,0.17248908296943233,0.4930555555555556,1.220703125e-08
304,train,0.40150522479885503,0.8697916666666666,0.08857395925597875,0.19784172661870503,1.220703125e-08
304,val,0.7635495605161938,0.7037533512064343,0.17248908296943233,0.4930555555555556,1.220703125e-08
305,train,0.4050416925497222,0.8700657894736842,0.08547387068201949,0.20215827338129497,1.220703125e-08
305,val,0.7634562912319685,0.7037533512064343,0.17248908296943233,0.4930555555555556,1.220703125e-08
306,train,0.40901963085981835,0.8634868421052632,0.091674047829938,0.2093525179856115,1.220703125e-08
306,val,0.7633704624610675,0.7037533512064343,0.17248908296943233,0.4930555555555556,1.220703125e-08
307,train,0.39741104331455734,0.8730811403508771,0.08813108945969884,0.18992805755395684,1.220703125e-08
307,val,0.7634357974612361,0.7037533512064343,0.17248908296943233,0.4930555555555556,1.220703125e-08
308,train,0.4077346000755042,0.8585526315789473,0.10097431355181577,0.20719424460431654,1.220703125e-08
308,val,0.7634507475206104,0.7050938337801609,0.1703056768558952,0.4930555555555556,1.220703125e-08
309,train,0.4071624020212575,0.8662280701754386,0.09034543844109831,0.20431654676258992,1.220703125e-08
309,val,0.7634154648467619,0.7050938337801609,0.1703056768558952,0.4930555555555556,1.220703125e-08
310,train,0.4074452324002458,0.8667763157894737,0.08813108945969884,0.20647482014388488,1.220703125e-08
310,val,0.7634153869452489,0.7037533512064343,0.17248908296943233,0.4930555555555556,1.220703125e-08
311,train,0.4025860554293582,0.8640350877192982,0.09521700620017715,0.20215827338129497,1.220703125e-08
311,val,0.7634586640721032,0.7037533512064343,0.17248908296943233,0.4930555555555556,1.220703125e-08
312,train,0.4069354166848618,0.8703399122807017,0.07971656333038087,0.21079136690647482,1.220703125e-08
312,val,0.7633607020007381,0.7037533512064343,0.17248908296943233,0.4930555555555556,1.220703125e-08
313,train,0.40779313000670653,0.8670504385964912,0.09211691762621789,0.19928057553956835,1.220703125e-08
313,val,0.7633829871067732,0.7037533512064343,0.17248908296943233,0.4930555555555556,1.220703125e-08
314,train,0.40633130733642664,0.8667763157894737,0.091674047829938,0.20071942446043164,1.220703125e-08
314,val,0.763366195375734,0.7037533512064343,0.17248908296943233,0.4930555555555556,1.220703125e-08
315,train,0.40467050514723124,0.8703399122807017,0.08591674047829938,0.20071942446043164,1.220703125e-08
315,val,0.7633834952643346,0.7037533512064343,0.17248908296943233,0.4930555555555556,1.220703125e-08
316,train,0.3995226471962636,0.875548245614035,0.08104517271922054,0.1949640287769784,1.220703125e-08
316,val,0.7633590190084626,0.7037533512064343,0.17248908296943233,0.4930555555555556,1.220703125e-08
317,train,0.40691638456886275,0.8654057017543859,0.0912311780336581,0.20503597122302158,1.220703125e-08
317,val,0.7632460686860072,0.7037533512064343,0.17248908296943233,0.4930555555555556,1.220703125e-08
318,train,0.3993704772570677,0.8714364035087718,0.08680248007085917,0.19640287769784173,1.220703125e-08
318,val,0.7632591168298798,0.7037533512064343,0.17248908296943233,0.4930555555555556,1.220703125e-08
319,train,0.40738048495953544,0.868969298245614,0.08768821966341896,0.2014388489208633,1.220703125e-08
319,val,0.7631388579872275,0.7037533512064343,0.17248908296943233,0.4930555555555556,1.220703125e-08
320,train,0.40137466082447454,0.8675986842105262,0.08724534986713905,0.20575539568345325,1.220703125e-08
320,val,0.7631069688630807,0.7037533512064343,0.17248908296943233,0.4930555555555556,1.220703125e-08
321,train,0.4073723668984154,0.8681469298245613,0.0912311780336581,0.19784172661870503,1.220703125e-08
321,val,0.7629615910570998,0.7037533512064343,0.17248908296943233,0.4930555555555556,1.220703125e-08
322,train,0.40169662230631764,0.8717105263157894,0.08857395925597875,0.19280575539568345,1.220703125e-08
322,val,0.7629986739350388,0.7037533512064343,0.17248908296943233,0.4930555555555556,1.220703125e-08
323,train,0.4002284691260572,0.8717105263157894,0.09034543844109831,0.18992805755395684,1.220703125e-08
323,val,0.763031154151896,0.7037533512064343,0.17248908296943233,0.4930555555555556,1.220703125e-08
324,train,0.4059695921054012,0.8654057017543859,0.08813108945969884,0.21007194244604316,1.220703125e-08
324,val,0.7630108415920677,0.7037533512064343,0.17248908296943233,0.4930555555555556,1.220703125e-08
325,train,0.40457038319947425,0.8684210526315789,0.0912311780336581,0.1971223021582734,1.220703125e-08
325,val,0.7630787028384273,0.7037533512064343,0.17248908296943233,0.4930555555555556,1.220703125e-08
326,train,0.40716358176187467,0.8643092105263157,0.08635961027457928,0.2158273381294964,1.220703125e-08
326,val,0.76307986121395,0.7037533512064343,0.17248908296943233,0.4930555555555556,1.220703125e-08
327,train,0.406874812355167,0.8700657894736842,0.09034543844109831,0.19424460431654678,1.220703125e-08
327,val,0.7631058365346279,0.7037533512064343,0.17248908296943233,0.4930555555555556,1.220703125e-08
328,train,0.4075038108909339,0.8607456140350876,0.09344552701505757,0.21366906474820144,1.220703125e-08
328,val,0.7630142996202525,0.7037533512064343,0.17248908296943233,0.4930555555555556,1.220703125e-08
329,train,0.4034446321035686,0.8708881578947368,0.08591674047829938,0.19928057553956835,1.220703125e-08
329,val,0.7630407640825327,0.7037533512064343,0.17248908296943233,0.4930555555555556,1.220703125e-08
330,train,0.4096096099207276,0.8621162280701754,0.091674047829938,0.21294964028776978,1.220703125e-08
330,val,0.7630280003790562,0.7037533512064343,0.17248908296943233,0.4930555555555556,1.220703125e-08
331,train,0.4087210294970295,0.8686951754385964,0.08635961027457928,0.20431654676258992,1.220703125e-08
331,val,0.7630505528271039,0.7037533512064343,0.17248908296943233,0.4930555555555556,1.220703125e-08
332,train,0.4026783940039183,0.868969298245614,0.08990256864481842,0.19784172661870503,1.220703125e-08
332,val,0.7630767558598965,0.7037533512064343,0.17248908296943233,0.4930555555555556,1.220703125e-08
333,train,0.4114890210984046,0.8640350877192982,0.08813108945969884,0.21366906474820144,1.220703125e-08
333,val,0.7628953089343319,0.7037533512064343,0.17248908296943233,0.4930555555555556,1.220703125e-08
334,train,0.4151451264818509,0.8610197368421052,0.09211691762621789,0.21510791366906476,1.220703125e-08
334,val,0.7628984238762638,0.7037533512064343,0.17248908296943233,0.4930555555555556,1.220703125e-08
335,train,0.40804100847035124,0.8670504385964912,0.08901682905225863,0.20431654676258992,1.220703125e-08
335,val,0.7629946457476782,0.7037533512064343,0.17248908296943233,0.4930555555555556,1.220703125e-08
336,train,0.40632899595718636,0.8665021929824561,0.09344552701505757,0.1985611510791367,1.220703125e-08
336,val,0.7629984171396925,0.7037533512064343,0.17248908296943233,0.4930555555555556,1.220703125e-08
337,train,0.39893598442799166,0.8739035087719298,0.0841452612931798,0.19424460431654678,1.220703125e-08
337,val,0.763106249772192,0.7037533512064343,0.17248908296943233,0.4930555555555556,1.220703125e-08
338,train,0.4025518527548564,0.8673245614035088,0.09034543844109831,0.2014388489208633,1.220703125e-08
338,val,0.7630342711712016,0.7037533512064343,0.17248908296943233,0.4930555555555556,1.220703125e-08
339,train,0.41543628510675934,0.856907894736842,0.09964570416297608,0.21366906474820144,1.220703125e-08
339,val,0.7629299122270886,0.7037533512064343,0.17248908296943233,0.4930555555555556,1.220703125e-08
340,train,0.4058421064625707,0.8662280701754386,0.08813108945969884,0.2079136690647482,1.220703125e-08
340,val,0.7628253185397499,0.7037533512064343,0.17248908296943233,0.4930555555555556,1.220703125e-08
341,train,0.4096960807055758,0.8643092105263157,0.09743135518157661,0.19784172661870503,1.220703125e-08
341,val,0.762733448286798,0.7037533512064343,0.17248908296943233,0.4930555555555556,1.220703125e-08
342,train,0.40181730491550344,0.8673245614035088,0.0845881310894597,0.21079136690647482,1.220703125e-08
342,val,0.7627953076810045,0.7037533512064343,0.17248908296943233,0.4930555555555556,1.220703125e-08
343,train,0.4107570885435531,0.859923245614035,0.09388839681133747,0.21510791366906476,1.220703125e-08
343,val,0.762874328418967,0.7037533512064343,0.17248908296943233,0.4930555555555556,1.220703125e-08
344,train,0.402209353616886,0.8703399122807017,0.08547387068201949,0.2014388489208633,1.220703125e-08
344,val,0.7628711433257238,0.7037533512064343,0.17248908296943233,0.4930555555555556,1.220703125e-08
345,train,0.41178756664719496,0.8574561403508771,0.09787422497785651,0.21510791366906476,1.220703125e-08
345,val,0.7628991771639192,0.7037533512064343,0.17248908296943233,0.4930555555555556,1.220703125e-08
346,train,0.4082680351117201,0.8596491228070176,0.09698848538529672,0.21079136690647482,1.220703125e-08
346,val,0.7628772428144399,0.7037533512064343,0.17248908296943233,0.4930555555555556,1.220703125e-08
347,train,0.4058719134252322,0.8700657894736842,0.08990256864481842,0.1949640287769784,1.220703125e-08
347,val,0.7628743739613899,0.7037533512064343,0.17248908296943233,0.4930555555555556,1.220703125e-08
348,train,0.40610525129657044,0.8684210526315789,0.08857395925597875,0.2014388489208633,1.220703125e-08
348,val,0.7628616022680145,0.7037533512064343,0.17248908296943233,0.4930555555555556,1.220703125e-08
349,train,0.4083249770889157,0.865953947368421,0.09078830823737821,0.20431654676258992,1.220703125e-08
349,val,0.7628801444260748,0.7037533512064343,0.17248908296943233,0.4930555555555556,1.220703125e-08
350,train,0.40342716467485096,0.8706140350877193,0.08281665190434012,0.20503597122302158,1.220703125e-08
350,val,0.7629069417475376,0.7037533512064343,0.17248908296943233,0.4930555555555556,1.220703125e-08
351,train,0.4069918173185566,0.8626644736842105,0.09698848538529672,0.20287769784172663,1.220703125e-08
351,val,0.7629863140410457,0.7037533512064343,0.17248908296943233,0.4930555555555556,1.220703125e-08
352,train,0.41112149846658375,0.8645833333333333,0.09610274579273693,0.19928057553956835,1.220703125e-08
352,val,0.762912515181319,0.7037533512064343,0.17248908296943233,0.4930555555555556,1.220703125e-08
353,train,0.39882754501804973,0.8730811403508771,0.0841452612931798,0.19640287769784173,1.220703125e-08
353,val,0.7629903335993156,0.7037533512064343,0.17248908296943233,0.4930555555555556,1.220703125e-08
354,train,0.40176740380232795,0.8667763157894737,0.08680248007085917,0.20863309352517986,1.220703125e-08
354,val,0.7630081737648706,0.7037533512064343,0.17248908296943233,0.4930555555555556,1.220703125e-08
355,train,0.40711114614417676,0.8700657894736842,0.09034543844109831,0.19424460431654678,1.220703125e-08
355,val,0.7630244618126918,0.7037533512064343,0.17248908296943233,0.4930555555555556,1.220703125e-08
356,train,0.40265234108818204,0.8686951754385964,0.08768821966341896,0.20215827338129497,1.220703125e-08
356,val,0.7630890692526789,0.7037533512064343,0.17248908296943233,0.4930555555555556,1.220703125e-08
357,train,0.4036385888201103,0.8656798245614035,0.09654561558901682,0.19568345323741007,1.220703125e-08
357,val,0.7630781731081392,0.7037533512064343,0.17248908296943233,0.4930555555555556,1.220703125e-08
358,train,0.4011331943043491,0.8714364035087718,0.09388839681133747,0.18489208633093526,1.220703125e-08
358,val,0.7630650896489141,0.7037533512064343,0.17248908296943233,0.4930555555555556,1.220703125e-08
359,train,0.40919079585817825,0.8629385964912281,0.09964570416297608,0.19784172661870503,1.220703125e-08
359,val,0.7630194491100055,0.7037533512064343,0.17248908296943233,0.4930555555555556,1.220703125e-08
360,train,0.4083337257044357,0.8637609649122806,0.0912311780336581,0.2093525179856115,1.220703125e-08
360,val,0.763150207159027,0.7037533512064343,0.17248908296943233,0.4930555555555556,1.220703125e-08
361,train,0.40567342721317945,0.8656798245614035,0.09034543844109831,0.20575539568345325,1.220703125e-08
361,val,0.7631193063853573,0.7037533512064343,0.17248908296943233,0.4930555555555556,1.220703125e-08
362,train,0.4091239975471246,0.8673245614035088,0.08768821966341896,0.20575539568345325,1.220703125e-08
362,val,0.7630613789801304,0.7037533512064343,0.17248908296943233,0.4930555555555556,1.220703125e-08
363,train,0.4045653797424676,0.8697916666666666,0.08724534986713905,0.2,1.220703125e-08
363,val,0.7631626892984712,0.7037533512064343,0.17248908296943233,0.4930555555555556,1.220703125e-08
364,train,0.40958894671578155,0.8637609649122806,0.10186005314437556,0.1920863309352518,1.220703125e-08
364,val,0.7631599326235998,0.7037533512064343,0.17248908296943233,0.4930555555555556,1.220703125e-08
365,train,0.4071594404808262,0.8667763157894737,0.09078830823737821,0.20215827338129497,1.220703125e-08
365,val,0.7630580329703261,0.7037533512064343,0.17248908296943233,0.4930555555555556,1.220703125e-08
366,train,0.4139521171649297,0.8601973684210525,0.09920283436669619,0.20575539568345325,1.220703125e-08
366,val,0.7631120622637444,0.7037533512064343,0.17248908296943233,0.4930555555555556,1.220703125e-08
367,train,0.40796436454381857,0.859375,0.0983170947741364,0.2093525179856115,1.220703125e-08
367,val,0.7630408738637418,0.7037533512064343,0.17248908296943233,0.4930555555555556,1.220703125e-08
368,train,0.40614269314366475,0.8662280701754386,0.09300265721877768,0.2,1.220703125e-08
368,val,0.7631277806317838,0.7037533512064343,0.17248908296943233,0.4930555555555556,1.220703125e-08
369,train,0.4089459031820297,0.8739035087719298,0.08237378210806023,0.1971223021582734,1.220703125e-08
369,val,0.7631531108480356,0.7037533512064343,0.17248908296943233,0.4930555555555556,1.220703125e-08
370,train,0.405045397514314,0.8686951754385964,0.08724534986713905,0.20287769784172663,1.220703125e-08
370,val,0.7631645688422564,0.7037533512064343,0.17248908296943233,0.4930555555555556,1.220703125e-08
371,train,0.40779383487084453,0.8643092105263157,0.08768821966341896,0.21366906474820144,1.220703125e-08
371,val,0.7631501271002414,0.7037533512064343,0.17248908296943233,0.4930555555555556,1.220703125e-08
372,train,0.40090608740584893,0.8684210526315789,0.091674047829938,0.19640287769784173,1.220703125e-08
372,val,0.763168131058721,0.7037533512064343,0.17248908296943233,0.4930555555555556,1.220703125e-08
373,train,0.4058704015455748,0.8695175438596491,0.09078830823737821,0.1949640287769784,1.220703125e-08
373,val,0.763061136406804,0.7037533512064343,0.17248908296943233,0.4930555555555556,1.220703125e-08
374,train,0.40367278639684645,0.8684210526315789,0.091674047829938,0.19640287769784173,1.220703125e-08
374,val,0.7630105116092487,0.7037533512064343,0.17248908296943233,0.4930555555555556,1.220703125e-08
375,train,0.4088464282583772,0.865953947368421,0.09255978742249779,0.2014388489208633,1.220703125e-08
375,val,0.7630175048480404,0.7037533512064343,0.17248908296943233,0.4930555555555556,1.220703125e-08
376,train,0.40280096736132054,0.8697916666666666,0.08945969884853854,0.19640287769784173,1.220703125e-08
376,val,0.7630503653840789,0.7037533512064343,0.17248908296943233,0.4930555555555556,1.220703125e-08
377,train,0.40975271923500195,0.8604714912280701,0.09743135518157661,0.2079136690647482,1.220703125e-08
377,val,0.7630642193891408,0.7037533512064343,0.17248908296943233,0.4930555555555556,1.220703125e-08
378,train,0.40428087259070916,0.8670504385964912,0.08680248007085917,0.2079136690647482,1.220703125e-08
378,val,0.7630881612805834,0.7037533512064343,0.17248908296943233,0.4930555555555556,1.220703125e-08
379,train,0.4088926370206632,0.8637609649122806,0.10186005314437556,0.1920863309352518,1.220703125e-08
379,val,0.7631420879038026,0.7037533512064343,0.17248908296943233,0.4930555555555556,1.220703125e-08
380,train,0.40547660293809157,0.8665021929824561,0.09433126660761736,0.1971223021582734,1.220703125e-08
380,val,0.7631946262022126,0.7037533512064343,0.17248908296943233,0.4930555555555556,1.220703125e-08
381,train,0.4052728080566515,0.8675986842105262,0.08724534986713905,0.20575539568345325,1.220703125e-08
381,val,0.7631723038632493,0.7037533512064343,0.17248908296943233,0.4930555555555556,1.220703125e-08
382,train,0.4054804517511736,0.8692434210526315,0.08857395925597875,0.19928057553956835,1.220703125e-08
382,val,0.7631681026146815,0.7037533512064343,0.17248908296943233,0.4930555555555556,1.220703125e-08
383,train,0.4050369805149865,0.8714364035087718,0.08813108945969884,0.19424460431654678,1.220703125e-08
383,val,0.7632221250367868,0.7037533512064343,0.17248908296943233,0.4930555555555556,1.220703125e-08
384,train,0.40242071201403934,0.8708881578947368,0.0845881310894597,0.2014388489208633,1.220703125e-08
384,val,0.7632981660219044,0.7037533512064343,0.17248908296943233,0.4930555555555556,1.220703125e-08
385,train,0.4037859758786988,0.8670504385964912,0.0912311780336581,0.20071942446043164,1.220703125e-08
385,val,0.7633171893316684,0.7037533512064343,0.17248908296943233,0.4930555555555556,1.220703125e-08
386,train,0.40227660053131875,0.8675986842105262,0.08503100088573959,0.2093525179856115,1.220703125e-08
386,val,0.7633165956821902,0.7037533512064343,0.17248908296943233,0.4930555555555556,1.220703125e-08
387,train,0.4055682437069583,0.8643092105263157,0.09477413640389726,0.20215827338129497,1.220703125e-08
387,val,0.7633990928251047,0.7037533512064343,0.17248908296943233,0.4930555555555556,1.220703125e-08
388,train,0.4033830600480239,0.8675986842105262,0.09034543844109831,0.20071942446043164,1.220703125e-08
388,val,0.7634007838072789,0.7037533512064343,0.17248908296943233,0.4930555555555556,1.220703125e-08
389,train,0.40502668851823137,0.8706140350877193,0.08724534986713905,0.19784172661870503,1.220703125e-08
389,val,0.7632730154185768,0.7037533512064343,0.17248908296943233,0.4930555555555556,1.220703125e-08
390,train,0.4048211262152906,0.8700657894736842,0.09344552701505757,0.18920863309352517,1.220703125e-08
390,val,0.7633453914371316,0.7037533512064343,0.17248908296943233,0.4930555555555556,1.220703125e-08
391,train,0.4033597549586965,0.8700657894736842,0.08857395925597875,0.1971223021582734,1.220703125e-08
391,val,0.7633890730126613,0.7037533512064343,0.17248908296943233,0.4930555555555556,1.220703125e-08
392,train,0.40641158119889725,0.8673245614035088,0.09477413640389726,0.19424460431654678,1.220703125e-08
392,val,0.7633931972386051,0.7037533512064343,0.17248908296943233,0.4930555555555556,1.220703125e-08
393,train,0.4075139314589793,0.8643092105263157,0.08901682905225863,0.21151079136690648,1.220703125e-08
393,val,0.7633445224557421,0.7037533512064343,0.17248908296943233,0.4930555555555556,1.220703125e-08
394,train,0.40226484880897034,0.8637609649122806,0.09300265721877768,0.20647482014388488,1.220703125e-08
394,val,0.7634626022932037,0.7037533512064343,0.17248908296943233,0.4930555555555556,1.220703125e-08
395,train,0.40961861662697374,0.8645833333333333,0.09344552701505757,0.20359712230215826,1.220703125e-08
395,val,0.7634668046603573,0.7037533512064343,0.17248908296943233,0.4930555555555556,1.220703125e-08
396,train,0.4029873862470451,0.8711622807017544,0.08635961027457928,0.19784172661870503,1.220703125e-08
396,val,0.7635190453350384,0.7037533512064343,0.17248908296943233,0.4930555555555556,1.220703125e-08
397,train,0.3956840558533083,0.8785635964912281,0.08015943312666077,0.1884892086330935,1.220703125e-08
397,val,0.7635298131618039,0.7037533512064343,0.17248908296943233,0.4930555555555556,1.220703125e-08
398,train,0.40424234609593424,0.8706140350877193,0.09255978742249779,0.18920863309352517,1.220703125e-08
398,val,0.7635787574439522,0.7037533512064343,0.17248908296943233,0.4930555555555556,1.220703125e-08
399,train,0.404108826005668,0.8717105263157894,0.08813108945969884,0.19352517985611511,1.220703125e-08
399,val,0.7637334109631045,0.7037533512064343,0.17248908296943233,0.4930555555555556,1.220703125e-08
400,train,0.40709710343365085,0.8604714912280701,0.10363153232949512,0.19784172661870503,1.220703125e-08
400,val,0.7637597779486198,0.7037533512064343,0.17248908296943233,0.4930555555555556,1.220703125e-08
401,train,0.40853946231174887,0.8643092105263157,0.09344552701505757,0.20431654676258992,1.220703125e-08
401,val,0.7636691438928047,0.7037533512064343,0.17248908296943233,0.4930555555555556,1.220703125e-08
402,train,0.39979950887592214,0.8733552631578947,0.08680248007085917,0.19136690647482013,1.220703125e-08
402,val,0.7638268756802535,0.7037533512064343,0.17248908296943233,0.4930555555555556,1.220703125e-08
403,train,0.4058430626857699,0.8656798245614035,0.09388839681133747,0.2,1.220703125e-08
403,val,0.7637042037283767,0.7037533512064343,0.17248908296943233,0.4930555555555556,1.220703125e-08
404,train,0.40373013835204274,0.8686951754385964,0.08768821966341896,0.20215827338129497,1.220703125e-08
404,val,0.7635868222080671,0.7037533512064343,0.17248908296943233,0.4930555555555556,1.220703125e-08
405,train,0.402848324493358,0.8678728070175438,0.08193091231178033,0.21366906474820144,1.220703125e-08
405,val,0.7634625140847214,0.7037533512064343,0.17248908296943233,0.4930555555555556,1.220703125e-08
406,train,0.4034426929919343,0.8640350877192982,0.10008857395925598,0.19424460431654678,1.220703125e-08
406,val,0.7634052128478606,0.7037533512064343,0.17248908296943233,0.4930555555555556,1.220703125e-08
407,train,0.4076211775996183,0.8667763157894737,0.08768821966341896,0.20719424460431654,1.220703125e-08
407,val,0.763367539116908,0.7037533512064343,0.17248908296943233,0.4930555555555556,1.220703125e-08
408,train,0.40395650738163996,0.8719846491228069,0.08591674047829938,0.19640287769784173,1.220703125e-08
408,val,0.7633823258627516,0.7037533512064343,0.17248908296943233,0.4930555555555556,1.220703125e-08
409,train,0.4052290734753274,0.8703399122807017,0.08591674047829938,0.20071942446043164,1.220703125e-08
409,val,0.7634051897570531,0.7037533512064343,0.17248908296943233,0.4930555555555556,1.220703125e-08
410,train,0.4029397121385524,0.8656798245614035,0.09211691762621789,0.20287769784172663,1.220703125e-08
410,val,0.763482056098713,0.7037533512064343,0.17248908296943233,0.4930555555555556,1.220703125e-08
411,train,0.40164382121803466,0.868969298245614,0.09300265721877768,0.19280575539568345,1.220703125e-08
411,val,0.7635852967765951,0.7037533512064343,0.17248908296943233,0.4930555555555556,1.220703125e-08
412,train,0.41377347001903936,0.8588267543859649,0.10097431355181577,0.20647482014388488,1.220703125e-08
412,val,0.7636920910418513,0.7037533512064343,0.17248908296943233,0.4930555555555556,1.220703125e-08
413,train,0.4042013031348847,0.8648574561403508,0.09477413640389726,0.20071942446043164,1.220703125e-08
413,val,0.7636452113495436,0.7037533512064343,0.17248908296943233,0.4930555555555556,1.220703125e-08
414,train,0.4094339267334394,0.8648574561403508,0.0912311780336581,0.20647482014388488,1.220703125e-08
414,val,0.7636706266582172,0.7037533512064343,0.17248908296943233,0.4930555555555556,1.220703125e-08
415,train,0.4070212385502824,0.8656798245614035,0.08325952170062002,0.21726618705035972,1.220703125e-08
415,val,0.7636394751615243,0.7037533512064343,0.17248908296943233,0.4930555555555556,1.220703125e-08
416,train,0.4021750963701491,0.8703399122807017,0.08901682905225863,0.19568345323741007,1.220703125e-08
416,val,0.7637277867135669,0.7037533512064343,0.17248908296943233,0.4930555555555556,1.220703125e-08
417,train,0.40765817626787904,0.8656798245614035,0.09388839681133747,0.2,1.220703125e-08
417,val,0.7638328278352364,0.7037533512064343,0.17248908296943233,0.4930555555555556,1.220703125e-08
418,train,0.4122871942818165,0.8629385964912281,0.09920283436669619,0.1985611510791367,1.220703125e-08
418,val,0.7638115192546282,0.7037533512064343,0.17248908296943233,0.4930555555555556,1.220703125e-08
419,train,0.3965523875596231,0.8728070175438596,0.08857395925597875,0.18992805755395684,1.220703125e-08
419,val,0.7638718830995841,0.7037533512064343,0.17248908296943233,0.4930555555555556,1.220703125e-08
420,train,0.40646126644130337,0.8618421052631579,0.09698848538529672,0.20503597122302158,1.220703125e-08
420,val,0.7638850996705226,0.7037533512064343,0.17248908296943233,0.4930555555555556,1.220703125e-08
421,train,0.40725220321563255,0.8654057017543859,0.08990256864481842,0.20719424460431654,1.220703125e-08
421,val,0.7637002391406102,0.7037533512064343,0.17248908296943233,0.4930555555555556,1.220703125e-08
422,train,0.4050899776711799,0.8681469298245613,0.091674047829938,0.1971223021582734,1.220703125e-08
422,val,0.7637398353211042,0.7037533512064343,0.17248908296943233,0.4930555555555556,1.220703125e-08
423,train,0.41091471387628925,0.8604714912280701,0.10186005314437556,0.20071942446043164,1.220703125e-08
423,val,0.7636957858906355,0.7037533512064343,0.17248908296943233,0.4930555555555556,1.220703125e-08
424,train,0.3986496558707011,0.8730811403508771,0.08193091231178033,0.2,1.220703125e-08
424,val,0.7637348659236693,0.7037533512064343,0.17248908296943233,0.4930555555555556,1.220703125e-08
425,train,0.40399224703249176,0.8678728070175438,0.08724534986713905,0.20503597122302158,1.220703125e-08
425,val,0.7638059084281206,0.7037533512064343,0.17248908296943233,0.4930555555555556,1.220703125e-08
426,train,0.40630285951652023,0.8632127192982456,0.09698848538529672,0.2014388489208633,1.220703125e-08
426,val,0.7638634746899234,0.7037533512064343,0.17248908296943233,0.4930555555555556,1.220703125e-08
427,train,0.4013052978797963,0.8673245614035088,0.08945969884853854,0.20287769784172663,1.220703125e-08
427,val,0.7639528471407239,0.7037533512064343,0.17248908296943233,0.4930555555555556,1.220703125e-08
428,train,0.408298693139825,0.8651315789473684,0.091674047829938,0.20503597122302158,1.220703125e-08
428,val,0.7638418756764951,0.7037533512064343,0.17248908296943233,0.4930555555555556,1.220703125e-08
429,train,0.40953192513501435,0.8582785087719298,0.10274579273693533,0.20503597122302158,1.220703125e-08
429,val,0.7638912478976211,0.7037533512064343,0.17248908296943233,0.4930555555555556,1.220703125e-08
430,train,0.4066366184698908,0.8648574561403508,0.08635961027457928,0.2143884892086331,1.220703125e-08
430,val,0.7637558066493385,0.7037533512064343,0.17248908296943233,0.4930555555555556,1.220703125e-08
431,train,0.3974730573725282,0.872532894736842,0.08680248007085917,0.19352517985611511,1.220703125e-08
431,val,0.763858456554106,0.7037533512064343,0.17248908296943233,0.4930555555555556,1.220703125e-08
432,train,0.4003461700651729,0.8700657894736842,0.09344552701505757,0.18920863309352517,1.220703125e-08
432,val,0.763918561845938,0.7037533512064343,0.17248908296943233,0.4930555555555556,1.220703125e-08
433,train,0.405345228941817,0.8684210526315789,0.08813108945969884,0.20215827338129497,1.220703125e-08
433,val,0.7637951206266081,0.7037533512064343,0.17248908296943233,0.4930555555555556,1.220703125e-08
434,train,0.4057939819207317,0.8678728070175438,0.09300265721877768,0.19568345323741007,1.220703125e-08
434,val,0.7637632749675106,0.7037533512064343,0.17248908296943233,0.4930555555555556,1.220703125e-08
435,train,0.409508103406743,0.8632127192982456,0.09654561558901682,0.20215827338129497,1.220703125e-08
435,val,0.7637154373662401,0.7037533512064343,0.17248908296943233,0.4930555555555556,1.220703125e-08
436,train,0.4047463887224072,0.8656798245614035,0.09521700620017715,0.19784172661870503,1.220703125e-08
436,val,0.7637256016360531,0.7037533512064343,0.17248908296943233,0.4930555555555556,1.220703125e-08
437,train,0.40694446541499674,0.8684210526315789,0.09344552701505757,0.19352517985611511,1.220703125e-08
437,val,0.7637911728176291,0.7037533512064343,0.17248908296943233,0.4930555555555556,1.220703125e-08
438,train,0.40823093180855113,0.8648574561403508,0.0983170947741364,0.1949640287769784,1.220703125e-08
438,val,0.7638567101220343,0.7037533512064343,0.17248908296943233,0.4930555555555556,1.220703125e-08
439,train,0.40021305420158204,0.8719846491228069,0.08857395925597875,0.1920863309352518,1.220703125e-08
439,val,0.7638664050651939,0.7037533512064343,0.17248908296943233,0.4930555555555556,1.220703125e-08
440,train,0.40680471454796036,0.8695175438596491,0.08945969884853854,0.1971223021582734,1.220703125e-08
440,val,0.7637825747277718,0.7037533512064343,0.17248908296943233,0.4930555555555556,1.220703125e-08
441,train,0.4012940060020539,0.8678728070175438,0.09787422497785651,0.18776978417266188,1.220703125e-08
441,val,0.7638993208913317,0.7037533512064343,0.17248908296943233,0.4930555555555556,1.220703125e-08
442,train,0.4047603746385951,0.8678728070175438,0.09255978742249779,0.19640287769784173,1.220703125e-08
442,val,0.7639269541160031,0.7037533512064343,0.17248908296943233,0.4930555555555556,1.220703125e-08
443,train,0.4083413570596461,0.8654057017543859,0.08813108945969884,0.21007194244604316,1.220703125e-08
443,val,0.7638149442046321,0.7037533512064343,0.17248908296943233,0.4930555555555556,1.220703125e-08
444,train,0.40198642610196483,0.8667763157894737,0.09654561558901682,0.19280575539568345,1.220703125e-08
444,val,0.7638611269380707,0.7037533512064343,0.17248908296943233,0.4930555555555556,1.220703125e-08
445,train,0.4084830285425772,0.8629385964912281,0.09300265721877768,0.20863309352517986,1.220703125e-08
445,val,0.7636642360175903,0.7037533512064343,0.17248908296943233,0.4930555555555556,1.220703125e-08
446,train,0.4035925463887683,0.8686951754385964,0.08724534986713905,0.20287769784172663,1.220703125e-08
446,val,0.7636717238311154,0.7037533512064343,0.17248908296943233,0.4930555555555556,1.220703125e-08
447,train,0.39741858487066467,0.8717105263157894,0.08591674047829938,0.1971223021582734,1.220703125e-08
447,val,0.7637377881492431,0.7037533512064343,0.17248908296943233,0.4930555555555556,1.220703125e-08
448,train,0.4097123741450017,0.8615679824561403,0.09477413640389726,0.2093525179856115,1.220703125e-08
448,val,0.7636795409882676,0.7037533512064343,0.17248908296943233,0.4930555555555556,1.220703125e-08
449,train,0.4158692763824212,0.8601973684210525,0.09610274579273693,0.21079136690647482,1.220703125e-08
449,val,0.763597296965346,0.7037533512064343,0.17248908296943233,0.4930555555555556,1.220703125e-08
450,train,0.4029941423551032,0.8708881578947368,0.09078830823737821,0.19136690647482013,1.220703125e-08
450,val,0.7635290277547555,0.7037533512064343,0.17248908296943233,0.4930555555555556,1.220703125e-08
451,train,0.40697185015469267,0.8678728070175438,0.09255978742249779,0.19640287769784173,1.220703125e-08
451,val,0.7634455042294459,0.7037533512064343,0.17248908296943233,0.4930555555555556,1.220703125e-08
452,train,0.40542523079273995,0.8670504385964912,0.09211691762621789,0.19928057553956835,1.220703125e-08
452,val,0.7633828565518275,0.7037533512064343,0.17248908296943233,0.4930555555555556,1.220703125e-08
453,train,0.41001374777733235,0.8610197368421052,0.09521700620017715,0.21007194244604316,1.220703125e-08
453,val,0.7633108932914427,0.7037533512064343,0.17248908296943233,0.4930555555555556,1.220703125e-08
454,train,0.4017504111193774,0.8717105263157894,0.07927369353410098,0.2079136690647482,1.220703125e-08
454,val,0.7633245406777226,0.7037533512064343,0.17248908296943233,0.4930555555555556,1.220703125e-08
455,train,0.40738389268517494,0.865953947368421,0.091674047829938,0.20287769784172663,1.220703125e-08
455,val,0.7632405713160619,0.7037533512064343,0.17248908296943233,0.4930555555555556,1.220703125e-08
456,train,0.4059209700739175,0.8678728070175438,0.08857395925597875,0.20287769784172663,1.220703125e-08
456,val,0.763250586654162,0.7037533512064343,0.17248908296943233,0.4930555555555556,1.220703125e-08
457,train,0.39974448078295644,0.8730811403508771,0.09034543844109831,0.18633093525179856,1.220703125e-08
457,val,0.7632941192979787,0.7037533512064343,0.17248908296943233,0.4930555555555556,1.220703125e-08
458,train,0.40384692097442193,0.8697916666666666,0.08768821966341896,0.19928057553956835,1.220703125e-08
458,val,0.763255244924939,0.7037533512064343,0.17248908296943233,0.4930555555555556,1.220703125e-08
459,train,0.4074147065872686,0.8678728070175438,0.08680248007085917,0.20575539568345325,1.220703125e-08
459,val,0.7632290620266912,0.7037533512064343,0.17248908296943233,0.4930555555555556,1.220703125e-08
460,train,0.40029239373510345,0.8700657894736842,0.08503100088573959,0.20287769784172663,1.220703125e-08
460,val,0.7631576061248779,0.7037533512064343,0.17248908296943233,0.4930555555555556,1.220703125e-08
461,train,0.40159188864523904,0.8700657894736842,0.09255978742249779,0.1906474820143885,1.220703125e-08
461,val,0.7631263253516231,0.7037533512064343,0.17248908296943233,0.4930555555555556,1.220703125e-08
462,train,0.40988778074582416,0.862390350877193,0.09698848538529672,0.20359712230215826,1.220703125e-08
462,val,0.7630040412294321,0.7037533512064343,0.17248908296943233,0.4930555555555556,1.220703125e-08
463,train,0.401805770174976,0.8700657894736842,0.08990256864481842,0.1949640287769784,1.220703125e-08
463,val,0.7631085554971772,0.7037533512064343,0.17248908296943233,0.4930555555555556,1.220703125e-08
464,train,0.40137459226606187,0.8681469298245613,0.09078830823737821,0.1985611510791367,1.220703125e-08
464,val,0.7630579584245707,0.7037533512064343,0.17248908296943233,0.4930555555555556,1.220703125e-08
465,train,0.4031586318946721,0.8708881578947368,0.08768821966341896,0.19640287769784173,1.220703125e-08
465,val,0.7631098586496655,0.7037533512064343,0.17248908296943233,0.4930555555555556,1.220703125e-08
466,train,0.40432358297862503,0.8695175438596491,0.08547387068201949,0.20359712230215826,1.220703125e-08
466,val,0.7630824558536744,0.7037533512064343,0.17248908296943233,0.4930555555555556,1.220703125e-08
467,train,0.4002635329961777,0.8662280701754386,0.0912311780336581,0.20287769784172663,1.220703125e-08
467,val,0.7630774725538156,0.7037533512064343,0.17248908296943233,0.4930555555555556,1.220703125e-08
468,train,0.4042636808334735,0.8722587719298245,0.08503100088573959,0.1971223021582734,1.220703125e-08
468,val,0.7630083637646632,0.7037533512064343,0.17248908296943233,0.4930555555555556,1.220703125e-08
469,train,0.40590029013784307,0.8703399122807017,0.09078830823737821,0.19280575539568345,1.220703125e-08
469,val,0.7631261658732438,0.7037533512064343,0.17248908296943233,0.4930555555555556,1.220703125e-08
470,train,0.40791996117485196,0.865953947368421,0.09521700620017715,0.1971223021582734,1.220703125e-08
470,val,0.763067299894609,0.7037533512064343,0.17248908296943233,0.4930555555555556,1.220703125e-08
471,train,0.4017632867683444,0.8695175438596491,0.08857395925597875,0.1985611510791367,1.220703125e-08
471,val,0.7631112241233642,0.7037533512064343,0.17248908296943233,0.4930555555555556,1.220703125e-08
472,train,0.41373098608956005,0.8629385964912281,0.09743135518157661,0.2014388489208633,1.220703125e-08
472,val,0.7631874686911023,0.7037533512064343,0.17248908296943233,0.4930555555555556,1.220703125e-08
473,train,0.407605169700426,0.8686951754385964,0.09211691762621789,0.1949640287769784,1.220703125e-08
473,val,0.763176790031607,0.7037533512064343,0.17248908296943233,0.4930555555555556,1.220703125e-08
474,train,0.40500111237429737,0.8708881578947368,0.0841452612931798,0.20215827338129497,1.220703125e-08
474,val,0.7631869332080872,0.7037533512064343,0.17248908296943233,0.4930555555555556,1.220703125e-08
475,train,0.4056389723299888,0.8643092105263157,0.09477413640389726,0.20215827338129497,1.220703125e-08
475,val,0.763183070571429,0.7037533512064343,0.17248908296943233,0.4930555555555556,1.220703125e-08
476,train,0.40561103677017646,0.8695175438596491,0.08724534986713905,0.20071942446043164,1.220703125e-08
476,val,0.7632211203869163,0.7037533512064343,0.17248908296943233,0.4930555555555556,1.220703125e-08
477,train,0.4035731388027208,0.8700657894736842,0.08680248007085917,0.2,1.220703125e-08
477,val,0.7632327429730515,0.7037533512064343,0.17248908296943233,0.4930555555555556,1.220703125e-08
478,train,0.39956775065838246,0.8695175438596491,0.08547387068201949,0.20359712230215826,1.220703125e-08
478,val,0.7632269098675603,0.7037533512064343,0.17248908296943233,0.4930555555555556,1.220703125e-08
479,train,0.40565950789472516,0.8714364035087718,0.08503100088573959,0.19928057553956835,1.220703125e-08
479,val,0.7631317252448033,0.7037533512064343,0.17248908296943233,0.4930555555555556,1.220703125e-08
480,train,0.4007079381038222,0.8681469298245613,0.09034543844109831,0.19928057553956835,1.220703125e-08
480,val,0.7632370525646466,0.7037533512064343,0.17248908296943233,0.4930555555555556,1.220703125e-08
481,train,0.4036774262132352,0.8675986842105262,0.08990256864481842,0.2014388489208633,1.220703125e-08
481,val,0.7631733649218051,0.7037533512064343,0.17248908296943233,0.4930555555555556,1.220703125e-08
482,train,0.40744621600759656,0.8645833333333333,0.09477413640389726,0.2014388489208633,1.220703125e-08
482,val,0.7632671629775305,0.7037533512064343,0.17248908296943233,0.4930555555555556,1.220703125e-08
483,train,0.4030177781456395,0.8706140350877193,0.08901682905225863,0.1949640287769784,1.220703125e-08
483,val,0.7632301956335278,0.7037533512064343,0.17248908296943233,0.4930555555555556,1.220703125e-08
484,train,0.40826024631397767,0.8645833333333333,0.08901682905225863,0.21079136690647482,1.220703125e-08
484,val,0.763240480311115,0.7037533512064343,0.17248908296943233,0.4930555555555556,1.220703125e-08
485,train,0.4092648462637475,0.8656798245614035,0.08635961027457928,0.21223021582733814,1.220703125e-08
485,val,0.7632025409959277,0.7037533512064343,0.17248908296943233,0.4930555555555556,1.220703125e-08
486,train,0.40768467445383993,0.8678728070175438,0.09078830823737821,0.19928057553956835,1.220703125e-08
486,val,0.7633281385291357,0.7037533512064343,0.17248908296943233,0.4930555555555556,1.220703125e-08
487,train,0.40468740796572283,0.8645833333333333,0.09565987599645705,0.2,1.220703125e-08
487,val,0.7633639228887277,0.7037533512064343,0.17248908296943233,0.4930555555555556,1.220703125e-08
488,train,0.40275593794751585,0.8700657894736842,0.09300265721877768,0.18992805755395684,1.220703125e-08
488,val,0.7634179505841662,0.7037533512064343,0.17248908296943233,0.4930555555555556,1.220703125e-08
489,train,0.405430307775213,0.8665021929824561,0.08901682905225863,0.20575539568345325,1.220703125e-08
489,val,0.7632903819429331,0.7037533512064343,0.17248908296943233,0.4930555555555556,1.220703125e-08
490,train,0.39844087302161935,0.8695175438596491,0.09034543844109831,0.19568345323741007,1.220703125e-08
490,val,0.7633677506894273,0.7037533512064343,0.17248908296943233,0.4930555555555556,1.220703125e-08
491,train,0.4076662934140155,0.8665021929824561,0.09743135518157661,0.1920863309352518,1.220703125e-08
491,val,0.763405745854007,0.7037533512064343,0.17248908296943233,0.4930555555555556,1.220703125e-08
492,train,0.40731922079596605,0.8626644736842105,0.08990256864481842,0.2143884892086331,1.220703125e-08
492,val,0.7633042605568832,0.7037533512064343,0.17248908296943233,0.4930555555555556,1.220703125e-08
493,train,0.4092622286264311,0.8626644736842105,0.09211691762621789,0.21079136690647482,1.220703125e-08
493,val,0.7632055491928121,0.7037533512064343,0.17248908296943233,0.4930555555555556,1.220703125e-08
494,train,0.4030475726253108,0.872532894736842,0.08591674047829938,0.1949640287769784,1.220703125e-08
494,val,0.7631758803017338,0.7037533512064343,0.17248908296943233,0.4930555555555556,1.220703125e-08
495,train,0.41123092730055777,0.8665021929824561,0.08680248007085917,0.2093525179856115,1.220703125e-08
495,val,0.7632097022622903,0.7037533512064343,0.17248908296943233,0.4930555555555556,1.220703125e-08
496,train,0.4050749532486263,0.8686951754385964,0.091674047829938,0.19568345323741007,1.220703125e-08
496,val,0.7633548211156523,0.7037533512064343,0.17248908296943233,0.4930555555555556,1.220703125e-08
497,train,0.4044804060668276,0.8697916666666666,0.091674047829938,0.19280575539568345,1.220703125e-08
497,val,0.7633953454027866,0.7037533512064343,0.17248908296943233,0.4930555555555556,1.220703125e-08
498,train,0.4092805229388831,0.8681469298245613,0.08901682905225863,0.2014388489208633,1.220703125e-08
498,val,0.7633716366565899,0.7037533512064343,0.17248908296943233,0.4930555555555556,1.220703125e-08
499,train,0.4028798036538718,0.8632127192982456,0.09521700620017715,0.20431654676258992,1.220703125e-08
499,val,0.7633556675655273,0.7037533512064343,0.17248908296943233,0.4930555555555556,1.220703125e-08
500,train,0.4046591025564754,0.8695175438596491,0.08945969884853854,0.1971223021582734,1.220703125e-08
500,val,0.7633679486791186,0.7037533512064343,0.17248908296943233,0.4930555555555556,1.220703125e-08
