epoch,phase,loss,accuracy,false_positive_rate,false_negative_rate,lr
1,train,0.9281658438736933,0.6496710526315789,0.17271922054915856,0.6388489208633094,0.0001
1,val,0.6355814954550593,0.6394101876675603,0.19868995633187772,0.6180555555555556,0.0001
2,train,0.8803972628032952,0.6833881578947368,0.17493356953055803,0.5467625899280576,0.0001
2,val,0.6700068860846614,0.6380697050938338,0.20305676855895197,0.6145833333333334,0.0001
3,train,0.8573624802786007,0.6959978070175438,0.1762621789193977,0.5115107913669065,0.0001
3,val,0.6286051986044917,0.6595174262734584,0.13973799126637554,0.6597222222222222,0.0001
4,train,0.8368218318935026,0.7135416666666666,0.17183348095659876,0.47266187050359715,0.0001
4,val,0.6369554224666258,0.6689008042895442,0.13973799126637554,0.6354166666666666,0.0001
5,train,0.8231637383762159,0.7190241228070176,0.16696191319751993,0.46618705035971225,0.0001
5,val,0.6333017071194688,0.6863270777479893,0.24890829694323144,0.4166666666666667,0.0001
6,train,0.8088333460322598,0.728344298245614,0.1691762621789194,0.4381294964028777,0.0001
6,val,0.6666165983389274,0.6581769436997319,0.2903930131004367,0.4236111111111111,0.0001
7,train,0.792433504734123,0.7354714912280701,0.162533215234721,0.4302158273381295,0.0001
7,val,0.6961944475570249,0.6595174262734584,0.11353711790393013,0.7013888888888888,0.0001
8,train,0.7535122635594586,0.7601425438596491,0.15279007971656333,0.381294964028777,5e-05
8,val,0.6374588642299335,0.7225201072386059,0.17903930131004367,0.4340277777777778,5e-05
9,train,0.7289166607354817,0.7760416666666666,0.14348981399468555,0.35467625899280575,5e-05
9,val,0.644334523351838,0.7238605898123325,0.2336244541484716,0.34375,5e-05
10,train,0.7168091739478865,0.7826206140350876,0.14481842338352524,0.33525179856115106,5e-05
10,val,0.6797152551505266,0.7010723860589813,0.1965065502183406,0.4618055555555556,5e-05
11,train,0.6941084544125357,0.7949561403508771,0.13994685562444642,0.3107913669064748,5e-05
11,val,0.6851129260203793,0.7211796246648794,0.1703056768558952,0.4513888888888889,5e-05
12,train,0.6534212056482047,0.8196271929824561,0.12090345438441098,0.27697841726618705,2.5e-05
12,val,0.6552688155033634,0.7412868632707775,0.18340611353711792,0.3784722222222222,2.5e-05
13,train,0.6260576601091185,0.8366228070175438,0.10894596988485385,0.2517985611510791,2.5e-05
13,val,0.7121682000863329,0.7359249329758714,0.16375545851528384,0.4236111111111111,2.5e-05
14,train,0.6096613333936323,0.8434758771929824,0.1120460584588131,0.22877697841726619,2.5e-05
14,val,0.6932734729617275,0.7345844504021448,0.1943231441048035,0.3784722222222222,2.5e-05
15,train,0.5905308953502721,0.8566337719298245,0.09654561558901682,0.21942446043165467,2.5e-05
15,val,0.7074818136545032,0.7225201072386059,0.19868995633187772,0.4027777777777778,2.5e-05
16,train,0.5558947018886867,0.8771929824561403,0.08591674047829938,0.18273381294964028,1.25e-05
16,val,0.7286008216101107,0.7372654155495979,0.185589519650655,0.3854166666666667,1.25e-05
17,train,0.5534003065866336,0.875,0.09654561558901682,0.1712230215827338,1.25e-05
17,val,0.712612926760244,0.7439678284182306,0.15938864628820962,0.4097222222222222,1.25e-05
18,train,0.533574518273797,0.8914473684210525,0.07705934455270151,0.15971223021582734,1.25e-05
18,val,0.7318339183247441,0.739946380697051,0.1572052401746725,0.4236111111111111,1.25e-05
19,train,0.5346163601467484,0.8870614035087718,0.08060230292294066,0.16546762589928057,1.25e-05
19,val,0.716849568222547,0.7359249329758714,0.17903930131004367,0.3993055555555556,1.25e-05
20,train,0.5100665453233217,0.8996710526315789,0.06687333923826395,0.15467625899280577,6.25e-06
20,val,0.7220733290383388,0.7479892761394102,0.185589519650655,0.3576388888888889,6.25e-06
21,train,0.5165655415570527,0.8983004385964912,0.07838795394154119,0.13956834532374102,6.25e-06
21,val,0.73719139185412,0.7386058981233244,0.18340611353711792,0.3854166666666667,6.25e-06
22,train,0.5137476783834005,0.9018640350877193,0.06731620903454384,0.14820143884892087,6.25e-06
22,val,0.7236693618124995,0.7305630026809652,0.19868995633187772,0.3819444444444444,6.25e-06
23,train,0.5075489217252062,0.9078947368421052,0.06864481842338352,0.1302158273381295,6.25e-06
23,val,0.7189842000723524,0.739946380697051,0.18340611353711792,0.3819444444444444,6.25e-06
24,train,0.49876278298988674,0.9054276315789473,0.07395925597874226,0.12805755395683452,3.125e-06
24,val,0.7207164304186128,0.7386058981233244,0.16812227074235808,0.4097222222222222,3.125e-06
25,train,0.4886713064553445,0.9122807017543859,0.06554472984942426,0.1237410071942446,3.125e-06
25,val,0.7225436891052103,0.7412868632707775,0.17248908296943233,0.3958333333333333,3.125e-06
26,train,0.48302755910053585,0.9207785087719298,0.0562444641275465,0.11654676258992806,3.125e-06
26,val,0.7360547491756265,0.739946380697051,0.1615720524017467,0.4166666666666667,3.125e-06
27,train,0.4885858860716485,0.9161184210526315,0.06023029229406555,0.1223021582733813,3.125e-06
27,val,0.7216495794840856,0.7439678284182306,0.17467248908296942,0.3854166666666667,3.125e-06
28,train,0.48622386588862065,0.9172149122807017,0.05934455270150576,0.12086330935251799,1.5625e-06
28,val,0.7281261493948765,0.7386058981233244,0.16375545851528384,0.4166666666666667,1.5625e-06
29,train,0.4866539620255169,0.9152960526315789,0.0637732506643047,0.11870503597122302,1.5625e-06
29,val,0.7324897354473697,0.7426273458445041,0.17467248908296942,0.3888888888888889,1.5625e-06
30,train,0.4891097485496287,0.9084429824561403,0.0704162976085031,0.12589928057553956,1.5625e-06
30,val,0.7235105688066968,0.7466487935656837,0.16375545851528384,0.3958333333333333,1.5625e-06
31,train,0.4793149762247738,0.9152960526315789,0.05978742249778565,0.1251798561151079,1.5625e-06
31,val,0.7227966763858181,0.7412868632707775,0.1703056768558952,0.3993055555555556,1.5625e-06
32,train,0.47856351680922926,0.9199561403508771,0.06023029229406555,0.11223021582733812,7.8125e-07
32,val,0.7397800514589365,0.7453083109919572,0.15938864628820962,0.40625,7.8125e-07
33,train,0.4683824850801836,0.9251644736842105,0.05491585473870682,0.10719424460431655,7.8125e-07
33,val,0.7249762072320278,0.7426273458445041,0.1812227074235808,0.3784722222222222,7.8125e-07
34,train,0.479541119776274,0.9196820175438596,0.05713020372010629,0.11798561151079137,7.8125e-07
34,val,0.7259728000886319,0.7439678284182306,0.16375545851528384,0.4027777777777778,7.8125e-07
35,train,0.478046857604855,0.9210526315789473,0.05845881310894597,0.11223021582733812,7.8125e-07
35,val,0.7369484971739332,0.7359249329758714,0.17903930131004367,0.3993055555555556,7.8125e-07
36,train,0.4810176418538679,0.9169407894736842,0.06598759964570416,0.11079136690647481,3.90625e-07
36,val,0.7258169948255728,0.739946380697051,0.17248908296943233,0.3993055555555556,3.90625e-07
37,train,0.46602209291437213,0.9226973684210525,0.05580159433126661,0.11223021582733812,3.90625e-07
37,val,0.7305967830141492,0.7453083109919572,0.17467248908296942,0.3819444444444444,3.90625e-07
38,train,0.46232758122578,0.9262609649122806,0.054030115146147036,0.10575539568345324,3.90625e-07
38,val,0.7408514070766541,0.7412868632707775,0.15502183406113537,0.4236111111111111,3.90625e-07
39,train,0.4931601730355045,0.9120065789473684,0.06111603188662533,0.1316546762589928,3.90625e-07
39,val,0.7562955049023871,0.7386058981233244,0.13100436681222707,0.46875,3.90625e-07
40,train,0.47426710447721315,0.9226973684210525,0.05225863596102746,0.11798561151079137,1.953125e-07
40,val,0.7162590175467586,0.7439678284182306,0.17248908296943233,0.3888888888888889,1.953125e-07
41,train,0.48187251049175595,0.9207785087719298,0.05580159433126661,0.11726618705035971,1.953125e-07
41,val,0.7328321652501901,0.7345844504021448,0.16375545851528384,0.4270833333333333,1.953125e-07
42,train,0.46074656933023217,0.9322916666666666,0.04738706820194863,0.10071942446043165,1.953125e-07
42,val,0.7308576755804926,0.7426273458445041,0.1703056768558952,0.3958333333333333,1.953125e-07
43,train,0.48494502941244527,0.9131030701754386,0.06687333923826395,0.11942446043165468,1.953125e-07
43,val,0.7306479544805777,0.7493297587131368,0.17903930131004367,0.3645833333333333,1.953125e-07
44,train,0.47320148335737094,0.9243421052631579,0.05358724534986714,0.11151079136690648,9.765625e-08
44,val,0.7282373016705143,0.7372654155495979,0.17248908296943233,0.40625,9.765625e-08
45,train,0.4751279327953071,0.9199561403508771,0.05757307351638618,0.11654676258992806,9.765625e-08
45,val,0.7358486131432869,0.7332439678284183,0.16812227074235808,0.4236111111111111,9.765625e-08
46,train,0.4654510021209717,0.9290021929824561,0.05181576616474756,0.10215827338129496,9.765625e-08
46,val,0.7401505174969221,0.7359249329758714,0.15938864628820962,0.4305555555555556,9.765625e-08
47,train,0.47385179290646,0.9202302631578947,0.06200177147918512,0.10863309352517986,9.765625e-08
47,val,0.7460619554762546,0.7426273458445041,0.16375545851528384,0.40625,9.765625e-08
48,train,0.4776813912025669,0.9199561403508771,0.05934455270150576,0.11366906474820145,4.8828125e-08
48,val,0.7289558318281302,0.7479892761394102,0.1615720524017467,0.3958333333333333,4.8828125e-08
49,train,0.4718668341898082,0.9202302631578947,0.06111603188662533,0.11007194244604317,4.8828125e-08
49,val,0.7281573112784377,0.7345844504021448,0.1703056768558952,0.4166666666666667,4.8828125e-08
50,train,0.47471095334019575,0.9196820175438596,0.0566873339238264,0.11870503597122302,4.8828125e-08
50,val,0.7317606098850036,0.7412868632707775,0.16593886462882096,0.40625,4.8828125e-08
51,train,0.47911058889146435,0.9180372807017544,0.06111603188662533,0.1158273381294964,4.8828125e-08
51,val,0.7409452815957108,0.7439678284182306,0.13973799126637554,0.4409722222222222,4.8828125e-08
52,train,0.4795379982444278,0.9177631578947368,0.0637732506643047,0.11223021582733812,2.44140625e-08
52,val,0.7363009718084463,0.7426273458445041,0.16375545851528384,0.40625,2.44140625e-08
53,train,0.47040141556869475,0.9180372807017544,0.06288751107174491,0.11294964028776978,2.44140625e-08
53,val,0.7357164795532942,0.7426273458445041,0.15283842794759825,0.4236111111111111,2.44140625e-08
54,train,0.47618727137645084,0.924890350877193,0.047829937998228524,0.11942446043165468,2.44140625e-08
54,val,0.7424933076224443,0.739946380697051,0.1615720524017467,0.4166666666666667,2.44140625e-08
55,train,0.4812535112887098,0.9166666666666666,0.0637732506643047,0.11510791366906475,2.44140625e-08
55,val,0.7357104480586167,0.739946380697051,0.1615720524017467,0.4166666666666667,2.44140625e-08
56,train,0.47508105635643005,0.9235197368421052,0.05890168290522586,0.10503597122302158,1.220703125e-08
56,val,0.7270377781691564,0.7412868632707775,0.18777292576419213,0.3715277777777778,1.220703125e-08
57,train,0.4895975448583302,0.9155701754385964,0.062444641275465014,0.12014388489208633,1.220703125e-08
57,val,0.7311435917107733,0.7439678284182306,0.16375545851528384,0.4027777777777778,1.220703125e-08
58,train,0.4818211967746417,0.9150219298245613,0.06421612046058459,0.11870503597122302,1.220703125e-08
58,val,0.724337811604262,0.7493297587131368,0.1812227074235808,0.3611111111111111,1.220703125e-08
59,train,0.4778925590870673,0.9229714912280701,0.05978742249778565,0.10503597122302158,1.220703125e-08
59,val,0.7345148598220969,0.739946380697051,0.16375545851528384,0.4131944444444444,1.220703125e-08
60,train,0.4738177693726724,0.9147478070175438,0.06554472984942426,0.11726618705035971,1.220703125e-08
60,val,0.7356783298640724,0.7493297587131368,0.17467248908296942,0.3715277777777778,1.220703125e-08
61,train,0.4797951949008724,0.9163925438596491,0.05890168290522586,0.1237410071942446,1.220703125e-08
61,val,0.7346926134968571,0.7412868632707775,0.1615720524017467,0.4131944444444444,1.220703125e-08
62,train,0.4787205340046632,0.9183114035087718,0.05890168290522586,0.11870503597122302,1.220703125e-08
62,val,0.7213719958594274,0.7439678284182306,0.17248908296943233,0.3888888888888889,1.220703125e-08
63,train,0.46788527698893295,0.9246162280701754,0.053144375553587246,0.11151079136690648,1.220703125e-08
63,val,0.7501113220609864,0.7372654155495979,0.1331877729257642,0.46875,1.220703125e-08
64,train,0.47562331353363235,0.9188596491228069,0.0562444641275465,0.12158273381294964,1.220703125e-08
64,val,0.73062513053577,0.7332439678284183,0.17903930131004367,0.40625,1.220703125e-08
65,train,0.4714824546847427,0.9205043859649122,0.05845881310894597,0.11366906474820145,1.220703125e-08
65,val,0.7383291040604619,0.7372654155495979,0.15065502183406113,0.4409722222222222,1.220703125e-08
66,train,0.4752846758878022,0.9191337719298245,0.05535872453498671,0.1223021582733813,1.220703125e-08
66,val,0.7326337486585407,0.7386058981233244,0.18777292576419213,0.3784722222222222,1.220703125e-08
67,train,0.46554023458769445,0.925986842105263,0.05580159433126661,0.10359712230215827,1.220703125e-08
67,val,0.7330574858284508,0.7332439678284183,0.16375545851528384,0.4305555555555556,1.220703125e-08
68,train,0.4644076064751859,0.9240679824561403,0.05358724534986714,0.11223021582733812,1.220703125e-08
68,val,0.7326318696740486,0.7439678284182306,0.16812227074235808,0.3958333333333333,1.220703125e-08
69,train,0.4603765788569785,0.928453947368421,0.0562444641275465,0.09640287769784173,1.220703125e-08
69,val,0.7355814226191421,0.7426273458445041,0.1812227074235808,0.3784722222222222,1.220703125e-08
70,train,0.4667037960730101,0.9202302631578947,0.061558901682905225,0.1093525179856115,1.220703125e-08
70,val,0.7308010947928032,0.7479892761394102,0.16812227074235808,0.3854166666666667,1.220703125e-08
71,train,0.47651060304620807,0.9188596491228069,0.062444641275465014,0.11151079136690648,1.220703125e-08
71,val,0.7328871993532768,0.7453083109919572,0.16593886462882096,0.3958333333333333,1.220703125e-08
72,train,0.4856988339309107,0.9122807017543859,0.06554472984942426,0.1237410071942446,1.220703125e-08
72,val,0.7391551092227087,0.7439678284182306,0.15938864628820962,0.4097222222222222,1.220703125e-08
73,train,0.48247309682662026,0.9205043859649122,0.05978742249778565,0.11151079136690648,1.220703125e-08
73,val,0.7348310164408134,0.7412868632707775,0.1615720524017467,0.4131944444444444,1.220703125e-08
74,train,0.4656937636042896,0.9268092105263157,0.05491585473870682,0.10287769784172662,1.220703125e-08
74,val,0.7440769546153398,0.7372654155495979,0.1615720524017467,0.4236111111111111,1.220703125e-08
75,train,0.470465944393685,0.9273574561403508,0.05137289636846767,0.10719424460431655,1.220703125e-08
75,val,0.7391082888953487,0.7426273458445041,0.15502183406113537,0.4201388888888889,1.220703125e-08
76,train,0.4716496921160765,0.9226973684210525,0.058015943312666074,0.10863309352517986,1.220703125e-08
76,val,0.752417802171477,0.7372654155495979,0.14410480349344978,0.4513888888888889,1.220703125e-08
77,train,0.47171191296033693,0.925986842105263,0.05137289636846767,0.11079136690647481,1.220703125e-08
77,val,0.7369559189908945,0.7439678284182306,0.15938864628820962,0.4097222222222222,1.220703125e-08
78,train,0.48335359872956024,0.9125548245614035,0.06687333923826395,0.12086330935251799,1.220703125e-08
78,val,0.7440319109218689,0.7345844504021448,0.13973799126637554,0.4652777777777778,1.220703125e-08
79,train,0.47165908742892115,0.9188596491228069,0.05845881310894597,0.11798561151079137,1.220703125e-08
79,val,0.7371729813695913,0.7412868632707775,0.15502183406113537,0.4236111111111111,1.220703125e-08
80,train,0.4691169349509373,0.9265350877192982,0.05934455270150576,0.09640287769784173,1.220703125e-08
80,val,0.7373353637575144,0.7426273458445041,0.16593886462882096,0.4027777777777778,1.220703125e-08
81,train,0.46220355846902783,0.9254385964912281,0.05447298494242692,0.10719424460431655,1.220703125e-08
81,val,0.7218759315582767,0.7439678284182306,0.17903930131004367,0.3784722222222222,1.220703125e-08
82,train,0.468779521422428,0.9240679824561403,0.05713020372010629,0.10647482014388489,1.220703125e-08
82,val,0.7249915564667444,0.7439678284182306,0.16593886462882096,0.3993055555555556,1.220703125e-08
83,train,0.4866875245382911,0.9125548245614035,0.06643046944198405,0.12158273381294964,1.220703125e-08
83,val,0.7342789098021172,0.7426273458445041,0.1943231441048035,0.3576388888888889,1.220703125e-08
84,train,0.46299159866676,0.9292763157894737,0.05093002657218778,0.10287769784172662,1.220703125e-08
84,val,0.7393158392995676,0.739946380697051,0.1615720524017467,0.4166666666666667,1.220703125e-08
85,train,0.47196003480961446,0.915844298245614,0.06598759964570416,0.11366906474820145,1.220703125e-08
85,val,0.7325120293422934,0.7372654155495979,0.15938864628820962,0.4270833333333333,1.220703125e-08
86,train,0.4779889624108348,0.9205043859649122,0.05934455270150576,0.11223021582733812,1.220703125e-08
86,val,0.7269525571099555,0.7453083109919572,0.17903930131004367,0.375,1.220703125e-08
87,train,0.4727298457894409,0.9268092105263157,0.05004428697962799,0.11079136690647481,1.220703125e-08
87,val,0.7336496824233845,0.7453083109919572,0.15065502183406113,0.4201388888888889,1.220703125e-08
88,train,0.47723065787240077,0.9205043859649122,0.06465899025686449,0.10359712230215827,1.220703125e-08
88,val,0.7317387902704704,0.7412868632707775,0.16375545851528384,0.4097222222222222,1.220703125e-08
89,train,0.4723257462967906,0.9240679824561403,0.053144375553587246,0.11294964028776978,1.220703125e-08
89,val,0.7228937117088257,0.7439678284182306,0.17248908296943233,0.3888888888888889,1.220703125e-08
90,train,0.4681764863300742,0.9221491228070174,0.05580159433126661,0.11366906474820145,1.220703125e-08
90,val,0.7267110486772042,0.7426273458445041,0.1703056768558952,0.3958333333333333,1.220703125e-08
91,train,0.4638067034252903,0.925986842105263,0.05270150575730735,0.10863309352517986,1.220703125e-08
91,val,0.7283197072491888,0.7372654155495979,0.16375545851528384,0.4201388888888889,1.220703125e-08
92,train,0.47356352589109485,0.9232456140350876,0.060673162090345435,0.10287769784172662,1.220703125e-08
92,val,0.728967773371024,0.7453083109919572,0.1572052401746725,0.4097222222222222,1.220703125e-08
93,train,0.473161058859867,0.919407894736842,0.05757307351638618,0.11798561151079137,1.220703125e-08
93,val,0.7369533484806644,0.7426273458445041,0.15065502183406113,0.4270833333333333,1.220703125e-08
94,train,0.4776842586304012,0.9174890350877193,0.05934455270150576,0.12014388489208633,1.220703125e-08
94,val,0.7420643342723795,0.7372654155495979,0.15283842794759825,0.4375,1.220703125e-08
95,train,0.46742122751056103,0.925986842105263,0.05491585473870682,0.10503597122302158,1.220703125e-08
95,val,0.7303015281303958,0.7479892761394102,0.15938864628820962,0.3993055555555556,1.220703125e-08
96,train,0.46986960841898334,0.9226973684210525,0.05580159433126661,0.11223021582733812,1.220703125e-08
96,val,0.7386616084914425,0.7386058981233244,0.15502183406113537,0.4305555555555556,1.220703125e-08
97,train,0.4734542539768052,0.9235197368421052,0.060673162090345435,0.10215827338129496,1.220703125e-08
97,val,0.7456659840834364,0.739946380697051,0.15283842794759825,0.4305555555555556,1.220703125e-08
98,train,0.47981405924809606,0.915844298245614,0.05845881310894597,0.12589928057553956,1.220703125e-08
98,val,0.7370175375695522,0.7386058981233244,0.1572052401746725,0.4270833333333333,1.220703125e-08
99,train,0.4703524463009416,0.9290021929824561,0.047829937998228524,0.10863309352517986,1.220703125e-08
99,val,0.725555012916432,0.739946380697051,0.16375545851528384,0.4131944444444444,1.220703125e-08
100,train,0.4789205248418607,0.9221491228070174,0.06111603188662533,0.10503597122302158,1.220703125e-08
100,val,0.7357695217746193,0.7412868632707775,0.15938864628820962,0.4166666666666667,1.220703125e-08
101,train,0.4674336746857877,0.9292763157894737,0.04827280779450841,0.10719424460431655,1.220703125e-08
101,val,0.74245004232064,0.7453083109919572,0.1943231441048035,0.3506944444444444,1.220703125e-08
102,train,0.4786858033192785,0.9207785087719298,0.061558901682905225,0.1079136690647482,1.220703125e-08
102,val,0.7380572972924077,0.739946380697051,0.16375545851528384,0.4131944444444444,1.220703125e-08
103,train,0.4739992544054985,0.9235197368421052,0.05978742249778565,0.10359712230215827,1.220703125e-08
103,val,0.7396114609196742,0.7372654155495979,0.15938864628820962,0.4270833333333333,1.220703125e-08
104,train,0.477308189398364,0.9232456140350876,0.05934455270150576,0.10503597122302158,1.220703125e-08
104,val,0.7323821294083992,0.7345844504021448,0.16375545851528384,0.4270833333333333,1.220703125e-08
105,train,0.47853286878058787,0.9174890350877193,0.061558901682905225,0.11654676258992806,1.220703125e-08
105,val,0.7398196971768028,0.7412868632707775,0.15938864628820962,0.4166666666666667,1.220703125e-08
106,train,0.47356904023572016,0.9232456140350876,0.050487156775907885,0.11942446043165468,1.220703125e-08
106,val,0.7224696634921567,0.7412868632707775,0.1703056768558952,0.3993055555555556,1.220703125e-08
107,train,0.47698004334642174,0.9172149122807017,0.06111603188662533,0.11798561151079137,1.220703125e-08
107,val,0.7430680545980745,0.7453083109919572,0.14192139737991266,0.4340277777777778,1.220703125e-08
108,train,0.47455108191883355,0.9235197368421052,0.05890168290522586,0.10503597122302158,1.220703125e-08
108,val,0.7424743335304567,0.739946380697051,0.14192139737991266,0.4479166666666667,1.220703125e-08
109,train,0.4743969807760757,0.9196820175438596,0.05845881310894597,0.1158273381294964,1.220703125e-08
109,val,0.7264395476026765,0.7359249329758714,0.16812227074235808,0.4166666666666667,1.220703125e-08
110,train,0.4658958203437036,0.9298245614035088,0.0491585473870682,0.10431654676258993,1.220703125e-08
110,val,0.7408477064751429,0.7439678284182306,0.18340611353711792,0.3715277777777778,1.220703125e-08
111,train,0.4661735177301524,0.9268092105263157,0.05491585473870682,0.10287769784172662,1.220703125e-08
111,val,0.7377889218662763,0.7412868632707775,0.15502183406113537,0.4236111111111111,1.220703125e-08
112,train,0.4746491829292816,0.9180372807017544,0.061558901682905225,0.11510791366906475,1.220703125e-08
112,val,0.7383727802028605,0.7506702412868633,0.1572052401746725,0.3958333333333333,1.220703125e-08
113,train,0.4727824878012925,0.9185855263157894,0.06288751107174491,0.11151079136690648,1.220703125e-08
113,val,0.7298687544648833,0.7453083109919572,0.1462882096069869,0.4270833333333333,1.220703125e-08
114,train,0.475002488807628,0.9191337719298245,0.06421612046058459,0.1079136690647482,1.220703125e-08
114,val,0.736457865295717,0.7386058981233244,0.1703056768558952,0.40625,1.220703125e-08
115,train,0.4643250345660929,0.9251644736842105,0.05713020372010629,0.10359712230215827,1.220703125e-08
115,val,0.7372268967270531,0.7386058981233244,0.15065502183406113,0.4375,1.220703125e-08
116,train,0.47461970895528793,0.924890350877193,0.06111603188662533,0.09784172661870504,1.220703125e-08
116,val,0.7335708016684483,0.7466487935656837,0.17467248908296942,0.3784722222222222,1.220703125e-08
117,train,0.4680381981950057,0.9207785087719298,0.05713020372010629,0.11510791366906475,1.220703125e-08
117,val,0.731243003788966,0.7412868632707775,0.16375545851528384,0.4097222222222222,1.220703125e-08
118,train,0.47259409411957387,0.9210526315789473,0.0566873339238264,0.11510791366906475,1.220703125e-08
118,val,0.7298066206975533,0.739946380697051,0.1703056768558952,0.4027777777777778,1.220703125e-08
119,train,0.48246042234332936,0.9122807017543859,0.0633303808680248,0.12733812949640289,1.220703125e-08
119,val,0.7316827259498371,0.7479892761394102,0.1615720524017467,0.3958333333333333,1.220703125e-08
120,train,0.47998660515274916,0.915844298245614,0.060673162090345435,0.1223021582733813,1.220703125e-08
120,val,0.7369950909077642,0.7359249329758714,0.16812227074235808,0.4166666666666667,1.220703125e-08
121,train,0.4671973250152772,0.924890350877193,0.05757307351638618,0.10359712230215827,1.220703125e-08
121,val,0.739315351915743,0.7372654155495979,0.1812227074235808,0.3923611111111111,1.220703125e-08
122,train,0.47987619068538934,0.9163925438596491,0.060673162090345435,0.12086330935251799,1.220703125e-08
122,val,0.7303547448511098,0.7479892761394102,0.17903930131004367,0.3680555555555556,1.220703125e-08
123,train,0.4670416821251836,0.9287280701754386,0.05580159433126661,0.09640287769784173,1.220703125e-08
123,val,0.7287772001433948,0.7453083109919572,0.16812227074235808,0.3923611111111111,1.220703125e-08
124,train,0.46157630506837577,0.9273574561403508,0.05225863596102746,0.10575539568345324,1.220703125e-08
124,val,0.7353931104529638,0.7412868632707775,0.15065502183406113,0.4305555555555556,1.220703125e-08
125,train,0.46573620106567415,0.9276315789473684,0.054030115146147036,0.10215827338129496,1.220703125e-08
125,val,0.7333428044741019,0.7453083109919572,0.14192139737991266,0.4340277777777778,1.220703125e-08
126,train,0.47227475282393006,0.9185855263157894,0.05934455270150576,0.11726618705035971,1.220703125e-08
126,val,0.7362201715602312,0.7412868632707775,0.185589519650655,0.375,1.220703125e-08
127,train,0.4881983535331592,0.912828947368421,0.06687333923826395,0.12014388489208633,1.220703125e-08
127,val,0.7301759667115301,0.7359249329758714,0.17467248908296942,0.40625,1.220703125e-08
128,train,0.4744330418475887,0.9235197368421052,0.05535872453498671,0.11079136690647481,1.220703125e-08
128,val,0.7309109937729209,0.7412868632707775,0.16375545851528384,0.4097222222222222,1.220703125e-08
129,train,0.46183116211180103,0.9317434210526315,0.05137289636846767,0.09568345323741007,1.220703125e-08
129,val,0.7520697120846757,0.7372654155495979,0.13973799126637554,0.4583333333333333,1.220703125e-08
130,train,0.4697714032311189,0.9254385964912281,0.047829937998228524,0.11798561151079137,1.220703125e-08
130,val,0.7419248653161302,0.7426273458445041,0.15938864628820962,0.4131944444444444,1.220703125e-08
131,train,0.4767020058475043,0.9139254385964912,0.06643046944198405,0.11798561151079137,1.220703125e-08
131,val,0.7359396389438384,0.7359249329758714,0.14410480349344978,0.4548611111111111,1.220703125e-08
132,train,0.4685311057327086,0.925986842105263,0.0491585473870682,0.11438848920863309,1.220703125e-08
132,val,0.7411171654913444,0.7426273458445041,0.1572052401746725,0.4166666666666667,1.220703125e-08
133,train,0.46807341669735153,0.9251644736842105,0.05181576616474756,0.11223021582733812,1.220703125e-08
133,val,0.727487293389144,0.7453083109919572,0.17685589519650655,0.3784722222222222,1.220703125e-08
134,train,0.4695902992235987,0.9213267543859649,0.05845881310894597,0.11151079136690648,1.220703125e-08
134,val,0.7339470472796034,0.7386058981233244,0.1615720524017467,0.4201388888888889,1.220703125e-08
135,train,0.4721078766803992,0.9205043859649122,0.05713020372010629,0.1158273381294964,1.220703125e-08
135,val,0.7317525533504844,0.739946380697051,0.15938864628820962,0.4201388888888889,1.220703125e-08
136,train,0.48618254444578235,0.9139254385964912,0.06643046944198405,0.11798561151079137,1.220703125e-08
136,val,0.7368622925581945,0.7359249329758714,0.17248908296943233,0.4097222222222222,1.220703125e-08
137,train,0.46667817705555964,0.9257127192982456,0.0566873339238264,0.10287769784172662,1.220703125e-08
137,val,0.7387954502418916,0.7359249329758714,0.16593886462882096,0.4201388888888889,1.220703125e-08
138,train,0.47746815297164413,0.9174890350877193,0.060673162090345435,0.11798561151079137,1.220703125e-08
138,val,0.7405931575688216,0.7466487935656837,0.15938864628820962,0.4027777777777778,1.220703125e-08
139,train,0.4805168812735039,0.9213267543859649,0.058015943312666074,0.11223021582733812,1.220703125e-08
139,val,0.7304369808841327,0.7412868632707775,0.17248908296943233,0.3958333333333333,1.220703125e-08
140,train,0.4697242060251403,0.9232456140350876,0.05890168290522586,0.10575539568345324,1.220703125e-08
140,val,0.7352123343592994,0.7520107238605899,0.16593886462882096,0.3784722222222222,1.220703125e-08
141,train,0.48570336715171214,0.9139254385964912,0.061558901682905225,0.12589928057553956,1.220703125e-08
141,val,0.7285754995435556,0.7386058981233244,0.1812227074235808,0.3888888888888889,1.220703125e-08
142,train,0.48190398644982724,0.9188596491228069,0.05934455270150576,0.11654676258992806,1.220703125e-08
142,val,0.7404127124167639,0.7466487935656837,0.14192139737991266,0.4305555555555556,1.220703125e-08
143,train,0.47986716058170586,0.9150219298245613,0.05757307351638618,0.12949640287769784,1.220703125e-08
143,val,0.7335769637979707,0.7466487935656837,0.15938864628820962,0.4027777777777778,1.220703125e-08
144,train,0.4759725435522565,0.919407894736842,0.061558901682905225,0.11151079136690648,1.220703125e-08
144,val,0.7264241462738201,0.7439678284182306,0.18777292576419213,0.3645833333333333,1.220703125e-08
145,train,0.47232420755582943,0.9232456140350876,0.06111603188662533,0.10215827338129496,1.220703125e-08
145,val,0.7387529167349153,0.7466487935656837,0.16375545851528384,0.3958333333333333,1.220703125e-08
146,train,0.4732854583284311,0.9232456140350876,0.058015943312666074,0.10719424460431655,1.220703125e-08
146,val,0.7283748909231804,0.7426273458445041,0.16593886462882096,0.4027777777777778,1.220703125e-08
147,train,0.47200740494749005,0.9229714912280701,0.054030115146147036,0.11438848920863309,1.220703125e-08
147,val,0.7346329130531956,0.7386058981233244,0.16375545851528384,0.4166666666666667,1.220703125e-08
148,train,0.4613156219323476,0.924890350877193,0.05535872453498671,0.10719424460431655,1.220703125e-08
148,val,0.7384559337958574,0.7426273458445041,0.16593886462882096,0.4027777777777778,1.220703125e-08
149,train,0.4780052631047734,0.919407894736842,0.05713020372010629,0.11870503597122302,1.220703125e-08
149,val,0.7349218874770259,0.7426273458445041,0.1572052401746725,0.4166666666666667,1.220703125e-08
150,train,0.475969293399861,0.9141995614035088,0.0633303808680248,0.1223021582733813,1.220703125e-08
150,val,0.7308149030956442,0.7412868632707775,0.1703056768558952,0.3993055555555556,1.220703125e-08
151,train,0.47548872729142505,0.9232456140350876,0.054030115146147036,0.11366906474820145,1.220703125e-08
151,val,0.734459012507114,0.7386058981233244,0.16593886462882096,0.4131944444444444,1.220703125e-08
152,train,0.4800355610878844,0.9131030701754386,0.06200177147918512,0.12733812949640289,1.220703125e-08
152,val,0.7303106848739747,0.7479892761394102,0.16812227074235808,0.3854166666666667,1.220703125e-08
153,train,0.4659813243830413,0.928453947368421,0.05491585473870682,0.0985611510791367,1.220703125e-08
153,val,0.736420155849917,0.7426273458445041,0.17903930131004367,0.3819444444444444,1.220703125e-08
154,train,0.47696754074933234,0.9144736842105262,0.05890168290522586,0.12877697841726618,1.220703125e-08
154,val,0.7345204522718374,0.7453083109919572,0.15502183406113537,0.4131944444444444,1.220703125e-08
155,train,0.47467963946493047,0.921875,0.05890168290522586,0.1093525179856115,1.220703125e-08
155,val,0.7426548301374625,0.7386058981233244,0.17248908296943233,0.4027777777777778,1.220703125e-08
156,train,0.4714185254354226,0.919407894736842,0.06111603188662533,0.11223021582733812,1.220703125e-08
156,val,0.7364236496728482,0.739946380697051,0.15283842794759825,0.4305555555555556,1.220703125e-08
157,train,0.46156166193255205,0.9262609649122806,0.05757307351638618,0.1,1.220703125e-08
157,val,0.7423654762733398,0.7453083109919572,0.13755458515283842,0.4409722222222222,1.220703125e-08
158,train,0.4721013260515113,0.9180372807017544,0.05978742249778565,0.11798561151079137,1.220703125e-08
158,val,0.7273916280940774,0.7345844504021448,0.16812227074235808,0.4201388888888889,1.220703125e-08
159,train,0.47501396257103534,0.9235197368421052,0.05270150575730735,0.11510791366906475,1.220703125e-08
159,val,0.7413375157133824,0.7372654155495979,0.14410480349344978,0.4513888888888889,1.220703125e-08
160,train,0.4644523615899839,0.9276315789473684,0.05890168290522586,0.09424460431654676,1.220703125e-08
160,val,0.736970053601201,0.7439678284182306,0.1615720524017467,0.40625,1.220703125e-08
161,train,0.47105501670586436,0.9199561403508771,0.060673162090345435,0.11151079136690648,1.220703125e-08
161,val,0.7277126449682119,0.7412868632707775,0.15283842794759825,0.4270833333333333,1.220703125e-08
162,train,0.48591241684922,0.9122807017543859,0.06200177147918512,0.12949640287769784,1.220703125e-08
162,val,0.7387697858081747,0.7386058981233244,0.15283842794759825,0.4340277777777778,1.220703125e-08
163,train,0.48403578316956236,0.9174890350877193,0.06510186005314438,0.11079136690647481,1.220703125e-08
163,val,0.7328762062113662,0.7453083109919572,0.16593886462882096,0.3958333333333333,1.220703125e-08
164,train,0.4826173472561334,0.9150219298245613,0.05845881310894597,0.12805755395683452,1.220703125e-08
164,val,0.7342950950998404,0.739946380697051,0.16375545851528384,0.4131944444444444,1.220703125e-08
165,train,0.46907208402428713,0.9240679824561403,0.054030115146147036,0.11151079136690648,1.220703125e-08
165,val,0.7406301030205018,0.7439678284182306,0.1572052401746725,0.4131944444444444,1.220703125e-08
166,train,0.47861862953817635,0.9163925438596491,0.06111603188662533,0.12014388489208633,1.220703125e-08
166,val,0.7353045475387062,0.7439678284182306,0.17248908296943233,0.3888888888888889,1.220703125e-08
167,train,0.4720969010601964,0.9251644736842105,0.0566873339238264,0.10431654676258993,1.220703125e-08
167,val,0.730478959332842,0.7439678284182306,0.13973799126637554,0.4409722222222222,1.220703125e-08
168,train,0.4810978261786595,0.9152960526315789,0.06288751107174491,0.12014388489208633,1.220703125e-08
168,val,0.7350375398234452,0.7359249329758714,0.16593886462882096,0.4201388888888889,1.220703125e-08
169,train,0.47362635742154036,0.9202302631578947,0.060673162090345435,0.11079136690647481,1.220703125e-08
169,val,0.7205969731226044,0.7426273458445041,0.17685589519650655,0.3854166666666667,1.220703125e-08
170,train,0.4747208117654449,0.9169407894736842,0.06510186005314438,0.11223021582733812,1.220703125e-08
170,val,0.7417356111408878,0.7453083109919572,0.1462882096069869,0.4270833333333333,1.220703125e-08
171,train,0.4760510134592391,0.921875,0.05093002657218778,0.1223021582733813,1.220703125e-08
171,val,0.7366186620083316,0.7439678284182306,0.1615720524017467,0.40625,1.220703125e-08
172,train,0.4800900172507554,0.921875,0.05358724534986714,0.11798561151079137,1.220703125e-08
172,val,0.756146774694683,0.7345844504021448,0.15065502183406113,0.4479166666666667,1.220703125e-08
173,train,0.46760421769137966,0.924890350877193,0.05580159433126661,0.10647482014388489,1.220703125e-08
173,val,0.7312246950957475,0.7386058981233244,0.18340611353711792,0.3854166666666667,1.220703125e-08
174,train,0.46877584841690567,0.9191337719298245,0.05845881310894597,0.11726618705035971,1.220703125e-08
174,val,0.7343257056803869,0.7359249329758714,0.17248908296943233,0.4097222222222222,1.220703125e-08
175,train,0.4719736211394009,0.9251644736842105,0.0562444641275465,0.10503597122302158,1.220703125e-08
175,val,0.7290981045996535,0.7439678284182306,0.16375545851528384,0.4027777777777778,1.220703125e-08
176,train,0.4661914701001686,0.9232456140350876,0.054030115146147036,0.11366906474820145,1.220703125e-08
176,val,0.728773366669867,0.739946380697051,0.1703056768558952,0.4027777777777778,1.220703125e-08
177,train,0.4794751566491629,0.9185855263157894,0.06288751107174491,0.11151079136690648,1.220703125e-08
177,val,0.7550401523030156,0.7359249329758714,0.1331877729257642,0.4722222222222222,1.220703125e-08
178,train,0.47841076997288484,0.9191337719298245,0.05757307351638618,0.11870503597122302,1.220703125e-08
178,val,0.7363027176812251,0.7386058981233244,0.16375545851528384,0.4166666666666667,1.220703125e-08
179,train,0.462346153693241,0.9279057017543859,0.05225863596102746,0.10431654676258993,1.220703125e-08
179,val,0.733550224163577,0.7426273458445041,0.1615720524017467,0.4097222222222222,1.220703125e-08
180,train,0.4659036492046557,0.9229714912280701,0.05535872453498671,0.11223021582733812,1.220703125e-08
180,val,0.7311320025224148,0.7439678284182306,0.15283842794759825,0.4201388888888889,1.220703125e-08
181,train,0.47094881338508504,0.9226973684210525,0.05447298494242692,0.11438848920863309,1.220703125e-08
181,val,0.7298351791525015,0.7386058981233244,0.18340611353711792,0.3854166666666667,1.220703125e-08
182,train,0.46291662844126685,0.9298245614035088,0.05137289636846767,0.10071942446043165,1.220703125e-08
182,val,0.7287424385707436,0.739946380697051,0.1615720524017467,0.4166666666666667,1.220703125e-08
183,train,0.4728377771220709,0.9207785087719298,0.05447298494242692,0.11942446043165468,1.220703125e-08
183,val,0.7384759366672097,0.7412868632707775,0.16593886462882096,0.40625,1.220703125e-08
184,train,0.46126106682053786,0.9273574561403508,0.05270150575730735,0.10503597122302158,1.220703125e-08
184,val,0.741463781361925,0.7386058981233244,0.15502183406113537,0.4305555555555556,1.220703125e-08
185,train,0.4673608643443961,0.9273574561403508,0.05181576616474756,0.10647482014388489,1.220703125e-08
185,val,0.7379142029994934,0.7426273458445041,0.13537117903930132,0.4513888888888889,1.220703125e-08
186,train,0.47280880730403096,0.921875,0.05978742249778565,0.1079136690647482,1.220703125e-08
186,val,0.7361397004958452,0.7412868632707775,0.17467248908296942,0.3923611111111111,1.220703125e-08
187,train,0.4679152630923087,0.9226973684210525,0.0562444641275465,0.11151079136690648,1.220703125e-08
187,val,0.7358423052780111,0.7292225201072386,0.16812227074235808,0.4340277777777778,1.220703125e-08
188,train,0.48280641475790426,0.9152960526315789,0.06288751107174491,0.12014388489208633,1.220703125e-08
188,val,0.7269637284266086,0.7453083109919572,0.17248908296943233,0.3854166666666667,1.220703125e-08
189,train,0.4829797597046484,0.9199561403508771,0.05447298494242692,0.12158273381294964,1.220703125e-08
189,val,0.7383653456020611,0.7386058981233244,0.15938864628820962,0.4236111111111111,1.220703125e-08
190,train,0.47633921838643256,0.919407894736842,0.06111603188662533,0.11223021582733812,1.220703125e-08
190,val,0.7305300934864433,0.7453083109919572,0.1703056768558952,0.3888888888888889,1.220703125e-08
191,train,0.473980886632936,0.9232456140350876,0.058015943312666074,0.10719424460431655,1.220703125e-08
191,val,0.7332918426626169,0.7412868632707775,0.1703056768558952,0.3993055555555556,1.220703125e-08
192,train,0.4742085447436885,0.9188596491228069,0.061558901682905225,0.11294964028776978,1.220703125e-08
192,val,0.7285934539646629,0.7506702412868633,0.17685589519650655,0.3645833333333333,1.220703125e-08
193,train,0.46744010440613093,0.9210526315789473,0.058015943312666074,0.11294964028776978,1.220703125e-08
193,val,0.7305736150243007,0.7412868632707775,0.1703056768558952,0.3993055555555556,1.220703125e-08
194,train,0.4738760241552403,0.9235197368421052,0.0562444641275465,0.1093525179856115,1.220703125e-08
194,val,0.7462932715147494,0.7345844504021448,0.15938864628820962,0.4340277777777778,1.220703125e-08
195,train,0.47126042045522154,0.9221491228070174,0.0562444641275465,0.11294964028776978,1.220703125e-08
195,val,0.7354013318989935,0.7305630026809652,0.1703056768558952,0.4270833333333333,1.220703125e-08
196,train,0.46652808092665254,0.9251644736842105,0.05093002657218778,0.11366906474820145,1.220703125e-08
196,val,0.7302083854061668,0.7439678284182306,0.17685589519650655,0.3819444444444444,1.220703125e-08
197,train,0.4881285648596914,0.9133771929824561,0.0637732506643047,0.1237410071942446,1.220703125e-08
197,val,0.7323864899755483,0.7372654155495979,0.1615720524017467,0.4236111111111111,1.220703125e-08
198,train,0.4777647115682301,0.9199561403508771,0.05890168290522586,0.11438848920863309,1.220703125e-08
198,val,0.7450441943416647,0.7426273458445041,0.1572052401746725,0.4166666666666667,1.220703125e-08
199,train,0.4796790650539231,0.9240679824561403,0.05447298494242692,0.11079136690647481,1.220703125e-08
199,val,0.7409743062612518,0.7305630026809652,0.15283842794759825,0.4548611111111111,1.220703125e-08
200,train,0.4700607781608899,0.9246162280701754,0.06023029229406555,0.1,1.220703125e-08
200,val,0.742318855853247,0.739946380697051,0.16593886462882096,0.4097222222222222,1.220703125e-08
201,train,0.4588006736155142,0.9342105263157894,0.0420726306465899,0.10431654676258993,1.220703125e-08
201,val,0.7268128885660351,0.7439678284182306,0.1572052401746725,0.4131944444444444,1.220703125e-08
202,train,0.4693295390982377,0.9226973684210525,0.06111603188662533,0.10359712230215827,1.220703125e-08
202,val,0.7335409139340429,0.7439678284182306,0.19868995633187772,0.3472222222222222,1.220703125e-08
203,train,0.4756536892893022,0.9196820175438596,0.062444641275465014,0.1093525179856115,1.220703125e-08
203,val,0.7286000592139706,0.7386058981233244,0.1615720524017467,0.4201388888888889,1.220703125e-08
204,train,0.4743689411042029,0.9232456140350876,0.05358724534986714,0.11438848920863309,1.220703125e-08
204,val,0.7263592836364664,0.7412868632707775,0.20087336244541484,0.3506944444444444,1.220703125e-08
205,train,0.478474556876902,0.9177631578947368,0.05934455270150576,0.11942446043165468,1.220703125e-08
205,val,0.7348990716819149,0.7439678284182306,0.1703056768558952,0.3923611111111111,1.220703125e-08
206,train,0.4699521301346913,0.9235197368421052,0.053144375553587246,0.11438848920863309,1.220703125e-08
206,val,0.7427422020774105,0.7412868632707775,0.14192139737991266,0.4444444444444444,1.220703125e-08
207,train,0.46991467515104696,0.9243421052631579,0.05358724534986714,0.11151079136690648,1.220703125e-08
207,val,0.7446500903479855,0.7479892761394102,0.15502183406113537,0.40625,1.220703125e-08
208,train,0.47822807794600203,0.9205043859649122,0.06111603188662533,0.1093525179856115,1.220703125e-08
208,val,0.7295366599157093,0.7426273458445041,0.16375545851528384,0.40625,1.220703125e-08
209,train,0.477491846602214,0.9210526315789473,0.05845881310894597,0.11223021582733812,1.220703125e-08
209,val,0.7482507810515948,0.7426273458445041,0.14410480349344978,0.4375,1.220703125e-08
210,train,0.4613298450907071,0.9262609649122806,0.05934455270150576,0.09712230215827339,1.220703125e-08
210,val,0.7321912822071412,0.7439678284182306,0.17685589519650655,0.3819444444444444,1.220703125e-08
211,train,0.46727209708146883,0.9273574561403508,0.04827280779450841,0.11223021582733812,1.220703125e-08
211,val,0.7325148344359513,0.739946380697051,0.16593886462882096,0.4097222222222222,1.220703125e-08
212,train,0.4747942046899545,0.9216008771929824,0.05845881310894597,0.11079136690647481,1.220703125e-08
212,val,0.73043923435518,0.7426273458445041,0.16375545851528384,0.40625,1.220703125e-08
213,train,0.49045236748561527,0.9087171052631579,0.06687333923826395,0.13093525179856116,1.220703125e-08
213,val,0.732251899651484,0.7439678284182306,0.17685589519650655,0.3819444444444444,1.220703125e-08
214,train,0.47745197972184733,0.9161184210526315,0.05978742249778565,0.12302158273381295,1.220703125e-08
214,val,0.7337968148111338,0.7520107238605899,0.15283842794759825,0.3993055555555556,1.220703125e-08
215,train,0.477124908906326,0.9196820175438596,0.05447298494242692,0.1223021582733813,1.220703125e-08
215,val,0.7347512639879221,0.7479892761394102,0.17248908296943233,0.3784722222222222,1.220703125e-08
216,train,0.4832089657061978,0.9150219298245613,0.06421612046058459,0.11870503597122302,1.220703125e-08
216,val,0.7300997700831845,0.7412868632707775,0.16812227074235808,0.4027777777777778,1.220703125e-08
217,train,0.46538797099339335,0.928453947368421,0.05004428697962799,0.10647482014388489,1.220703125e-08
217,val,0.7357269189153216,0.7372654155495979,0.1572052401746725,0.4305555555555556,1.220703125e-08
218,train,0.47347639527237206,0.9180372807017544,0.062444641275465014,0.11366906474820145,1.220703125e-08
218,val,0.7379020618689284,0.7426273458445041,0.1943231441048035,0.3576388888888889,1.220703125e-08
219,train,0.46992510792456177,0.9221491228070174,0.05757307351638618,0.11079136690647481,1.220703125e-08
219,val,0.7376253151062666,0.7412868632707775,0.1615720524017467,0.4131944444444444,1.220703125e-08
220,train,0.47444838965148256,0.9191337719298245,0.05934455270150576,0.1158273381294964,1.220703125e-08
220,val,0.7311688610439965,0.7426273458445041,0.1615720524017467,0.4097222222222222,1.220703125e-08
221,train,0.474171041919474,0.9163925438596491,0.06510186005314438,0.11366906474820145,1.220703125e-08
221,val,0.7323319239207311,0.7439678284182306,0.1615720524017467,0.40625,1.220703125e-08
222,train,0.4815784205208745,0.9196820175438596,0.05934455270150576,0.11438848920863309,1.220703125e-08
222,val,0.7302020550892756,0.7479892761394102,0.17467248908296942,0.375,1.220703125e-08
223,train,0.4728804102592301,0.925986842105263,0.05713020372010629,0.10143884892086331,1.220703125e-08
223,val,0.7376555297074305,0.7386058981233244,0.15065502183406113,0.4375,1.220703125e-08
224,train,0.46889272449832214,0.925986842105263,0.049601417183348095,0.11366906474820145,1.220703125e-08
224,val,0.7331143280456277,0.7319034852546917,0.17685589519650655,0.4131944444444444,1.220703125e-08
225,train,0.4768534505314994,0.9199561403508771,0.05845881310894597,0.11510791366906475,1.220703125e-08
225,val,0.7373424639011515,0.7372654155495979,0.16812227074235808,0.4131944444444444,1.220703125e-08
226,train,0.4702019094113718,0.9237938596491228,0.05358724534986714,0.11294964028776978,1.220703125e-08
226,val,0.7417449184141593,0.7332439678284183,0.185589519650655,0.3958333333333333,1.220703125e-08
227,train,0.4722812949565419,0.9235197368421052,0.05491585473870682,0.11151079136690648,1.220703125e-08
227,val,0.7379555414573117,0.7359249329758714,0.1812227074235808,0.3958333333333333,1.220703125e-08
228,train,0.4747143842672047,0.9237938596491228,0.05137289636846767,0.11654676258992806,1.220703125e-08
228,val,0.7303669018016744,0.7466487935656837,0.15938864628820962,0.4027777777777778,1.220703125e-08
229,train,0.472656431820309,0.9191337719298245,0.05757307351638618,0.11870503597122302,1.220703125e-08
229,val,0.7330925756261432,0.7372654155495979,0.15065502183406113,0.4409722222222222,1.220703125e-08
230,train,0.4656373475465858,0.9276315789473684,0.049601417183348095,0.1093525179856115,1.220703125e-08
230,val,0.7404584470766798,0.7386058981233244,0.15283842794759825,0.4340277777777778,1.220703125e-08
231,train,0.46578647065580936,0.928453947368421,0.05137289636846767,0.10431654676258993,1.220703125e-08
231,val,0.7256358173193944,0.7412868632707775,0.15502183406113537,0.4236111111111111,1.220703125e-08
232,train,0.47728257770078225,0.9213267543859649,0.05890168290522586,0.11079136690647481,1.220703125e-08
232,val,0.743399066356168,0.7439678284182306,0.15502183406113537,0.4166666666666667,1.220703125e-08
233,train,0.47820299537035454,0.9196820175438596,0.060673162090345435,0.11223021582733812,1.220703125e-08
233,val,0.7309416435039715,0.7386058981233244,0.1615720524017467,0.4201388888888889,1.220703125e-08
234,train,0.47367063439206075,0.922423245614035,0.05934455270150576,0.10719424460431655,1.220703125e-08
234,val,0.7313992539295882,0.7453083109919572,0.16375545851528384,0.3993055555555556,1.220703125e-08
235,train,0.4746010843337628,0.9174890350877193,0.062444641275465014,0.11510791366906475,1.220703125e-08
235,val,0.7289222728151419,0.7453083109919572,0.17685589519650655,0.3784722222222222,1.220703125e-08
236,train,0.47753177347936127,0.9177631578947368,0.06288751107174491,0.11366906474820145,1.220703125e-08
236,val,0.7386027665624031,0.7412868632707775,0.1703056768558952,0.3993055555555556,1.220703125e-08
237,train,0.4792370129572718,0.9141995614035088,0.05757307351638618,0.1316546762589928,1.220703125e-08
237,val,0.7418513997949799,0.7386058981233244,0.18340611353711792,0.3854166666666667,1.220703125e-08
238,train,0.4783364380137962,0.9183114035087718,0.06200177147918512,0.11366906474820145,1.220703125e-08
238,val,0.7363707741208115,0.7372654155495979,0.1572052401746725,0.4305555555555556,1.220703125e-08
239,train,0.4725347167828627,0.921875,0.05535872453498671,0.11510791366906475,1.220703125e-08
239,val,0.7308577324685718,0.7426273458445041,0.1703056768558952,0.3958333333333333,1.220703125e-08
240,train,0.46864280000067593,0.9216008771929824,0.05978742249778565,0.10863309352517986,1.220703125e-08
240,val,0.7357444566632084,0.7520107238605899,0.15283842794759825,0.3993055555555556,1.220703125e-08
241,train,0.47776364339025396,0.9169407894736842,0.06598759964570416,0.11079136690647481,1.220703125e-08
241,val,0.7295593793526411,0.7412868632707775,0.16812227074235808,0.4027777777777778,1.220703125e-08
242,train,0.46927186010176675,0.9243421052631579,0.05004428697962799,0.11726618705035971,1.220703125e-08
242,val,0.731483441894879,0.7426273458445041,0.17467248908296942,0.3888888888888889,1.220703125e-08
243,train,0.4676810573590429,0.9232456140350876,0.05447298494242692,0.11294964028776978,1.220703125e-08
243,val,0.7336464863040811,0.7372654155495979,0.1812227074235808,0.3923611111111111,1.220703125e-08
244,train,0.47729455522800746,0.9185855263157894,0.06111603188662533,0.11438848920863309,1.220703125e-08
244,val,0.7335034634408618,0.7386058981233244,0.15502183406113537,0.4305555555555556,1.220703125e-08
245,train,0.4583704229771045,0.9290021929824561,0.05137289636846767,0.10287769784172662,1.220703125e-08
245,val,0.7230423847088545,0.7426273458445041,0.185589519650655,0.3715277777777778,1.220703125e-08
246,train,0.4811185436290607,0.9213267543859649,0.05934455270150576,0.11007194244604317,1.220703125e-08
246,val,0.7350046465288218,0.7426273458445041,0.15283842794759825,0.4236111111111111,1.220703125e-08
247,train,0.48257645114994885,0.9114583333333333,0.06908768821966342,0.12014388489208633,1.220703125e-08
247,val,0.7317519187927246,0.7453083109919572,0.17685589519650655,0.3784722222222222,1.220703125e-08
248,train,0.4728264969430472,0.9221491228070174,0.05845881310894597,0.1093525179856115,1.220703125e-08
248,val,0.7255870658335034,0.7439678284182306,0.16375545851528384,0.4027777777777778,1.220703125e-08
249,train,0.4772028202811877,0.919407894736842,0.05845881310894597,0.11654676258992806,1.220703125e-08
249,val,0.7290382254219566,0.7332439678284183,0.16593886462882096,0.4270833333333333,1.220703125e-08
250,train,0.4615382350850524,0.9306469298245613,0.050487156775907885,0.1,1.220703125e-08
250,val,0.7310586247303531,0.7426273458445041,0.17685589519650655,0.3854166666666667,1.220703125e-08
251,train,0.47333941085819614,0.9221491228070174,0.061558901682905225,0.10431654676258993,1.220703125e-08
251,val,0.730031236247147,0.7412868632707775,0.16375545851528384,0.4097222222222222,1.220703125e-08
252,train,0.47346331688918564,0.922423245614035,0.05934455270150576,0.10719424460431655,1.220703125e-08
252,val,0.7398261749073264,0.7466487935656837,0.1615720524017467,0.3993055555555556,1.220703125e-08
253,train,0.47206549294162214,0.9205043859649122,0.06288751107174491,0.10647482014388489,1.220703125e-08
253,val,0.7289974890829092,0.7439678284182306,0.17685589519650655,0.3819444444444444,1.220703125e-08
254,train,0.4713452215257444,0.922423245614035,0.05845881310894597,0.10863309352517986,1.220703125e-08
254,val,0.737203985852147,0.7439678284182306,0.17248908296943233,0.3888888888888889,1.220703125e-08
255,train,0.47533840673011646,0.9174890350877193,0.05890168290522586,0.12086330935251799,1.220703125e-08
255,val,0.7227516273391151,0.7426273458445041,0.1615720524017467,0.4097222222222222,1.220703125e-08
256,train,0.46515968925597373,0.9273574561403508,0.05181576616474756,0.10647482014388489,1.220703125e-08
256,val,0.7321268083582615,0.7345844504021448,0.15065502183406113,0.4479166666666667,1.220703125e-08
257,train,0.47390159480927285,0.9210526315789473,0.0566873339238264,0.11510791366906475,1.220703125e-08
257,val,0.7415073269493778,0.7426273458445041,0.15502183406113537,0.4201388888888889,1.220703125e-08
258,train,0.46204687249765064,0.9273574561403508,0.05225863596102746,0.10575539568345324,1.220703125e-08
258,val,0.73444399613158,0.7332439678284183,0.15502183406113537,0.4444444444444444,1.220703125e-08
259,train,0.4729012427361388,0.9177631578947368,0.06465899025686449,0.11079136690647481,1.220703125e-08
259,val,0.7382257745349056,0.7412868632707775,0.1572052401746725,0.4201388888888889,1.220703125e-08
260,train,0.48366467484779524,0.9155701754385964,0.06421612046058459,0.11726618705035971,1.220703125e-08
260,val,0.7323963149942597,0.7426273458445041,0.17248908296943233,0.3923611111111111,1.220703125e-08
261,train,0.4786329907283448,0.9166666666666666,0.06200177147918512,0.11798561151079137,1.220703125e-08
261,val,0.7285483477901837,0.7386058981233244,0.1703056768558952,0.40625,1.220703125e-08
262,train,0.480007341033534,0.9169407894736842,0.05890168290522586,0.1223021582733813,1.220703125e-08
262,val,0.7329217857074481,0.7453083109919572,0.15938864628820962,0.40625,1.220703125e-08
263,train,0.47695386671183404,0.9147478070175438,0.06421612046058459,0.11942446043165468,1.220703125e-08
263,val,0.7362932097815956,0.7426273458445041,0.15938864628820962,0.4131944444444444,1.220703125e-08
264,train,0.4783065904650772,0.9185855263157894,0.06023029229406555,0.1158273381294964,1.220703125e-08
264,val,0.744639917129486,0.7372654155495979,0.15938864628820962,0.4270833333333333,1.220703125e-08
265,train,0.4756646283101617,0.9174890350877193,0.05978742249778565,0.11942446043165468,1.220703125e-08
265,val,0.7234144305096235,0.7479892761394102,0.16593886462882096,0.3888888888888889,1.220703125e-08
266,train,0.46795924217031715,0.9257127192982456,0.05225863596102746,0.11007194244604317,1.220703125e-08
266,val,0.7316470619181206,0.7426273458445041,0.17248908296943233,0.3923611111111111,1.220703125e-08
267,train,0.47574582460679504,0.9202302631578947,0.05713020372010629,0.11654676258992806,1.220703125e-08
267,val,0.7301221652900246,0.7426273458445041,0.16812227074235808,0.3993055555555556,1.220703125e-08
268,train,0.4698440112304269,0.9246162280701754,0.05358724534986714,0.11079136690647481,1.220703125e-08
268,val,0.7352445513888914,0.7453083109919572,0.17467248908296942,0.3819444444444444,1.220703125e-08
269,train,0.47287303353087945,0.9196820175438596,0.05358724534986714,0.1237410071942446,1.220703125e-08
269,val,0.7406783484262052,0.7439678284182306,0.15065502183406113,0.4236111111111111,1.220703125e-08
270,train,0.4720825908476846,0.9229714912280701,0.058015943312666074,0.1079136690647482,1.220703125e-08
270,val,0.7267667170184547,0.7412868632707775,0.1812227074235808,0.3819444444444444,1.220703125e-08
271,train,0.46350223492634923,0.9273574561403508,0.050487156775907885,0.10863309352517986,1.220703125e-08
271,val,0.7416643469966449,0.7412868632707775,0.16812227074235808,0.4027777777777778,1.220703125e-08
272,train,0.47516892419049617,0.9229714912280701,0.0562444641275465,0.11079136690647481,1.220703125e-08
272,val,0.7295310193667782,0.7372654155495979,0.1615720524017467,0.4236111111111111,1.220703125e-08
273,train,0.4756208110535354,0.9232456140350876,0.053144375553587246,0.11510791366906475,1.220703125e-08
273,val,0.7400940688621582,0.7332439678284183,0.14410480349344978,0.4618055555555556,1.220703125e-08
274,train,0.4682332677276511,0.9237938596491228,0.05845881310894597,0.10503597122302158,1.220703125e-08
274,val,0.7236386713329652,0.7426273458445041,0.1703056768558952,0.3958333333333333,1.220703125e-08
275,train,0.47662475038515895,0.921875,0.05845881310894597,0.11007194244604317,1.220703125e-08
275,val,0.7349047974031668,0.7439678284182306,0.17685589519650655,0.3819444444444444,1.220703125e-08
276,train,0.47315073980574024,0.9199561403508771,0.05580159433126661,0.11942446043165468,1.220703125e-08
276,val,0.7350129080841432,0.7426273458445041,0.15283842794759825,0.4236111111111111,1.220703125e-08
277,train,0.4683608017992555,0.9226973684210525,0.060673162090345435,0.10431654676258993,1.220703125e-08
277,val,0.7363271738824512,0.7479892761394102,0.15502183406113537,0.40625,1.220703125e-08
278,train,0.47755746491122664,0.9199561403508771,0.06111603188662533,0.11079136690647481,1.220703125e-08
278,val,0.7339571621718419,0.7479892761394102,0.18777292576419213,0.3541666666666667,1.220703125e-08
279,train,0.4741178784976926,0.9237938596491228,0.058015943312666074,0.10575539568345324,1.220703125e-08
279,val,0.7426838814093664,0.7453083109919572,0.16375545851528384,0.3993055555555556,1.220703125e-08
280,train,0.46859729904354663,0.9210526315789473,0.06111603188662533,0.1079136690647482,1.220703125e-08
280,val,0.7309321630096947,0.7359249329758714,0.1572052401746725,0.4340277777777778,1.220703125e-08
281,train,0.46671523911911145,0.9207785087719298,0.05181576616474756,0.1237410071942446,1.220703125e-08
281,val,0.7309148607241245,0.7372654155495979,0.16812227074235808,0.4131944444444444,1.220703125e-08
282,train,0.47419205935377823,0.9202302631578947,0.06421612046058459,0.10503597122302158,1.220703125e-08
282,val,0.7435507739197473,0.7439678284182306,0.15502183406113537,0.4166666666666667,1.220703125e-08
283,train,0.46297854721023324,0.9262609649122806,0.05181576616474756,0.1093525179856115,1.220703125e-08
283,val,0.7440185072275013,0.7412868632707775,0.14847161572052403,0.4340277777777778,1.220703125e-08
284,train,0.4767941980246912,0.9161184210526315,0.05934455270150576,0.1237410071942446,1.220703125e-08
284,val,0.7318817543280348,0.7426273458445041,0.15502183406113537,0.4201388888888889,1.220703125e-08
285,train,0.46784081113965886,0.9229714912280701,0.0566873339238264,0.11007194244604317,1.220703125e-08
285,val,0.7264170688214954,0.7386058981233244,0.1615720524017467,0.4201388888888889,1.220703125e-08
286,train,0.4769273178096403,0.9185855263157894,0.05890168290522586,0.11798561151079137,1.220703125e-08
286,val,0.7391236110443085,0.7479892761394102,0.14192139737991266,0.4270833333333333,1.220703125e-08
287,train,0.47414538473413703,0.9226973684210525,0.05093002657218778,0.12014388489208633,1.220703125e-08
287,val,0.733179975131242,0.7466487935656837,0.185589519650655,0.3611111111111111,1.220703125e-08
288,train,0.4779329486844832,0.9232456140350876,0.0562444641275465,0.11007194244604317,1.220703125e-08
288,val,0.728818842776659,0.7493297587131368,0.1703056768558952,0.3784722222222222,1.220703125e-08
289,train,0.47688093075626775,0.9254385964912281,0.05270150575730735,0.11007194244604317,1.220703125e-08
289,val,0.7443393238747728,0.7412868632707775,0.14847161572052403,0.4340277777777778,1.220703125e-08
290,train,0.4739140887793742,0.9237938596491228,0.05447298494242692,0.11151079136690648,1.220703125e-08
290,val,0.7332142927052189,0.7453083109919572,0.1572052401746725,0.4097222222222222,1.220703125e-08
291,train,0.47404670689189643,0.9191337719298245,0.05491585473870682,0.12302158273381295,1.220703125e-08
291,val,0.7383057982448599,0.7386058981233244,0.17467248908296942,0.3993055555555556,1.220703125e-08
292,train,0.47613323427606047,0.9232456140350876,0.05580159433126661,0.11079136690647481,1.220703125e-08
292,val,0.7241194409595418,0.7453083109919572,0.16593886462882096,0.3958333333333333,1.220703125e-08
293,train,0.4629410707898307,0.9268092105263157,0.05137289636846767,0.10863309352517986,1.220703125e-08
293,val,0.7401679329194588,0.7412868632707775,0.1572052401746725,0.4201388888888889,1.220703125e-08
294,train,0.4697448407348834,0.9183114035087718,0.0562444641275465,0.12302158273381295,1.220703125e-08
294,val,0.7351381713199872,0.7345844504021448,0.16812227074235808,0.4201388888888889,1.220703125e-08
295,train,0.46541397103614973,0.9243421052631579,0.053144375553587246,0.11223021582733812,1.220703125e-08
295,val,0.7285793442828405,0.7372654155495979,0.185589519650655,0.3854166666666667,1.220703125e-08
296,train,0.4650522721441169,0.9298245614035088,0.05093002657218778,0.10143884892086331,1.220703125e-08
296,val,0.7293004072383645,0.7386058981233244,0.17248908296943233,0.4027777777777778,1.220703125e-08
297,train,0.47608634097534314,0.9213267543859649,0.05890168290522586,0.11079136690647481,1.220703125e-08
297,val,0.7302958553022737,0.7345844504021448,0.17685589519650655,0.40625,1.220703125e-08
298,train,0.4724182321837074,0.9172149122807017,0.05845881310894597,0.1223021582733813,1.220703125e-08
298,val,0.7354020402834179,0.7386058981233244,0.16375545851528384,0.4166666666666667,1.220703125e-08
299,train,0.48044385381957944,0.9180372807017544,0.0637732506643047,0.11151079136690648,1.220703125e-08
299,val,0.735788197044393,0.7453083109919572,0.185589519650655,0.3645833333333333,1.220703125e-08
300,train,0.46225381119732273,0.9265350877192982,0.05978742249778565,0.09568345323741007,1.220703125e-08
300,val,0.7233053864486735,0.7466487935656837,0.16375545851528384,0.3958333333333333,1.220703125e-08
301,train,0.4755414051183483,0.922423245614035,0.05934455270150576,0.10719424460431655,1.220703125e-08
301,val,0.7255167379455976,0.7439678284182306,0.17467248908296942,0.3854166666666667,1.220703125e-08
302,train,0.4728857672266793,0.9185855263157894,0.05890168290522586,0.11798561151079137,1.220703125e-08
302,val,0.7172818113587817,0.739946380697051,0.17467248908296942,0.3958333333333333,1.220703125e-08
303,train,0.47505767682665273,0.9226973684210525,0.05447298494242692,0.11438848920863309,1.220703125e-08
303,val,0.7357233590159276,0.7439678284182306,0.16375545851528384,0.4027777777777778,1.220703125e-08
304,train,0.48300668375011074,0.9174890350877193,0.062444641275465014,0.11510791366906475,1.220703125e-08
304,val,0.7386919176930077,0.7386058981233244,0.16375545851528384,0.4166666666666667,1.220703125e-08
305,train,0.47384166495318997,0.9213267543859649,0.0637732506643047,0.10287769784172662,1.220703125e-08
305,val,0.7388745357779332,0.7453083109919572,0.15938864628820962,0.40625,1.220703125e-08
306,train,0.47203769678609414,0.9213267543859649,0.05713020372010629,0.11366906474820145,1.220703125e-08
306,val,0.723905532673281,0.739946380697051,0.17248908296943233,0.3993055555555556,1.220703125e-08
307,train,0.4722195254606113,0.9207785087719298,0.058015943312666074,0.11366906474820145,1.220703125e-08
307,val,0.7283098807922956,0.7466487935656837,0.16593886462882096,0.3923611111111111,1.220703125e-08
308,train,0.47828849104412813,0.9185855263157894,0.05713020372010629,0.12086330935251799,1.220703125e-08
308,val,0.7376976000399755,0.7372654155495979,0.1572052401746725,0.4305555555555556,1.220703125e-08
309,train,0.46839671320559684,0.9240679824561403,0.05580159433126661,0.10863309352517986,1.220703125e-08
309,val,0.7351201547374674,0.7466487935656837,0.16812227074235808,0.3888888888888889,1.220703125e-08
310,train,0.47755952924489975,0.9155701754385964,0.06421612046058459,0.11726618705035971,1.220703125e-08
310,val,0.7313025109569764,0.7439678284182306,0.15502183406113537,0.4166666666666667,1.220703125e-08
311,train,0.4803836701209085,0.9169407894736842,0.061558901682905225,0.11798561151079137,1.220703125e-08
311,val,0.7365928819607793,0.7359249329758714,0.15065502183406113,0.4444444444444444,1.220703125e-08
312,train,0.48098357806080266,0.9166666666666666,0.06111603188662533,0.11942446043165468,1.220703125e-08
312,val,0.7327416393776042,0.7359249329758714,0.1703056768558952,0.4131944444444444,1.220703125e-08
313,train,0.4699525945542151,0.9257127192982456,0.05491585473870682,0.10575539568345324,1.220703125e-08
313,val,0.7392399343025269,0.7426273458445041,0.17248908296943233,0.3923611111111111,1.220703125e-08
314,train,0.4792053614530647,0.919407894736842,0.05934455270150576,0.11510791366906475,1.220703125e-08
314,val,0.7320909471358434,0.7453083109919572,0.16375545851528384,0.3993055555555556,1.220703125e-08
315,train,0.46899051598289554,0.9237938596491228,0.05757307351638618,0.10647482014388489,1.220703125e-08
315,val,0.7456878351781707,0.7439678284182306,0.1331877729257642,0.4513888888888889,1.220703125e-08
316,train,0.46613543689773795,0.9270833333333333,0.05225863596102746,0.10647482014388489,1.220703125e-08
316,val,0.7277802741879112,0.7412868632707775,0.15502183406113537,0.4236111111111111,1.220703125e-08
317,train,0.47534836318932083,0.9202302631578947,0.05580159433126661,0.11870503597122302,1.220703125e-08
317,val,0.7385087275313308,0.7359249329758714,0.1615720524017467,0.4270833333333333,1.220703125e-08
318,train,0.4755847550797881,0.9235197368421052,0.05491585473870682,0.11151079136690648,1.220703125e-08
318,val,0.7359848405976078,0.739946380697051,0.17248908296943233,0.3993055555555556,1.220703125e-08
319,train,0.4651448117536411,0.9246162280701754,0.05978742249778565,0.10071942446043165,1.220703125e-08
319,val,0.7246563743010922,0.7386058981233244,0.17685589519650655,0.3958333333333333,1.220703125e-08
320,train,0.4759789818995877,0.9155701754385964,0.06510186005314438,0.1158273381294964,1.220703125e-08
320,val,0.7336902190149629,0.7479892761394102,0.15283842794759825,0.4097222222222222,1.220703125e-08
321,train,0.47809127639783056,0.9205043859649122,0.062444641275465014,0.10719424460431655,1.220703125e-08
321,val,0.7356786714322445,0.7426273458445041,0.17467248908296942,0.3888888888888889,1.220703125e-08
322,train,0.46341000784907427,0.9240679824561403,0.0562444641275465,0.1079136690647482,1.220703125e-08
322,val,0.7341660433735988,0.7386058981233244,0.1812227074235808,0.3888888888888889,1.220703125e-08
323,train,0.4769040794487585,0.9202302631578947,0.05757307351638618,0.1158273381294964,1.220703125e-08
323,val,0.7233672335384359,0.7359249329758714,0.1812227074235808,0.3958333333333333,1.220703125e-08
324,train,0.48348238907362284,0.9166666666666666,0.06023029229406555,0.12086330935251799,1.220703125e-08
324,val,0.734036870840088,0.7386058981233244,0.16812227074235808,0.4097222222222222,1.220703125e-08
325,train,0.470744230376001,0.9221491228070174,0.054030115146147036,0.11654676258992806,1.220703125e-08
325,val,0.73353229339257,0.7439678284182306,0.16812227074235808,0.3958333333333333,1.220703125e-08
326,train,0.4715412829005927,0.9221491228070174,0.05137289636846767,0.12086330935251799,1.220703125e-08
326,val,0.7315273587729273,0.7453083109919572,0.18777292576419213,0.3611111111111111,1.220703125e-08
327,train,0.47955603832215593,0.9210526315789473,0.0562444641275465,0.1158273381294964,1.220703125e-08
327,val,0.7275762506848046,0.7506702412868633,0.16375545851528384,0.3854166666666667,1.220703125e-08
328,train,0.48088124015352185,0.9155701754385964,0.061558901682905225,0.12158273381294964,1.220703125e-08
328,val,0.7217995019444832,0.7466487935656837,0.17685589519650655,0.375,1.220703125e-08
329,train,0.456324159053334,0.9290021929824561,0.05137289636846767,0.10287769784172662,1.220703125e-08
329,val,0.7310473548183493,0.7439678284182306,0.17685589519650655,0.3819444444444444,1.220703125e-08
330,train,0.4814200711093451,0.9177631578947368,0.05934455270150576,0.11942446043165468,1.220703125e-08
330,val,0.7436782783221942,0.739946380697051,0.15938864628820962,0.4201388888888889,1.220703125e-08
331,train,0.4680792020078291,0.9226973684210525,0.058015943312666074,0.10863309352517986,1.220703125e-08
331,val,0.7317008323388189,0.7412868632707775,0.1615720524017467,0.4131944444444444,1.220703125e-08
332,train,0.46496329652635676,0.9295504385964912,0.05137289636846767,0.10143884892086331,1.220703125e-08
332,val,0.7306737615339878,0.7439678284182306,0.18340611353711792,0.3715277777777778,1.220703125e-08
333,train,0.4782607259980419,0.9229714912280701,0.06023029229406555,0.10431654676258993,1.220703125e-08
333,val,0.7388990113147142,0.7359249329758714,0.1703056768558952,0.4131944444444444,1.220703125e-08
334,train,0.47525795627581446,0.9232456140350876,0.05535872453498671,0.11151079136690648,1.220703125e-08
334,val,0.7398405688697467,0.7386058981233244,0.15283842794759825,0.4340277777777778,1.220703125e-08
335,train,0.4757892634523542,0.9205043859649122,0.061558901682905225,0.10863309352517986,1.220703125e-08
335,val,0.7411540088321185,0.7386058981233244,0.16375545851528384,0.4166666666666667,1.220703125e-08
336,train,0.4771533719541734,0.9131030701754386,0.06421612046058459,0.1237410071942446,1.220703125e-08
336,val,0.732482665185954,0.7426273458445041,0.16812227074235808,0.3993055555555556,1.220703125e-08
337,train,0.47524090241967587,0.9166666666666666,0.0637732506643047,0.11510791366906475,1.220703125e-08
337,val,0.7293486675052796,0.7345844504021448,0.16375545851528384,0.4270833333333333,1.220703125e-08
338,train,0.47506673529482724,0.9232456140350876,0.05225863596102746,0.11654676258992806,1.220703125e-08
338,val,0.7372755179775944,0.7372654155495979,0.15283842794759825,0.4375,1.220703125e-08
339,train,0.4776976762110727,0.9133771929824561,0.05934455270150576,0.13093525179856116,1.220703125e-08
339,val,0.7297901541553937,0.7426273458445041,0.17248908296943233,0.3923611111111111,1.220703125e-08
340,train,0.4761578751760617,0.9191337719298245,0.05978742249778565,0.11510791366906475,1.220703125e-08
340,val,0.7416759288342964,0.7479892761394102,0.1572052401746725,0.4027777777777778,1.220703125e-08
341,train,0.4714611563504788,0.9205043859649122,0.0566873339238264,0.11654676258992806,1.220703125e-08
341,val,0.7361888992562691,0.7426273458445041,0.1572052401746725,0.4166666666666667,1.220703125e-08
342,train,0.4774030658759569,0.9152960526315789,0.06111603188662533,0.12302158273381295,1.220703125e-08
342,val,0.7252570446630585,0.7466487935656837,0.15502183406113537,0.4097222222222222,1.220703125e-08
343,train,0.4676371292586912,0.9213267543859649,0.060673162090345435,0.1079136690647482,1.220703125e-08
343,val,0.7375014091944248,0.7453083109919572,0.1572052401746725,0.4097222222222222,1.220703125e-08
344,train,0.4709691971279027,0.925986842105263,0.05535872453498671,0.10431654676258993,1.220703125e-08
344,val,0.7261163836829464,0.7479892761394102,0.18340611353711792,0.3611111111111111,1.220703125e-08
345,train,0.4672228922707993,0.922423245614035,0.058015943312666074,0.1093525179856115,1.220703125e-08
345,val,0.7354662610123048,0.7453083109919572,0.1943231441048035,0.3506944444444444,1.220703125e-08
346,train,0.47284983373002004,0.9210526315789473,0.0562444641275465,0.1158273381294964,1.220703125e-08
346,val,0.7373955249786377,0.7453083109919572,0.15938864628820962,0.40625,1.220703125e-08
347,train,0.47600005946138446,0.924890350877193,0.058015943312666074,0.10287769784172662,1.220703125e-08
347,val,0.7340260675381719,0.7439678284182306,0.15938864628820962,0.4097222222222222,1.220703125e-08
348,train,0.47109289519619524,0.9235197368421052,0.058015943312666074,0.10647482014388489,1.220703125e-08
348,val,0.743034846022046,0.7439678284182306,0.1462882096069869,0.4305555555555556,1.220703125e-08
349,train,0.4697396963050491,0.9183114035087718,0.05890168290522586,0.11870503597122302,1.220703125e-08
349,val,0.7299236065580762,0.7453083109919572,0.1572052401746725,0.4097222222222222,1.220703125e-08
350,train,0.48123094910069514,0.9161184210526315,0.05491585473870682,0.13093525179856116,1.220703125e-08
350,val,0.7375527706606458,0.7439678284182306,0.18777292576419213,0.3645833333333333,1.220703125e-08
351,train,0.47505405336095574,0.9235197368421052,0.05978742249778565,0.10359712230215827,1.220703125e-08
351,val,0.7350964769920779,0.7412868632707775,0.19868995633187772,0.3541666666666667,1.220703125e-08
352,train,0.4666691150581628,0.9262609649122806,0.05447298494242692,0.10503597122302158,1.220703125e-08
352,val,0.7341755927408029,0.7466487935656837,0.15283842794759825,0.4131944444444444,1.220703125e-08
353,train,0.48251439931622725,0.9141995614035088,0.058015943312666074,0.13093525179856116,1.220703125e-08
353,val,0.7277739710366757,0.7345844504021448,0.15938864628820962,0.4340277777777778,1.220703125e-08
354,train,0.4753864078145278,0.9216008771929824,0.05535872453498671,0.1158273381294964,1.220703125e-08
354,val,0.7305134501278241,0.7453083109919572,0.1615720524017467,0.4027777777777778,1.220703125e-08
355,train,0.46952039447792787,0.9254385964912281,0.05225863596102746,0.11079136690647481,1.220703125e-08
355,val,0.7389160161363535,0.7345844504021448,0.1615720524017467,0.4305555555555556,1.220703125e-08
356,train,0.474224131881145,0.9216008771929824,0.05845881310894597,0.11079136690647481,1.220703125e-08
356,val,0.7354128661168484,0.7319034852546917,0.17248908296943233,0.4201388888888889,1.220703125e-08
357,train,0.47233391252526064,0.924890350877193,0.05225863596102746,0.11223021582733812,1.220703125e-08
357,val,0.7315338108558757,0.7386058981233244,0.16812227074235808,0.4097222222222222,1.220703125e-08
358,train,0.47179403914171353,0.9235197368421052,0.0566873339238264,0.10863309352517986,1.220703125e-08
358,val,0.7265733311067637,0.7372654155495979,0.17467248908296942,0.4027777777777778,1.220703125e-08
359,train,0.47332235543351425,0.9202302631578947,0.05447298494242692,0.12086330935251799,1.220703125e-08
359,val,0.7230173020196664,0.7466487935656837,0.17248908296943233,0.3819444444444444,1.220703125e-08
360,train,0.47830833703802345,0.9199561403508771,0.05845881310894597,0.11510791366906475,1.220703125e-08
360,val,0.7225643875771489,0.7426273458445041,0.17903930131004367,0.3819444444444444,1.220703125e-08
361,train,0.4646727368235588,0.9251644736842105,0.05757307351638618,0.10287769784172662,1.220703125e-08
361,val,0.7331257080584365,0.7439678284182306,0.15502183406113537,0.4166666666666667,1.220703125e-08
362,train,0.4715363698308928,0.9257127192982456,0.05580159433126661,0.10431654676258993,1.220703125e-08
362,val,0.7287753391361748,0.7493297587131368,0.17248908296943233,0.375,1.220703125e-08
363,train,0.4717192028959592,0.9251644736842105,0.05580159433126661,0.10575539568345324,1.220703125e-08
363,val,0.7347302679721536,0.7453083109919572,0.15065502183406113,0.4201388888888889,1.220703125e-08
364,train,0.47587798222115163,0.9246162280701754,0.05181576616474756,0.11366906474820145,1.220703125e-08
364,val,0.7375300005677559,0.7493297587131368,0.13973799126637554,0.4270833333333333,1.220703125e-08
365,train,0.4733889619247955,0.9216008771929824,0.060673162090345435,0.10719424460431655,1.220703125e-08
365,val,0.7255203637616564,0.7372654155495979,0.185589519650655,0.3854166666666667,1.220703125e-08
366,train,0.4720259995052689,0.9240679824561403,0.05137289636846767,0.1158273381294964,1.220703125e-08
366,val,0.7333967243858062,0.7453083109919572,0.18777292576419213,0.3611111111111111,1.220703125e-08
367,train,0.47306404484991443,0.9240679824561403,0.05890168290522586,0.10359712230215827,1.220703125e-08
367,val,0.734728927746535,0.7412868632707775,0.16375545851528384,0.4097222222222222,1.220703125e-08
368,train,0.46771087039980974,0.9262609649122806,0.049601417183348095,0.11294964028776978,1.220703125e-08
368,val,0.7388815628938956,0.7439678284182306,0.15065502183406113,0.4236111111111111,1.220703125e-08
369,train,0.4754706745346387,0.9229714912280701,0.05845881310894597,0.10719424460431655,1.220703125e-08
369,val,0.734853717980372,0.7426273458445041,0.15502183406113537,0.4201388888888889,1.220703125e-08
370,train,0.47027290364106494,0.9257127192982456,0.05757307351638618,0.10143884892086331,1.220703125e-08
370,val,0.723078288277736,0.7412868632707775,0.17248908296943233,0.3958333333333333,1.220703125e-08
371,train,0.4762202652922848,0.9226973684210525,0.05491585473870682,0.11366906474820145,1.220703125e-08
371,val,0.7300827046182137,0.7439678284182306,0.14847161572052403,0.4270833333333333,1.220703125e-08
372,train,0.4702971856060781,0.9243421052631579,0.053144375553587246,0.11223021582733812,1.220703125e-08
372,val,0.733803075216411,0.7412868632707775,0.17685589519650655,0.3888888888888889,1.220703125e-08
373,train,0.47297710467848864,0.9240679824561403,0.05978742249778565,0.10215827338129496,1.220703125e-08
373,val,0.7387585960748049,0.7453083109919572,0.15065502183406113,0.4201388888888889,1.220703125e-08
374,train,0.473495497646039,0.9213267543859649,0.05358724534986714,0.11942446043165468,1.220703125e-08
374,val,0.7340840165960245,0.7359249329758714,0.16593886462882096,0.4201388888888889,1.220703125e-08
375,train,0.4752923320782812,0.9216008771929824,0.05934455270150576,0.1093525179856115,1.220703125e-08
375,val,0.72851331176451,0.7412868632707775,0.1615720524017467,0.4131944444444444,1.220703125e-08
376,train,0.47698815598299626,0.9205043859649122,0.05978742249778565,0.11151079136690648,1.220703125e-08
376,val,0.7289077797779768,0.7412868632707775,0.1615720524017467,0.4131944444444444,1.220703125e-08
377,train,0.4706945363105389,0.9199561403508771,0.06421612046058459,0.10575539568345324,1.220703125e-08
377,val,0.7331897828917721,0.7439678284182306,0.1703056768558952,0.3923611111111111,1.220703125e-08
378,train,0.47088421423707094,0.9221491228070174,0.05713020372010629,0.11151079136690648,1.220703125e-08
378,val,0.7302896359650762,0.7533512064343164,0.17248908296943233,0.3645833333333333,1.220703125e-08
379,train,0.4740622242291768,0.9251644736842105,0.05181576616474756,0.11223021582733812,1.220703125e-08
379,val,0.728909652929843,0.7412868632707775,0.18340611353711792,0.3784722222222222,1.220703125e-08
380,train,0.4697138779518897,0.9221491228070174,0.05934455270150576,0.1079136690647482,1.220703125e-08
380,val,0.7330849180272693,0.739946380697051,0.1703056768558952,0.4027777777777778,1.220703125e-08
381,train,0.47253365827757016,0.924890350877193,0.05447298494242692,0.10863309352517986,1.220703125e-08
381,val,0.7289173192377065,0.7453083109919572,0.17248908296943233,0.3854166666666667,1.220703125e-08
382,train,0.4760173063790589,0.9243421052631579,0.05447298494242692,0.11007194244604317,1.220703125e-08
382,val,0.731880150915151,0.7332439678284183,0.15938864628820962,0.4375,1.220703125e-08
383,train,0.4723107290633938,0.9243421052631579,0.053144375553587246,0.11223021582733812,1.220703125e-08
383,val,0.7260876478522457,0.7305630026809652,0.17903930131004367,0.4131944444444444,1.220703125e-08
384,train,0.4833599213968244,0.9133771929824561,0.06598759964570416,0.12014388489208633,1.220703125e-08
384,val,0.720636061624931,0.7493297587131368,0.18777292576419213,0.3506944444444444,1.220703125e-08
385,train,0.46338083856461343,0.9254385964912281,0.053144375553587246,0.1093525179856115,1.220703125e-08
385,val,0.7316497211162271,0.7426273458445041,0.185589519650655,0.3715277777777778,1.220703125e-08
386,train,0.4770736201551923,0.9199561403508771,0.05757307351638618,0.11654676258992806,1.220703125e-08
386,val,0.725885375415352,0.7493297587131368,0.17685589519650655,0.3680555555555556,1.220703125e-08
387,train,0.46549709206610396,0.9295504385964912,0.05890168290522586,0.08920863309352518,1.220703125e-08
387,val,0.7283491048033052,0.7479892761394102,0.17685589519650655,0.3715277777777778,1.220703125e-08
388,train,0.47375149358260005,0.9243421052631579,0.05137289636846767,0.11510791366906475,1.220703125e-08
388,val,0.741416070080954,0.7453083109919572,0.1572052401746725,0.4097222222222222,1.220703125e-08
389,train,0.4715644360372895,0.9210526315789473,0.0566873339238264,0.11510791366906475,1.220703125e-08
389,val,0.7459712867442788,0.7412868632707775,0.14192139737991266,0.4444444444444444,1.220703125e-08
390,train,0.45255952694436963,0.9342105263157894,0.04650132860938884,0.09712230215827339,1.220703125e-08
390,val,0.7298204465781716,0.7359249329758714,0.16375545851528384,0.4236111111111111,1.220703125e-08
391,train,0.47108836668102366,0.9276315789473684,0.05181576616474756,0.10575539568345324,1.220703125e-08
391,val,0.7377815825050702,0.7372654155495979,0.1615720524017467,0.4236111111111111,1.220703125e-08
392,train,0.47235113408481866,0.9232456140350876,0.05535872453498671,0.11151079136690648,1.220703125e-08
392,val,0.7309968637716994,0.7479892761394102,0.16812227074235808,0.3854166666666667,1.220703125e-08
393,train,0.4718805079658826,0.9226973684210525,0.058015943312666074,0.10863309352517986,1.220703125e-08
393,val,0.7336935179642634,0.7319034852546917,0.17248908296943233,0.4201388888888889,1.220703125e-08
394,train,0.4664093786687182,0.9235197368421052,0.0566873339238264,0.10863309352517986,1.220703125e-08
394,val,0.7285305053874571,0.7479892761394102,0.16593886462882096,0.3888888888888889,1.220703125e-08
395,train,0.47830615989994585,0.9205043859649122,0.06200177147918512,0.1079136690647482,1.220703125e-08
395,val,0.7392344976558123,0.7479892761394102,0.1462882096069869,0.4201388888888889,1.220703125e-08
396,train,0.4612828622523107,0.9240679824561403,0.05491585473870682,0.11007194244604317,1.220703125e-08
396,val,0.7278613703819766,0.7345844504021448,0.17685589519650655,0.40625,1.220703125e-08
397,train,0.46765441290642085,0.925986842105263,0.05358724534986714,0.10719424460431655,1.220703125e-08
397,val,0.7277195805998334,0.7453083109919572,0.1703056768558952,0.3888888888888889,1.220703125e-08
398,train,0.4716396998418005,0.9251644736842105,0.054030115146147036,0.10863309352517986,1.220703125e-08
398,val,0.739778071721821,0.7372654155495979,0.15938864628820962,0.4270833333333333,1.220703125e-08
399,train,0.46566298604011536,0.9251644736842105,0.05580159433126661,0.10575539568345324,1.220703125e-08
399,val,0.73918589622022,0.7426273458445041,0.16375545851528384,0.40625,1.220703125e-08
400,train,0.47159246106942493,0.9174890350877193,0.05757307351638618,0.12302158273381295,1.220703125e-08
400,val,0.7296339775218401,0.7412868632707775,0.1615720524017467,0.4131944444444444,1.220703125e-08
401,train,0.4714912253252247,0.922423245614035,0.05491585473870682,0.11438848920863309,1.220703125e-08
401,val,0.7302552156410013,0.7439678284182306,0.15065502183406113,0.4236111111111111,1.220703125e-08
402,train,0.463120405480527,0.9265350877192982,0.0566873339238264,0.10071942446043165,1.220703125e-08
402,val,0.7262546277877153,0.7466487935656837,0.15065502183406113,0.4166666666666667,1.220703125e-08
403,train,0.47249498022230046,0.9191337719298245,0.06111603188662533,0.11294964028776978,1.220703125e-08
403,val,0.7290730211114755,0.7466487935656837,0.1615720524017467,0.3993055555555556,1.220703125e-08
404,train,0.46996292105892246,0.9251644736842105,0.05270150575730735,0.11079136690647481,1.220703125e-08
404,val,0.7317285333178318,0.7426273458445041,0.15065502183406113,0.4270833333333333,1.220703125e-08
405,train,0.4713018126132196,0.9240679824561403,0.05580159433126661,0.10863309352517986,1.220703125e-08
405,val,0.7291203622204369,0.7439678284182306,0.16375545851528384,0.4027777777777778,1.220703125e-08
406,train,0.46649134067589776,0.9235197368421052,0.049601417183348095,0.12014388489208633,1.220703125e-08
406,val,0.7231370559007169,0.7305630026809652,0.17467248908296942,0.4201388888888889,1.220703125e-08
407,train,0.4789818207684316,0.915844298245614,0.06111603188662533,0.12158273381294964,1.220703125e-08
407,val,0.7376083327362428,0.7412868632707775,0.185589519650655,0.375,1.220703125e-08
408,train,0.468127600325827,0.9229714912280701,0.05757307351638618,0.10863309352517986,1.220703125e-08
408,val,0.7286005366903208,0.7426273458445041,0.18340611353711792,0.375,1.220703125e-08
409,train,0.4695296670522606,0.9246162280701754,0.05713020372010629,0.10503597122302158,1.220703125e-08
409,val,0.7310469513284616,0.739946380697051,0.16375545851528384,0.4131944444444444,1.220703125e-08
410,train,0.46762728416606,0.9254385964912281,0.05225863596102746,0.11079136690647481,1.220703125e-08
410,val,0.7366169520101982,0.7359249329758714,0.16812227074235808,0.4166666666666667,1.220703125e-08
411,train,0.46502029778141724,0.9226973684210525,0.0491585473870682,0.12302158273381295,1.220703125e-08
411,val,0.724176604370649,0.739946380697051,0.16593886462882096,0.4097222222222222,1.220703125e-08
412,train,0.4747336501615089,0.9196820175438596,0.06023029229406555,0.11294964028776978,1.220703125e-08
412,val,0.737310057271262,0.7426273458445041,0.15283842794759825,0.4236111111111111,1.220703125e-08
413,train,0.47222906900079625,0.9216008771929824,0.06200177147918512,0.10503597122302158,1.220703125e-08
413,val,0.7315852344835092,0.7386058981233244,0.15938864628820962,0.4236111111111111,1.220703125e-08
414,train,0.4796300249402983,0.9202302631578947,0.05535872453498671,0.11942446043165468,1.220703125e-08
414,val,0.7249066494105648,0.7426273458445041,0.17685589519650655,0.3854166666666667,1.220703125e-08
415,train,0.48143271931953596,0.915844298245614,0.06510186005314438,0.11510791366906475,1.220703125e-08
415,val,0.7318500194089342,0.7426273458445041,0.17248908296943233,0.3923611111111111,1.220703125e-08
416,train,0.4744177437142322,0.9196820175438596,0.05757307351638618,0.11726618705035971,1.220703125e-08
416,val,0.7277658263735732,0.7426273458445041,0.1812227074235808,0.3784722222222222,1.220703125e-08
417,train,0.4657874273365004,0.9243421052631579,0.054030115146147036,0.11079136690647481,1.220703125e-08
417,val,0.7315972126201394,0.7426273458445041,0.16375545851528384,0.40625,1.220703125e-08
418,train,0.4669052298393166,0.9216008771929824,0.06288751107174491,0.10359712230215827,1.220703125e-08
418,val,0.7342775980205383,0.7453083109919572,0.15065502183406113,0.4201388888888889,1.220703125e-08
419,train,0.4810634128618659,0.9174890350877193,0.061558901682905225,0.11654676258992806,1.220703125e-08
419,val,0.740501880166358,0.7412868632707775,0.15283842794759825,0.4270833333333333,1.220703125e-08
420,train,0.46954742596860516,0.9210526315789473,0.05713020372010629,0.11438848920863309,1.220703125e-08
420,val,0.7336676181481288,0.7372654155495979,0.15502183406113537,0.4340277777777778,1.220703125e-08
421,train,0.4713171690441014,0.921875,0.05757307351638618,0.11151079136690648,1.220703125e-08
421,val,0.7327797106060202,0.7386058981233244,0.15502183406113537,0.4305555555555556,1.220703125e-08
422,train,0.4685680232288545,0.924890350877193,0.06023029229406555,0.09928057553956834,1.220703125e-08
422,val,0.7315774528015075,0.7466487935656837,0.15938864628820962,0.4027777777777778,1.220703125e-08
423,train,0.4686745623486084,0.9229714912280701,0.05713020372010629,0.1093525179856115,1.220703125e-08
423,val,0.7253479633190677,0.7372654155495979,0.17467248908296942,0.4027777777777778,1.220703125e-08
424,train,0.46132835850381015,0.9290021929824561,0.053144375553587246,0.1,1.220703125e-08
424,val,0.7531869940399804,0.7479892761394102,0.13100436681222707,0.4444444444444444,1.220703125e-08
425,train,0.4624072466241686,0.9303728070175438,0.047829937998228524,0.10503597122302158,1.220703125e-08
425,val,0.7324133312414542,0.7439678284182306,0.185589519650655,0.3680555555555556,1.220703125e-08
426,train,0.472558783857446,0.9229714912280701,0.05934455270150576,0.10575539568345324,1.220703125e-08
426,val,0.732678480026869,0.7439678284182306,0.15283842794759825,0.4201388888888889,1.220703125e-08
427,train,0.4738994410686326,0.9229714912280701,0.05845881310894597,0.10719424460431655,1.220703125e-08
427,val,0.7334156089909275,0.7493297587131368,0.17685589519650655,0.3680555555555556,1.220703125e-08
428,train,0.47133154173692066,0.9210526315789473,0.05713020372010629,0.11438848920863309,1.220703125e-08
428,val,0.731864713791548,0.7426273458445041,0.16375545851528384,0.40625,1.220703125e-08
429,train,0.4645035413273594,0.9251644736842105,0.05181576616474756,0.11223021582733812,1.220703125e-08
429,val,0.7253452683262147,0.7426273458445041,0.17467248908296942,0.3888888888888889,1.220703125e-08
430,train,0.46901436895132065,0.925986842105263,0.05093002657218778,0.11151079136690648,1.220703125e-08
430,val,0.728752179695518,0.7372654155495979,0.17467248908296942,0.4027777777777778,1.220703125e-08
431,train,0.46969813435224067,0.9262609649122806,0.053144375553587246,0.10719424460431655,1.220703125e-08
431,val,0.7307685099082721,0.7439678284182306,0.15065502183406113,0.4236111111111111,1.220703125e-08
432,train,0.47224578967219905,0.9172149122807017,0.060673162090345435,0.11870503597122302,1.220703125e-08
432,val,0.7356990642905555,0.7493297587131368,0.15283842794759825,0.40625,1.220703125e-08
433,train,0.46907729903856915,0.9270833333333333,0.0562444641275465,0.1,1.220703125e-08
433,val,0.7424243280299547,0.7426273458445041,0.16812227074235808,0.3993055555555556,1.220703125e-08
434,train,0.48337516044838386,0.9155701754385964,0.06421612046058459,0.11726618705035971,1.220703125e-08
434,val,0.7338823717656787,0.739946380697051,0.16812227074235808,0.40625,1.220703125e-08
435,train,0.46710067791374105,0.9279057017543859,0.05225863596102746,0.10431654676258993,1.220703125e-08
435,val,0.7387708593309724,0.7426273458445041,0.14192139737991266,0.4409722222222222,1.220703125e-08
436,train,0.4784517292129366,0.9172149122807017,0.0566873339238264,0.1251798561151079,1.220703125e-08
436,val,0.7419919994817022,0.7412868632707775,0.14847161572052403,0.4340277777777778,1.220703125e-08
437,train,0.4830901735184485,0.9163925438596491,0.060673162090345435,0.12086330935251799,1.220703125e-08
437,val,0.7364529113986856,0.7453083109919572,0.1615720524017467,0.4027777777777778,1.220703125e-08
438,train,0.46347468346357346,0.9270833333333333,0.047829937998228524,0.11366906474820145,1.220703125e-08
438,val,0.7317090640119189,0.739946380697051,0.17248908296943233,0.3993055555555556,1.220703125e-08
439,train,0.464364515192676,0.9298245614035088,0.054030115146147036,0.09640287769784173,1.220703125e-08
439,val,0.733296184693201,0.7439678284182306,0.17467248908296942,0.3854166666666667,1.220703125e-08
440,train,0.46849203122812405,0.9213267543859649,0.05934455270150576,0.11007194244604317,1.220703125e-08
440,val,0.7403354683126905,0.7372654155495979,0.17248908296943233,0.40625,1.220703125e-08
441,train,0.47841448467551617,0.9216008771929824,0.05978742249778565,0.10863309352517986,1.220703125e-08
441,val,0.7344151621849224,0.7466487935656837,0.16812227074235808,0.3888888888888889,1.220703125e-08
442,train,0.4721895664146072,0.9237938596491228,0.05225863596102746,0.11510791366906475,1.220703125e-08
442,val,0.7314794410329721,0.7439678284182306,0.16812227074235808,0.3958333333333333,1.220703125e-08
443,train,0.47726112381930935,0.9174890350877193,0.05890168290522586,0.12086330935251799,1.220703125e-08
443,val,0.7372383382620824,0.7372654155495979,0.1703056768558952,0.4097222222222222,1.220703125e-08
444,train,0.46382019564247967,0.9243421052631579,0.060673162090345435,0.1,1.220703125e-08
444,val,0.7407814160428802,0.739946380697051,0.15938864628820962,0.4201388888888889,1.220703125e-08
445,train,0.4643235764743989,0.9276315789473684,0.054030115146147036,0.10215827338129496,1.220703125e-08
445,val,0.7318638037420789,0.7439678284182306,0.1703056768558952,0.3923611111111111,1.220703125e-08
446,train,0.46297244649184377,0.925986842105263,0.0566873339238264,0.10215827338129496,1.220703125e-08
446,val,0.7368038288709625,0.7466487935656837,0.16812227074235808,0.3888888888888889,1.220703125e-08
447,train,0.4731912641671666,0.9232456140350876,0.05137289636846767,0.11798561151079137,1.220703125e-08
447,val,0.7336867462853643,0.739946380697051,0.20305676855895197,0.3506944444444444,1.220703125e-08
448,train,0.46901925535578476,0.9185855263157894,0.0633303808680248,0.11079136690647481,1.220703125e-08
448,val,0.7326745271043548,0.7426273458445041,0.1572052401746725,0.4166666666666667,1.220703125e-08
449,train,0.45897954911516425,0.9336622807017544,0.04738706820194863,0.09712230215827339,1.220703125e-08
449,val,0.729977722941391,0.7386058981233244,0.1572052401746725,0.4270833333333333,1.220703125e-08
450,train,0.45814039244463567,0.9295504385964912,0.05225863596102746,0.1,1.220703125e-08
450,val,0.7302157802172704,0.7453083109919572,0.15283842794759825,0.4166666666666667,1.220703125e-08
451,train,0.47027237909404856,0.9240679824561403,0.05225863596102746,0.11438848920863309,1.220703125e-08
451,val,0.730728708067784,0.7412868632707775,0.16812227074235808,0.4027777777777778,1.220703125e-08
452,train,0.47228923636047465,0.9226973684210525,0.06023029229406555,0.10503597122302158,1.220703125e-08
452,val,0.7331847732252473,0.7426273458445041,0.16812227074235808,0.3993055555555556,1.220703125e-08
453,train,0.4692275396041703,0.922423245614035,0.06023029229406555,0.10575539568345324,1.220703125e-08
453,val,0.7354856212560996,0.7439678284182306,0.16593886462882096,0.3993055555555556,1.220703125e-08
454,train,0.46556796368799713,0.9290021929824561,0.05137289636846767,0.10287769784172662,1.220703125e-08
454,val,0.7311972705672318,0.7412868632707775,0.16812227074235808,0.4027777777777778,1.220703125e-08
455,train,0.4707135315004148,0.9254385964912281,0.05093002657218778,0.11294964028776978,1.220703125e-08
455,val,0.7322976199295821,0.7412868632707775,0.1572052401746725,0.4201388888888889,1.220703125e-08
456,train,0.47426698317653254,0.9199561403508771,0.05713020372010629,0.11726618705035971,1.220703125e-08
456,val,0.7226307090102188,0.7426273458445041,0.17248908296943233,0.3923611111111111,1.220703125e-08
457,train,0.4722391391793887,0.9246162280701754,0.05358724534986714,0.11079136690647481,1.220703125e-08
457,val,0.7304752948456731,0.7426273458445041,0.1812227074235808,0.3784722222222222,1.220703125e-08
458,train,0.45966554864456777,0.9306469298245613,0.05137289636846767,0.0985611510791367,1.220703125e-08
458,val,0.7396062842642653,0.7412868632707775,0.14192139737991266,0.4444444444444444,1.220703125e-08
459,train,0.47035022655077147,0.9240679824561403,0.05358724534986714,0.11223021582733812,1.220703125e-08
459,val,0.730155542452917,0.7466487935656837,0.16812227074235808,0.3888888888888889,1.220703125e-08
460,train,0.4655501069991212,0.9265350877192982,0.05580159433126661,0.10215827338129496,1.220703125e-08
460,val,0.7256160245823796,0.7479892761394102,0.1615720524017467,0.3958333333333333,1.220703125e-08
461,train,0.46711214958575736,0.922423245614035,0.05757307351638618,0.11007194244604317,1.220703125e-08
461,val,0.7342442598483517,0.739946380697051,0.16375545851528384,0.4131944444444444,1.220703125e-08
462,train,0.47146269169292954,0.9232456140350876,0.05270150575730735,0.1158273381294964,1.220703125e-08
462,val,0.7386648004559985,0.7439678284182306,0.15283842794759825,0.4201388888888889,1.220703125e-08
463,train,0.47971167585306,0.9183114035087718,0.05890168290522586,0.11870503597122302,1.220703125e-08
463,val,0.7336285111092371,0.7305630026809652,0.18340611353711792,0.40625,1.220703125e-08
464,train,0.459232344831291,0.9322916666666666,0.04472984942426927,0.10503597122302158,1.220703125e-08
464,val,0.7347926952883641,0.7466487935656837,0.15283842794759825,0.4131944444444444,1.220703125e-08
465,train,0.4849363979801797,0.9177631578947368,0.0633303808680248,0.11294964028776978,1.220703125e-08
465,val,0.7269414826308754,0.7453083109919572,0.17903930131004367,0.375,1.220703125e-08
466,train,0.4750445626283947,0.9243421052631579,0.05358724534986714,0.11151079136690648,1.220703125e-08
466,val,0.7337002268425581,0.7386058981233244,0.17248908296943233,0.4027777777777778,1.220703125e-08
467,train,0.47211865361845284,0.9229714912280701,0.05137289636846767,0.11870503597122302,1.220703125e-08
467,val,0.7475257669313344,0.7439678284182306,0.13537117903930132,0.4479166666666667,1.220703125e-08
468,train,0.4719098546264464,0.9221491228070174,0.05491585473870682,0.11510791366906475,1.220703125e-08
468,val,0.7332818274843149,0.7386058981233244,0.1703056768558952,0.40625,1.220703125e-08
469,train,0.4858010603409064,0.9180372807017544,0.05934455270150576,0.11870503597122302,1.220703125e-08
469,val,0.7415739339414295,0.7426273458445041,0.14847161572052403,0.4305555555555556,1.220703125e-08
470,train,0.4717704209319332,0.9172149122807017,0.058015943312666074,0.12302158273381295,1.220703125e-08
470,val,0.7360968281372623,0.7453083109919572,0.17467248908296942,0.3819444444444444,1.220703125e-08
471,train,0.47020135074853897,0.9229714912280701,0.0562444641275465,0.11079136690647481,1.220703125e-08
471,val,0.7313967024353171,0.7479892761394102,0.15283842794759825,0.4097222222222222,1.220703125e-08
472,train,0.47555667305724664,0.921875,0.05270150575730735,0.11942446043165468,1.220703125e-08
472,val,0.7323242905312505,0.7466487935656837,0.1615720524017467,0.3993055555555556,1.220703125e-08
473,train,0.47790305041953135,0.919407894736842,0.0562444641275465,0.12014388489208633,1.220703125e-08
473,val,0.7239561817601283,0.7426273458445041,0.18340611353711792,0.375,1.220703125e-08
474,train,0.4779470647897637,0.9185855263157894,0.062444641275465014,0.11223021582733812,1.220703125e-08
474,val,0.7352585514493027,0.7372654155495979,0.1615720524017467,0.4236111111111111,1.220703125e-08
475,train,0.480468754313494,0.9205043859649122,0.061558901682905225,0.10863309352517986,1.220703125e-08
475,val,0.7424429036656909,0.7412868632707775,0.15283842794759825,0.4270833333333333,1.220703125e-08
476,train,0.46587368192379935,0.9265350877192982,0.05580159433126661,0.10215827338129496,1.220703125e-08
476,val,0.7278941989584199,0.7359249329758714,0.16812227074235808,0.4166666666666667,1.220703125e-08
477,train,0.4561290889978409,0.9339364035087718,0.05137289636846767,0.08992805755395683,1.220703125e-08
477,val,0.7310890854203989,0.7493297587131368,0.17685589519650655,0.3680555555555556,1.220703125e-08
478,train,0.46610090920799657,0.9246162280701754,0.0566873339238264,0.10575539568345324,1.220703125e-08
478,val,0.7282885944236059,0.7412868632707775,0.17685589519650655,0.3888888888888889,1.220703125e-08
479,train,0.46748233416624235,0.9292763157894737,0.05225863596102746,0.10071942446043165,1.220703125e-08
479,val,0.7330952930706116,0.7466487935656837,0.16593886462882096,0.3923611111111111,1.220703125e-08
480,train,0.47188101578177066,0.9246162280701754,0.05270150575730735,0.11223021582733812,1.220703125e-08
480,val,0.7300306930938291,0.7466487935656837,0.16812227074235808,0.3888888888888889,1.220703125e-08
481,train,0.4804045120090769,0.9191337719298245,0.05713020372010629,0.11942446043165468,1.220703125e-08
481,val,0.7283933587751823,0.7479892761394102,0.1615720524017467,0.3958333333333333,1.220703125e-08
482,train,0.463399422796149,0.924890350877193,0.05757307351638618,0.10359712230215827,1.220703125e-08
482,val,0.732627634388512,0.7453083109919572,0.15938864628820962,0.40625,1.220703125e-08
483,train,0.4804689933856328,0.9161184210526315,0.06421612046058459,0.1158273381294964,1.220703125e-08
483,val,0.7380766075993351,0.7386058981233244,0.17467248908296942,0.3993055555555556,1.220703125e-08
484,train,0.4729260802268982,0.9246162280701754,0.054030115146147036,0.11007194244604317,1.220703125e-08
484,val,0.7253791549250523,0.739946380697051,0.16593886462882096,0.4097222222222222,1.220703125e-08
485,train,0.46895177675443783,0.9232456140350876,0.05713020372010629,0.10863309352517986,1.220703125e-08
485,val,0.7205499017526253,0.7439678284182306,0.16812227074235808,0.3958333333333333,1.220703125e-08
486,train,0.46307598041337833,0.9281798245614035,0.05225863596102746,0.10359712230215827,1.220703125e-08
486,val,0.7298438664096291,0.7479892761394102,0.15502183406113537,0.40625,1.220703125e-08
487,train,0.4825738865816802,0.9172149122807017,0.05713020372010629,0.12446043165467625,1.220703125e-08
487,val,0.7409755916761649,0.7426273458445041,0.1572052401746725,0.4166666666666667,1.220703125e-08
488,train,0.45557745454604165,0.9300986842105262,0.053144375553587246,0.09712230215827339,1.220703125e-08
488,val,0.7270331352389849,0.7412868632707775,0.1965065502183406,0.3576388888888889,1.220703125e-08
489,train,0.45662957652096164,0.9295504385964912,0.0566873339238264,0.09280575539568345,1.220703125e-08
489,val,0.7378360253556484,0.7386058981233244,0.14847161572052403,0.4409722222222222,1.220703125e-08
490,train,0.4795232736750653,0.9188596491228069,0.06598759964570416,0.10575539568345324,1.220703125e-08
490,val,0.718376274083319,0.7453083109919572,0.1703056768558952,0.3888888888888889,1.220703125e-08
491,train,0.460993611237459,0.9300986842105262,0.054030115146147036,0.09568345323741007,1.220703125e-08
491,val,0.746060538228012,0.7332439678284183,0.1615720524017467,0.4340277777777778,1.220703125e-08
492,train,0.480860731972937,0.9202302631578947,0.05845881310894597,0.11438848920863309,1.220703125e-08
492,val,0.7452172136818116,0.7372654155495979,0.15502183406113537,0.4340277777777778,1.220703125e-08
493,train,0.47394399723985736,0.9270833333333333,0.05270150575730735,0.10575539568345324,1.220703125e-08
493,val,0.7215802719062518,0.7466487935656837,0.18995633187772926,0.3541666666666667,1.220703125e-08
494,train,0.481518965018423,0.9150219298245613,0.06023029229406555,0.1251798561151079,1.220703125e-08
494,val,0.7288664935740964,0.7386058981233244,0.1572052401746725,0.4270833333333333,1.220703125e-08
495,train,0.4773929188387436,0.9213267543859649,0.05890168290522586,0.11079136690647481,1.220703125e-08
495,val,0.7338982798139148,0.7479892761394102,0.1703056768558952,0.3819444444444444,1.220703125e-08
496,train,0.47168091383942384,0.921875,0.061558901682905225,0.10503597122302158,1.220703125e-08
496,val,0.7231999328884299,0.7506702412868633,0.17685589519650655,0.3645833333333333,1.220703125e-08
497,train,0.4686666898298682,0.9268092105263157,0.05447298494242692,0.10359712230215827,1.220703125e-08
497,val,0.7337700293147212,0.739946380697051,0.1572052401746725,0.4236111111111111,1.220703125e-08
498,train,0.46595520761452225,0.9270833333333333,0.05270150575730735,0.10575539568345324,1.220703125e-08
498,val,0.7260143264688691,0.7439678284182306,0.17248908296943233,0.3888888888888889,1.220703125e-08
499,train,0.46963313679423246,0.9243421052631579,0.05491585473870682,0.1093525179856115,1.220703125e-08
499,val,0.7296296409243873,0.7412868632707775,0.16593886462882096,0.40625,1.220703125e-08
500,train,0.4751027791123641,0.9243421052631579,0.0562444641275465,0.10719424460431655,1.220703125e-08
500,val,0.7404250314024754,0.7426273458445041,0.13973799126637554,0.4444444444444444,1.220703125e-08
