epoch,phase,loss,accuracy,false_positive_rate,false_negative_rate,lr
1,train,0.6452359710084764,0.6414473684210525,0.13684676705048715,0.718705035971223,0.0001
1,val,0.6532779518145339,0.6581769436997319,0.14192139737991266,0.6597222222222222,0.0001
2,train,0.6113014304847048,0.6899671052631579,0.1479185119574845,0.5733812949640288,0.0001
2,val,0.6396665347804972,0.6554959785522788,0.12663755458515283,0.6909722222222222,0.0001
3,train,0.5990921675897481,0.700657894736842,0.15987599645704162,0.5258992805755396,0.0001
3,val,0.6295659008358503,0.6702412868632708,0.2423580786026201,0.46875,0.0001
4,train,0.58428740514475,0.7225877192982456,0.1550044286979628,0.4762589928057554,0.0001
4,val,0.671418806023636,0.6394101876675603,0.04148471615720524,0.8680555555555556,0.0001
5,train,0.5627661016688013,0.7360197368421052,0.14526129317980513,0.4568345323741007,0.0001
5,val,0.6413369159596216,0.6849865951742627,0.09170305676855896,0.6701388888888888,0.0001
6,train,0.5478423326684717,0.75,0.13817537643932684,0.4316546762589928,0.0001
6,val,0.6376087783808363,0.6863270777479893,0.06768558951965066,0.7048611111111112,0.0001
7,train,0.5321789253176304,0.7664473684210525,0.1355181576616475,0.39280575539568346,0.0001
7,val,0.6495238534566864,0.6648793565683646,0.10262008733624454,0.7048611111111112,0.0001
8,train,0.4967083849927835,0.7886513157894737,0.12488928255093003,0.35179856115107916,5e-05
8,val,0.6451605670253968,0.7131367292225201,0.0851528384279476,0.6076388888888888,5e-05
9,train,0.48611759080698613,0.8048245614035088,0.11736049601417184,0.32158273381294966,5e-05
9,val,0.592536184966724,0.7372654155495979,0.11790393013100436,0.4930555555555556,5e-05
10,train,0.4670572233827491,0.8201754385964912,0.112488928255093,0.2892086330935252,5e-05
10,val,0.6707323028958195,0.7010723860589813,0.10698689956331878,0.6041666666666666,5e-05
11,train,0.45510917470643397,0.8264802631578947,0.10850310008857396,0.27913669064748203,5e-05
11,val,0.699355209720678,0.7024128686327078,0.07860262008733625,0.6458333333333334,5e-05
12,train,0.45082443756492513,0.8297697368421052,0.11603188662533215,0.258273381294964,5e-05
12,val,0.6615366270970403,0.7024128686327078,0.10480349344978165,0.6041666666666666,5e-05
13,train,0.441319288391816,0.8399122807017544,0.10673162090345438,0.24676258992805755,5e-05
13,val,0.6576162493580467,0.710455764075067,0.11790393013100436,0.5625,5e-05
14,train,0.43098649526374383,0.8464912280701754,0.10097431355181577,0.23884892086330936,2.5e-05
14,val,0.6676752637602369,0.7386058981233244,0.1222707423580786,0.4826388888888889,2.5e-05
15,train,0.40626020755684167,0.8678728070175438,0.08237378210806023,0.21294964028776978,2.5e-05
15,val,0.6781288239975077,0.7359249329758714,0.12663755458515283,0.4826388888888889,2.5e-05
16,train,0.3965276044450308,0.8747258771929824,0.07971656333038087,0.19928057553956835,2.5e-05
16,val,0.6893808317567963,0.7238605898123325,0.1222707423580786,0.5208333333333334,2.5e-05
17,train,0.3966532508401494,0.878015350877193,0.08104517271922054,0.1884892086330935,2.5e-05
17,val,0.7331858882955188,0.7319034852546917,0.11353711790393013,0.5138888888888888,2.5e-05
18,train,0.3903925044364051,0.8813048245614035,0.07573073516386182,0.1884892086330935,1.25e-05
18,val,0.6914382816639407,0.7372654155495979,0.12663755458515283,0.4791666666666667,1.25e-05
19,train,0.37983672543053043,0.8892543859649122,0.07440212577502214,0.1697841726618705,1.25e-05
19,val,0.6813687575087151,0.7305630026809652,0.14192139737991266,0.4722222222222222,1.25e-05
20,train,0.37882036964098614,0.8908991228070174,0.07528786536758193,0.16402877697841728,1.25e-05
20,val,0.7141764740841638,0.7278820375335121,0.12663755458515283,0.5034722222222222,1.25e-05
21,train,0.37895520175235314,0.8878837719298245,0.07661647475642161,0.1697841726618705,1.25e-05
21,val,0.697148290779891,0.7359249329758714,0.13755458515283842,0.4652777777777778,1.25e-05
22,train,0.36164553528814986,0.9059758771929824,0.06554472984942426,0.14028776978417265,6.25e-06
22,val,0.7083790362999842,0.725201072386059,0.13100436681222707,0.5034722222222222,6.25e-06
23,train,0.37006405956651034,0.8983004385964912,0.06731620903454384,0.15755395683453238,6.25e-06
23,val,0.7035611072110747,0.7345844504021448,0.13100436681222707,0.4791666666666667,6.25e-06
24,train,0.36795370561773316,0.8991228070175438,0.06598759964570416,0.15755395683453238,6.25e-06
24,val,0.6934655080212345,0.7412868632707775,0.13755458515283842,0.4513888888888889,6.25e-06
25,train,0.3647894718798629,0.8996710526315789,0.06687333923826395,0.15467625899280577,6.25e-06
25,val,0.6972222935418341,0.739946380697051,0.1331877729257642,0.4618055555555556,6.25e-06
26,train,0.36477834600628467,0.9007675438596491,0.0633303808680248,0.15755395683453238,3.125e-06
26,val,0.6976967994073761,0.7412868632707775,0.13973799126637554,0.4479166666666667,3.125e-06
27,train,0.3629918676850043,0.8996710526315789,0.06908768821966342,0.1510791366906475,3.125e-06
27,val,0.7020294145348884,0.7372654155495979,0.13537117903930132,0.4652777777777778,3.125e-06
28,train,0.3650048916930692,0.9013157894736842,0.07218777679362268,0.14172661870503597,3.125e-06
28,val,0.6986033082327958,0.739946380697051,0.12882096069868995,0.46875,3.125e-06
29,train,0.3582794793734425,0.9109100877192982,0.06200177147918512,0.13309352517985612,3.125e-06
29,val,0.6976623621447157,0.7426273458445041,0.13537117903930132,0.4513888888888889,3.125e-06
30,train,0.3516865799432261,0.9177631578947368,0.05757307351638618,0.1223021582733813,1.5625e-06
30,val,0.6995585997047118,0.7386058981233244,0.13100436681222707,0.46875,1.5625e-06
31,train,0.35211963147709247,0.9076206140350876,0.06200177147918512,0.14172661870503597,1.5625e-06
31,val,0.7043128079128009,0.7386058981233244,0.12882096069868995,0.4722222222222222,1.5625e-06
32,train,0.3577098723566323,0.9065241228070174,0.06643046944198405,0.13741007194244603,1.5625e-06
32,val,0.6934072348131891,0.739946380697051,0.13973799126637554,0.4513888888888889,1.5625e-06
33,train,0.3597612882915296,0.9046052631578947,0.06510186005314438,0.1446043165467626,1.5625e-06
33,val,0.6955665125444171,0.7466487935656837,0.1331877729257642,0.4444444444444444,1.5625e-06
34,train,0.3481478899586619,0.915844298245614,0.06023029229406555,0.12302158273381295,7.8125e-07
34,val,0.6975158476957367,0.7412868632707775,0.13537117903930132,0.4548611111111111,7.8125e-07
35,train,0.3560459315776825,0.9078947368421052,0.0637732506643047,0.1381294964028777,7.8125e-07
35,val,0.7007257505332497,0.7426273458445041,0.13537117903930132,0.4513888888888889,7.8125e-07
36,train,0.3533692031837346,0.9087171052631579,0.060673162090345435,0.1410071942446043,7.8125e-07
36,val,0.7018140933149302,0.7439678284182306,0.13100436681222707,0.4548611111111111,7.8125e-07
37,train,0.36351280404548897,0.8988486842105262,0.07130203720106289,0.14964028776978416,7.8125e-07
37,val,0.6998807107155828,0.739946380697051,0.1331877729257642,0.4618055555555556,7.8125e-07
38,train,0.3607165425231582,0.9010416666666666,0.06465899025686449,0.15467625899280577,3.90625e-07
38,val,0.7034432672303739,0.7412868632707775,0.13100436681222707,0.4618055555555556,3.90625e-07
39,train,0.3524735892812411,0.9122807017543859,0.0566873339238264,0.1381294964028777,3.90625e-07
39,val,0.7022230008332403,0.7453083109919572,0.1331877729257642,0.4479166666666667,3.90625e-07
40,train,0.35769887529967126,0.9087171052631579,0.06288751107174491,0.13741007194244603,3.90625e-07
40,val,0.6982476816739857,0.7466487935656837,0.13973799126637554,0.4340277777777778,3.90625e-07
41,train,0.35947554578122337,0.9073464912280701,0.06200177147918512,0.14244604316546763,3.90625e-07
41,val,0.6973068754091339,0.7439678284182306,0.13755458515283842,0.4444444444444444,3.90625e-07
42,train,0.35598760869419366,0.909265350877193,0.06643046944198405,0.1302158273381295,1.953125e-07
42,val,0.7008278282014678,0.7426273458445041,0.1331877729257642,0.4548611111111111,1.953125e-07
43,train,0.3665975584534177,0.8963815789473684,0.0704162976085031,0.15755395683453238,1.953125e-07
43,val,0.7045434064583868,0.7439678284182306,0.12663755458515283,0.4618055555555556,1.953125e-07
44,train,0.351077695426188,0.9144736842105262,0.05845881310894597,0.12949640287769784,1.953125e-07
44,val,0.6999215803261417,0.7412868632707775,0.1331877729257642,0.4583333333333333,1.953125e-07
45,train,0.3553841329718891,0.910361842105263,0.0566873339238264,0.14316546762589927,1.953125e-07
45,val,0.7013881609203348,0.7426273458445041,0.13537117903930132,0.4513888888888889,1.953125e-07
46,train,0.3558892303130083,0.90625,0.06023029229406555,0.14820143884892087,9.765625e-08
46,val,0.6995127117985375,0.7453083109919572,0.13755458515283842,0.4409722222222222,9.765625e-08
47,train,0.3580928442248127,0.9089912280701754,0.06465899025686449,0.13381294964028778,9.765625e-08
47,val,0.7013708375414319,0.7412868632707775,0.13755458515283842,0.4513888888888889,9.765625e-08
48,train,0.3550528917919126,0.9073464912280701,0.0633303808680248,0.14028776978417265,9.765625e-08
48,val,0.6981884055738474,0.7453083109919572,0.13755458515283842,0.4409722222222222,9.765625e-08
49,train,0.3572323075904135,0.9081688596491228,0.06465899025686449,0.13597122302158274,9.765625e-08
49,val,0.6976387576666978,0.7479892761394102,0.13973799126637554,0.4305555555555556,9.765625e-08
50,train,0.35562935464999135,0.9125548245614035,0.0637732506643047,0.12589928057553956,4.8828125e-08
50,val,0.7004785155802565,0.7412868632707775,0.13537117903930132,0.4548611111111111,4.8828125e-08
51,train,0.3542936669107069,0.9073464912280701,0.06200177147918512,0.14244604316546763,4.8828125e-08
51,val,0.7024213363274173,0.7439678284182306,0.1331877729257642,0.4513888888888889,4.8828125e-08
52,train,0.3523997484722681,0.9095394736842105,0.0633303808680248,0.13453237410071942,4.8828125e-08
52,val,0.702766678767933,0.7439678284182306,0.13537117903930132,0.4479166666666667,4.8828125e-08
53,train,0.3587172733979267,0.9021381578947368,0.06820194862710363,0.1460431654676259,4.8828125e-08
53,val,0.6993760411445321,0.7426273458445041,0.13755458515283842,0.4479166666666667,4.8828125e-08
54,train,0.35221351173363236,0.9111842105263157,0.061558901682905225,0.13309352517985612,2.44140625e-08
54,val,0.6960471469020076,0.7412868632707775,0.13755458515283842,0.4513888888888889,2.44140625e-08
55,train,0.34633217189918486,0.9106359649122806,0.0633303808680248,0.1316546762589928,2.44140625e-08
55,val,0.701096688774252,0.7479892761394102,0.12882096069868995,0.4479166666666667,2.44140625e-08
56,train,0.35712163091490146,0.9046052631578947,0.06864481842338352,0.13884892086330936,2.44140625e-08
56,val,0.6978329150830134,0.7412868632707775,0.13537117903930132,0.4548611111111111,2.44140625e-08
57,train,0.35724007514746564,0.9133771929824561,0.05845881310894597,0.13237410071942446,2.44140625e-08
57,val,0.7025862166772898,0.7412868632707775,0.1331877729257642,0.4583333333333333,2.44140625e-08
58,train,0.358805506375798,0.9059758771929824,0.06200177147918512,0.1460431654676259,1.220703125e-08
58,val,0.7000159566907397,0.7412868632707775,0.14192139737991266,0.4444444444444444,1.220703125e-08
59,train,0.35127220655742447,0.9131030701754386,0.0633303808680248,0.1251798561151079,1.220703125e-08
59,val,0.6996558425253901,0.7412868632707775,0.14192139737991266,0.4444444444444444,1.220703125e-08
60,train,0.359832568845728,0.9010416666666666,0.06953055801594331,0.14676258992805755,1.220703125e-08
60,val,0.7000425088022094,0.7453083109919572,0.13537117903930132,0.4444444444444444,1.220703125e-08
61,train,0.3583489583903237,0.9057017543859649,0.06643046944198405,0.13956834532374102,1.220703125e-08
61,val,0.7002964758042036,0.7426273458445041,0.13755458515283842,0.4479166666666667,1.220703125e-08
62,train,0.3551302546994728,0.9051535087719298,0.0637732506643047,0.14532374100719425,1.220703125e-08
62,val,0.6984300578247766,0.7479892761394102,0.13537117903930132,0.4375,1.220703125e-08
63,train,0.35409768219841153,0.9100877192982456,0.06643046944198405,0.12805755395683452,1.220703125e-08
63,val,0.7016919058705143,0.7426273458445041,0.13537117903930132,0.4513888888888889,1.220703125e-08
64,train,0.3556872146171436,0.9051535087719298,0.07395925597874226,0.12877697841726618,1.220703125e-08
64,val,0.6981478015475234,0.7412868632707775,0.14192139737991266,0.4444444444444444,1.220703125e-08
65,train,0.3507300979343423,0.9155701754385964,0.05757307351638618,0.12805755395683452,1.220703125e-08
65,val,0.6996047706929992,0.7439678284182306,0.13755458515283842,0.4444444444444444,1.220703125e-08
66,train,0.3517460234855351,0.9098135964912281,0.06554472984942426,0.1302158273381295,1.220703125e-08
66,val,0.7013450264930725,0.7439678284182306,0.1331877729257642,0.4513888888888889,1.220703125e-08
67,train,0.35712965708552746,0.9065241228070174,0.06997342781222321,0.1316546762589928,1.220703125e-08
67,val,0.6996002235617139,0.7439678284182306,0.14192139737991266,0.4375,1.220703125e-08
68,train,0.3624955962755178,0.903782894736842,0.06953055801594331,0.13956834532374102,1.220703125e-08
68,val,0.6989821796442804,0.7426273458445041,0.13755458515283842,0.4479166666666667,1.220703125e-08
69,train,0.3521128083791649,0.9150219298245613,0.05535872453498671,0.13309352517985612,1.220703125e-08
69,val,0.6999196870397307,0.7453083109919572,0.13755458515283842,0.4409722222222222,1.220703125e-08
70,train,0.35286607710938706,0.9078947368421052,0.06997342781222321,0.12805755395683452,1.220703125e-08
70,val,0.7021226230958831,0.7439678284182306,0.12882096069868995,0.4583333333333333,1.220703125e-08
71,train,0.3573604796669985,0.9100877192982456,0.070859167404783,0.12086330935251799,1.220703125e-08
71,val,0.7013557094671132,0.7439678284182306,0.1331877729257642,0.4513888888888889,1.220703125e-08
72,train,0.34985820851043653,0.9183114035087718,0.05535872453498671,0.12446043165467625,1.220703125e-08
72,val,0.7013742779918395,0.7439678284182306,0.13537117903930132,0.4479166666666667,1.220703125e-08
73,train,0.34933900957306224,0.9133771929824561,0.06111603188662533,0.12805755395683452,1.220703125e-08
73,val,0.7023668487334059,0.7372654155495979,0.14192139737991266,0.4548611111111111,1.220703125e-08
74,train,0.36338877135462927,0.9018640350877193,0.06200177147918512,0.15683453237410072,1.220703125e-08
74,val,0.7025393856434656,0.7439678284182306,0.1331877729257642,0.4513888888888889,1.220703125e-08
75,train,0.35426952441533405,0.9122807017543859,0.05934455270150576,0.13381294964028778,1.220703125e-08
75,val,0.7007073966172042,0.7412868632707775,0.13755458515283842,0.4513888888888889,1.220703125e-08
76,train,0.3530725820414853,0.9152960526315789,0.05580159433126661,0.1316546762589928,1.220703125e-08
76,val,0.6987432027310533,0.7439678284182306,0.13537117903930132,0.4479166666666667,1.220703125e-08
77,train,0.35499457407154533,0.9089912280701754,0.06731620903454384,0.12949640287769784,1.220703125e-08
77,val,0.6991272068535035,0.7426273458445041,0.13537117903930132,0.4513888888888889,1.220703125e-08
78,train,0.3517722630579221,0.9065241228070174,0.06997342781222321,0.1316546762589928,1.220703125e-08
78,val,0.7038312180432174,0.7359249329758714,0.13537117903930132,0.46875,1.220703125e-08
79,train,0.3537862345968422,0.9100877192982456,0.06465899025686449,0.13093525179856116,1.220703125e-08
79,val,0.695561253992546,0.7466487935656837,0.13537117903930132,0.4409722222222222,1.220703125e-08
80,train,0.3516057152627853,0.9147478070175438,0.05713020372010629,0.13093525179856116,1.220703125e-08
80,val,0.6995251627773765,0.7439678284182306,0.13755458515283842,0.4444444444444444,1.220703125e-08
81,train,0.34742299480396405,0.9136513157894737,0.06200177147918512,0.12589928057553956,1.220703125e-08
81,val,0.6981315048706116,0.739946380697051,0.13755458515283842,0.4548611111111111,1.220703125e-08
82,train,0.3525453594823678,0.9120065789473684,0.06111603188662533,0.1316546762589928,1.220703125e-08
82,val,0.7006786091717574,0.7439678284182306,0.13100436681222707,0.4548611111111111,1.220703125e-08
83,train,0.3549041853269987,0.9109100877192982,0.0637732506643047,0.1302158273381295,1.220703125e-08
83,val,0.7008022411898698,0.7453083109919572,0.13537117903930132,0.4444444444444444,1.220703125e-08
84,train,0.3524478165465489,0.9089912280701754,0.06731620903454384,0.12949640287769784,1.220703125e-08
84,val,0.6992585869960427,0.7426273458445041,0.13755458515283842,0.4479166666666667,1.220703125e-08
85,train,0.35199562172617826,0.9114583333333333,0.062444641275465014,0.13093525179856116,1.220703125e-08
85,val,0.702087447566577,0.739946380697051,0.13537117903930132,0.4583333333333333,1.220703125e-08
86,train,0.363295767652361,0.8961074561403508,0.06997342781222321,0.15899280575539568,1.220703125e-08
86,val,0.6989407801436355,0.7426273458445041,0.13537117903930132,0.4513888888888889,1.220703125e-08
87,train,0.3495922510822614,0.9098135964912281,0.06023029229406555,0.13884892086330936,1.220703125e-08
87,val,0.6999307103834587,0.7466487935656837,0.1331877729257642,0.4444444444444444,1.220703125e-08
88,train,0.35355562520654576,0.9111842105263157,0.062444641275465014,0.1316546762589928,1.220703125e-08
88,val,0.6979996605149543,0.7453083109919572,0.13755458515283842,0.4409722222222222,1.220703125e-08
89,train,0.35218791650575504,0.9114583333333333,0.06687333923826395,0.1237410071942446,1.220703125e-08
89,val,0.6999593249274962,0.7426273458445041,0.13537117903930132,0.4513888888888889,1.220703125e-08
90,train,0.36032897116322266,0.9046052631578947,0.07351638618246235,0.13093525179856116,1.220703125e-08
90,val,0.7008304250783639,0.7426273458445041,0.1331877729257642,0.4548611111111111,1.220703125e-08
91,train,0.35699229622096346,0.9040570175438596,0.06465899025686449,0.14676258992805755,1.220703125e-08
91,val,0.7004362940788269,0.739946380697051,0.13973799126637554,0.4513888888888889,1.220703125e-08
92,train,0.35030941710921754,0.9117324561403508,0.05934455270150576,0.13525179856115108,1.220703125e-08
92,val,0.699767976120394,0.739946380697051,0.14192139737991266,0.4479166666666667,1.220703125e-08
93,train,0.350415677028267,0.9114583333333333,0.05934455270150576,0.13597122302158274,1.220703125e-08
93,val,0.7012778212174015,0.739946380697051,0.1331877729257642,0.4618055555555556,1.220703125e-08
94,train,0.35951263771245356,0.9125548245614035,0.0562444641275465,0.1381294964028777,1.220703125e-08
94,val,0.7027226285384743,0.7426273458445041,0.1331877729257642,0.4548611111111111,1.220703125e-08
95,train,0.346224470031366,0.912828947368421,0.05890168290522586,0.13309352517985612,1.220703125e-08
95,val,0.7019510879593305,0.7439678284182306,0.13100436681222707,0.4548611111111111,1.220703125e-08
96,train,0.3517508176727253,0.9139254385964912,0.05491585473870682,0.1366906474820144,1.220703125e-08
96,val,0.698525665592572,0.7439678284182306,0.13755458515283842,0.4444444444444444,1.220703125e-08
97,train,0.3564143695198653,0.9070723684210525,0.06421612046058459,0.13956834532374102,1.220703125e-08
97,val,0.699019930637554,0.7439678284182306,0.13537117903930132,0.4479166666666667,1.220703125e-08
98,train,0.3618249627843238,0.9026864035087718,0.07218777679362268,0.1381294964028777,1.220703125e-08
98,val,0.7014916789276031,0.7426273458445041,0.13973799126637554,0.4444444444444444,1.220703125e-08
99,train,0.3568389690236041,0.9089912280701754,0.06997342781222321,0.1251798561151079,1.220703125e-08
99,val,0.6992560984621738,0.7426273458445041,0.13755458515283842,0.4479166666666667,1.220703125e-08
100,train,0.34934471162003383,0.9133771929824561,0.06510186005314438,0.12158273381294964,1.220703125e-08
100,val,0.6999215082572549,0.7412868632707775,0.1331877729257642,0.4583333333333333,1.220703125e-08
101,train,0.3492905136132449,0.9120065789473684,0.05934455270150576,0.13453237410071942,1.220703125e-08
101,val,0.7019168322271699,0.739946380697051,0.1331877729257642,0.4618055555555556,1.220703125e-08
102,train,0.35516820776096564,0.910361842105263,0.05580159433126661,0.1446043165467626,1.220703125e-08
102,val,0.7010179681368871,0.7426273458445041,0.13537117903930132,0.4513888888888889,1.220703125e-08
103,train,0.35584860478054015,0.903782894736842,0.06687333923826395,0.14388489208633093,1.220703125e-08
103,val,0.7014756210687653,0.7426273458445041,0.13100436681222707,0.4583333333333333,1.220703125e-08
104,train,0.3487654123782066,0.9136513157894737,0.06554472984942426,0.12014388489208633,1.220703125e-08
104,val,0.7044639631346787,0.7439678284182306,0.13100436681222707,0.4548611111111111,1.220703125e-08
105,train,0.3529020870725314,0.9155701754385964,0.05978742249778565,0.12446043165467625,1.220703125e-08
105,val,0.700752072615534,0.7453083109919572,0.1331877729257642,0.4479166666666667,1.220703125e-08
106,train,0.3571178514445037,0.9059758771929824,0.0637732506643047,0.14316546762589927,1.220703125e-08
106,val,0.6978535024953592,0.7453083109919572,0.13537117903930132,0.4444444444444444,1.220703125e-08
107,train,0.35113838674467907,0.9117324561403508,0.05978742249778565,0.13453237410071942,1.220703125e-08
107,val,0.700631843495305,0.7439678284182306,0.13100436681222707,0.4548611111111111,1.220703125e-08
108,train,0.34898749869643597,0.9131030701754386,0.05934455270150576,0.1316546762589928,1.220703125e-08
108,val,0.7003757411129673,0.7386058981233244,0.13973799126637554,0.4548611111111111,1.220703125e-08
109,train,0.3539631845135438,0.9111842105263157,0.05934455270150576,0.1366906474820144,1.220703125e-08
109,val,0.7009835457354384,0.7466487935656837,0.1331877729257642,0.4444444444444444,1.220703125e-08
110,train,0.36178196319623995,0.9059758771929824,0.06643046944198405,0.13884892086330936,1.220703125e-08
110,val,0.6992350239855993,0.7439678284182306,0.14192139737991266,0.4375,1.220703125e-08
111,train,0.3579863012490565,0.9054276315789473,0.06775907883082374,0.1381294964028777,1.220703125e-08
111,val,0.69707777704694,0.7466487935656837,0.13537117903930132,0.4409722222222222,1.220703125e-08
112,train,0.35189110766115944,0.9141995614035088,0.06288751107174491,0.12302158273381295,1.220703125e-08
112,val,0.7001525845987867,0.7466487935656837,0.1331877729257642,0.4444444444444444,1.220703125e-08
113,train,0.35094539350584936,0.9141995614035088,0.058015943312666074,0.13093525179856116,1.220703125e-08
113,val,0.6985909115852683,0.7426273458445041,0.13755458515283842,0.4479166666666667,1.220703125e-08
114,train,0.3511903486623053,0.909265350877193,0.06421612046058459,0.13381294964028778,1.220703125e-08
114,val,0.7019149058625781,0.7412868632707775,0.1331877729257642,0.4583333333333333,1.220703125e-08
115,train,0.3508696040432704,0.90625,0.06465899025686449,0.1410071942446043,1.220703125e-08
115,val,0.6997161168834799,0.7412868632707775,0.1331877729257642,0.4583333333333333,1.220703125e-08
116,train,0.34800999637758523,0.9076206140350876,0.06731620903454384,0.13309352517985612,1.220703125e-08
116,val,0.6987150998601326,0.7386058981233244,0.13755458515283842,0.4583333333333333,1.220703125e-08
117,train,0.35008913187081353,0.9191337719298245,0.05447298494242692,0.1237410071942446,1.220703125e-08
117,val,0.6991207353551011,0.7439678284182306,0.13755458515283842,0.4444444444444444,1.220703125e-08
118,train,0.35606064569008977,0.9089912280701754,0.06465899025686449,0.13381294964028778,1.220703125e-08
118,val,0.6977468476538364,0.7466487935656837,0.13537117903930132,0.4409722222222222,1.220703125e-08
119,train,0.3625683143342796,0.9015899122807017,0.070859167404783,0.14316546762589927,1.220703125e-08
119,val,0.7024845156528995,0.7439678284182306,0.13100436681222707,0.4548611111111111,1.220703125e-08
120,train,0.3491311886985051,0.9172149122807017,0.05934455270150576,0.12086330935251799,1.220703125e-08
120,val,0.699788898309498,0.7412868632707775,0.1331877729257642,0.4583333333333333,1.220703125e-08
121,train,0.3532002285253583,0.906798245614035,0.06731620903454384,0.13525179856115108,1.220703125e-08
121,val,0.6967723538984243,0.7439678284182306,0.13537117903930132,0.4479166666666667,1.220703125e-08
122,train,0.34826433658599854,0.9152960526315789,0.05713020372010629,0.12949640287769784,1.220703125e-08
122,val,0.6974107781300276,0.7439678284182306,0.13973799126637554,0.4409722222222222,1.220703125e-08
123,train,0.355921482438581,0.909265350877193,0.06643046944198405,0.1302158273381295,1.220703125e-08
123,val,0.7003701560938327,0.7412868632707775,0.13537117903930132,0.4548611111111111,1.220703125e-08
124,train,0.35654867871811513,0.9089912280701754,0.06598759964570416,0.1316546762589928,1.220703125e-08
124,val,0.6976234858541003,0.7453083109919572,0.13973799126637554,0.4375,1.220703125e-08
125,train,0.3541254188800067,0.9111842105263157,0.05978742249778565,0.13597122302158274,1.220703125e-08
125,val,0.6981972897020805,0.7412868632707775,0.13537117903930132,0.4548611111111111,1.220703125e-08
126,train,0.35348018258810043,0.9095394736842105,0.060673162090345435,0.13884892086330936,1.220703125e-08
126,val,0.701083714936438,0.7453083109919572,0.13537117903930132,0.4444444444444444,1.220703125e-08
127,train,0.36001962671677273,0.9076206140350876,0.0637732506643047,0.13884892086330936,1.220703125e-08
127,val,0.7008158815450387,0.7412868632707775,0.13755458515283842,0.4513888888888889,1.220703125e-08
128,train,0.3551755505695678,0.909265350877193,0.06023029229406555,0.14028776978417265,1.220703125e-08
128,val,0.700196805492483,0.7412868632707775,0.13755458515283842,0.4513888888888889,1.220703125e-08
129,train,0.3522375795271313,0.9100877192982456,0.062444641275465014,0.13453237410071942,1.220703125e-08
129,val,0.7031262302846116,0.739946380697051,0.13755458515283842,0.4548611111111111,1.220703125e-08
130,train,0.35348359384296235,0.9114583333333333,0.06687333923826395,0.1237410071942446,1.220703125e-08
130,val,0.6977782556262796,0.7453083109919572,0.13755458515283842,0.4409722222222222,1.220703125e-08
131,train,0.3608743202006608,0.9026864035087718,0.07617360496014172,0.1316546762589928,1.220703125e-08
131,val,0.6999527158430371,0.7439678284182306,0.1331877729257642,0.4513888888888889,1.220703125e-08
132,train,0.35113034188224557,0.9174890350877193,0.054030115146147036,0.12877697841726618,1.220703125e-08
132,val,0.700317221736141,0.7439678284182306,0.13537117903930132,0.4479166666666667,1.220703125e-08
133,train,0.34859801541294966,0.9174890350877193,0.0562444641275465,0.1251798561151079,1.220703125e-08
133,val,0.7035295550209587,0.7426273458445041,0.1331877729257642,0.4548611111111111,1.220703125e-08
134,train,0.35308018182976203,0.912828947368421,0.0562444641275465,0.13741007194244603,1.220703125e-08
134,val,0.6985782193114867,0.7453083109919572,0.13537117903930132,0.4444444444444444,1.220703125e-08
135,train,0.3497739923758465,0.9172149122807017,0.05137289636846767,0.13381294964028778,1.220703125e-08
135,val,0.7029949425452516,0.7453083109919572,0.12882096069868995,0.4548611111111111,1.220703125e-08
136,train,0.35357299329418884,0.9109100877192982,0.061558901682905225,0.13381294964028778,1.220703125e-08
136,val,0.7007642552935726,0.7412868632707775,0.13537117903930132,0.4548611111111111,1.220703125e-08
137,train,0.3437067812079923,0.9185855263157894,0.0562444641275465,0.1223021582733813,1.220703125e-08
137,val,0.6992452822166217,0.7453083109919572,0.13537117903930132,0.4444444444444444,1.220703125e-08
138,train,0.3556562974526171,0.9098135964912281,0.06465899025686449,0.1316546762589928,1.220703125e-08
138,val,0.6995649897061468,0.739946380697051,0.13973799126637554,0.4513888888888889,1.220703125e-08
139,train,0.353946774740491,0.9095394736842105,0.06288751107174491,0.13525179856115108,1.220703125e-08
139,val,0.7005580629324466,0.7439678284182306,0.1331877729257642,0.4513888888888889,1.220703125e-08
140,train,0.3566150019566218,0.9098135964912281,0.061558901682905225,0.1366906474820144,1.220703125e-08
140,val,0.6999400665549107,0.7453083109919572,0.13973799126637554,0.4375,1.220703125e-08
141,train,0.3546611526817606,0.9098135964912281,0.05713020372010629,0.14388489208633093,1.220703125e-08
141,val,0.6965597567545505,0.7439678284182306,0.14192139737991266,0.4375,1.220703125e-08
142,train,0.3512321817770339,0.9120065789473684,0.0633303808680248,0.12805755395683452,1.220703125e-08
142,val,0.6983218245787531,0.7439678284182306,0.13755458515283842,0.4444444444444444,1.220703125e-08
143,train,0.34452504017635394,0.9183114035087718,0.05358724534986714,0.12733812949640289,1.220703125e-08
143,val,0.6966020347445644,0.7453083109919572,0.1331877729257642,0.4479166666666667,1.220703125e-08
144,train,0.3469643605252107,0.9174890350877193,0.050487156775907885,0.13453237410071942,1.220703125e-08
144,val,0.7035796335491354,0.739946380697051,0.13537117903930132,0.4583333333333333,1.220703125e-08
145,train,0.3544341598947843,0.909265350877193,0.06111603188662533,0.13884892086330936,1.220703125e-08
145,val,0.7013877702142853,0.7453083109919572,0.13973799126637554,0.4375,1.220703125e-08
146,train,0.34762083869754223,0.909265350877193,0.06111603188662533,0.13884892086330936,1.220703125e-08
146,val,0.6997575256524073,0.7386058981233244,0.13537117903930132,0.4618055555555556,1.220703125e-08
147,train,0.3633302729903606,0.9013157894736842,0.06908768821966342,0.14676258992805755,1.220703125e-08
147,val,0.6992992496682237,0.7439678284182306,0.12882096069868995,0.4583333333333333,1.220703125e-08
148,train,0.356197053664609,0.9057017543859649,0.05713020372010629,0.15467625899280577,1.220703125e-08
148,val,0.6963656920210606,0.7453083109919572,0.1331877729257642,0.4479166666666667,1.220703125e-08
149,train,0.3485662154853344,0.9133771929824561,0.0633303808680248,0.12446043165467625,1.220703125e-08
149,val,0.7057466505360028,0.7372654155495979,0.13100436681222707,0.4722222222222222,1.220703125e-08
150,train,0.3492244496418719,0.9048793859649122,0.06643046944198405,0.14172661870503597,1.220703125e-08
150,val,0.7009796738304976,0.7453083109919572,0.13537117903930132,0.4444444444444444,1.220703125e-08
151,train,0.35331979001823227,0.9131030701754386,0.06200177147918512,0.12733812949640289,1.220703125e-08
151,val,0.6961590035671203,0.7412868632707775,0.13973799126637554,0.4479166666666667,1.220703125e-08
152,train,0.35369488302814334,0.9095394736842105,0.06465899025686449,0.13237410071942446,1.220703125e-08
152,val,0.6974110574568884,0.7466487935656837,0.13755458515283842,0.4375,1.220703125e-08
153,train,0.35163113906195287,0.90625,0.06598759964570416,0.13884892086330936,1.220703125e-08
153,val,0.7053481578507308,0.739946380697051,0.13100436681222707,0.4652777777777778,1.220703125e-08
154,train,0.35202051666483547,0.9152960526315789,0.06687333923826395,0.11366906474820145,1.220703125e-08
154,val,0.7042768083053363,0.739946380697051,0.12882096069868995,0.46875,1.220703125e-08
155,train,0.3496888464218692,0.9125548245614035,0.06598759964570416,0.1223021582733813,1.220703125e-08
155,val,0.7002439492509448,0.7412868632707775,0.13755458515283842,0.4513888888888889,1.220703125e-08
156,train,0.3557365113183072,0.9109100877192982,0.06598759964570416,0.12661870503597122,1.220703125e-08
156,val,0.6962931018732188,0.7453083109919572,0.13973799126637554,0.4375,1.220703125e-08
157,train,0.3545874146777287,0.9109100877192982,0.060673162090345435,0.13525179856115108,1.220703125e-08
157,val,0.6932178190821937,0.7466487935656837,0.13973799126637554,0.4340277777777778,1.220703125e-08
158,train,0.3590900296704811,0.9059758771929824,0.06554472984942426,0.14028776978417265,1.220703125e-08
158,val,0.6983522801552637,0.7493297587131368,0.13100436681222707,0.4409722222222222,1.220703125e-08
159,train,0.359621264236538,0.9024122807017544,0.07130203720106289,0.14028776978417265,1.220703125e-08
159,val,0.7009862402488974,0.7386058981233244,0.13973799126637554,0.4548611111111111,1.220703125e-08
160,train,0.35319528820221885,0.912828947368421,0.06554472984942426,0.1223021582733813,1.220703125e-08
160,val,0.7032857077051423,0.7426273458445041,0.13100436681222707,0.4583333333333333,1.220703125e-08
161,train,0.3476706798792931,0.9141995614035088,0.05270150575730735,0.13956834532374102,1.220703125e-08
161,val,0.6988461123874297,0.7439678284182306,0.13755458515283842,0.4444444444444444,1.220703125e-08
162,train,0.3584365335603555,0.9018640350877193,0.070859167404783,0.14244604316546763,1.220703125e-08
162,val,0.702807702343841,0.7439678284182306,0.12663755458515283,0.4618055555555556,1.220703125e-08
163,train,0.3542421857515971,0.9117324561403508,0.061558901682905225,0.1316546762589928,1.220703125e-08
163,val,0.6979814469015311,0.739946380697051,0.14192139737991266,0.4479166666666667,1.220703125e-08
164,train,0.348960368060752,0.9120065789473684,0.06023029229406555,0.13309352517985612,1.220703125e-08
164,val,0.7038026731710971,0.7412868632707775,0.1331877729257642,0.4583333333333333,1.220703125e-08
165,train,0.354505636843673,0.910361842105263,0.06465899025686449,0.1302158273381295,1.220703125e-08
165,val,0.6980720966974469,0.7466487935656837,0.13755458515283842,0.4375,1.220703125e-08
166,train,0.35209728881978153,0.9111842105263157,0.05580159433126661,0.14244604316546763,1.220703125e-08
166,val,0.7045338732307782,0.7372654155495979,0.12882096069868995,0.4756944444444444,1.220703125e-08
167,train,0.34903712139317866,0.9152960526315789,0.06288751107174491,0.12014388489208633,1.220703125e-08
167,val,0.7004268295643477,0.7453083109919572,0.13537117903930132,0.4444444444444444,1.220703125e-08
168,train,0.35219574778487805,0.9120065789473684,0.062444641275465014,0.12949640287769784,1.220703125e-08
168,val,0.6988461442671257,0.7453083109919572,0.13973799126637554,0.4375,1.220703125e-08
169,train,0.3518960681139377,0.9120065789473684,0.062444641275465014,0.12949640287769784,1.220703125e-08
169,val,0.6998096223491127,0.7426273458445041,0.13537117903930132,0.4513888888888889,1.220703125e-08
170,train,0.3539386089041568,0.9120065789473684,0.06111603188662533,0.1316546762589928,1.220703125e-08
170,val,0.7025105921256958,0.7386058981233244,0.1331877729257642,0.4652777777777778,1.220703125e-08
171,train,0.36188216448614474,0.9021381578947368,0.0704162976085031,0.14244604316546763,1.220703125e-08
171,val,0.7030336417397609,0.7412868632707775,0.13100436681222707,0.4618055555555556,1.220703125e-08
172,train,0.3565597570125471,0.9065241228070174,0.06997342781222321,0.1316546762589928,1.220703125e-08
172,val,0.6993688234694841,0.7439678284182306,0.13100436681222707,0.4548611111111111,1.220703125e-08
173,train,0.3469002531808719,0.9125548245614035,0.0637732506643047,0.12589928057553956,1.220703125e-08
173,val,0.6977117245382661,0.7439678284182306,0.13537117903930132,0.4479166666666667,1.220703125e-08
174,train,0.3523035729140566,0.9048793859649122,0.0633303808680248,0.14676258992805755,1.220703125e-08
174,val,0.6994276086702423,0.7453083109919572,0.13537117903930132,0.4444444444444444,1.220703125e-08
175,train,0.3512236213867079,0.9131030701754386,0.062444641275465014,0.12661870503597122,1.220703125e-08
175,val,0.7015083101415762,0.7412868632707775,0.13537117903930132,0.4548611111111111,1.220703125e-08
176,train,0.3578140313426654,0.9065241228070174,0.06510186005314438,0.13956834532374102,1.220703125e-08
176,val,0.6992719528182901,0.7479892761394102,0.13537117903930132,0.4375,1.220703125e-08
177,train,0.36261597040452453,0.9029605263157894,0.06953055801594331,0.14172661870503597,1.220703125e-08
177,val,0.7018285737280552,0.7453083109919572,0.1331877729257642,0.4479166666666667,1.220703125e-08
178,train,0.34598831113493234,0.9188596491228069,0.05713020372010629,0.12014388489208633,1.220703125e-08
178,val,0.7038621929631476,0.7412868632707775,0.13537117903930132,0.4548611111111111,1.220703125e-08
179,train,0.3511207556646121,0.9120065789473684,0.06288751107174491,0.12877697841726618,1.220703125e-08
179,val,0.7009818640215467,0.7453083109919572,0.13973799126637554,0.4375,1.220703125e-08
180,train,0.3555553762667012,0.9100877192982456,0.06643046944198405,0.12805755395683452,1.220703125e-08
180,val,0.7035433696358198,0.7412868632707775,0.13537117903930132,0.4548611111111111,1.220703125e-08
181,train,0.35273446926945135,0.906798245614035,0.06598759964570416,0.13741007194244603,1.220703125e-08
181,val,0.7062630995349015,0.739946380697051,0.1331877729257642,0.4618055555555556,1.220703125e-08
182,train,0.35202447762876227,0.9081688596491228,0.06554472984942426,0.13453237410071942,1.220703125e-08
182,val,0.6981010304379399,0.7426273458445041,0.14410480349344978,0.4375,1.220703125e-08
183,train,0.3522101305425167,0.9131030701754386,0.06200177147918512,0.12733812949640289,1.220703125e-08
183,val,0.6977573109056611,0.7466487935656837,0.13755458515283842,0.4375,1.220703125e-08
184,train,0.3546669677292046,0.909265350877193,0.0633303808680248,0.13525179856115108,1.220703125e-08
184,val,0.7018901346196438,0.739946380697051,0.1331877729257642,0.4618055555555556,1.220703125e-08
185,train,0.3502204361322679,0.9136513157894737,0.06421612046058459,0.1223021582733813,1.220703125e-08
185,val,0.6996536091888877,0.7439678284182306,0.13537117903930132,0.4479166666666667,1.220703125e-08
186,train,0.3502464099672803,0.9131030701754386,0.05757307351638618,0.13453237410071942,1.220703125e-08
186,val,0.7013297370227988,0.7426273458445041,0.1331877729257642,0.4548611111111111,1.220703125e-08
187,train,0.3461332385869403,0.9152960526315789,0.05978742249778565,0.1251798561151079,1.220703125e-08
187,val,0.7034861718681479,0.7439678284182306,0.13537117903930132,0.4479166666666667,1.220703125e-08
188,train,0.3510699568218307,0.909265350877193,0.06421612046058459,0.13381294964028778,1.220703125e-08
188,val,0.6995457938145696,0.7426273458445041,0.13973799126637554,0.4444444444444444,1.220703125e-08
189,train,0.35875978484226945,0.9035087719298245,0.070859167404783,0.1381294964028777,1.220703125e-08
189,val,0.6993470950995949,0.7412868632707775,0.13973799126637554,0.4479166666666667,1.220703125e-08
190,train,0.35424791707804326,0.9089912280701754,0.06820194862710363,0.12805755395683452,1.220703125e-08
190,val,0.7003543739664011,0.739946380697051,0.13537117903930132,0.4583333333333333,1.220703125e-08
191,train,0.35315376186841413,0.9100877192982456,0.060673162090345435,0.13741007194244603,1.220703125e-08
191,val,0.7023918700601716,0.7372654155495979,0.13537117903930132,0.4652777777777778,1.220703125e-08
192,train,0.3538007037550734,0.9087171052631579,0.06643046944198405,0.1316546762589928,1.220703125e-08
192,val,0.6981570763818061,0.7439678284182306,0.13973799126637554,0.4409722222222222,1.220703125e-08
193,train,0.35650730459836494,0.9081688596491228,0.0704162976085031,0.12661870503597122,1.220703125e-08
193,val,0.7007059606725984,0.7453083109919572,0.13537117903930132,0.4444444444444444,1.220703125e-08
194,train,0.34764761255498516,0.9183114035087718,0.05757307351638618,0.12086330935251799,1.220703125e-08
194,val,0.7011029537337715,0.7426273458445041,0.13537117903930132,0.4513888888888889,1.220703125e-08
195,train,0.3464185343891905,0.9172149122807017,0.05580159433126661,0.12661870503597122,1.220703125e-08
195,val,0.6976545898907945,0.7439678284182306,0.13755458515283842,0.4444444444444444,1.220703125e-08
196,train,0.35812700847000406,0.9078947368421052,0.061558901682905225,0.14172661870503597,1.220703125e-08
196,val,0.7013587648044003,0.7426273458445041,0.13537117903930132,0.4513888888888889,1.220703125e-08
197,train,0.3509239519112988,0.909265350877193,0.05978742249778565,0.1410071942446043,1.220703125e-08
197,val,0.7010963734129478,0.7453083109919572,0.13537117903930132,0.4444444444444444,1.220703125e-08
198,train,0.35282976729305165,0.9111842105263157,0.060673162090345435,0.13453237410071942,1.220703125e-08
198,val,0.698243971085101,0.7453083109919572,0.13755458515283842,0.4409722222222222,1.220703125e-08
199,train,0.35177557386065783,0.9114583333333333,0.05580159433126661,0.14172661870503597,1.220703125e-08
199,val,0.7015909105139827,0.7439678284182306,0.12882096069868995,0.4583333333333333,1.220703125e-08
200,train,0.3509389975745427,0.9141995614035088,0.0562444641275465,0.13381294964028778,1.220703125e-08
200,val,0.6986357895682389,0.7453083109919572,0.13755458515283842,0.4409722222222222,1.220703125e-08
201,train,0.3450885332728687,0.9152960526315789,0.05535872453498671,0.13237410071942446,1.220703125e-08
201,val,0.6999238863707228,0.7439678284182306,0.13755458515283842,0.4444444444444444,1.220703125e-08
202,train,0.35598797638688173,0.9095394736842105,0.05934455270150576,0.1410071942446043,1.220703125e-08
202,val,0.6974831547877743,0.7426273458445041,0.13973799126637554,0.4444444444444444,1.220703125e-08
203,train,0.3561008721590042,0.9120065789473684,0.06465899025686449,0.12589928057553956,1.220703125e-08
203,val,0.7002483504067797,0.7466487935656837,0.1331877729257642,0.4444444444444444,1.220703125e-08
204,train,0.35363661844217986,0.9106359649122806,0.050487156775907885,0.15251798561151078,1.220703125e-08
204,val,0.7008276807079367,0.7439678284182306,0.13755458515283842,0.4444444444444444,1.220703125e-08
205,train,0.3576789659104849,0.9084429824561403,0.06111603188662533,0.1410071942446043,1.220703125e-08
205,val,0.7034330431961182,0.7412868632707775,0.1331877729257642,0.4583333333333333,1.220703125e-08
206,train,0.34686212751426193,0.9191337719298245,0.058015943312666074,0.11798561151079137,1.220703125e-08
206,val,0.7053820609087599,0.7426273458445041,0.12882096069868995,0.4618055555555556,1.220703125e-08
207,train,0.3591445606659379,0.9051535087719298,0.06288751107174491,0.14676258992805755,1.220703125e-08
207,val,0.6989487211442186,0.7386058981233244,0.13755458515283842,0.4583333333333333,1.220703125e-08
208,train,0.35635816423516525,0.9051535087719298,0.06510186005314438,0.14316546762589927,1.220703125e-08
208,val,0.7018702602258636,0.7359249329758714,0.1331877729257642,0.4722222222222222,1.220703125e-08
209,train,0.357393084845522,0.9059758771929824,0.06465899025686449,0.14172661870503597,1.220703125e-08
209,val,0.7049856245837327,0.739946380697051,0.13100436681222707,0.4652777777777778,1.220703125e-08
210,train,0.35206305993753567,0.9100877192982456,0.05978742249778565,0.13884892086330936,1.220703125e-08
210,val,0.7029829006891788,0.7439678284182306,0.13537117903930132,0.4479166666666667,1.220703125e-08
211,train,0.35087483284766213,0.9133771929824561,0.05890168290522586,0.1316546762589928,1.220703125e-08
211,val,0.6978315640710314,0.7453083109919572,0.13537117903930132,0.4444444444444444,1.220703125e-08
212,train,0.35360459395145116,0.9120065789473684,0.05580159433126661,0.14028776978417265,1.220703125e-08
212,val,0.697751922677733,0.7426273458445041,0.14192139737991266,0.4409722222222222,1.220703125e-08
213,train,0.3471190526166506,0.9188596491228069,0.05845881310894597,0.11798561151079137,1.220703125e-08
213,val,0.6981573763226057,0.7439678284182306,0.13755458515283842,0.4444444444444444,1.220703125e-08
214,train,0.355367215971152,0.912828947368421,0.05978742249778565,0.1316546762589928,1.220703125e-08
214,val,0.6949353138179626,0.7453083109919572,0.13537117903930132,0.4444444444444444,1.220703125e-08
215,train,0.3499989633105303,0.9136513157894737,0.05934455270150576,0.1302158273381295,1.220703125e-08
215,val,0.6992075810803166,0.7439678284182306,0.13537117903930132,0.4479166666666667,1.220703125e-08
216,train,0.351878333640726,0.9114583333333333,0.05845881310894597,0.13741007194244603,1.220703125e-08
216,val,0.6994489357874157,0.7439678284182306,0.13537117903930132,0.4479166666666667,1.220703125e-08
217,train,0.3599022073311764,0.9051535087719298,0.06643046944198405,0.1410071942446043,1.220703125e-08
217,val,0.7011323791726345,0.7439678284182306,0.13537117903930132,0.4479166666666667,1.220703125e-08
218,train,0.35308542821490974,0.9100877192982456,0.06421612046058459,0.1316546762589928,1.220703125e-08
218,val,0.7038274703013034,0.7412868632707775,0.13537117903930132,0.4548611111111111,1.220703125e-08
219,train,0.3487257298670317,0.9161184210526315,0.0562444641275465,0.12877697841726618,1.220703125e-08
219,val,0.6977701135998436,0.7426273458445041,0.13537117903930132,0.4513888888888889,1.220703125e-08
220,train,0.35034978435489167,0.9139254385964912,0.05491585473870682,0.1366906474820144,1.220703125e-08
220,val,0.700339435252683,0.7439678284182306,0.13537117903930132,0.4479166666666667,1.220703125e-08
221,train,0.3504238167875691,0.9152960526315789,0.06465899025686449,0.11726618705035971,1.220703125e-08
221,val,0.7011092087858164,0.7439678284182306,0.1331877729257642,0.4513888888888889,1.220703125e-08
222,train,0.3515592731143299,0.9087171052631579,0.05978742249778565,0.14244604316546763,1.220703125e-08
222,val,0.6985763519123476,0.7412868632707775,0.14192139737991266,0.4444444444444444,1.220703125e-08
223,train,0.35612809180951954,0.9114583333333333,0.06687333923826395,0.1237410071942446,1.220703125e-08
223,val,0.7009071297044729,0.7453083109919572,0.13755458515283842,0.4409722222222222,1.220703125e-08
224,train,0.35418266129859705,0.9106359649122806,0.06731620903454384,0.1251798561151079,1.220703125e-08
224,val,0.7027337952209861,0.7439678284182306,0.1331877729257642,0.4513888888888889,1.220703125e-08
225,train,0.353260108384124,0.9051535087719298,0.06953055801594331,0.13597122302158274,1.220703125e-08
225,val,0.6988521018552397,0.7426273458445041,0.14192139737991266,0.4409722222222222,1.220703125e-08
226,train,0.3571910864036334,0.9120065789473684,0.05713020372010629,0.1381294964028777,1.220703125e-08
226,val,0.7038685084987262,0.7466487935656837,0.13100436681222707,0.4479166666666667,1.220703125e-08
227,train,0.3529174136357349,0.9136513157894737,0.060673162090345435,0.12805755395683452,1.220703125e-08
227,val,0.6984490355921175,0.7453083109919572,0.13973799126637554,0.4375,1.220703125e-08
228,train,0.3508629293687511,0.9081688596491228,0.06643046944198405,0.13309352517985612,1.220703125e-08
228,val,0.7007501891566985,0.7412868632707775,0.13755458515283842,0.4513888888888889,1.220703125e-08
229,train,0.36245362284152133,0.9007675438596491,0.06731620903454384,0.1510791366906475,1.220703125e-08
229,val,0.702053867300458,0.7412868632707775,0.13100436681222707,0.4618055555555556,1.220703125e-08
230,train,0.3492971755433501,0.9125548245614035,0.05580159433126661,0.13884892086330936,1.220703125e-08
230,val,0.7021279713743174,0.7412868632707775,0.13100436681222707,0.4618055555555556,1.220703125e-08
231,train,0.3530072983550398,0.9073464912280701,0.06200177147918512,0.14244604316546763,1.220703125e-08
231,val,0.7025743085321728,0.7386058981233244,0.13537117903930132,0.4618055555555556,1.220703125e-08
232,train,0.3501033291482089,0.9111842105263157,0.06465899025686449,0.12805755395683452,1.220703125e-08
232,val,0.7026444930013959,0.7453083109919572,0.1331877729257642,0.4479166666666667,1.220703125e-08
233,train,0.35318127405225186,0.9084429824561403,0.062444641275465014,0.13884892086330936,1.220703125e-08
233,val,0.6990592192069455,0.7426273458445041,0.13755458515283842,0.4479166666666667,1.220703125e-08
234,train,0.3573909869188802,0.9065241228070174,0.061558901682905225,0.14532374100719425,1.220703125e-08
234,val,0.7006405687843507,0.7453083109919572,0.13100436681222707,0.4513888888888889,1.220703125e-08
235,train,0.3547616323880982,0.9059758771929824,0.06554472984942426,0.14028776978417265,1.220703125e-08
235,val,0.7039709314903689,0.7372654155495979,0.1331877729257642,0.46875,1.220703125e-08
236,train,0.3546635984982315,0.9120065789473684,0.06510186005314438,0.1251798561151079,1.220703125e-08
236,val,0.7024783627916596,0.7426273458445041,0.1331877729257642,0.4548611111111111,1.220703125e-08
237,train,0.3483950447356492,0.9133771929824561,0.062444641275465014,0.12589928057553956,1.220703125e-08
237,val,0.7008835265847377,0.739946380697051,0.1331877729257642,0.4618055555555556,1.220703125e-08
238,train,0.3586684947735385,0.9035087719298245,0.07263064658990256,0.13525179856115108,1.220703125e-08
238,val,0.7011703649091338,0.7412868632707775,0.1331877729257642,0.4583333333333333,1.220703125e-08
239,train,0.353122670922363,0.906798245614035,0.062444641275465014,0.14316546762589927,1.220703125e-08
239,val,0.7007838425303912,0.7412868632707775,0.13755458515283842,0.4513888888888889,1.220703125e-08
240,train,0.3582854863060148,0.9035087719298245,0.06288751107174491,0.1510791366906475,1.220703125e-08
240,val,0.6997121078718763,0.7439678284182306,0.1331877729257642,0.4513888888888889,1.220703125e-08
241,train,0.3559393818702614,0.9054276315789473,0.06510186005314438,0.14244604316546763,1.220703125e-08
241,val,0.7032729388881305,0.7426273458445041,0.1331877729257642,0.4548611111111111,1.220703125e-08
242,train,0.36142197846059215,0.9026864035087718,0.06864481842338352,0.14388489208633093,1.220703125e-08
242,val,0.7006652916084986,0.7453083109919572,0.13537117903930132,0.4444444444444444,1.220703125e-08
243,train,0.35955793567393957,0.90625,0.06598759964570416,0.13884892086330936,1.220703125e-08
243,val,0.6992392915503269,0.7426273458445041,0.14192139737991266,0.4409722222222222,1.220703125e-08
244,train,0.35747816681600453,0.9087171052631579,0.06421612046058459,0.13525179856115108,1.220703125e-08
244,val,0.7028872060711837,0.739946380697051,0.1331877729257642,0.4618055555555556,1.220703125e-08
245,train,0.35310971325165347,0.9155701754385964,0.05713020372010629,0.12877697841726618,1.220703125e-08
245,val,0.6998052159199446,0.7426273458445041,0.13537117903930132,0.4513888888888889,1.220703125e-08
246,train,0.35494819603729666,0.9084429824561403,0.06288751107174491,0.1381294964028777,1.220703125e-08
246,val,0.7014230985104558,0.7466487935656837,0.12882096069868995,0.4513888888888889,1.220703125e-08
247,train,0.35262533760907355,0.9131030701754386,0.06200177147918512,0.12733812949640289,1.220703125e-08
247,val,0.7037298479604338,0.7386058981233244,0.13537117903930132,0.4618055555555556,1.220703125e-08
248,train,0.3556868836545108,0.9043311403508771,0.06510186005314438,0.14532374100719425,1.220703125e-08
248,val,0.7010619985513968,0.7439678284182306,0.13537117903930132,0.4479166666666667,1.220703125e-08
249,train,0.35353054236947445,0.9087171052631579,0.06775907883082374,0.12949640287769784,1.220703125e-08
249,val,0.7018203719371765,0.7412868632707775,0.13973799126637554,0.4479166666666667,1.220703125e-08
250,train,0.3534179366471475,0.9163925438596491,0.05447298494242692,0.13093525179856116,1.220703125e-08
250,val,0.7005976125318307,0.7412868632707775,0.13537117903930132,0.4548611111111111,1.220703125e-08
251,train,0.3558665453864817,0.90625,0.060673162090345435,0.1474820143884892,1.220703125e-08
251,val,0.6992704726096453,0.7453083109919572,0.1331877729257642,0.4479166666666667,1.220703125e-08
252,train,0.34629773276678305,0.9133771929824561,0.06111603188662533,0.12805755395683452,1.220703125e-08
252,val,0.7013458598395136,0.7386058981233244,0.13755458515283842,0.4583333333333333,1.220703125e-08
253,train,0.35344650348027545,0.9117324561403508,0.06111603188662533,0.13237410071942446,1.220703125e-08
253,val,0.6999741305295009,0.7439678284182306,0.13973799126637554,0.4409722222222222,1.220703125e-08
254,train,0.3544656559171384,0.9087171052631579,0.05934455270150576,0.14316546762589927,1.220703125e-08
254,val,0.6983072522817924,0.7466487935656837,0.1331877729257642,0.4444444444444444,1.220703125e-08
255,train,0.35689952864981533,0.9084429824561403,0.0637732506643047,0.1366906474820144,1.220703125e-08
255,val,0.7009175633936721,0.739946380697051,0.13755458515283842,0.4548611111111111,1.220703125e-08
256,train,0.35274752791513475,0.9051535087719298,0.06864481842338352,0.13741007194244603,1.220703125e-08
256,val,0.6998225420154132,0.7426273458445041,0.13755458515283842,0.4479166666666667,1.220703125e-08
257,train,0.3465212537139131,0.9183114035087718,0.0562444641275465,0.12302158273381295,1.220703125e-08
257,val,0.7015035481619132,0.7439678284182306,0.1331877729257642,0.4513888888888889,1.220703125e-08
258,train,0.363024658409127,0.9024122807017544,0.0633303808680248,0.15323741007194244,1.220703125e-08
258,val,0.6987962864998518,0.7453083109919572,0.13537117903930132,0.4444444444444444,1.220703125e-08
259,train,0.3483800514225374,0.9144736842105262,0.06111603188662533,0.1251798561151079,1.220703125e-08
259,val,0.7011598255934728,0.7439678284182306,0.1331877729257642,0.4513888888888889,1.220703125e-08
260,train,0.3498204323675549,0.9147478070175438,0.0562444641275465,0.13237410071942446,1.220703125e-08
260,val,0.7010407131414951,0.7453083109919572,0.13755458515283842,0.4409722222222222,1.220703125e-08
261,train,0.3558207680389546,0.9078947368421052,0.061558901682905225,0.14172661870503597,1.220703125e-08
261,val,0.7020871591312317,0.7412868632707775,0.1331877729257642,0.4583333333333333,1.220703125e-08
262,train,0.3565085244675477,0.9059758771929824,0.06687333923826395,0.1381294964028777,1.220703125e-08
262,val,0.6986399211448895,0.7439678284182306,0.1331877729257642,0.4513888888888889,1.220703125e-08
263,train,0.3543647256467426,0.9065241228070174,0.06953055801594331,0.13237410071942446,1.220703125e-08
263,val,0.7009595811526833,0.7439678284182306,0.12882096069868995,0.4583333333333333,1.220703125e-08
264,train,0.3473136570108564,0.9174890350877193,0.05890168290522586,0.12086330935251799,1.220703125e-08
264,val,0.6998526580212263,0.7453083109919572,0.13537117903930132,0.4444444444444444,1.220703125e-08
265,train,0.35674423155815976,0.9024122807017544,0.06465899025686449,0.1510791366906475,1.220703125e-08
265,val,0.7009357172426526,0.7453083109919572,0.12882096069868995,0.4548611111111111,1.220703125e-08
266,train,0.358497333369757,0.9010416666666666,0.06731620903454384,0.15035971223021583,1.220703125e-08
266,val,0.7032670148575914,0.7412868632707775,0.1331877729257642,0.4583333333333333,1.220703125e-08
267,train,0.3569932368894418,0.9076206140350876,0.06288751107174491,0.14028776978417265,1.220703125e-08
267,val,0.7018258191305575,0.7412868632707775,0.13100436681222707,0.4618055555555556,1.220703125e-08
268,train,0.34991263761593583,0.9155701754385964,0.06023029229406555,0.1237410071942446,1.220703125e-08
268,val,0.6985387323529088,0.7439678284182306,0.13537117903930132,0.4479166666666667,1.220703125e-08
269,train,0.3603013797679491,0.9051535087719298,0.06200177147918512,0.14820143884892087,1.220703125e-08
269,val,0.6983928731555274,0.7453083109919572,0.13755458515283842,0.4409722222222222,1.220703125e-08
270,train,0.3523528923590978,0.9169407894736842,0.05491585473870682,0.12877697841726618,1.220703125e-08
270,val,0.6995446888115706,0.7453083109919572,0.13537117903930132,0.4444444444444444,1.220703125e-08
271,train,0.3577581281986153,0.9046052631578947,0.06864481842338352,0.13884892086330936,1.220703125e-08
271,val,0.7005370682749608,0.7439678284182306,0.13973799126637554,0.4409722222222222,1.220703125e-08
272,train,0.3571316362603715,0.90625,0.06731620903454384,0.1366906474820144,1.220703125e-08
272,val,0.7009497401541743,0.7426273458445041,0.13537117903930132,0.4513888888888889,1.220703125e-08
273,train,0.34959354284301136,0.9109100877192982,0.06643046944198405,0.12589928057553956,1.220703125e-08
273,val,0.7033965884840201,0.7426273458445041,0.13100436681222707,0.4583333333333333,1.220703125e-08
274,train,0.34931391176947374,0.9161184210526315,0.061558901682905225,0.12014388489208633,1.220703125e-08
274,val,0.701561153254624,0.7426273458445041,0.13537117903930132,0.4513888888888889,1.220703125e-08
275,train,0.35378128989485275,0.9084429824561403,0.06554472984942426,0.13381294964028778,1.220703125e-08
275,val,0.7049763525459146,0.7439678284182306,0.12882096069868995,0.4583333333333333,1.220703125e-08
276,train,0.35153668465321525,0.9098135964912281,0.053144375553587246,0.15035971223021583,1.220703125e-08
276,val,0.7022425997353111,0.739946380697051,0.13537117903930132,0.4583333333333333,1.220703125e-08
277,train,0.35629834371962044,0.903782894736842,0.0637732506643047,0.14892086330935253,1.220703125e-08
277,val,0.6974580593147482,0.7412868632707775,0.13755458515283842,0.4513888888888889,1.220703125e-08
278,train,0.35714250208254444,0.9078947368421052,0.061558901682905225,0.14172661870503597,1.220703125e-08
278,val,0.6988655806546556,0.7412868632707775,0.13755458515283842,0.4513888888888889,1.220703125e-08
279,train,0.34833221810690146,0.9166666666666666,0.0633303808680248,0.1158273381294964,1.220703125e-08
279,val,0.701952079345969,0.7479892761394102,0.13100436681222707,0.4444444444444444,1.220703125e-08
280,train,0.35135446351609734,0.9141995614035088,0.0562444641275465,0.13381294964028778,1.220703125e-08
280,val,0.6998716086229114,0.7426273458445041,0.13537117903930132,0.4513888888888889,1.220703125e-08
281,train,0.3603918832775794,0.8996710526315789,0.07484499557130203,0.14172661870503597,1.220703125e-08
281,val,0.6999280623712105,0.7412868632707775,0.1331877729257642,0.4583333333333333,1.220703125e-08
282,train,0.35987201097764465,0.906798245614035,0.06465899025686449,0.13956834532374102,1.220703125e-08
282,val,0.6970809776405866,0.7453083109919572,0.13973799126637554,0.4375,1.220703125e-08
283,train,0.35468460090066256,0.9106359649122806,0.0637732506643047,0.13093525179856116,1.220703125e-08
283,val,0.7005008073978066,0.7439678284182306,0.13537117903930132,0.4479166666666667,1.220703125e-08
284,train,0.34933220902294443,0.9152960526315789,0.06288751107174491,0.12014388489208633,1.220703125e-08
284,val,0.7008015686800908,0.7426273458445041,0.13537117903930132,0.4513888888888889,1.220703125e-08
285,train,0.36188624884214315,0.9010416666666666,0.06908768821966342,0.1474820143884892,1.220703125e-08
285,val,0.7003952844852417,0.7426273458445041,0.13755458515283842,0.4479166666666667,1.220703125e-08
286,train,0.3532636965575971,0.9051535087719298,0.070859167404783,0.13381294964028778,1.220703125e-08
286,val,0.6998118780573316,0.7412868632707775,0.13755458515283842,0.4513888888888889,1.220703125e-08
287,train,0.34991079745324033,0.9106359649122806,0.06465899025686449,0.12949640287769784,1.220703125e-08
287,val,0.7000481062855861,0.7453083109919572,0.13755458515283842,0.4409722222222222,1.220703125e-08
288,train,0.3533281295707351,0.9078947368421052,0.06864481842338352,0.1302158273381295,1.220703125e-08
288,val,0.698500207937435,0.7466487935656837,0.13100436681222707,0.4479166666666667,1.220703125e-08
289,train,0.3566689477547219,0.9046052631578947,0.0637732506643047,0.14676258992805755,1.220703125e-08
289,val,0.7026036074909384,0.7426273458445041,0.13537117903930132,0.4513888888888889,1.220703125e-08
290,train,0.36333858443979633,0.9013157894736842,0.0704162976085031,0.1446043165467626,1.220703125e-08
290,val,0.7019663616096047,0.7439678284182306,0.13100436681222707,0.4548611111111111,1.220703125e-08
291,train,0.3546105186667359,0.9089912280701754,0.06200177147918512,0.1381294964028777,1.220703125e-08
291,val,0.7035439628059039,0.7412868632707775,0.1331877729257642,0.4583333333333333,1.220703125e-08
292,train,0.3530342592612693,0.912828947368421,0.060673162090345435,0.1302158273381295,1.220703125e-08
292,val,0.6983931219609749,0.7412868632707775,0.13537117903930132,0.4548611111111111,1.220703125e-08
293,train,0.36073955945801317,0.9046052631578947,0.06997342781222321,0.1366906474820144,1.220703125e-08
293,val,0.6998418615906232,0.7439678284182306,0.1331877729257642,0.4513888888888889,1.220703125e-08
294,train,0.34878330854208844,0.9147478070175438,0.05978742249778565,0.12661870503597122,1.220703125e-08
294,val,0.7001799301871026,0.7466487935656837,0.13755458515283842,0.4375,1.220703125e-08
295,train,0.354829879837078,0.9147478070175438,0.05890168290522586,0.12805755395683452,1.220703125e-08
295,val,0.7010322582306235,0.7426273458445041,0.1331877729257642,0.4548611111111111,1.220703125e-08
296,train,0.35060604733594675,0.9166666666666666,0.0562444641275465,0.12733812949640289,1.220703125e-08
296,val,0.6996779818956718,0.7412868632707775,0.13537117903930132,0.4548611111111111,1.220703125e-08
297,train,0.35680854581950006,0.9084429824561403,0.0633303808680248,0.13741007194244603,1.220703125e-08
297,val,0.6943768588851029,0.7466487935656837,0.13973799126637554,0.4340277777777778,1.220703125e-08
298,train,0.35222208460694865,0.910361842105263,0.06510186005314438,0.12949640287769784,1.220703125e-08
298,val,0.7011332313752366,0.7426273458445041,0.13537117903930132,0.4513888888888889,1.220703125e-08
299,train,0.3587824076806244,0.9065241228070174,0.06421612046058459,0.1410071942446043,1.220703125e-08
299,val,0.6985006250101504,0.7439678284182306,0.13755458515283842,0.4444444444444444,1.220703125e-08
300,train,0.3558670215700802,0.909265350877193,0.06465899025686449,0.13309352517985612,1.220703125e-08
300,val,0.7018446267130547,0.7426273458445041,0.13100436681222707,0.4583333333333333,1.220703125e-08
301,train,0.3599212414732105,0.9046052631578947,0.06598759964570416,0.14316546762589927,1.220703125e-08
301,val,0.6988333891927397,0.7453083109919572,0.13537117903930132,0.4444444444444444,1.220703125e-08
302,train,0.342670920452005,0.9163925438596491,0.0562444641275465,0.12805755395683452,1.220703125e-08
302,val,0.696727041105163,0.7426273458445041,0.14192139737991266,0.4409722222222222,1.220703125e-08
303,train,0.3486971838171022,0.9144736842105262,0.05845881310894597,0.12949640287769784,1.220703125e-08
303,val,0.7004480828548564,0.7439678284182306,0.13537117903930132,0.4479166666666667,1.220703125e-08
304,train,0.35798281529232073,0.9024122807017544,0.07263064658990256,0.1381294964028777,1.220703125e-08
304,val,0.7059095166323971,0.739946380697051,0.12445414847161572,0.4756944444444444,1.220703125e-08
305,train,0.34704652931867985,0.9169407894736842,0.05535872453498671,0.12805755395683452,1.220703125e-08
305,val,0.6999108947953334,0.7479892761394102,0.13100436681222707,0.4444444444444444,1.220703125e-08
306,train,0.3486281144514419,0.9133771929824561,0.061558901682905225,0.12733812949640289,1.220703125e-08
306,val,0.7014690170978414,0.7426273458445041,0.13755458515283842,0.4479166666666667,1.220703125e-08
307,train,0.35687211554562837,0.9070723684210525,0.06687333923826395,0.13525179856115108,1.220703125e-08
307,val,0.7011957806173023,0.7412868632707775,0.1331877729257642,0.4583333333333333,1.220703125e-08
308,train,0.35795316884392187,0.9070723684210525,0.070859167404783,0.12877697841726618,1.220703125e-08
308,val,0.7012288471329308,0.7453083109919572,0.13100436681222707,0.4513888888888889,1.220703125e-08
309,train,0.35498855106140437,0.9100877192982456,0.06200177147918512,0.13525179856115108,1.220703125e-08
309,val,0.6987459688340052,0.7439678284182306,0.13755458515283842,0.4444444444444444,1.220703125e-08
310,train,0.3522802719421554,0.9141995614035088,0.0562444641275465,0.13381294964028778,1.220703125e-08
310,val,0.699780769386496,0.7439678284182306,0.1331877729257642,0.4513888888888889,1.220703125e-08
311,train,0.3561832119236913,0.9076206140350876,0.0637732506643047,0.13884892086330936,1.220703125e-08
311,val,0.7023471253487125,0.7439678284182306,0.1331877729257642,0.4513888888888889,1.220703125e-08
312,train,0.35126714408397675,0.9109100877192982,0.05713020372010629,0.1410071942446043,1.220703125e-08
312,val,0.7003221849014548,0.7439678284182306,0.13755458515283842,0.4444444444444444,1.220703125e-08
313,train,0.3625479732689105,0.8963815789473684,0.07263064658990256,0.1539568345323741,1.220703125e-08
313,val,0.7024257237406263,0.739946380697051,0.13973799126637554,0.4513888888888889,1.220703125e-08
314,train,0.3644764189395988,0.9004934210526315,0.06908768821966342,0.14892086330935253,1.220703125e-08
314,val,0.7008044812378871,0.7412868632707775,0.13537117903930132,0.4548611111111111,1.220703125e-08
315,train,0.3510291383585386,0.9141995614035088,0.05978742249778565,0.12805755395683452,1.220703125e-08
315,val,0.7020964996424821,0.7439678284182306,0.1331877729257642,0.4513888888888889,1.220703125e-08
316,train,0.35600717437633295,0.9070723684210525,0.06288751107174491,0.14172661870503597,1.220703125e-08
316,val,0.7033227785982331,0.7412868632707775,0.1331877729257642,0.4583333333333333,1.220703125e-08
317,train,0.3484274063978279,0.9166666666666666,0.0562444641275465,0.12733812949640289,1.220703125e-08
317,val,0.7038457700458353,0.7412868632707775,0.13537117903930132,0.4548611111111111,1.220703125e-08
318,train,0.3556729283249169,0.9095394736842105,0.06200177147918512,0.1366906474820144,1.220703125e-08
318,val,0.6978140323155687,0.7426273458445041,0.13755458515283842,0.4479166666666667,1.220703125e-08
319,train,0.3484657585882304,0.9117324561403508,0.06111603188662533,0.13237410071942446,1.220703125e-08
319,val,0.7020488729745389,0.7439678284182306,0.13755458515283842,0.4444444444444444,1.220703125e-08
320,train,0.35308901481983956,0.9114583333333333,0.0633303808680248,0.12949640287769784,1.220703125e-08
320,val,0.7027482957686559,0.7439678284182306,0.13100436681222707,0.4548611111111111,1.220703125e-08
321,train,0.35696572326777276,0.9078947368421052,0.0637732506643047,0.1381294964028777,1.220703125e-08
321,val,0.7009818328609415,0.7439678284182306,0.13537117903930132,0.4479166666666667,1.220703125e-08
322,train,0.3570587429822537,0.9059758771929824,0.06288751107174491,0.1446043165467626,1.220703125e-08
322,val,0.7022393350626764,0.739946380697051,0.13537117903930132,0.4583333333333333,1.220703125e-08
323,train,0.35617173070970337,0.9032346491228069,0.07130203720106289,0.1381294964028777,1.220703125e-08
323,val,0.7011063154836762,0.7453083109919572,0.13537117903930132,0.4444444444444444,1.220703125e-08
324,train,0.35529093424740593,0.9106359649122806,0.0637732506643047,0.13093525179856116,1.220703125e-08
324,val,0.7003756561803435,0.7479892761394102,0.12663755458515283,0.4513888888888889,1.220703125e-08
325,train,0.356086915391579,0.9040570175438596,0.070859167404783,0.1366906474820144,1.220703125e-08
325,val,0.6976725478274572,0.739946380697051,0.13973799126637554,0.4513888888888889,1.220703125e-08
326,train,0.3496127610928134,0.9155701754385964,0.06023029229406555,0.1237410071942446,1.220703125e-08
326,val,0.6988157049900086,0.7412868632707775,0.13973799126637554,0.4479166666666667,1.220703125e-08
327,train,0.3540929132386258,0.9100877192982456,0.058015943312666074,0.14172661870503597,1.220703125e-08
327,val,0.700473479946561,0.7453083109919572,0.14192139737991266,0.4340277777777778,1.220703125e-08
328,train,0.3501033523495783,0.912828947368421,0.06111603188662533,0.12949640287769784,1.220703125e-08
328,val,0.7031429600140364,0.7386058981233244,0.1331877729257642,0.4652777777777778,1.220703125e-08
329,train,0.3499317063966341,0.9180372807017544,0.05580159433126661,0.12446043165467625,1.220703125e-08
329,val,0.697220749893393,0.7426273458445041,0.13755458515283842,0.4479166666666667,1.220703125e-08
330,train,0.35369872027321864,0.9081688596491228,0.06775907883082374,0.13093525179856116,1.220703125e-08
330,val,0.6999559346536529,0.7453083109919572,0.13973799126637554,0.4375,1.220703125e-08
331,train,0.3534064486361386,0.9111842105263157,0.06510186005314438,0.12733812949640289,1.220703125e-08
331,val,0.7011401873811001,0.7426273458445041,0.1331877729257642,0.4548611111111111,1.220703125e-08
332,train,0.3549378533896647,0.9051535087719298,0.0637732506643047,0.14532374100719425,1.220703125e-08
332,val,0.7022092709912052,0.739946380697051,0.13537117903930132,0.4583333333333333,1.220703125e-08
333,train,0.35344842468437393,0.9147478070175438,0.062444641275465014,0.1223021582733813,1.220703125e-08
333,val,0.6990222192641558,0.7412868632707775,0.13755458515283842,0.4513888888888889,1.220703125e-08
334,train,0.3554114592179917,0.9095394736842105,0.06111603188662533,0.1381294964028777,1.220703125e-08
334,val,0.6966349935563576,0.7439678284182306,0.13537117903930132,0.4479166666666667,1.220703125e-08
335,train,0.3533513819831505,0.9098135964912281,0.0633303808680248,0.13381294964028778,1.220703125e-08
335,val,0.7006708345208666,0.739946380697051,0.13755458515283842,0.4548611111111111,1.220703125e-08
336,train,0.3565942960088713,0.9051535087719298,0.060673162090345435,0.15035971223021583,1.220703125e-08
336,val,0.7016753750096697,0.7426273458445041,0.1331877729257642,0.4548611111111111,1.220703125e-08
337,train,0.3572692333214116,0.9057017543859649,0.06510186005314438,0.14172661870503597,1.220703125e-08
337,val,0.6985848563605914,0.7466487935656837,0.1331877729257642,0.4444444444444444,1.220703125e-08
338,train,0.3553306827027547,0.910361842105263,0.061558901682905225,0.13525179856115108,1.220703125e-08
338,val,0.7060596650471317,0.7439678284182306,0.13100436681222707,0.4548611111111111,1.220703125e-08
339,train,0.3595713448236909,0.9076206140350876,0.0637732506643047,0.13884892086330936,1.220703125e-08
339,val,0.7021950855651425,0.7439678284182306,0.13100436681222707,0.4548611111111111,1.220703125e-08
340,train,0.36235582351423146,0.8991228070175438,0.06908768821966342,0.15251798561151078,1.220703125e-08
340,val,0.7031692466211702,0.7386058981233244,0.13537117903930132,0.4618055555555556,1.220703125e-08
341,train,0.35470444865916906,0.909265350877193,0.05890168290522586,0.14244604316546763,1.220703125e-08
341,val,0.6998905403684356,0.7439678284182306,0.13537117903930132,0.4479166666666667,1.220703125e-08
342,train,0.34724312105722593,0.9226973684210525,0.05225863596102746,0.11798561151079137,1.220703125e-08
342,val,0.7017935153306649,0.7479892761394102,0.12882096069868995,0.4479166666666667,1.220703125e-08
343,train,0.34574366674611445,0.9174890350877193,0.06200177147918512,0.1158273381294964,1.220703125e-08
343,val,0.7024558979129024,0.7426273458445041,0.13537117903930132,0.4513888888888889,1.220703125e-08
344,train,0.3563142750869718,0.9024122807017544,0.06421612046058459,0.15179856115107915,1.220703125e-08
344,val,0.6965814601959556,0.7453083109919572,0.13755458515283842,0.4409722222222222,1.220703125e-08
345,train,0.35686634448275234,0.9078947368421052,0.06023029229406555,0.14388489208633093,1.220703125e-08
345,val,0.6981955338419282,0.7466487935656837,0.13973799126637554,0.4340277777777778,1.220703125e-08
346,train,0.3425457194578229,0.921875,0.05890168290522586,0.1093525179856115,1.220703125e-08
346,val,0.6982761210794424,0.7453083109919572,0.13537117903930132,0.4444444444444444,1.220703125e-08
347,train,0.3565845143768871,0.9078947368421052,0.06598759964570416,0.13453237410071942,1.220703125e-08
347,val,0.6970339733857571,0.7426273458445041,0.13755458515283842,0.4479166666666667,1.220703125e-08
348,train,0.3536474451814827,0.9147478070175438,0.0633303808680248,0.12086330935251799,1.220703125e-08
348,val,0.6998389200294944,0.739946380697051,0.13755458515283842,0.4548611111111111,1.220703125e-08
349,train,0.35057320942481357,0.9139254385964912,0.06111603188662533,0.12661870503597122,1.220703125e-08
349,val,0.6977244327119464,0.7453083109919572,0.13755458515283842,0.4409722222222222,1.220703125e-08
350,train,0.3515566600519314,0.9106359649122806,0.05845881310894597,0.13956834532374102,1.220703125e-08
350,val,0.6980325678717995,0.7453083109919572,0.13537117903930132,0.4444444444444444,1.220703125e-08
351,train,0.35630505728094203,0.9120065789473684,0.0566873339238264,0.13884892086330936,1.220703125e-08
351,val,0.6980407182077301,0.7466487935656837,0.13755458515283842,0.4375,1.220703125e-08
352,train,0.34385453419465767,0.919407894736842,0.05491585473870682,0.1223021582733813,1.220703125e-08
352,val,0.7016646261189642,0.739946380697051,0.1331877729257642,0.4618055555555556,1.220703125e-08
353,train,0.35527033201958,0.9059758771929824,0.06288751107174491,0.1446043165467626,1.220703125e-08
353,val,0.7012811857637707,0.7412868632707775,0.1331877729257642,0.4583333333333333,1.220703125e-08
354,train,0.3483179879554531,0.9131030701754386,0.05713020372010629,0.13525179856115108,1.220703125e-08
354,val,0.7009835283174591,0.7426273458445041,0.13537117903930132,0.4513888888888889,1.220703125e-08
355,train,0.350149371187415,0.9139254385964912,0.05978742249778565,0.12877697841726618,1.220703125e-08
355,val,0.7012672820615385,0.7412868632707775,0.13973799126637554,0.4479166666666667,1.220703125e-08
356,train,0.35924372684798744,0.909265350877193,0.05890168290522586,0.14244604316546763,1.220703125e-08
356,val,0.7001705123336321,0.7426273458445041,0.13973799126637554,0.4444444444444444,1.220703125e-08
357,train,0.3540931323118377,0.9141995614035088,0.06111603188662533,0.12589928057553956,1.220703125e-08
357,val,0.7008217023460859,0.7453083109919572,0.13537117903930132,0.4444444444444444,1.220703125e-08
358,train,0.35908335983230355,0.9048793859649122,0.06111603188662533,0.15035971223021583,1.220703125e-08
358,val,0.698874378252285,0.7479892761394102,0.13755458515283842,0.4340277777777778,1.220703125e-08
359,train,0.3563046605702032,0.903782894736842,0.0704162976085031,0.1381294964028777,1.220703125e-08
359,val,0.7008092335497725,0.7412868632707775,0.13100436681222707,0.4618055555555556,1.220703125e-08
360,train,0.3589815531383481,0.9073464912280701,0.05934455270150576,0.14676258992805755,1.220703125e-08
360,val,0.701788390849295,0.7412868632707775,0.13100436681222707,0.4618055555555556,1.220703125e-08
361,train,0.3523864612767571,0.910361842105263,0.05845881310894597,0.14028776978417265,1.220703125e-08
361,val,0.7029705362409433,0.7412868632707775,0.12882096069868995,0.4652777777777778,1.220703125e-08
362,train,0.35331419502433975,0.910361842105263,0.05978742249778565,0.1381294964028777,1.220703125e-08
362,val,0.7006975159887974,0.7426273458445041,0.13537117903930132,0.4513888888888889,1.220703125e-08
363,train,0.3546242525703029,0.9131030701754386,0.05934455270150576,0.1316546762589928,1.220703125e-08
363,val,0.6997094486737698,0.7439678284182306,0.13755458515283842,0.4444444444444444,1.220703125e-08
364,train,0.3556845012986869,0.9117324561403508,0.0633303808680248,0.12877697841726618,1.220703125e-08
364,val,0.70048169827653,0.7426273458445041,0.13100436681222707,0.4583333333333333,1.220703125e-08
365,train,0.351135588920953,0.9098135964912281,0.06510186005314438,0.13093525179856116,1.220703125e-08
365,val,0.7022680577100442,0.7412868632707775,0.13537117903930132,0.4548611111111111,1.220703125e-08
366,train,0.3534969898561637,0.9131030701754386,0.0633303808680248,0.1251798561151079,1.220703125e-08
366,val,0.6998785954697841,0.7453083109919572,0.13537117903930132,0.4444444444444444,1.220703125e-08
367,train,0.35048595038160946,0.9131030701754386,0.06731620903454384,0.11870503597122302,1.220703125e-08
367,val,0.7014771635986206,0.7466487935656837,0.1331877729257642,0.4444444444444444,1.220703125e-08
368,train,0.35616753178468924,0.9076206140350876,0.06731620903454384,0.13309352517985612,1.220703125e-08
368,val,0.698385761506436,0.7466487935656837,0.13537117903930132,0.4409722222222222,1.220703125e-08
369,train,0.35912279137655306,0.9032346491228069,0.06200177147918512,0.15323741007194244,1.220703125e-08
369,val,0.7034882340610187,0.7412868632707775,0.13100436681222707,0.4618055555555556,1.220703125e-08
370,train,0.347377156152537,0.9152960526315789,0.06111603188662533,0.12302158273381295,1.220703125e-08
370,val,0.703044774465203,0.739946380697051,0.13100436681222707,0.4652777777777778,1.220703125e-08
371,train,0.3501211142722975,0.9139254385964912,0.05934455270150576,0.12949640287769784,1.220703125e-08
371,val,0.7020811777332193,0.7372654155495979,0.13973799126637554,0.4583333333333333,1.220703125e-08
372,train,0.3559696342338595,0.9073464912280701,0.06200177147918512,0.14244604316546763,1.220703125e-08
372,val,0.7004188749809367,0.7439678284182306,0.1331877729257642,0.4513888888888889,1.220703125e-08
373,train,0.3558384186604567,0.9070723684210525,0.06421612046058459,0.13956834532374102,1.220703125e-08
373,val,0.702200717325185,0.739946380697051,0.13537117903930132,0.4583333333333333,1.220703125e-08
374,train,0.3568020474753882,0.909265350877193,0.05757307351638618,0.1446043165467626,1.220703125e-08
374,val,0.6975111366916278,0.7493297587131368,0.13755458515283842,0.4305555555555556,1.220703125e-08
375,train,0.357822200642866,0.9078947368421052,0.0633303808680248,0.13884892086330936,1.220703125e-08
375,val,0.6958428872174935,0.7453083109919572,0.13973799126637554,0.4375,1.220703125e-08
376,train,0.35446192376446306,0.9057017543859649,0.06111603188662533,0.14820143884892087,1.220703125e-08
376,val,0.6983621858719526,0.7439678284182306,0.13537117903930132,0.4479166666666667,1.220703125e-08
377,train,0.35663276917317455,0.9043311403508771,0.06510186005314438,0.14532374100719425,1.220703125e-08
377,val,0.70097846927336,0.7426273458445041,0.1331877729257642,0.4548611111111111,1.220703125e-08
378,train,0.35611651524117116,0.9054276315789473,0.0704162976085031,0.13381294964028778,1.220703125e-08
378,val,0.6998553240906458,0.739946380697051,0.13537117903930132,0.4583333333333333,1.220703125e-08
379,train,0.3534110313314095,0.9081688596491228,0.06023029229406555,0.14316546762589927,1.220703125e-08
379,val,0.7001110976886493,0.7426273458445041,0.13537117903930132,0.4513888888888889,1.220703125e-08
380,train,0.3478438007857716,0.9161184210526315,0.06023029229406555,0.1223021582733813,1.220703125e-08
380,val,0.7009436903626286,0.7412868632707775,0.13537117903930132,0.4548611111111111,1.220703125e-08
381,train,0.3528237828429331,0.9084429824561403,0.06465899025686449,0.13525179856115108,1.220703125e-08
381,val,0.7011805234262195,0.7466487935656837,0.1331877729257642,0.4444444444444444,1.220703125e-08
382,train,0.35065085885294695,0.912828947368421,0.05181576616474756,0.1446043165467626,1.220703125e-08
382,val,0.7003418093712017,0.739946380697051,0.13537117903930132,0.4583333333333333,1.220703125e-08
383,train,0.36136317442645105,0.9057017543859649,0.06421612046058459,0.14316546762589927,1.220703125e-08
383,val,0.7027313036509557,0.7412868632707775,0.1331877729257642,0.4583333333333333,1.220703125e-08
384,train,0.3522762515696517,0.9081688596491228,0.06643046944198405,0.13309352517985612,1.220703125e-08
384,val,0.699552517793773,0.7426273458445041,0.13755458515283842,0.4479166666666667,1.220703125e-08
385,train,0.3544164144417696,0.9106359649122806,0.06111603188662533,0.13525179856115108,1.220703125e-08
385,val,0.7033357083318061,0.7426273458445041,0.13537117903930132,0.4513888888888889,1.220703125e-08
386,train,0.35513562153567346,0.9070723684210525,0.06643046944198405,0.13597122302158274,1.220703125e-08
386,val,0.7045790663353559,0.7426273458445041,0.13100436681222707,0.4583333333333333,1.220703125e-08
387,train,0.34970175697092426,0.9131030701754386,0.05757307351638618,0.13453237410071942,1.220703125e-08
387,val,0.7008367855970725,0.7439678284182306,0.1331877729257642,0.4513888888888889,1.220703125e-08
388,train,0.35017061913222597,0.9152960526315789,0.05845881310894597,0.12733812949640289,1.220703125e-08
388,val,0.7005714641499455,0.7439678284182306,0.13100436681222707,0.4548611111111111,1.220703125e-08
389,train,0.3571144145701015,0.9098135964912281,0.0637732506643047,0.13309352517985612,1.220703125e-08
389,val,0.701201637053298,0.7453083109919572,0.1331877729257642,0.4479166666666667,1.220703125e-08
390,train,0.35931125760339855,0.9015899122807017,0.06643046944198405,0.15035971223021583,1.220703125e-08
390,val,0.7007942800547419,0.7426273458445041,0.13755458515283842,0.4479166666666667,1.220703125e-08
391,train,0.35735925313150674,0.9059758771929824,0.06421612046058459,0.14244604316546763,1.220703125e-08
391,val,0.698585596225217,0.7439678284182306,0.14192139737991266,0.4375,1.220703125e-08
392,train,0.35680573106857766,0.9078947368421052,0.05845881310894597,0.14676258992805755,1.220703125e-08
392,val,0.6980599275223371,0.7426273458445041,0.13537117903930132,0.4513888888888889,1.220703125e-08
393,train,0.34963102200836466,0.9174890350877193,0.058015943312666074,0.1223021582733813,1.220703125e-08
393,val,0.6992129232065287,0.7426273458445041,0.13755458515283842,0.4479166666666667,1.220703125e-08
394,train,0.3502956839245662,0.9125548245614035,0.06421612046058459,0.1251798561151079,1.220703125e-08
394,val,0.7015868064225839,0.7439678284182306,0.1331877729257642,0.4513888888888889,1.220703125e-08
395,train,0.3526107049302051,0.9166666666666666,0.05890168290522586,0.12302158273381295,1.220703125e-08
395,val,0.6994853029302234,0.7453083109919572,0.13100436681222707,0.4513888888888889,1.220703125e-08
396,train,0.3567011074669528,0.9035087719298245,0.06510186005314438,0.1474820143884892,1.220703125e-08
396,val,0.6983286324518935,0.7439678284182306,0.13755458515283842,0.4444444444444444,1.220703125e-08
397,train,0.3538967897102498,0.9106359649122806,0.06598759964570416,0.12733812949640289,1.220703125e-08
397,val,0.7012599860055837,0.7426273458445041,0.1331877729257642,0.4548611111111111,1.220703125e-08
398,train,0.3496858767119416,0.9133771929824561,0.062444641275465014,0.12589928057553956,1.220703125e-08
398,val,0.7009070911931609,0.7453083109919572,0.1331877729257642,0.4479166666666667,1.220703125e-08
399,train,0.3506834944219966,0.9114583333333333,0.06288751107174491,0.1302158273381295,1.220703125e-08
399,val,0.7027776426668142,0.7426273458445041,0.1331877729257642,0.4548611111111111,1.220703125e-08
400,train,0.3597720030760556,0.9043311403508771,0.06200177147918512,0.15035971223021583,1.220703125e-08
400,val,0.7035574232285527,0.7412868632707775,0.1331877729257642,0.4583333333333333,1.220703125e-08
401,train,0.3556867305254727,0.9087171052631579,0.06421612046058459,0.13525179856115108,1.220703125e-08
401,val,0.6989936555358743,0.7412868632707775,0.13973799126637554,0.4479166666666667,1.220703125e-08
402,train,0.35528752050901713,0.9147478070175438,0.050487156775907885,0.14172661870503597,1.220703125e-08
402,val,0.7009293549661662,0.7453083109919572,0.13755458515283842,0.4409722222222222,1.220703125e-08
403,train,0.3505892979732731,0.910361842105263,0.06288751107174491,0.13309352517985612,1.220703125e-08
403,val,0.698653596176219,0.7426273458445041,0.13537117903930132,0.4513888888888889,1.220703125e-08
404,train,0.34940640484554725,0.9106359649122806,0.05713020372010629,0.14172661870503597,1.220703125e-08
404,val,0.6985736208051523,0.7426273458445041,0.13973799126637554,0.4444444444444444,1.220703125e-08
405,train,0.3517421067022441,0.912828947368421,0.0566873339238264,0.1366906474820144,1.220703125e-08
405,val,0.6961073575007053,0.7453083109919572,0.13755458515283842,0.4409722222222222,1.220703125e-08
406,train,0.36171149815383713,0.9043311403508771,0.06643046944198405,0.14316546762589927,1.220703125e-08
406,val,0.7001665843396021,0.7386058981233244,0.13973799126637554,0.4548611111111111,1.220703125e-08
407,train,0.3486999699421096,0.921875,0.05004428697962799,0.1237410071942446,1.220703125e-08
407,val,0.699650170016864,0.7412868632707775,0.13973799126637554,0.4479166666666667,1.220703125e-08
408,train,0.35933109438210203,0.9004934210526315,0.06953055801594331,0.14820143884892087,1.220703125e-08
408,val,0.6972720006995162,0.7453083109919572,0.13973799126637554,0.4375,1.220703125e-08
409,train,0.35714859469679366,0.9059758771929824,0.06200177147918512,0.1460431654676259,1.220703125e-08
409,val,0.702838982557803,0.7439678284182306,0.1331877729257642,0.4513888888888889,1.220703125e-08
410,train,0.35328412676850957,0.910361842105263,0.062444641275465014,0.13381294964028778,1.220703125e-08
410,val,0.7014497549700034,0.7426273458445041,0.13755458515283842,0.4479166666666667,1.220703125e-08
411,train,0.3466177118059836,0.9166666666666666,0.05757307351638618,0.1251798561151079,1.220703125e-08
411,val,0.6974596095149064,0.7453083109919572,0.13973799126637554,0.4375,1.220703125e-08
412,train,0.34596568332952365,0.9172149122807017,0.058015943312666074,0.12302158273381295,1.220703125e-08
412,val,0.7015077872826011,0.7426273458445041,0.1331877729257642,0.4548611111111111,1.220703125e-08
413,train,0.3507027071165411,0.9111842105263157,0.0637732506643047,0.12949640287769784,1.220703125e-08
413,val,0.6997295192994637,0.7426273458445041,0.1331877729257642,0.4548611111111111,1.220703125e-08
414,train,0.3602880590448254,0.9078947368421052,0.0633303808680248,0.13884892086330936,1.220703125e-08
414,val,0.7024857147769059,0.7453083109919572,0.1331877729257642,0.4479166666666667,1.220703125e-08
415,train,0.35754021936864183,0.9026864035087718,0.0633303808680248,0.15251798561151078,1.220703125e-08
415,val,0.7055496447207781,0.739946380697051,0.12882096069868995,0.46875,1.220703125e-08
416,train,0.3492470402597335,0.9163925438596491,0.06111603188662533,0.12014388489208633,1.220703125e-08
416,val,0.7003471293653943,0.7426273458445041,0.13973799126637554,0.4444444444444444,1.220703125e-08
417,train,0.3552981500040021,0.9076206140350876,0.0633303808680248,0.13956834532374102,1.220703125e-08
417,val,0.703434543539308,0.7493297587131368,0.1331877729257642,0.4375,1.220703125e-08
418,train,0.3546145875333694,0.9114583333333333,0.058015943312666074,0.1381294964028777,1.220703125e-08
418,val,0.7024539310395238,0.7453083109919572,0.13100436681222707,0.4513888888888889,1.220703125e-08
419,train,0.3540796304873207,0.9120065789473684,0.05535872453498671,0.1410071942446043,1.220703125e-08
419,val,0.6982239262667802,0.7453083109919572,0.13973799126637554,0.4375,1.220703125e-08
420,train,0.3562574464370284,0.906798245614035,0.06465899025686449,0.13956834532374102,1.220703125e-08
420,val,0.7020765849796121,0.7412868632707775,0.13537117903930132,0.4548611111111111,1.220703125e-08
421,train,0.35763334404481084,0.9054276315789473,0.07263064658990256,0.1302158273381295,1.220703125e-08
421,val,0.7051551550546856,0.7412868632707775,0.1331877729257642,0.4583333333333333,1.220703125e-08
422,train,0.3468352554267959,0.9185855263157894,0.0562444641275465,0.1223021582733813,1.220703125e-08
422,val,0.697690628808561,0.7412868632707775,0.13973799126637554,0.4479166666666667,1.220703125e-08
423,train,0.34936844204601486,0.9122807017543859,0.06200177147918512,0.12949640287769784,1.220703125e-08
423,val,0.6992834446896816,0.7412868632707775,0.13973799126637554,0.4479166666666667,1.220703125e-08
424,train,0.35332740398875456,0.915844298245614,0.06643046944198405,0.11294964028776978,1.220703125e-08
424,val,0.7022225808841613,0.7412868632707775,0.13537117903930132,0.4548611111111111,1.220703125e-08
425,train,0.3548289858327623,0.9048793859649122,0.06598759964570416,0.14244604316546763,1.220703125e-08
425,val,0.7012425001121398,0.7412868632707775,0.1331877729257642,0.4583333333333333,1.220703125e-08
426,train,0.3557904592077983,0.9051535087719298,0.060673162090345435,0.15035971223021583,1.220703125e-08
426,val,0.698109527056083,0.7439678284182306,0.13973799126637554,0.4409722222222222,1.220703125e-08
427,train,0.3537494442834143,0.9120065789473684,0.06023029229406555,0.13309352517985612,1.220703125e-08
427,val,0.7006228512637417,0.7412868632707775,0.13973799126637554,0.4479166666666667,1.220703125e-08
428,train,0.35661598726322774,0.9032346491228069,0.06598759964570416,0.14676258992805755,1.220703125e-08
428,val,0.7000051815132673,0.7412868632707775,0.13537117903930132,0.4548611111111111,1.220703125e-08
429,train,0.35378683744031086,0.9040570175438596,0.0704162976085031,0.13741007194244603,1.220703125e-08
429,val,0.7023815517451105,0.7453083109919572,0.1331877729257642,0.4479166666666667,1.220703125e-08
430,train,0.3551540169538113,0.9120065789473684,0.0637732506643047,0.12733812949640289,1.220703125e-08
430,val,0.6986645763744938,0.7426273458445041,0.13537117903930132,0.4513888888888889,1.220703125e-08
431,train,0.34774758719038545,0.9161184210526315,0.05535872453498671,0.1302158273381295,1.220703125e-08
431,val,0.7023787335480186,0.739946380697051,0.13537117903930132,0.4583333333333333,1.220703125e-08
432,train,0.352540122116344,0.9141995614035088,0.058015943312666074,0.13093525179856116,1.220703125e-08
432,val,0.6989551443836325,0.7439678284182306,0.13755458515283842,0.4444444444444444,1.220703125e-08
433,train,0.35166426734966144,0.9106359649122806,0.06421612046058459,0.1302158273381295,1.220703125e-08
433,val,0.7017902744679285,0.7412868632707775,0.13755458515283842,0.4513888888888889,1.220703125e-08
434,train,0.35119856828660295,0.9136513157894737,0.05890168290522586,0.13093525179856116,1.220703125e-08
434,val,0.7009351272685278,0.7439678284182306,0.13537117903930132,0.4479166666666667,1.220703125e-08
435,train,0.35677708482794596,0.9120065789473684,0.06023029229406555,0.13309352517985612,1.220703125e-08
435,val,0.6975535436386078,0.7439678284182306,0.1331877729257642,0.4513888888888889,1.220703125e-08
436,train,0.3580482802762274,0.9051535087719298,0.06554472984942426,0.14244604316546763,1.220703125e-08
436,val,0.702251685688387,0.739946380697051,0.1331877729257642,0.4618055555555556,1.220703125e-08
437,train,0.35834920837690953,0.9018640350877193,0.06820194862710363,0.14676258992805755,1.220703125e-08
437,val,0.7029079577558481,0.7439678284182306,0.1331877729257642,0.4513888888888889,1.220703125e-08
438,train,0.3535185911153492,0.9087171052631579,0.06023029229406555,0.14172661870503597,1.220703125e-08
438,val,0.6980923604389937,0.7453083109919572,0.1331877729257642,0.4479166666666667,1.220703125e-08
439,train,0.3514200656821853,0.912828947368421,0.06421612046058459,0.12446043165467625,1.220703125e-08
439,val,0.7024782955167121,0.7412868632707775,0.13755458515283842,0.4513888888888889,1.220703125e-08
440,train,0.35603216375436697,0.9048793859649122,0.0633303808680248,0.14676258992805755,1.220703125e-08
440,val,0.6993420411690311,0.7439678284182306,0.1331877729257642,0.4513888888888889,1.220703125e-08
441,train,0.3545985532303651,0.9078947368421052,0.06908768821966342,0.12949640287769784,1.220703125e-08
441,val,0.6987327791091265,0.7439678284182306,0.13973799126637554,0.4409722222222222,1.220703125e-08
442,train,0.3595665109000708,0.9065241228070174,0.06643046944198405,0.13741007194244603,1.220703125e-08
442,val,0.6990954784861199,0.739946380697051,0.13973799126637554,0.4513888888888889,1.220703125e-08
443,train,0.3540297975404221,0.9065241228070174,0.06200177147918512,0.1446043165467626,1.220703125e-08
443,val,0.7002851119309903,0.739946380697051,0.13755458515283842,0.4548611111111111,1.220703125e-08
444,train,0.35034274564761864,0.912828947368421,0.06554472984942426,0.1223021582733813,1.220703125e-08
444,val,0.7014961110043462,0.7386058981233244,0.13755458515283842,0.4583333333333333,1.220703125e-08
445,train,0.3523321616414346,0.9133771929824561,0.06421612046058459,0.12302158273381295,1.220703125e-08
445,val,0.7019904789592242,0.7479892761394102,0.13537117903930132,0.4375,1.220703125e-08
446,train,0.35956412593000814,0.9018640350877193,0.06908768821966342,0.14532374100719425,1.220703125e-08
446,val,0.7042849420222775,0.7439678284182306,0.12882096069868995,0.4583333333333333,1.220703125e-08
447,train,0.3536545831644744,0.9100877192982456,0.06643046944198405,0.12805755395683452,1.220703125e-08
447,val,0.6995613658076637,0.7439678284182306,0.13537117903930132,0.4479166666666667,1.220703125e-08
448,train,0.3490826765304072,0.9106359649122806,0.06023029229406555,0.1366906474820144,1.220703125e-08
448,val,0.7006626234617054,0.7439678284182306,0.13755458515283842,0.4444444444444444,1.220703125e-08
449,train,0.35937944695092083,0.9026864035087718,0.06775907883082374,0.14532374100719425,1.220703125e-08
449,val,0.7033212143358533,0.7439678284182306,0.13100436681222707,0.4548611111111111,1.220703125e-08
450,train,0.35526456017243235,0.9089912280701754,0.06598759964570416,0.1316546762589928,1.220703125e-08
450,val,0.69893496157976,0.7439678284182306,0.13755458515283842,0.4444444444444444,1.220703125e-08
451,train,0.34950600982758034,0.9147478070175438,0.05713020372010629,0.13093525179856116,1.220703125e-08
451,val,0.69974890151548,0.7466487935656837,0.13537117903930132,0.4409722222222222,1.220703125e-08
452,train,0.3500350778432269,0.909265350877193,0.0637732506643047,0.13453237410071942,1.220703125e-08
452,val,0.7033818673352453,0.7386058981233244,0.13537117903930132,0.4618055555555556,1.220703125e-08
453,train,0.3597523158971678,0.9048793859649122,0.06687333923826395,0.1410071942446043,1.220703125e-08
453,val,0.699265252968581,0.7453083109919572,0.13537117903930132,0.4444444444444444,1.220703125e-08
454,train,0.35263750355756074,0.9078947368421052,0.070859167404783,0.12661870503597122,1.220703125e-08
454,val,0.698716040271217,0.7412868632707775,0.13755458515283842,0.4513888888888889,1.220703125e-08
455,train,0.3547993654613955,0.9095394736842105,0.06200177147918512,0.1366906474820144,1.220703125e-08
455,val,0.7017079594947058,0.7412868632707775,0.13973799126637554,0.4479166666666667,1.220703125e-08
456,train,0.34571827235713337,0.9196820175438596,0.061558901682905225,0.11079136690647481,1.220703125e-08
456,val,0.702775505528693,0.7453083109919572,0.13537117903930132,0.4444444444444444,1.220703125e-08
457,train,0.3548465471126531,0.9057017543859649,0.06510186005314438,0.14172661870503597,1.220703125e-08
457,val,0.7006276293031013,0.7426273458445041,0.13973799126637554,0.4444444444444444,1.220703125e-08
458,train,0.35217533724611266,0.9065241228070174,0.06908768821966342,0.13309352517985612,1.220703125e-08
458,val,0.7019559357505062,0.7412868632707775,0.13755458515283842,0.4513888888888889,1.220703125e-08
459,train,0.3536043997788638,0.9073464912280701,0.06023029229406555,0.14532374100719425,1.220703125e-08
459,val,0.7021290894807504,0.7426273458445041,0.1331877729257642,0.4548611111111111,1.220703125e-08
460,train,0.35276375292685996,0.9122807017543859,0.06023029229406555,0.13237410071942446,1.220703125e-08
460,val,0.7027386021038802,0.7426273458445041,0.13537117903930132,0.4513888888888889,1.220703125e-08
461,train,0.3491008658811711,0.9106359649122806,0.05890168290522586,0.13884892086330936,1.220703125e-08
461,val,0.7010113119120253,0.7426273458445041,0.13537117903930132,0.4513888888888889,1.220703125e-08
462,train,0.3593499874205966,0.9010416666666666,0.06953055801594331,0.14676258992805755,1.220703125e-08
462,val,0.7010905606816985,0.7439678284182306,0.13755458515283842,0.4444444444444444,1.220703125e-08
463,train,0.35182209541661696,0.9144736842105262,0.05535872453498671,0.13453237410071942,1.220703125e-08
463,val,0.7009871726700831,0.739946380697051,0.13537117903930132,0.4583333333333333,1.220703125e-08
464,train,0.3506549422939618,0.9139254385964912,0.06023029229406555,0.12805755395683452,1.220703125e-08
464,val,0.7025392325570052,0.7439678284182306,0.13537117903930132,0.4479166666666667,1.220703125e-08
465,train,0.36114731679360074,0.9035087719298245,0.0704162976085031,0.13884892086330936,1.220703125e-08
465,val,0.6976002256608201,0.7466487935656837,0.13755458515283842,0.4375,1.220703125e-08
466,train,0.3545115758060363,0.9122807017543859,0.05934455270150576,0.13381294964028778,1.220703125e-08
466,val,0.7005999468606534,0.7412868632707775,0.13755458515283842,0.4513888888888889,1.220703125e-08
467,train,0.35312988654824723,0.9098135964912281,0.06421612046058459,0.13237410071942446,1.220703125e-08
467,val,0.6995584090657273,0.7412868632707775,0.13755458515283842,0.4513888888888889,1.220703125e-08
468,train,0.3482445486935607,0.9136513157894737,0.05845881310894597,0.1316546762589928,1.220703125e-08
468,val,0.6961005804685741,0.7466487935656837,0.13973799126637554,0.4340277777777778,1.220703125e-08
469,train,0.350356064932911,0.9144736842105262,0.06111603188662533,0.1251798561151079,1.220703125e-08
469,val,0.6991768615175508,0.739946380697051,0.14410480349344978,0.4444444444444444,1.220703125e-08
470,train,0.3556532399696216,0.9051535087719298,0.06554472984942426,0.14244604316546763,1.220703125e-08
470,val,0.6994174328949752,0.7412868632707775,0.1331877729257642,0.4583333333333333,1.220703125e-08
471,train,0.36143092961426365,0.9054276315789473,0.07130203720106289,0.13237410071942446,1.220703125e-08
471,val,0.701984793986456,0.7386058981233244,0.1331877729257642,0.4652777777777778,1.220703125e-08
472,train,0.3536071917859086,0.9139254385964912,0.06111603188662533,0.12661870503597122,1.220703125e-08
472,val,0.700758863390291,0.7412868632707775,0.13755458515283842,0.4513888888888889,1.220703125e-08
473,train,0.36981031677702014,0.8985745614035088,0.0637732506643047,0.16258992805755396,1.220703125e-08
473,val,0.7003015503487063,0.7426273458445041,0.13755458515283842,0.4479166666666667,1.220703125e-08
474,train,0.35267907178454233,0.9109100877192982,0.06288751107174491,0.1316546762589928,1.220703125e-08
474,val,0.70455894457431,0.7386058981233244,0.13100436681222707,0.46875,1.220703125e-08
475,train,0.3566102665244487,0.9051535087719298,0.06775907883082374,0.13884892086330936,1.220703125e-08
475,val,0.6976305156866284,0.7453083109919572,0.13755458515283842,0.4409722222222222,1.220703125e-08
476,train,0.34865987248588026,0.9106359649122806,0.06111603188662533,0.13525179856115108,1.220703125e-08
476,val,0.7040273945069505,0.7386058981233244,0.13755458515283842,0.4583333333333333,1.220703125e-08
477,train,0.3473813514829728,0.915844298245614,0.0562444641275465,0.12949640287769784,1.220703125e-08
477,val,0.7023897417109389,0.7426273458445041,0.13537117903930132,0.4513888888888889,1.220703125e-08
478,train,0.35111130205424207,0.9125548245614035,0.05358724534986714,0.14244604316546763,1.220703125e-08
478,val,0.6992886974089267,0.7372654155495979,0.13100436681222707,0.4722222222222222,1.220703125e-08
479,train,0.3606585624970888,0.9029605263157894,0.06731620903454384,0.14532374100719425,1.220703125e-08
479,val,0.7006045714140577,0.739946380697051,0.13537117903930132,0.4583333333333333,1.220703125e-08
480,train,0.354459436839087,0.9098135964912281,0.062444641275465014,0.13525179856115108,1.220703125e-08
480,val,0.7018017935049757,0.7453083109919572,0.1331877729257642,0.4479166666666667,1.220703125e-08
481,train,0.35475195970451623,0.9040570175438596,0.06598759964570416,0.1446043165467626,1.220703125e-08
481,val,0.7001884152997915,0.7453083109919572,0.1331877729257642,0.4479166666666667,1.220703125e-08
482,train,0.3523764959944968,0.9109100877192982,0.0633303808680248,0.13093525179856116,1.220703125e-08
482,val,0.7008984942218893,0.739946380697051,0.13537117903930132,0.4583333333333333,1.220703125e-08
483,train,0.35133289035997894,0.9114583333333333,0.05580159433126661,0.14172661870503597,1.220703125e-08
483,val,0.7005488699946263,0.7439678284182306,0.13755458515283842,0.4444444444444444,1.220703125e-08
484,train,0.34697586252239715,0.9169407894736842,0.05934455270150576,0.12158273381294964,1.220703125e-08
484,val,0.7004241173932124,0.7439678284182306,0.13755458515283842,0.4444444444444444,1.220703125e-08
485,train,0.35270742072086586,0.9070723684210525,0.06687333923826395,0.13525179856115108,1.220703125e-08
485,val,0.6972435230224445,0.7426273458445041,0.14192139737991266,0.4409722222222222,1.220703125e-08
486,train,0.3593453860335183,0.90625,0.06200177147918512,0.14532374100719425,1.220703125e-08
486,val,0.7024309906818912,0.7453083109919572,0.12882096069868995,0.4548611111111111,1.220703125e-08
487,train,0.3522859187633322,0.9098135964912281,0.0562444641275465,0.14532374100719425,1.220703125e-08
487,val,0.6988311437115912,0.7439678284182306,0.13973799126637554,0.4409722222222222,1.220703125e-08
488,train,0.3498248734364384,0.9114583333333333,0.06554472984942426,0.12589928057553956,1.220703125e-08
488,val,0.7014063328264866,0.7453083109919572,0.13100436681222707,0.4513888888888889,1.220703125e-08
489,train,0.3575416296197657,0.9095394736842105,0.0633303808680248,0.13453237410071942,1.220703125e-08
489,val,0.7034978848200382,0.7412868632707775,0.13537117903930132,0.4548611111111111,1.220703125e-08
490,train,0.3537108218460752,0.906798245614035,0.06731620903454384,0.13525179856115108,1.220703125e-08
490,val,0.7053499223399737,0.739946380697051,0.13100436681222707,0.4652777777777778,1.220703125e-08
491,train,0.3518820209592058,0.910361842105263,0.062444641275465014,0.13381294964028778,1.220703125e-08
491,val,0.7011958568409364,0.739946380697051,0.13537117903930132,0.4583333333333333,1.220703125e-08
492,train,0.3529129368171357,0.9144736842105262,0.053144375553587246,0.1381294964028777,1.220703125e-08
492,val,0.7014575861094784,0.7453083109919572,0.1331877729257642,0.4479166666666667,1.220703125e-08
493,train,0.3542554072643581,0.9111842105263157,0.06731620903454384,0.1237410071942446,1.220703125e-08
493,val,0.7016861677649193,0.7453083109919572,0.13537117903930132,0.4444444444444444,1.220703125e-08
494,train,0.356549040267342,0.9122807017543859,0.0566873339238264,0.1381294964028777,1.220703125e-08
494,val,0.69863770810273,0.7439678284182306,0.13537117903930132,0.4479166666666667,1.220703125e-08
495,train,0.35629917615861223,0.9021381578947368,0.06820194862710363,0.1460431654676259,1.220703125e-08
495,val,0.7014117490190603,0.7412868632707775,0.13755458515283842,0.4513888888888889,1.220703125e-08
496,train,0.35474046901391265,0.9111842105263157,0.06023029229406555,0.13525179856115108,1.220703125e-08
496,val,0.7006315710397572,0.7466487935656837,0.13100436681222707,0.4479166666666667,1.220703125e-08
497,train,0.3483593333185765,0.9136513157894737,0.058015943312666074,0.13237410071942446,1.220703125e-08
497,val,0.7006445328128242,0.7426273458445041,0.13755458515283842,0.4479166666666667,1.220703125e-08
498,train,0.3505929870563641,0.9111842105263157,0.05580159433126661,0.14244604316546763,1.220703125e-08
498,val,0.7031153406917889,0.7426273458445041,0.13100436681222707,0.4583333333333333,1.220703125e-08
499,train,0.3484385491332464,0.909265350877193,0.06465899025686449,0.13309352517985612,1.220703125e-08
499,val,0.7019578974304506,0.7439678284182306,0.12882096069868995,0.4583333333333333,1.220703125e-08
500,train,0.34949393720741856,0.9169407894736842,0.06200177147918512,0.11726618705035971,1.220703125e-08
500,val,0.7013900762588665,0.7412868632707775,0.1331877729257642,0.4583333333333333,1.220703125e-08
