epoch,phase,loss,accuracy,false_positive_rate,false_negative_rate,lr
1,train,0.6836203481805952,0.5953947368421052,0.112488928255093,0.879136690647482,0.0001
1,val,0.670452950786969,0.613941018766756,0.0,1.0,0.0001
2,train,0.6613151870275799,0.6239035087719298,0.08015943312666077,0.8568345323741007,0.0001
2,val,0.6644169042640973,0.6246648793565683,0.13100436681222707,0.7638888888888888,0.0001
3,train,0.6488180329140864,0.6450109649122807,0.13197519929140833,0.7172661870503597,0.0001
3,val,0.6590286042671102,0.6233243967828418,0.03711790393013101,0.9166666666666666,0.0001
4,train,0.6336629369802642,0.6702302631578947,0.15101860053144375,0.6201438848920864,0.0001
4,val,0.6704392308524083,0.6219839142091153,0.006550218340611353,0.96875,0.0001
5,train,0.6340036997408197,0.6754385964912281,0.14570416297608504,0.6151079136690647,0.0001
5,val,0.7169994061498156,0.613941018766756,0.0,1.0,0.0001
6,train,0.6243299652348485,0.6820175438596491,0.15987599645704162,0.5748201438848921,0.0001
6,val,0.6620767263560768,0.6340482573726541,0.26419213973799127,0.5277777777777778,0.0001
7,train,0.6207166946770852,0.6779057017543859,0.19840566873339238,0.5230215827338129,0.0001
7,val,0.6641197177424188,0.628686327077748,0.20305676855895197,0.6388888888888888,0.0001
8,train,0.6027556338854003,0.7091557017543859,0.17980513728963685,0.4712230215827338,5e-05
8,val,0.6466482300860632,0.6353887399463807,0.31222707423580787,0.4479166666666667,5e-05
9,train,0.5912709413913259,0.7165570175438596,0.183348095659876,0.4460431654676259,5e-05
9,val,0.6775159533797256,0.6434316353887399,0.11790393013100436,0.7361111111111112,5e-05
10,train,0.5795777109369897,0.7360197368421052,0.1696191319751993,0.4172661870503597,5e-05
10,val,0.6305805706786086,0.6554959785522788,0.1462882096069869,0.6597222222222222,5e-05
11,train,0.5758450700525652,0.7341008771929824,0.17891939769707707,0.4071942446043165,5e-05
11,val,0.6395892611137983,0.6621983914209115,0.1462882096069869,0.6423611111111112,5e-05
12,train,0.5639691513619924,0.7382127192982456,0.1678476527900797,0.4143884892086331,5e-05
12,val,0.6228212247585164,0.6863270777479893,0.18777292576419213,0.5138888888888888,5e-05
13,train,0.5598514142789339,0.75,0.16430469441984058,0.38920863309352516,5e-05
13,val,0.6169311364278717,0.6823056300268097,0.1615720524017467,0.5659722222222222,5e-05
14,train,0.5466453907521147,0.7675438596491228,0.15234720992028344,0.36258992805755397,5e-05
14,val,0.6544718241403953,0.6823056300268097,0.2554585152838428,0.4166666666666667,5e-05
15,train,0.5336032304586026,0.7743969298245613,0.15101860053144375,0.34676258992805753,5e-05
15,val,0.6755843605177012,0.6957104557640751,0.07205240174672489,0.6736111111111112,5e-05
16,train,0.53144811146092,0.7683662280701754,0.15987599645704162,0.34820143884892085,5e-05
16,val,0.6411608749995602,0.6890080428954424,0.25109170305676853,0.40625,5e-05
17,train,0.5151175672286435,0.787828947368421,0.15013286093888398,0.3129496402877698,5e-05
17,val,0.6708319067315826,0.6943699731903485,0.16375545851528384,0.53125,5e-05
18,train,0.48589864817627687,0.8026315789473684,0.13817537643932684,0.2935251798561151,2.5e-05
18,val,0.7346686211092542,0.7010723860589813,0.14847161572052403,0.5381944444444444,2.5e-05
19,train,0.4751401591980666,0.8135964912280701,0.1262178919397697,0.2841726618705036,2.5e-05
19,val,0.7560585575832438,0.6863270777479893,0.16375545851528384,0.5520833333333334,2.5e-05
20,train,0.46261252841928546,0.8229166666666666,0.11647475642161205,0.2755395683453237,2.5e-05
20,val,0.7283235296167573,0.6983914209115282,0.1462882096069869,0.5486111111111112,2.5e-05
21,train,0.44622893056325746,0.8330592105263157,0.11691762621789194,0.24820143884892087,2.5e-05
21,val,0.7146525589134993,0.7184986595174263,0.11353711790393013,0.5486111111111112,2.5e-05
22,train,0.4250199799997765,0.8511513157894737,0.11071744906997343,0.21079136690647482,1.25e-05
22,val,0.7787330551697166,0.707774798927614,0.11572052401746726,0.5729166666666666,1.25e-05
23,train,0.41677328911528255,0.8549890350877193,0.0983170947741364,0.220863309352518,1.25e-05
23,val,0.7280576714881304,0.7184986595174263,0.13537117903930132,0.5138888888888888,1.25e-05
24,train,0.41251891576930094,0.8654057017543859,0.09344552701505757,0.2014388489208633,1.25e-05
24,val,0.7341168757737802,0.7332439678284183,0.11135371179039301,0.5138888888888888,1.25e-05
25,train,0.39661635432327,0.8733552631578947,0.09034543844109831,0.1856115107913669,1.25e-05
25,val,0.7741400549942303,0.7037533512064343,0.12008733624454149,0.5763888888888888,1.25e-05
26,train,0.3855559795179911,0.8851425438596491,0.08325952170062002,0.16618705035971224,6.25e-06
26,val,0.8194296495844148,0.7064343163538874,0.11353711790393013,0.5798611111111112,6.25e-06
27,train,0.391599635936712,0.8758223684210525,0.09078830823737821,0.17841726618705037,6.25e-06
27,val,0.7436946283716299,0.7184986595174263,0.12663755458515283,0.5277777777777778,6.25e-06
28,train,0.38739407395845965,0.8741776315789473,0.09300265721877768,0.17913669064748203,6.25e-06
28,val,0.7284068209556088,0.7386058981233244,0.09388646288209607,0.5277777777777778,6.25e-06
29,train,0.3747407722107151,0.8867872807017544,0.07883082373782108,0.16906474820143885,6.25e-06
29,val,0.7596808747056343,0.7225201072386059,0.11790393013100436,0.53125,6.25e-06
30,train,0.374028394227488,0.8917214912280701,0.07307351638618247,0.16546762589928057,3.125e-06
30,val,0.7414290560634142,0.7225201072386059,0.1331877729257642,0.5069444444444444,3.125e-06
31,train,0.3759220092835134,0.8876096491228069,0.07927369353410098,0.16618705035971224,3.125e-06
31,val,0.7548999428429488,0.7332439678284183,0.11790393013100436,0.5034722222222222,3.125e-06
32,train,0.36011493683122753,0.9004934210526315,0.07351638618246235,0.14172661870503597,3.125e-06
32,val,0.7682449784099896,0.7292225201072386,0.11790393013100436,0.5138888888888888,3.125e-06
33,train,0.361483123349516,0.8988486842105262,0.070859167404783,0.15035971223021583,3.125e-06
33,val,0.7648126083468624,0.725201072386059,0.12663755458515283,0.5104166666666666,3.125e-06
34,train,0.3564122976702556,0.8996710526315789,0.07395925597874226,0.14316546762589927,1.5625e-06
34,val,0.7711553196485177,0.7211796246648794,0.1222707423580786,0.5277777777777778,1.5625e-06
35,train,0.35728727222273227,0.9024122807017544,0.06598759964570416,0.14892086330935253,1.5625e-06
35,val,0.7620889290408219,0.7238605898123325,0.11790393013100436,0.5277777777777778,1.5625e-06
36,train,0.3557751778055701,0.9010416666666666,0.06598759964570416,0.15251798561151078,1.5625e-06
36,val,0.7560067451671365,0.7265415549597856,0.13100436681222707,0.5,1.5625e-06
37,train,0.35538500482053087,0.9054276315789473,0.06997342781222321,0.13453237410071942,1.5625e-06
37,val,0.7618004563027349,0.7278820375335121,0.12445414847161572,0.5069444444444444,1.5625e-06
38,train,0.3565779357756439,0.903782894736842,0.06421612046058459,0.14820143884892087,7.8125e-07
38,val,0.7618456553198377,0.7278820375335121,0.12663755458515283,0.5034722222222222,7.8125e-07
39,train,0.34895105548856553,0.9089912280701754,0.0637732506643047,0.13525179856115108,7.8125e-07
39,val,0.7596486992235159,0.7305630026809652,0.12663755458515283,0.4965277777777778,7.8125e-07
40,train,0.35851134934969114,0.9007675438596491,0.06953055801594331,0.1474820143884892,7.8125e-07
40,val,0.7597463778132728,0.7265415549597856,0.12882096069868995,0.5034722222222222,7.8125e-07
41,train,0.35372957639526903,0.9032346491228069,0.06997342781222321,0.14028776978417265,7.8125e-07
41,val,0.7628443734895128,0.7265415549597856,0.12445414847161572,0.5104166666666666,7.8125e-07
42,train,0.34764182201603,0.90625,0.06820194862710363,0.13525179856115108,3.90625e-07
42,val,0.7594494631079503,0.7292225201072386,0.12663755458515283,0.5,3.90625e-07
43,train,0.3435212716852364,0.9106359649122806,0.062444641275465014,0.13309352517985612,3.90625e-07
43,val,0.761238261458062,0.7278820375335121,0.12882096069868995,0.5,3.90625e-07
44,train,0.3556005701814827,0.9040570175438596,0.0704162976085031,0.13741007194244603,3.90625e-07
44,val,0.7592857858770334,0.7292225201072386,0.12882096069868995,0.4965277777777778,3.90625e-07
45,train,0.35512549534701465,0.8991228070175438,0.06864481842338352,0.15323741007194244,3.90625e-07
45,val,0.7610527318540271,0.7265415549597856,0.12882096069868995,0.5034722222222222,3.90625e-07
46,train,0.35014758089132475,0.9043311403508771,0.06908768821966342,0.13884892086330936,1.953125e-07
46,val,0.7593563847024064,0.7265415549597856,0.12882096069868995,0.5034722222222222,1.953125e-07
47,train,0.3520969212578054,0.903782894736842,0.070859167404783,0.13741007194244603,1.953125e-07
47,val,0.7595947261789848,0.7278820375335121,0.12882096069868995,0.5,1.953125e-07
48,train,0.3476237521359795,0.9035087719298245,0.07351638618246235,0.13381294964028778,1.953125e-07
48,val,0.7609316454176609,0.725201072386059,0.12882096069868995,0.5069444444444444,1.953125e-07
49,train,0.3477356510334893,0.9114583333333333,0.061558901682905225,0.13237410071942446,1.953125e-07
49,val,0.761743452210209,0.725201072386059,0.12882096069868995,0.5069444444444444,1.953125e-07
50,train,0.3567410715970031,0.900219298245614,0.07263064658990256,0.14388489208633093,9.765625e-08
50,val,0.7604790671101844,0.7265415549597856,0.12882096069868995,0.5034722222222222,9.765625e-08
51,train,0.3484355551762539,0.9078947368421052,0.06687333923826395,0.13309352517985612,9.765625e-08
51,val,0.7606808755736568,0.7265415549597856,0.12882096069868995,0.5034722222222222,9.765625e-08
52,train,0.3570059729380566,0.9013157894736842,0.06908768821966342,0.14676258992805755,9.765625e-08
52,val,0.7611938887562892,0.725201072386059,0.12882096069868995,0.5069444444444444,9.765625e-08
53,train,0.35070129732290906,0.9032346491228069,0.06775907883082374,0.14388489208633093,9.765625e-08
53,val,0.761199756857537,0.725201072386059,0.12882096069868995,0.5069444444444444,9.765625e-08
54,train,0.3425509076761572,0.9139254385964912,0.062444641275465014,0.12446043165467625,4.8828125e-08
54,val,0.7616860574116336,0.725201072386059,0.12882096069868995,0.5069444444444444,4.8828125e-08
55,train,0.3510533635945697,0.9057017543859649,0.06953055801594331,0.13453237410071942,4.8828125e-08
55,val,0.7618052575926998,0.725201072386059,0.12882096069868995,0.5069444444444444,4.8828125e-08
56,train,0.35222027405050765,0.9021381578947368,0.07218777679362268,0.13956834532374102,4.8828125e-08
56,val,0.7616913066153232,0.725201072386059,0.12882096069868995,0.5069444444444444,4.8828125e-08
57,train,0.34817422612717275,0.9098135964912281,0.06775907883082374,0.12661870503597122,4.8828125e-08
57,val,0.7619535192727404,0.725201072386059,0.12882096069868995,0.5069444444444444,4.8828125e-08
58,train,0.3550678524923952,0.900219298245614,0.07307351638618247,0.14316546762589927,2.44140625e-08
58,val,0.7623785695825122,0.7265415549597856,0.12663755458515283,0.5069444444444444,2.44140625e-08
59,train,0.35341998235436906,0.9043311403508771,0.06510186005314438,0.14532374100719425,2.44140625e-08
59,val,0.7625694447484157,0.7265415549597856,0.12663755458515283,0.5069444444444444,2.44140625e-08
60,train,0.3515414205428801,0.9087171052631579,0.06731620903454384,0.1302158273381295,2.44140625e-08
60,val,0.7626845584158604,0.7265415549597856,0.12663755458515283,0.5069444444444444,2.44140625e-08
61,train,0.34436182730030596,0.9089912280701754,0.06598759964570416,0.1316546762589928,2.44140625e-08
61,val,0.7627181380427874,0.7265415549597856,0.12663755458515283,0.5069444444444444,2.44140625e-08
62,train,0.35632920330553725,0.9004934210526315,0.07573073516386182,0.1381294964028777,1.220703125e-08
62,val,0.762684192318699,0.7265415549597856,0.12663755458515283,0.5069444444444444,1.220703125e-08
63,train,0.34726705885770026,0.910361842105263,0.05934455270150576,0.13884892086330936,1.220703125e-08
63,val,0.7626518947509274,0.7265415549597856,0.12663755458515283,0.5069444444444444,1.220703125e-08
64,train,0.35093094650329204,0.9032346491228069,0.070859167404783,0.13884892086330936,1.220703125e-08
64,val,0.7625159200970033,0.7265415549597856,0.12663755458515283,0.5069444444444444,1.220703125e-08
65,train,0.35791332758309546,0.9032346491228069,0.06421612046058459,0.14964028776978416,1.220703125e-08
65,val,0.7624279549869711,0.7265415549597856,0.12663755458515283,0.5069444444444444,1.220703125e-08
66,train,0.3490507770002934,0.903782894736842,0.06820194862710363,0.14172661870503597,1.220703125e-08
66,val,0.7623754413773483,0.7265415549597856,0.12663755458515283,0.5069444444444444,1.220703125e-08
67,train,0.3520147888022557,0.9029605263157894,0.07174490699734277,0.1381294964028777,1.220703125e-08
67,val,0.7623193545252005,0.7265415549597856,0.12663755458515283,0.5069444444444444,1.220703125e-08
68,train,0.3471636558441739,0.909265350877193,0.06643046944198405,0.1302158273381295,1.220703125e-08
68,val,0.7625254488502686,0.7265415549597856,0.12663755458515283,0.5069444444444444,1.220703125e-08
69,train,0.35056283638665553,0.9073464912280701,0.07174490699734277,0.12661870503597122,1.220703125e-08
69,val,0.7626245450078643,0.7265415549597856,0.12663755458515283,0.5069444444444444,1.220703125e-08
70,train,0.3526159685039729,0.90625,0.06643046944198405,0.1381294964028777,1.220703125e-08
70,val,0.7625762997619588,0.7265415549597856,0.12663755458515283,0.5069444444444444,1.220703125e-08
71,train,0.34926635935379746,0.9010416666666666,0.06598759964570416,0.15251798561151078,1.220703125e-08
71,val,0.7624933628550163,0.7265415549597856,0.12663755458515283,0.5069444444444444,1.220703125e-08
72,train,0.3506692444023333,0.9117324561403508,0.062444641275465014,0.1302158273381295,1.220703125e-08
72,val,0.7624982937411393,0.7265415549597856,0.12663755458515283,0.5069444444444444,1.220703125e-08
73,train,0.35242687466374617,0.9054276315789473,0.06643046944198405,0.14028776978417265,1.220703125e-08
73,val,0.7625224860360091,0.7265415549597856,0.12663755458515283,0.5069444444444444,1.220703125e-08
74,train,0.3486995997658947,0.9100877192982456,0.06820194862710363,0.1251798561151079,1.220703125e-08
74,val,0.762483246844192,0.7265415549597856,0.12663755458515283,0.5069444444444444,1.220703125e-08
75,train,0.34885233294284135,0.9081688596491228,0.0637732506643047,0.13741007194244603,1.220703125e-08
75,val,0.7625576872927893,0.7265415549597856,0.12663755458515283,0.5069444444444444,1.220703125e-08
76,train,0.34776340483834867,0.9054276315789473,0.07130203720106289,0.13237410071942446,1.220703125e-08
76,val,0.7626555175308248,0.7265415549597856,0.12663755458515283,0.5069444444444444,1.220703125e-08
77,train,0.3484474620536754,0.9087171052631579,0.06554472984942426,0.13309352517985612,1.220703125e-08
77,val,0.762760456701386,0.7265415549597856,0.12663755458515283,0.5069444444444444,1.220703125e-08
78,train,0.34870305016898273,0.9070723684210525,0.06731620903454384,0.13453237410071942,1.220703125e-08
78,val,0.7627304060529448,0.7265415549597856,0.12663755458515283,0.5069444444444444,1.220703125e-08
79,train,0.3545688224074088,0.9057017543859649,0.06421612046058459,0.14316546762589927,1.220703125e-08
79,val,0.762732376042384,0.7265415549597856,0.12663755458515283,0.5069444444444444,1.220703125e-08
80,train,0.3506894133854331,0.9046052631578947,0.06731620903454384,0.1410071942446043,1.220703125e-08
80,val,0.7626791955958103,0.7265415549597856,0.12663755458515283,0.5069444444444444,1.220703125e-08
81,train,0.351092887486805,0.9051535087719298,0.06731620903454384,0.13956834532374102,1.220703125e-08
81,val,0.7628298246828544,0.7265415549597856,0.12663755458515283,0.5069444444444444,1.220703125e-08
82,train,0.35979827552249555,0.8952850877192982,0.07395925597874226,0.15467625899280577,1.220703125e-08
82,val,0.7626743466860487,0.7265415549597856,0.12663755458515283,0.5069444444444444,1.220703125e-08
83,train,0.34748992225841474,0.9100877192982456,0.06554472984942426,0.12949640287769784,1.220703125e-08
83,val,0.76271145936631,0.7265415549597856,0.12663755458515283,0.5069444444444444,1.220703125e-08
84,train,0.3521987489310273,0.90625,0.06864481842338352,0.13453237410071942,1.220703125e-08
84,val,0.7625832725466096,0.7265415549597856,0.12663755458515283,0.5069444444444444,1.220703125e-08
85,train,0.3522551964903087,0.9057017543859649,0.06820194862710363,0.1366906474820144,1.220703125e-08
85,val,0.7625854384483665,0.7265415549597856,0.12663755458515283,0.5069444444444444,1.220703125e-08
86,train,0.3472022335126735,0.9040570175438596,0.0775022143489814,0.12589928057553956,1.220703125e-08
86,val,0.7625649823899563,0.7265415549597856,0.12663755458515283,0.5069444444444444,1.220703125e-08
87,train,0.3500682257377265,0.9048793859649122,0.0637732506643047,0.1460431654676259,1.220703125e-08
87,val,0.762547163477532,0.7265415549597856,0.12663755458515283,0.5069444444444444,1.220703125e-08
88,train,0.3513713065992322,0.9029605263157894,0.06598759964570416,0.1474820143884892,1.220703125e-08
88,val,0.7625158600129647,0.7265415549597856,0.12663755458515283,0.5069444444444444,1.220703125e-08
89,train,0.3503692896481146,0.903782894736842,0.06997342781222321,0.13884892086330936,1.220703125e-08
89,val,0.762362410491657,0.7265415549597856,0.12663755458515283,0.5069444444444444,1.220703125e-08
90,train,0.34588325428858135,0.909265350877193,0.060673162090345435,0.13956834532374102,1.220703125e-08
90,val,0.7622569430289895,0.7265415549597856,0.12663755458515283,0.5069444444444444,1.220703125e-08
91,train,0.3422682453273681,0.910361842105263,0.06465899025686449,0.1302158273381295,1.220703125e-08
91,val,0.7623299601570211,0.7265415549597856,0.12663755458515283,0.5069444444444444,1.220703125e-08
92,train,0.34894009522701563,0.9109100877192982,0.070859167404783,0.11870503597122302,1.220703125e-08
92,val,0.7622951965868953,0.7265415549597856,0.12663755458515283,0.5069444444444444,1.220703125e-08
93,train,0.34505446974122733,0.9073464912280701,0.06953055801594331,0.1302158273381295,1.220703125e-08
93,val,0.7622802350220668,0.7265415549597856,0.12663755458515283,0.5069444444444444,1.220703125e-08
94,train,0.34751455342037635,0.9029605263157894,0.07174490699734277,0.1381294964028777,1.220703125e-08
94,val,0.762254096707454,0.7265415549597856,0.12663755458515283,0.5069444444444444,1.220703125e-08
95,train,0.347835929116659,0.8993969298245613,0.07573073516386182,0.1410071942446043,1.220703125e-08
95,val,0.7623576565018928,0.7265415549597856,0.12663755458515283,0.5069444444444444,1.220703125e-08
96,train,0.35385321407464515,0.9010416666666666,0.07440212577502214,0.13884892086330936,1.220703125e-08
96,val,0.7622717502289739,0.7265415549597856,0.12663755458515283,0.5069444444444444,1.220703125e-08
97,train,0.3521688147856478,0.9035087719298245,0.07130203720106289,0.13741007194244603,1.220703125e-08
97,val,0.7622371176931877,0.7265415549597856,0.12663755458515283,0.5069444444444444,1.220703125e-08
98,train,0.3581262213226996,0.8985745614035088,0.06820194862710363,0.1553956834532374,1.220703125e-08
98,val,0.7620694952100595,0.7265415549597856,0.12663755458515283,0.5069444444444444,1.220703125e-08
99,train,0.35006970846862123,0.9114583333333333,0.0637732506643047,0.12877697841726618,1.220703125e-08
99,val,0.7620851387926465,0.7265415549597856,0.12663755458515283,0.5069444444444444,1.220703125e-08
100,train,0.35324031016544294,0.9010416666666666,0.06820194862710363,0.14892086330935253,1.220703125e-08
100,val,0.7620052514702641,0.7265415549597856,0.12663755458515283,0.5069444444444444,1.220703125e-08
101,train,0.3564777772938996,0.9029605263157894,0.06731620903454384,0.14532374100719425,1.220703125e-08
101,val,0.7618986627052041,0.7265415549597856,0.12663755458515283,0.5069444444444444,1.220703125e-08
102,train,0.3497039560686078,0.9024122807017544,0.0704162976085031,0.14172661870503597,1.220703125e-08
102,val,0.7618702963274222,0.7265415549597856,0.12663755458515283,0.5069444444444444,1.220703125e-08
103,train,0.34807288352596133,0.9087171052631579,0.06687333923826395,0.13093525179856116,1.220703125e-08
103,val,0.7618734759875341,0.7265415549597856,0.12663755458515283,0.5069444444444444,1.220703125e-08
104,train,0.3511814784846808,0.9032346491228069,0.07263064658990256,0.13597122302158274,1.220703125e-08
104,val,0.7619357636403142,0.7265415549597856,0.12663755458515283,0.5069444444444444,1.220703125e-08
105,train,0.3514658485849698,0.9018640350877193,0.06731620903454384,0.14820143884892087,1.220703125e-08
105,val,0.761835703421534,0.7265415549597856,0.12663755458515283,0.5069444444444444,1.220703125e-08
106,train,0.3515947719284317,0.9040570175438596,0.06643046944198405,0.14388489208633093,1.220703125e-08
106,val,0.7617890131697258,0.7265415549597856,0.12663755458515283,0.5069444444444444,1.220703125e-08
107,train,0.3509368325273196,0.9054276315789473,0.0704162976085031,0.13381294964028778,1.220703125e-08
107,val,0.7617551374371505,0.7265415549597856,0.12663755458515283,0.5069444444444444,1.220703125e-08
108,train,0.35845704696941794,0.8977521929824561,0.07174490699734277,0.15179856115107915,1.220703125e-08
108,val,0.7617448822422896,0.7265415549597856,0.12663755458515283,0.5069444444444444,1.220703125e-08
109,train,0.34885372770460027,0.9070723684210525,0.06731620903454384,0.13453237410071942,1.220703125e-08
109,val,0.761809527075003,0.7265415549597856,0.12663755458515283,0.5069444444444444,1.220703125e-08
110,train,0.3511416115389581,0.90625,0.06288751107174491,0.14388489208633093,1.220703125e-08
110,val,0.761715054192428,0.7265415549597856,0.12663755458515283,0.5069444444444444,1.220703125e-08
111,train,0.3512508124113083,0.9054276315789473,0.06775907883082374,0.1381294964028777,1.220703125e-08
111,val,0.7616520003083564,0.7265415549597856,0.12663755458515283,0.5069444444444444,1.220703125e-08
112,train,0.3499234305008462,0.90625,0.06820194862710363,0.13525179856115108,1.220703125e-08
112,val,0.7618281464953844,0.7265415549597856,0.12663755458515283,0.5069444444444444,1.220703125e-08
113,train,0.3488388986310415,0.9078947368421052,0.06908768821966342,0.12949640287769784,1.220703125e-08
113,val,0.7618238465715669,0.7265415549597856,0.12663755458515283,0.5069444444444444,1.220703125e-08
114,train,0.3510872553707215,0.9059758771929824,0.07174490699734277,0.1302158273381295,1.220703125e-08
114,val,0.761894276730177,0.7265415549597856,0.12663755458515283,0.5069444444444444,1.220703125e-08
115,train,0.35150869386760814,0.9078947368421052,0.06643046944198405,0.13381294964028778,1.220703125e-08
115,val,0.7619811534561995,0.7265415549597856,0.12663755458515283,0.5069444444444444,1.220703125e-08
116,train,0.3477776641385597,0.9024122807017544,0.06731620903454384,0.14676258992805755,1.220703125e-08
116,val,0.7619642741558699,0.7265415549597856,0.12663755458515283,0.5069444444444444,1.220703125e-08
117,train,0.3511625573431191,0.9035087719298245,0.07218777679362268,0.13597122302158274,1.220703125e-08
117,val,0.7620424588308258,0.7265415549597856,0.12663755458515283,0.5069444444444444,1.220703125e-08
118,train,0.35321648373154174,0.9046052631578947,0.06554472984942426,0.14388489208633093,1.220703125e-08
118,val,0.7618760730242282,0.7265415549597856,0.12663755458515283,0.5069444444444444,1.220703125e-08
119,train,0.3540337613146556,0.8993969298245613,0.07218777679362268,0.14676258992805755,1.220703125e-08
119,val,0.7617644835413301,0.7265415549597856,0.12663755458515283,0.5069444444444444,1.220703125e-08
120,train,0.3522531646385528,0.9021381578947368,0.06421612046058459,0.15251798561151078,1.220703125e-08
120,val,0.7617065674817594,0.7265415549597856,0.12663755458515283,0.5069444444444444,1.220703125e-08
121,train,0.3446946229066765,0.9100877192982456,0.0633303808680248,0.13309352517985612,1.220703125e-08
121,val,0.7616835773470574,0.725201072386059,0.12882096069868995,0.5069444444444444,1.220703125e-08
122,train,0.35123666107915996,0.9046052631578947,0.0637732506643047,0.14676258992805755,1.220703125e-08
122,val,0.7615008442874888,0.725201072386059,0.12882096069868995,0.5069444444444444,1.220703125e-08
123,train,0.3456771288786018,0.9106359649122806,0.06510186005314438,0.12877697841726618,1.220703125e-08
123,val,0.7615846258066294,0.725201072386059,0.12882096069868995,0.5069444444444444,1.220703125e-08
124,train,0.35333948405949694,0.900219298245614,0.070859167404783,0.14676258992805755,1.220703125e-08
124,val,0.7616082687160605,0.725201072386059,0.12882096069868995,0.5069444444444444,1.220703125e-08
125,train,0.3515905867935273,0.9040570175438596,0.06864481842338352,0.14028776978417265,1.220703125e-08
125,val,0.7614747749257024,0.725201072386059,0.12882096069868995,0.5069444444444444,1.220703125e-08
126,train,0.3528888347771084,0.9051535087719298,0.0704162976085031,0.13453237410071942,1.220703125e-08
126,val,0.761530410987762,0.725201072386059,0.12882096069868995,0.5069444444444444,1.220703125e-08
127,train,0.34728883997651566,0.9136513157894737,0.05978742249778565,0.12949640287769784,1.220703125e-08
127,val,0.7615489897395586,0.725201072386059,0.12882096069868995,0.5069444444444444,1.220703125e-08
128,train,0.3533294540094702,0.903782894736842,0.06820194862710363,0.14172661870503597,1.220703125e-08
128,val,0.7614666121255297,0.725201072386059,0.12882096069868995,0.5069444444444444,1.220703125e-08
129,train,0.35087955311725016,0.9029605263157894,0.06510186005314438,0.14892086330935253,1.220703125e-08
129,val,0.7614740577523894,0.725201072386059,0.12882096069868995,0.5069444444444444,1.220703125e-08
130,train,0.3551373415740958,0.9046052631578947,0.06775907883082374,0.14028776978417265,1.220703125e-08
130,val,0.7614589894425134,0.725201072386059,0.12882096069868995,0.5069444444444444,1.220703125e-08
131,train,0.34372950031569127,0.912828947368421,0.062444641275465014,0.12733812949640289,1.220703125e-08
131,val,0.7614984873472526,0.725201072386059,0.12882096069868995,0.5069444444444444,1.220703125e-08
132,train,0.355759500019383,0.9021381578947368,0.070859167404783,0.14172661870503597,1.220703125e-08
132,val,0.7614211687773227,0.725201072386059,0.12882096069868995,0.5069444444444444,1.220703125e-08
133,train,0.34924340176216345,0.9089912280701754,0.06820194862710363,0.12805755395683452,1.220703125e-08
133,val,0.7615238277905748,0.725201072386059,0.12882096069868995,0.5069444444444444,1.220703125e-08
134,train,0.35082808672858956,0.9024122807017544,0.06598759964570416,0.14892086330935253,1.220703125e-08
134,val,0.7614497595114619,0.725201072386059,0.12882096069868995,0.5069444444444444,1.220703125e-08
135,train,0.35266625142672603,0.90625,0.06687333923826395,0.13741007194244603,1.220703125e-08
135,val,0.7613719711354846,0.725201072386059,0.12882096069868995,0.5069444444444444,1.220703125e-08
136,train,0.35317489615919295,0.9040570175438596,0.06554472984942426,0.14532374100719425,1.220703125e-08
136,val,0.7611264856507247,0.725201072386059,0.12882096069868995,0.5069444444444444,1.220703125e-08
137,train,0.3578959374704905,0.8983004385964912,0.07130203720106289,0.1510791366906475,1.220703125e-08
137,val,0.7610496482324983,0.725201072386059,0.12882096069868995,0.5069444444444444,1.220703125e-08
138,train,0.3460854952011192,0.90625,0.05757307351638618,0.15251798561151078,1.220703125e-08
138,val,0.7609438378433759,0.725201072386059,0.12882096069868995,0.5069444444444444,1.220703125e-08
139,train,0.34822433003992365,0.9054276315789473,0.06908768821966342,0.13597122302158274,1.220703125e-08
139,val,0.7608783881082611,0.725201072386059,0.12882096069868995,0.5069444444444444,1.220703125e-08
140,train,0.3522526944023475,0.9048793859649122,0.06554472984942426,0.14316546762589927,1.220703125e-08
140,val,0.7608587830539683,0.725201072386059,0.12882096069868995,0.5069444444444444,1.220703125e-08
141,train,0.3581416624549188,0.9021381578947368,0.07395925597874226,0.1366906474820144,1.220703125e-08
141,val,0.7608950518411222,0.725201072386059,0.12882096069868995,0.5069444444444444,1.220703125e-08
142,train,0.34894152926771266,0.9046052631578947,0.06731620903454384,0.1410071942446043,1.220703125e-08
142,val,0.7609852315912937,0.725201072386059,0.12882096069868995,0.5069444444444444,1.220703125e-08
143,train,0.34450019523501396,0.9087171052631579,0.06864481842338352,0.12805755395683452,1.220703125e-08
143,val,0.7609490357519155,0.725201072386059,0.12882096069868995,0.5069444444444444,1.220703125e-08
144,train,0.3550477548780149,0.9057017543859649,0.06908768821966342,0.13525179856115108,1.220703125e-08
144,val,0.760862474467096,0.725201072386059,0.12882096069868995,0.5069444444444444,1.220703125e-08
145,train,0.3514426070870015,0.9076206140350876,0.07130203720106289,0.12661870503597122,1.220703125e-08
145,val,0.7608184108146074,0.725201072386059,0.12882096069868995,0.5069444444444444,1.220703125e-08
146,train,0.35426685194435875,0.9046052631578947,0.06023029229406555,0.15251798561151078,1.220703125e-08
146,val,0.7607875148348769,0.725201072386059,0.12882096069868995,0.5069444444444444,1.220703125e-08
147,train,0.3467021313283527,0.909265350877193,0.06554472984942426,0.1316546762589928,1.220703125e-08
147,val,0.7608722355666173,0.725201072386059,0.12882096069868995,0.5069444444444444,1.220703125e-08
148,train,0.3533438913393439,0.9032346491228069,0.06554472984942426,0.1474820143884892,1.220703125e-08
148,val,0.7607406814040831,0.725201072386059,0.12882096069868995,0.5069444444444444,1.220703125e-08
149,train,0.3634578291522829,0.8966557017543859,0.07440212577502214,0.15035971223021583,1.220703125e-08
149,val,0.760606270692943,0.725201072386059,0.12882096069868995,0.5069444444444444,1.220703125e-08
150,train,0.35491049466164487,0.9015899122807017,0.07130203720106289,0.14244604316546763,1.220703125e-08
150,val,0.7605881890726472,0.725201072386059,0.12882096069868995,0.5069444444444444,1.220703125e-08
151,train,0.35248996892519163,0.9021381578947368,0.07617360496014172,0.13309352517985612,1.220703125e-08
151,val,0.7607057601133557,0.725201072386059,0.12882096069868995,0.5069444444444444,1.220703125e-08
152,train,0.3498663352639006,0.9057017543859649,0.07174490699734277,0.13093525179856116,1.220703125e-08
152,val,0.7606694548123644,0.725201072386059,0.12882096069868995,0.5069444444444444,1.220703125e-08
153,train,0.35175846255662147,0.9048793859649122,0.07440212577502214,0.12877697841726618,1.220703125e-08
153,val,0.7608208797732243,0.725201072386059,0.12882096069868995,0.5069444444444444,1.220703125e-08
154,train,0.34552582719346936,0.9100877192982456,0.061558901682905225,0.13597122302158274,1.220703125e-08
154,val,0.7607541455020853,0.725201072386059,0.12882096069868995,0.5069444444444444,1.220703125e-08
155,train,0.346638264690052,0.9100877192982456,0.06465899025686449,0.13093525179856116,1.220703125e-08
155,val,0.7607664497863831,0.725201072386059,0.12882096069868995,0.5069444444444444,1.220703125e-08
156,train,0.3533297464774366,0.9004934210526315,0.06997342781222321,0.1474820143884892,1.220703125e-08
156,val,0.7608574029587549,0.725201072386059,0.12882096069868995,0.5069444444444444,1.220703125e-08
157,train,0.3496164044267253,0.9054276315789473,0.06953055801594331,0.13525179856115108,1.220703125e-08
157,val,0.7608034607552332,0.725201072386059,0.12882096069868995,0.5069444444444444,1.220703125e-08
158,train,0.34775246490250555,0.9040570175438596,0.06731620903454384,0.14244604316546763,1.220703125e-08
158,val,0.7608015446177117,0.725201072386059,0.12882096069868995,0.5069444444444444,1.220703125e-08
159,train,0.3525623017758654,0.9051535087719298,0.06643046944198405,0.1410071942446043,1.220703125e-08
159,val,0.760649614135957,0.725201072386059,0.12882096069868995,0.5069444444444444,1.220703125e-08
160,train,0.3492922192079979,0.9073464912280701,0.07573073516386182,0.12014388489208633,1.220703125e-08
160,val,0.7608565210337294,0.725201072386059,0.12882096069868995,0.5069444444444444,1.220703125e-08
161,train,0.35640313482859676,0.9048793859649122,0.06864481842338352,0.1381294964028777,1.220703125e-08
161,val,0.7609687960499413,0.725201072386059,0.12882096069868995,0.5069444444444444,1.220703125e-08
162,train,0.35212655907921625,0.9021381578947368,0.070859167404783,0.14172661870503597,1.220703125e-08
162,val,0.7609994419458405,0.725201072386059,0.12882096069868995,0.5069444444444444,1.220703125e-08
163,train,0.3566123422954166,0.9035087719298245,0.06820194862710363,0.14244604316546763,1.220703125e-08
163,val,0.7608773529369773,0.725201072386059,0.12882096069868995,0.5069444444444444,1.220703125e-08
164,train,0.3492455881154328,0.9109100877192982,0.0637732506643047,0.1302158273381295,1.220703125e-08
164,val,0.760900093467242,0.725201072386059,0.12882096069868995,0.5069444444444444,1.220703125e-08
165,train,0.35374997680385906,0.9046052631578947,0.0704162976085031,0.13597122302158274,1.220703125e-08
165,val,0.7609008186304538,0.725201072386059,0.12882096069868995,0.5069444444444444,1.220703125e-08
166,train,0.35463470155209825,0.9048793859649122,0.070859167404783,0.13453237410071942,1.220703125e-08
166,val,0.760951371678718,0.725201072386059,0.12882096069868995,0.5069444444444444,1.220703125e-08
167,train,0.3556008184688133,0.9059758771929824,0.07263064658990256,0.12877697841726618,1.220703125e-08
167,val,0.760977114173746,0.725201072386059,0.12882096069868995,0.5069444444444444,1.220703125e-08
168,train,0.35019657675895777,0.9040570175438596,0.06997342781222321,0.1381294964028777,1.220703125e-08
168,val,0.7609262003016536,0.725201072386059,0.12882096069868995,0.5069444444444444,1.220703125e-08
169,train,0.35156653880288724,0.9100877192982456,0.06598759964570416,0.12877697841726618,1.220703125e-08
169,val,0.7607845254941537,0.725201072386059,0.12882096069868995,0.5069444444444444,1.220703125e-08
170,train,0.34750097545615416,0.9073464912280701,0.0637732506643047,0.13956834532374102,1.220703125e-08
170,val,0.7608600480946395,0.725201072386059,0.12882096069868995,0.5069444444444444,1.220703125e-08
171,train,0.3529996945800489,0.9021381578947368,0.06731620903454384,0.1474820143884892,1.220703125e-08
171,val,0.7608454655706084,0.725201072386059,0.12882096069868995,0.5069444444444444,1.220703125e-08
172,train,0.34935967205909263,0.906798245614035,0.06908768821966342,0.13237410071942446,1.220703125e-08
172,val,0.7609112758099553,0.725201072386059,0.12882096069868995,0.5069444444444444,1.220703125e-08
173,train,0.34917810827232243,0.9057017543859649,0.06465899025686449,0.14244604316546763,1.220703125e-08
173,val,0.7608427123313934,0.725201072386059,0.12882096069868995,0.5069444444444444,1.220703125e-08
174,train,0.34695505579574065,0.9084429824561403,0.06687333923826395,0.1316546762589928,1.220703125e-08
174,val,0.7609210810137178,0.725201072386059,0.12882096069868995,0.5069444444444444,1.220703125e-08
175,train,0.35940421692896307,0.8974780701754386,0.07617360496014172,0.14532374100719425,1.220703125e-08
175,val,0.7609861477130859,0.725201072386059,0.12882096069868995,0.5069444444444444,1.220703125e-08
176,train,0.3518831679564819,0.906798245614035,0.06465899025686449,0.13956834532374102,1.220703125e-08
176,val,0.7609447092217351,0.725201072386059,0.12882096069868995,0.5069444444444444,1.220703125e-08
177,train,0.3486026745093496,0.90625,0.06820194862710363,0.13525179856115108,1.220703125e-08
177,val,0.7610503415959131,0.725201072386059,0.12882096069868995,0.5069444444444444,1.220703125e-08
178,train,0.349666154110118,0.9078947368421052,0.06908768821966342,0.12949640287769784,1.220703125e-08
178,val,0.7610872296801201,0.725201072386059,0.12882096069868995,0.5069444444444444,1.220703125e-08
179,train,0.3543426411455138,0.910361842105263,0.06023029229406555,0.13741007194244603,1.220703125e-08
179,val,0.7609757411895425,0.725201072386059,0.12882096069868995,0.5069444444444444,1.220703125e-08
180,train,0.35173107546411064,0.9015899122807017,0.06775907883082374,0.14820143884892087,1.220703125e-08
180,val,0.760971343868859,0.725201072386059,0.12882096069868995,0.5069444444444444,1.220703125e-08
181,train,0.3521718217484784,0.9029605263157894,0.06997342781222321,0.1410071942446043,1.220703125e-08
181,val,0.7608061937800041,0.725201072386059,0.12882096069868995,0.5069444444444444,1.220703125e-08
182,train,0.3559391887433696,0.9032346491228069,0.06687333923826395,0.14532374100719425,1.220703125e-08
182,val,0.7606164445506344,0.725201072386059,0.12882096069868995,0.5069444444444444,1.220703125e-08
183,train,0.3519257107063344,0.9021381578947368,0.06731620903454384,0.1474820143884892,1.220703125e-08
183,val,0.7606596181284007,0.725201072386059,0.12882096069868995,0.5069444444444444,1.220703125e-08
184,train,0.3475632575389586,0.9087171052631579,0.0637732506643047,0.13597122302158274,1.220703125e-08
184,val,0.7607196607794263,0.725201072386059,0.12882096069868995,0.5069444444444444,1.220703125e-08
185,train,0.3409839684895256,0.9098135964912281,0.06820194862710363,0.12589928057553956,1.220703125e-08
185,val,0.7607314340550523,0.725201072386059,0.12882096069868995,0.5069444444444444,1.220703125e-08
186,train,0.35745115179503173,0.9040570175438596,0.07130203720106289,0.13597122302158274,1.220703125e-08
186,val,0.7607168759801113,0.725201072386059,0.12882096069868995,0.5069444444444444,1.220703125e-08
187,train,0.3454473204910755,0.909265350877193,0.06864481842338352,0.12661870503597122,1.220703125e-08
187,val,0.7607428584916982,0.725201072386059,0.12882096069868995,0.5069444444444444,1.220703125e-08
188,train,0.34720993035456593,0.90625,0.06687333923826395,0.13741007194244603,1.220703125e-08
188,val,0.7608118188285317,0.725201072386059,0.12882096069868995,0.5069444444444444,1.220703125e-08
189,train,0.3520745107609975,0.9048793859649122,0.06864481842338352,0.1381294964028777,1.220703125e-08
189,val,0.7608070536529091,0.725201072386059,0.12882096069868995,0.5069444444444444,1.220703125e-08
190,train,0.35151504359224384,0.9078947368421052,0.06465899025686449,0.1366906474820144,1.220703125e-08
190,val,0.7608718122617808,0.725201072386059,0.12882096069868995,0.5069444444444444,1.220703125e-08
191,train,0.3498919405565973,0.9024122807017544,0.06997342781222321,0.14244604316546763,1.220703125e-08
191,val,0.7609185788970211,0.725201072386059,0.12882096069868995,0.5069444444444444,1.220703125e-08
192,train,0.3507397199670474,0.9089912280701754,0.0637732506643047,0.13525179856115108,1.220703125e-08
192,val,0.7607937987304565,0.725201072386059,0.12882096069868995,0.5069444444444444,1.220703125e-08
193,train,0.3488051306390971,0.9106359649122806,0.06421612046058459,0.1302158273381295,1.220703125e-08
193,val,0.7608091102528508,0.725201072386059,0.12882096069868995,0.5069444444444444,1.220703125e-08
194,train,0.3502493283074153,0.9048793859649122,0.0637732506643047,0.1460431654676259,1.220703125e-08
194,val,0.7608563677874711,0.725201072386059,0.12882096069868995,0.5069444444444444,1.220703125e-08
195,train,0.35757507671389666,0.9004934210526315,0.07573073516386182,0.1381294964028777,1.220703125e-08
195,val,0.7606403030275339,0.725201072386059,0.12882096069868995,0.5069444444444444,1.220703125e-08
196,train,0.35004343824428424,0.910361842105263,0.05845881310894597,0.14028776978417265,1.220703125e-08
196,val,0.7607094554415337,0.725201072386059,0.12882096069868995,0.5069444444444444,1.220703125e-08
197,train,0.3543620639595023,0.9057017543859649,0.06820194862710363,0.1366906474820144,1.220703125e-08
197,val,0.76078246825502,0.725201072386059,0.12882096069868995,0.5069444444444444,1.220703125e-08
198,train,0.35456572446906776,0.9018640350877193,0.06554472984942426,0.1510791366906475,1.220703125e-08
198,val,0.7607311206912227,0.725201072386059,0.12882096069868995,0.5069444444444444,1.220703125e-08
199,train,0.34980974718928337,0.9073464912280701,0.06643046944198405,0.13525179856115108,1.220703125e-08
199,val,0.7608394386301731,0.725201072386059,0.12882096069868995,0.5069444444444444,1.220703125e-08
200,train,0.3544828796987994,0.9048793859649122,0.06775907883082374,0.13956834532374102,1.220703125e-08
200,val,0.760777537848291,0.725201072386059,0.12882096069868995,0.5069444444444444,1.220703125e-08
201,train,0.35358270904735517,0.9046052631578947,0.06643046944198405,0.14244604316546763,1.220703125e-08
201,val,0.7607314704889906,0.725201072386059,0.12882096069868995,0.5069444444444444,1.220703125e-08
202,train,0.35087940750414864,0.9032346491228069,0.06554472984942426,0.1474820143884892,1.220703125e-08
202,val,0.7605900839570381,0.725201072386059,0.12882096069868995,0.5069444444444444,1.220703125e-08
203,train,0.35100001684929194,0.9032346491228069,0.07573073516386182,0.13093525179856116,1.220703125e-08
203,val,0.7607092854164881,0.725201072386059,0.12882096069868995,0.5069444444444444,1.220703125e-08
204,train,0.35323609797316685,0.9024122807017544,0.06820194862710363,0.14532374100719425,1.220703125e-08
204,val,0.7606609573952314,0.725201072386059,0.12882096069868995,0.5069444444444444,1.220703125e-08
205,train,0.356705509845102,0.9010416666666666,0.06908768821966342,0.1474820143884892,1.220703125e-08
205,val,0.7605634445159748,0.725201072386059,0.12882096069868995,0.5069444444444444,1.220703125e-08
206,train,0.3543114148472485,0.9024122807017544,0.06997342781222321,0.14244604316546763,1.220703125e-08
206,val,0.760495655977694,0.725201072386059,0.12882096069868995,0.5069444444444444,1.220703125e-08
207,train,0.34967675360671263,0.9024122807017544,0.07395925597874226,0.13597122302158274,1.220703125e-08
207,val,0.760590355453798,0.725201072386059,0.12882096069868995,0.5069444444444444,1.220703125e-08
208,train,0.34873321841944727,0.9100877192982456,0.06731620903454384,0.12661870503597122,1.220703125e-08
208,val,0.7607188282319751,0.725201072386059,0.12882096069868995,0.5069444444444444,1.220703125e-08
209,train,0.35264212827672037,0.9051535087719298,0.06510186005314438,0.14316546762589927,1.220703125e-08
209,val,0.7609579061375227,0.725201072386059,0.12882096069868995,0.5069444444444444,1.220703125e-08
210,train,0.3479974975711421,0.9076206140350876,0.06731620903454384,0.13309352517985612,1.220703125e-08
210,val,0.761122193636907,0.725201072386059,0.12882096069868995,0.5069444444444444,1.220703125e-08
211,train,0.3521263769974834,0.9021381578947368,0.06687333923826395,0.14820143884892087,1.220703125e-08
211,val,0.7611824839747943,0.725201072386059,0.12882096069868995,0.5069444444444444,1.220703125e-08
212,train,0.35600018834597186,0.9007675438596491,0.07307351638618247,0.14172661870503597,1.220703125e-08
212,val,0.7610499312347125,0.725201072386059,0.12882096069868995,0.5069444444444444,1.220703125e-08
213,train,0.35416589383231967,0.9026864035087718,0.06465899025686449,0.15035971223021583,1.220703125e-08
213,val,0.7609420236569627,0.725201072386059,0.12882096069868995,0.5069444444444444,1.220703125e-08
214,train,0.35171252580588325,0.9048793859649122,0.06465899025686449,0.1446043165467626,1.220703125e-08
214,val,0.7607513506354979,0.725201072386059,0.12882096069868995,0.5069444444444444,1.220703125e-08
215,train,0.3439304741066799,0.9095394736842105,0.06864481842338352,0.12589928057553956,1.220703125e-08
215,val,0.7607696692361908,0.725201072386059,0.12882096069868995,0.5069444444444444,1.220703125e-08
216,train,0.35381055074302775,0.9032346491228069,0.06731620903454384,0.1446043165467626,1.220703125e-08
216,val,0.7607094877207248,0.725201072386059,0.12882096069868995,0.5069444444444444,1.220703125e-08
217,train,0.35115489540131467,0.9073464912280701,0.06953055801594331,0.1302158273381295,1.220703125e-08
217,val,0.7606982031073072,0.725201072386059,0.12882096069868995,0.5069444444444444,1.220703125e-08
218,train,0.35105686530209423,0.9021381578947368,0.07218777679362268,0.13956834532374102,1.220703125e-08
218,val,0.7607569342963497,0.725201072386059,0.12882096069868995,0.5069444444444444,1.220703125e-08
219,train,0.3448887627506465,0.9089912280701754,0.0633303808680248,0.13597122302158274,1.220703125e-08
219,val,0.7608202472129392,0.725201072386059,0.12882096069868995,0.5069444444444444,1.220703125e-08
220,train,0.3507990302485332,0.9084429824561403,0.0637732506643047,0.1366906474820144,1.220703125e-08
220,val,0.7608768463773957,0.725201072386059,0.12882096069868995,0.5069444444444444,1.220703125e-08
221,train,0.3474813348107171,0.906798245614035,0.06864481842338352,0.13309352517985612,1.220703125e-08
221,val,0.760885529479776,0.725201072386059,0.12882096069868995,0.5069444444444444,1.220703125e-08
222,train,0.3469061253494338,0.9106359649122806,0.06775907883082374,0.12446043165467625,1.220703125e-08
222,val,0.7610084162001316,0.725201072386059,0.12882096069868995,0.5069444444444444,1.220703125e-08
223,train,0.3539818655372712,0.9040570175438596,0.06643046944198405,0.14388489208633093,1.220703125e-08
223,val,0.7610627179490976,0.725201072386059,0.12882096069868995,0.5069444444444444,1.220703125e-08
224,train,0.347769705153871,0.9070723684210525,0.06908768821966342,0.1316546762589928,1.220703125e-08
224,val,0.7609853196399781,0.725201072386059,0.12882096069868995,0.5069444444444444,1.220703125e-08
225,train,0.3520788775854989,0.9054276315789473,0.07440212577502214,0.12733812949640289,1.220703125e-08
225,val,0.760969974400211,0.725201072386059,0.12882096069868995,0.5069444444444444,1.220703125e-08
226,train,0.3538144846495829,0.9024122807017544,0.06554472984942426,0.14964028776978416,1.220703125e-08
226,val,0.7608378640608238,0.725201072386059,0.12882096069868995,0.5069444444444444,1.220703125e-08
227,train,0.35510480586896864,0.903782894736842,0.06908768821966342,0.14028776978417265,1.220703125e-08
227,val,0.7608292345706643,0.725201072386059,0.12882096069868995,0.5069444444444444,1.220703125e-08
228,train,0.3503824497262637,0.9048793859649122,0.06510186005314438,0.14388489208633093,1.220703125e-08
228,val,0.7607341899309338,0.725201072386059,0.12882096069868995,0.5069444444444444,1.220703125e-08
229,train,0.34465309774927927,0.9089912280701754,0.06953055801594331,0.12589928057553956,1.220703125e-08
229,val,0.7608505522597571,0.725201072386059,0.12882096069868995,0.5069444444444444,1.220703125e-08
230,train,0.3473804881306071,0.9059758771929824,0.06997342781222321,0.13309352517985612,1.220703125e-08
230,val,0.7609531174715978,0.725201072386059,0.12882096069868995,0.5069444444444444,1.220703125e-08
231,train,0.3458082772660674,0.9059758771929824,0.0637732506643047,0.14316546762589927,1.220703125e-08
231,val,0.7608440909884251,0.725201072386059,0.12882096069868995,0.5069444444444444,1.220703125e-08
232,train,0.36148926393504727,0.8969298245614035,0.07528786536758193,0.14820143884892087,1.220703125e-08
232,val,0.7607308138791102,0.725201072386059,0.12882096069868995,0.5069444444444444,1.220703125e-08
233,train,0.3540337446488832,0.9051535087719298,0.070859167404783,0.13381294964028778,1.220703125e-08
233,val,0.7606906365133802,0.725201072386059,0.12882096069868995,0.5069444444444444,1.220703125e-08
234,train,0.35377833874602066,0.9054276315789473,0.06643046944198405,0.14028776978417265,1.220703125e-08
234,val,0.760647274374003,0.725201072386059,0.12882096069868995,0.5069444444444444,1.220703125e-08
235,train,0.34988651470395554,0.9084429824561403,0.0704162976085031,0.12589928057553956,1.220703125e-08
235,val,0.7607419385347546,0.725201072386059,0.12882096069868995,0.5069444444444444,1.220703125e-08
236,train,0.3501281390587489,0.9078947368421052,0.06775907883082374,0.1316546762589928,1.220703125e-08
236,val,0.7606645356314432,0.725201072386059,0.12882096069868995,0.5069444444444444,1.220703125e-08
237,train,0.3481374079721016,0.9084429824561403,0.06775907883082374,0.1302158273381295,1.220703125e-08
237,val,0.7607142666389731,0.725201072386059,0.12882096069868995,0.5069444444444444,1.220703125e-08
238,train,0.35264655679725765,0.9054276315789473,0.062444641275465014,0.14676258992805755,1.220703125e-08
238,val,0.7606114018059288,0.725201072386059,0.12882096069868995,0.5069444444444444,1.220703125e-08
239,train,0.34909672623402194,0.9070723684210525,0.06643046944198405,0.13597122302158274,1.220703125e-08
239,val,0.76058796471629,0.725201072386059,0.12882096069868995,0.5069444444444444,1.220703125e-08
240,train,0.3479844719955796,0.9051535087719298,0.06864481842338352,0.13741007194244603,1.220703125e-08
240,val,0.7605344013937676,0.725201072386059,0.12882096069868995,0.5069444444444444,1.220703125e-08
241,train,0.3471562565680136,0.9073464912280701,0.061558901682905225,0.14316546762589927,1.220703125e-08
241,val,0.7605047659004661,0.725201072386059,0.12882096069868995,0.5069444444444444,1.220703125e-08
242,train,0.3503878648605263,0.903782894736842,0.06643046944198405,0.1446043165467626,1.220703125e-08
242,val,0.760424508965367,0.725201072386059,0.12882096069868995,0.5069444444444444,1.220703125e-08
243,train,0.35104544232027574,0.9089912280701754,0.062444641275465014,0.13741007194244603,1.220703125e-08
243,val,0.7604809139752835,0.725201072386059,0.12882096069868995,0.5069444444444444,1.220703125e-08
244,train,0.3453137402733167,0.9054276315789473,0.07351638618246235,0.12877697841726618,1.220703125e-08
244,val,0.7605147515161428,0.725201072386059,0.12882096069868995,0.5069444444444444,1.220703125e-08
245,train,0.35032713106065466,0.9054276315789473,0.06953055801594331,0.13525179856115108,1.220703125e-08
245,val,0.7606081432056171,0.725201072386059,0.12882096069868995,0.5069444444444444,1.220703125e-08
246,train,0.34611809783075986,0.9081688596491228,0.058015943312666074,0.14676258992805755,1.220703125e-08
246,val,0.760507726317756,0.725201072386059,0.12882096069868995,0.5069444444444444,1.220703125e-08
247,train,0.35035026583232376,0.909265350877193,0.05845881310894597,0.14316546762589927,1.220703125e-08
247,val,0.7605369947551083,0.725201072386059,0.12882096069868995,0.5069444444444444,1.220703125e-08
248,train,0.35299362961137504,0.9024122807017544,0.070859167404783,0.1410071942446043,1.220703125e-08
248,val,0.7605086596977295,0.725201072386059,0.12882096069868995,0.5069444444444444,1.220703125e-08
249,train,0.35055556782243547,0.9070723684210525,0.06687333923826395,0.13525179856115108,1.220703125e-08
249,val,0.7604145958979711,0.725201072386059,0.12882096069868995,0.5069444444444444,1.220703125e-08
250,train,0.3481429142779426,0.9065241228070174,0.06820194862710363,0.13453237410071942,1.220703125e-08
250,val,0.7603660339324787,0.725201072386059,0.12882096069868995,0.5069444444444444,1.220703125e-08
251,train,0.35159847048813836,0.9054276315789473,0.06997342781222321,0.13453237410071942,1.220703125e-08
251,val,0.7604719930935162,0.725201072386059,0.12882096069868995,0.5069444444444444,1.220703125e-08
252,train,0.3489523954166655,0.9065241228070174,0.06731620903454384,0.13597122302158274,1.220703125e-08
252,val,0.7605722129504738,0.725201072386059,0.12882096069868995,0.5069444444444444,1.220703125e-08
253,train,0.3441036126592703,0.9084429824561403,0.06731620903454384,0.13093525179856116,1.220703125e-08
253,val,0.7606032236651505,0.725201072386059,0.12882096069868995,0.5069444444444444,1.220703125e-08
254,train,0.3535386843508796,0.9059758771929824,0.06953055801594331,0.13381294964028778,1.220703125e-08
254,val,0.7607477872205484,0.725201072386059,0.12882096069868995,0.5069444444444444,1.220703125e-08
255,train,0.34643007834490974,0.9076206140350876,0.06598759964570416,0.13525179856115108,1.220703125e-08
255,val,0.7607576955739039,0.725201072386059,0.12882096069868995,0.5069444444444444,1.220703125e-08
256,train,0.35245427502351895,0.906798245614035,0.06731620903454384,0.13525179856115108,1.220703125e-08
256,val,0.7608056672456757,0.725201072386059,0.12882096069868995,0.5069444444444444,1.220703125e-08
257,train,0.35233080681217344,0.906798245614035,0.06288751107174491,0.14244604316546763,1.220703125e-08
257,val,0.7607473750216711,0.725201072386059,0.12882096069868995,0.5069444444444444,1.220703125e-08
258,train,0.3517485641335186,0.9013157894736842,0.07263064658990256,0.1410071942446043,1.220703125e-08
258,val,0.760743363373401,0.725201072386059,0.12882096069868995,0.5069444444444444,1.220703125e-08
259,train,0.35107447546825077,0.9054276315789473,0.06775907883082374,0.1381294964028777,1.220703125e-08
259,val,0.7606288217028089,0.725201072386059,0.12882096069868995,0.5069444444444444,1.220703125e-08
260,train,0.3486989503889753,0.9076206140350876,0.070859167404783,0.12733812949640289,1.220703125e-08
260,val,0.7605515899031795,0.725201072386059,0.12882096069868995,0.5069444444444444,1.220703125e-08
261,train,0.34905566072516275,0.9087171052631579,0.06908768821966342,0.12733812949640289,1.220703125e-08
261,val,0.7605946319672122,0.725201072386059,0.12882096069868995,0.5069444444444444,1.220703125e-08
262,train,0.34089653207021847,0.9120065789473684,0.06820194862710363,0.12014388489208633,1.220703125e-08
262,val,0.7606675155041365,0.725201072386059,0.12882096069868995,0.5069444444444444,1.220703125e-08
263,train,0.3511301375794829,0.9043311403508771,0.0704162976085031,0.1366906474820144,1.220703125e-08
263,val,0.7606399326957263,0.725201072386059,0.12882096069868995,0.5069444444444444,1.220703125e-08
264,train,0.3447059544554928,0.9147478070175438,0.06200177147918512,0.12302158273381295,1.220703125e-08
264,val,0.7607111638416874,0.725201072386059,0.12882096069868995,0.5069444444444444,1.220703125e-08
265,train,0.3552805750647135,0.9024122807017544,0.07440212577502214,0.13525179856115108,1.220703125e-08
265,val,0.7608152630341916,0.725201072386059,0.12882096069868995,0.5069444444444444,1.220703125e-08
266,train,0.343116649083401,0.9054276315789473,0.070859167404783,0.13309352517985612,1.220703125e-08
266,val,0.7608611895315769,0.725201072386059,0.12882096069868995,0.5069444444444444,1.220703125e-08
267,train,0.3487425543237151,0.9065241228070174,0.06554472984942426,0.13884892086330936,1.220703125e-08
267,val,0.7608858027343136,0.725201072386059,0.12882096069868995,0.5069444444444444,1.220703125e-08
268,train,0.34967636813720065,0.9043311403508771,0.06953055801594331,0.1381294964028777,1.220703125e-08
268,val,0.7607578625627881,0.725201072386059,0.12882096069868995,0.5069444444444444,1.220703125e-08
269,train,0.3487657929460208,0.9032346491228069,0.06731620903454384,0.1446043165467626,1.220703125e-08
269,val,0.7609129878854624,0.725201072386059,0.12882096069868995,0.5069444444444444,1.220703125e-08
270,train,0.35041438167293865,0.9089912280701754,0.06465899025686449,0.13381294964028778,1.220703125e-08
270,val,0.7607838628119502,0.725201072386059,0.12882096069868995,0.5069444444444444,1.220703125e-08
271,train,0.3470152709306332,0.910361842105263,0.06643046944198405,0.12733812949640289,1.220703125e-08
271,val,0.7608260050535841,0.725201072386059,0.12882096069868995,0.5069444444444444,1.220703125e-08
272,train,0.3485518370411898,0.9087171052631579,0.06554472984942426,0.13309352517985612,1.220703125e-08
272,val,0.760787385718113,0.725201072386059,0.12882096069868995,0.5069444444444444,1.220703125e-08
273,train,0.3522072250775078,0.9040570175438596,0.070859167404783,0.1366906474820144,1.220703125e-08
273,val,0.760714809632493,0.725201072386059,0.12882096069868995,0.5069444444444444,1.220703125e-08
274,train,0.3512907976513369,0.9070723684210525,0.06820194862710363,0.13309352517985612,1.220703125e-08
274,val,0.7607728687112517,0.725201072386059,0.12882096069868995,0.5069444444444444,1.220703125e-08
275,train,0.3411960263916275,0.9147478070175438,0.062444641275465014,0.1223021582733813,1.220703125e-08
275,val,0.7608522298189014,0.725201072386059,0.12882096069868995,0.5069444444444444,1.220703125e-08
276,train,0.3467953863243262,0.9078947368421052,0.06510186005314438,0.13597122302158274,1.220703125e-08
276,val,0.7609888487782619,0.725201072386059,0.12882096069868995,0.5069444444444444,1.220703125e-08
277,train,0.35264733289940314,0.903782894736842,0.07174490699734277,0.13597122302158274,1.220703125e-08
277,val,0.7609048656739754,0.725201072386059,0.12882096069868995,0.5069444444444444,1.220703125e-08
278,train,0.35488263752899674,0.8996710526315789,0.06775907883082374,0.15323741007194244,1.220703125e-08
278,val,0.7608978144285187,0.725201072386059,0.12882096069868995,0.5069444444444444,1.220703125e-08
279,train,0.346986130860291,0.9084429824561403,0.06643046944198405,0.13237410071942446,1.220703125e-08
279,val,0.7609734279540524,0.725201072386059,0.12882096069868995,0.5069444444444444,1.220703125e-08
280,train,0.3489717703247279,0.9029605263157894,0.07218777679362268,0.13741007194244603,1.220703125e-08
280,val,0.7608688345863097,0.725201072386059,0.12882096069868995,0.5069444444444444,1.220703125e-08
281,train,0.34491836142383125,0.9114583333333333,0.06731620903454384,0.12302158273381295,1.220703125e-08
281,val,0.7609215107104733,0.725201072386059,0.12882096069868995,0.5069444444444444,1.220703125e-08
282,train,0.3531131115006773,0.9043311403508771,0.06953055801594331,0.1381294964028777,1.220703125e-08
282,val,0.7608972340422725,0.725201072386059,0.12882096069868995,0.5069444444444444,1.220703125e-08
283,train,0.358073498334801,0.8980263157894737,0.07440212577502214,0.14676258992805755,1.220703125e-08
283,val,0.760933383220642,0.725201072386059,0.12882096069868995,0.5069444444444444,1.220703125e-08
284,train,0.34228028716486797,0.910361842105263,0.06421612046058459,0.13093525179856116,1.220703125e-08
284,val,0.7609428138579504,0.725201072386059,0.12882096069868995,0.5069444444444444,1.220703125e-08
285,train,0.34995066015082493,0.9026864035087718,0.07440212577502214,0.13453237410071942,1.220703125e-08
285,val,0.7608776686977765,0.725201072386059,0.12882096069868995,0.5069444444444444,1.220703125e-08
286,train,0.35159535026341154,0.9040570175438596,0.0704162976085031,0.13741007194244603,1.220703125e-08
286,val,0.7609042005948023,0.725201072386059,0.12882096069868995,0.5069444444444444,1.220703125e-08
287,train,0.3517895537640965,0.9059758771929824,0.0637732506643047,0.14316546762589927,1.220703125e-08
287,val,0.7608578604603581,0.725201072386059,0.12882096069868995,0.5069444444444444,1.220703125e-08
288,train,0.3512913984687705,0.9040570175438596,0.070859167404783,0.1366906474820144,1.220703125e-08
288,val,0.7606565031864688,0.725201072386059,0.12882096069868995,0.5069444444444444,1.220703125e-08
289,train,0.3495850846694227,0.9057017543859649,0.06908768821966342,0.13525179856115108,1.220703125e-08
289,val,0.7607963676427069,0.725201072386059,0.12882096069868995,0.5069444444444444,1.220703125e-08
290,train,0.3496095956417552,0.9076206140350876,0.06820194862710363,0.1316546762589928,1.220703125e-08
290,val,0.7608379413231449,0.725201072386059,0.12882096069868995,0.5069444444444444,1.220703125e-08
291,train,0.35642447466390176,0.9032346491228069,0.06687333923826395,0.14532374100719425,1.220703125e-08
291,val,0.760867701618665,0.725201072386059,0.12882096069868995,0.5069444444444444,1.220703125e-08
292,train,0.3503957343728919,0.906798245614035,0.06820194862710363,0.13381294964028778,1.220703125e-08
292,val,0.7607800708059971,0.725201072386059,0.12882096069868995,0.5069444444444444,1.220703125e-08
293,train,0.35303261980675815,0.9059758771929824,0.06953055801594331,0.13381294964028778,1.220703125e-08
293,val,0.7607892473645249,0.725201072386059,0.12882096069868995,0.5069444444444444,1.220703125e-08
294,train,0.34613546343487606,0.9109100877192982,0.06731620903454384,0.12446043165467625,1.220703125e-08
294,val,0.7608582562799429,0.725201072386059,0.12882096069868995,0.5069444444444444,1.220703125e-08
295,train,0.34789724223185003,0.9098135964912281,0.06687333923826395,0.12805755395683452,1.220703125e-08
295,val,0.7607573705448222,0.725201072386059,0.12882096069868995,0.5069444444444444,1.220703125e-08
296,train,0.34921978590519803,0.9059758771929824,0.06554472984942426,0.14028776978417265,1.220703125e-08
296,val,0.7607120871543884,0.725201072386059,0.12882096069868995,0.5069444444444444,1.220703125e-08
297,train,0.35352172539160964,0.9029605263157894,0.06643046944198405,0.14676258992805755,1.220703125e-08
297,val,0.7607026891158669,0.725201072386059,0.12882096069868995,0.5069444444444444,1.220703125e-08
298,train,0.3474516605860309,0.9120065789473684,0.0637732506643047,0.12733812949640289,1.220703125e-08
298,val,0.7606411497970049,0.725201072386059,0.12882096069868995,0.5069444444444444,1.220703125e-08
299,train,0.3516706530854367,0.9051535087719298,0.06864481842338352,0.13741007194244603,1.220703125e-08
299,val,0.7607178577788714,0.725201072386059,0.12882096069868995,0.5069444444444444,1.220703125e-08
300,train,0.3518251513964252,0.9073464912280701,0.070859167404783,0.12805755395683452,1.220703125e-08
300,val,0.7607948797637591,0.725201072386059,0.12882096069868995,0.5069444444444444,1.220703125e-08
301,train,0.3476654555844633,0.9089912280701754,0.06111603188662533,0.13956834532374102,1.220703125e-08
301,val,0.7606437564215776,0.725201072386059,0.12882096069868995,0.5069444444444444,1.220703125e-08
302,train,0.3499282340992961,0.9054276315789473,0.06820194862710363,0.13741007194244603,1.220703125e-08
302,val,0.7605846337274955,0.725201072386059,0.12882096069868995,0.5069444444444444,1.220703125e-08
303,train,0.35759672535616055,0.9048793859649122,0.06997342781222321,0.13597122302158274,1.220703125e-08
303,val,0.7606009749880425,0.725201072386059,0.12882096069868995,0.5069444444444444,1.220703125e-08
304,train,0.35990421853044574,0.8985745614035088,0.07307351638618247,0.1474820143884892,1.220703125e-08
304,val,0.7606998233788774,0.725201072386059,0.12882096069868995,0.5069444444444444,1.220703125e-08
305,train,0.35894148391589786,0.9024122807017544,0.07130203720106289,0.14028776978417265,1.220703125e-08
305,val,0.7606378045861907,0.725201072386059,0.12882096069868995,0.5069444444444444,1.220703125e-08
306,train,0.35016817893636853,0.9035087719298245,0.07307351638618247,0.13453237410071942,1.220703125e-08
306,val,0.7606361578680555,0.725201072386059,0.12882096069868995,0.5069444444444444,1.220703125e-08
307,train,0.340793889015913,0.9131030701754386,0.06598759964570416,0.12086330935251799,1.220703125e-08
307,val,0.7606857471747309,0.725201072386059,0.12882096069868995,0.5069444444444444,1.220703125e-08
308,train,0.3466563799271458,0.9089912280701754,0.06731620903454384,0.12949640287769784,1.220703125e-08
308,val,0.7607168831710202,0.725201072386059,0.12882096069868995,0.5069444444444444,1.220703125e-08
309,train,0.3446509017886823,0.9120065789473684,0.06687333923826395,0.1223021582733813,1.220703125e-08
309,val,0.7608015193696316,0.725201072386059,0.12882096069868995,0.5069444444444444,1.220703125e-08
310,train,0.3503594423333804,0.9057017543859649,0.07263064658990256,0.12949640287769784,1.220703125e-08
310,val,0.7607594645374901,0.725201072386059,0.12882096069868995,0.5069444444444444,1.220703125e-08
311,train,0.3446276625128169,0.9133771929824561,0.060673162090345435,0.12877697841726618,1.220703125e-08
311,val,0.7607898506018815,0.725201072386059,0.12882096069868995,0.5069444444444444,1.220703125e-08
312,train,0.35074191958757867,0.90625,0.062444641275465014,0.1446043165467626,1.220703125e-08
312,val,0.7607708526999957,0.725201072386059,0.12882096069868995,0.5069444444444444,1.220703125e-08
313,train,0.35296166544420676,0.90625,0.06200177147918512,0.14532374100719425,1.220703125e-08
313,val,0.7606740784069808,0.725201072386059,0.12882096069868995,0.5069444444444444,1.220703125e-08
314,train,0.35241942715487984,0.9018640350877193,0.06820194862710363,0.14676258992805755,1.220703125e-08
314,val,0.7605775607495142,0.725201072386059,0.12882096069868995,0.5069444444444444,1.220703125e-08
315,train,0.35553864232803645,0.9007675438596491,0.07351638618246235,0.1410071942446043,1.220703125e-08
315,val,0.7605994022563699,0.725201072386059,0.12882096069868995,0.5069444444444444,1.220703125e-08
316,train,0.34822692990041615,0.9024122807017544,0.07307351638618247,0.13741007194244603,1.220703125e-08
316,val,0.760521682593522,0.725201072386059,0.12882096069868995,0.5069444444444444,1.220703125e-08
317,train,0.36213409743810954,0.897203947368421,0.07661647475642161,0.14532374100719425,1.220703125e-08
317,val,0.7604301845100546,0.725201072386059,0.12882096069868995,0.5069444444444444,1.220703125e-08
318,train,0.3515725099857439,0.9026864035087718,0.06598759964570416,0.14820143884892087,1.220703125e-08
318,val,0.7602668390197345,0.725201072386059,0.12882096069868995,0.5069444444444444,1.220703125e-08
319,train,0.35304638436227515,0.9035087719298245,0.07351638618246235,0.13381294964028778,1.220703125e-08
319,val,0.760246236266783,0.725201072386059,0.12882096069868995,0.5069444444444444,1.220703125e-08
320,train,0.3469030041443674,0.9070723684210525,0.0637732506643047,0.14028776978417265,1.220703125e-08
320,val,0.7602613894293839,0.725201072386059,0.12882096069868995,0.5069444444444444,1.220703125e-08
321,train,0.3443846890147318,0.9087171052631579,0.06598759964570416,0.13237410071942446,1.220703125e-08
321,val,0.7603542958124074,0.725201072386059,0.12882096069868995,0.5069444444444444,1.220703125e-08
322,train,0.35157783852334606,0.9010416666666666,0.0704162976085031,0.14532374100719425,1.220703125e-08
322,val,0.760296584134447,0.725201072386059,0.12882096069868995,0.5069444444444444,1.220703125e-08
323,train,0.35236326624688347,0.9059758771929824,0.061558901682905225,0.14676258992805755,1.220703125e-08
323,val,0.7602605233243579,0.725201072386059,0.12882096069868995,0.5069444444444444,1.220703125e-08
324,train,0.35319626703858376,0.903782894736842,0.06820194862710363,0.14172661870503597,1.220703125e-08
324,val,0.7602908020045099,0.725201072386059,0.12882096069868995,0.5069444444444444,1.220703125e-08
325,train,0.3492546816144073,0.9100877192982456,0.06288751107174491,0.13381294964028778,1.220703125e-08
325,val,0.7602223781094793,0.725201072386059,0.12882096069868995,0.5069444444444444,1.220703125e-08
326,train,0.3488190562317246,0.9109100877192982,0.06421612046058459,0.12949640287769784,1.220703125e-08
326,val,0.7603383153756885,0.725201072386059,0.12882096069868995,0.5069444444444444,1.220703125e-08
327,train,0.34668767615629914,0.9109100877192982,0.061558901682905225,0.13381294964028778,1.220703125e-08
327,val,0.7603075814311051,0.725201072386059,0.12882096069868995,0.5069444444444444,1.220703125e-08
328,train,0.3508622938472974,0.903782894736842,0.06731620903454384,0.14316546762589927,1.220703125e-08
328,val,0.7602894935786884,0.725201072386059,0.12882096069868995,0.5069444444444444,1.220703125e-08
329,train,0.34884158162432805,0.9065241228070174,0.07263064658990256,0.12733812949640289,1.220703125e-08
329,val,0.7604096424803337,0.725201072386059,0.12882096069868995,0.5069444444444444,1.220703125e-08
330,train,0.3504663231341462,0.9095394736842105,0.06598759964570416,0.1302158273381295,1.220703125e-08
330,val,0.7603829908946245,0.725201072386059,0.12882096069868995,0.5069444444444444,1.220703125e-08
331,train,0.35253551445509257,0.9070723684210525,0.07130203720106289,0.12805755395683452,1.220703125e-08
331,val,0.7604435803743214,0.725201072386059,0.12882096069868995,0.5069444444444444,1.220703125e-08
332,train,0.3419326424206558,0.9166666666666666,0.05978742249778565,0.12158273381294964,1.220703125e-08
332,val,0.7605138687921273,0.725201072386059,0.12882096069868995,0.5069444444444444,1.220703125e-08
333,train,0.35313197924641143,0.9081688596491228,0.07307351638618247,0.1223021582733813,1.220703125e-08
333,val,0.7604621632808655,0.725201072386059,0.12882096069868995,0.5069444444444444,1.220703125e-08
334,train,0.35010896002252895,0.90625,0.06598759964570416,0.13884892086330936,1.220703125e-08
334,val,0.7604815844875877,0.725201072386059,0.12882096069868995,0.5069444444444444,1.220703125e-08
335,train,0.3424879951043087,0.9136513157894737,0.06421612046058459,0.1223021582733813,1.220703125e-08
335,val,0.7606197002745825,0.725201072386059,0.12882096069868995,0.5069444444444444,1.220703125e-08
336,train,0.3505357749629439,0.9084429824561403,0.06510186005314438,0.13453237410071942,1.220703125e-08
336,val,0.7607446594148795,0.725201072386059,0.12882096069868995,0.5069444444444444,1.220703125e-08
337,train,0.3516576733897653,0.9051535087719298,0.06643046944198405,0.1410071942446043,1.220703125e-08
337,val,0.7606797371728811,0.725201072386059,0.12882096069868995,0.5069444444444444,1.220703125e-08
338,train,0.34444651046865865,0.9144736842105262,0.05580159433126661,0.13381294964028778,1.220703125e-08
338,val,0.7606793864163253,0.725201072386059,0.12882096069868995,0.5069444444444444,1.220703125e-08
339,train,0.34862090464223894,0.9089912280701754,0.06200177147918512,0.1381294964028777,1.220703125e-08
339,val,0.7605368234516788,0.725201072386059,0.12882096069868995,0.5069444444444444,1.220703125e-08
340,train,0.3556052094750237,0.9059758771929824,0.06687333923826395,0.1381294964028777,1.220703125e-08
340,val,0.7604576004094796,0.725201072386059,0.12882096069868995,0.5069444444444444,1.220703125e-08
341,train,0.35290090314913214,0.9032346491228069,0.07130203720106289,0.1381294964028777,1.220703125e-08
341,val,0.7603100163527532,0.725201072386059,0.12882096069868995,0.5069444444444444,1.220703125e-08
342,train,0.3581065208765498,0.9026864035087718,0.06598759964570416,0.14820143884892087,1.220703125e-08
342,val,0.760256788046686,0.725201072386059,0.12882096069868995,0.5069444444444444,1.220703125e-08
343,train,0.3451509585506038,0.9111842105263157,0.0637732506643047,0.12949640287769784,1.220703125e-08
343,val,0.7602593949908546,0.725201072386059,0.12882096069868995,0.5069444444444444,1.220703125e-08
344,train,0.34746457420681653,0.9109100877192982,0.06421612046058459,0.12949640287769784,1.220703125e-08
344,val,0.7601543191930245,0.725201072386059,0.12882096069868995,0.5069444444444444,1.220703125e-08
345,train,0.34996465913820685,0.9076206140350876,0.06643046944198405,0.13453237410071942,1.220703125e-08
345,val,0.7602287022741486,0.725201072386059,0.12882096069868995,0.5069444444444444,1.220703125e-08
346,train,0.34993080036681995,0.9026864035087718,0.07351638618246235,0.13597122302158274,1.220703125e-08
346,val,0.7603332272483581,0.725201072386059,0.12882096069868995,0.5069444444444444,1.220703125e-08
347,train,0.3410859606637244,0.9144736842105262,0.06421612046058459,0.12014388489208633,1.220703125e-08
347,val,0.7603736214599405,0.725201072386059,0.12882096069868995,0.5069444444444444,1.220703125e-08
348,train,0.3521345191749564,0.9078947368421052,0.060673162090345435,0.14316546762589927,1.220703125e-08
348,val,0.7602673238467914,0.725201072386059,0.12882096069868995,0.5069444444444444,1.220703125e-08
349,train,0.3457692449160835,0.9125548245614035,0.06111603188662533,0.1302158273381295,1.220703125e-08
349,val,0.7602143992367763,0.725201072386059,0.12882096069868995,0.5069444444444444,1.220703125e-08
350,train,0.34374066023973,0.910361842105263,0.06288751107174491,0.13309352517985612,1.220703125e-08
350,val,0.7603868896456251,0.725201072386059,0.12882096069868995,0.5069444444444444,1.220703125e-08
351,train,0.3455542802418533,0.9131030701754386,0.06643046944198405,0.12014388489208633,1.220703125e-08
351,val,0.7606177432287794,0.725201072386059,0.12882096069868995,0.5069444444444444,1.220703125e-08
352,train,0.34584396156041247,0.9065241228070174,0.06864481842338352,0.13381294964028778,1.220703125e-08
352,val,0.7605063157810282,0.725201072386059,0.12882096069868995,0.5069444444444444,1.220703125e-08
353,train,0.3465866449109295,0.9089912280701754,0.0633303808680248,0.13597122302158274,1.220703125e-08
353,val,0.7603935623296784,0.725201072386059,0.12882096069868995,0.5069444444444444,1.220703125e-08
354,train,0.3510006732846561,0.9065241228070174,0.06820194862710363,0.13453237410071942,1.220703125e-08
354,val,0.7604612394887704,0.725201072386059,0.12882096069868995,0.5069444444444444,1.220703125e-08
355,train,0.34717858510843497,0.909265350877193,0.06908768821966342,0.12589928057553956,1.220703125e-08
355,val,0.7604972857572438,0.725201072386059,0.12882096069868995,0.5069444444444444,1.220703125e-08
356,train,0.34403304853721667,0.9076206140350876,0.0704162976085031,0.12805755395683452,1.220703125e-08
356,val,0.7605635784266781,0.725201072386059,0.12882096069868995,0.5069444444444444,1.220703125e-08
357,train,0.3495666463777684,0.9070723684210525,0.06465899025686449,0.13884892086330936,1.220703125e-08
357,val,0.7605275682725472,0.725201072386059,0.12882096069868995,0.5069444444444444,1.220703125e-08
358,train,0.348850209984863,0.9098135964912281,0.06643046944198405,0.12877697841726618,1.220703125e-08
358,val,0.7606545554089482,0.725201072386059,0.12882096069868995,0.5069444444444444,1.220703125e-08
359,train,0.3530605656274578,0.9040570175438596,0.06864481842338352,0.14028776978417265,1.220703125e-08
359,val,0.7605874210835781,0.725201072386059,0.12882096069868995,0.5069444444444444,1.220703125e-08
360,train,0.35101201254547687,0.9095394736842105,0.0637732506643047,0.13381294964028778,1.220703125e-08
360,val,0.7605197869900404,0.725201072386059,0.12882096069868995,0.5069444444444444,1.220703125e-08
361,train,0.35238695987745333,0.9065241228070174,0.07130203720106289,0.12949640287769784,1.220703125e-08
361,val,0.7605089351894389,0.725201072386059,0.12882096069868995,0.5069444444444444,1.220703125e-08
362,train,0.34975751750824746,0.9065241228070174,0.06997342781222321,0.1316546762589928,1.220703125e-08
362,val,0.7605303784797403,0.725201072386059,0.12882096069868995,0.5069444444444444,1.220703125e-08
363,train,0.347657596529053,0.910361842105263,0.06421612046058459,0.13093525179856116,1.220703125e-08
363,val,0.760417543531423,0.725201072386059,0.12882096069868995,0.5069444444444444,1.220703125e-08
364,train,0.3479669494064231,0.9048793859649122,0.070859167404783,0.13453237410071942,1.220703125e-08
364,val,0.7605507094163357,0.725201072386059,0.12882096069868995,0.5069444444444444,1.220703125e-08
365,train,0.35030845729143995,0.9076206140350876,0.06023029229406555,0.1446043165467626,1.220703125e-08
365,val,0.7602992706580073,0.725201072386059,0.12882096069868995,0.5069444444444444,1.220703125e-08
366,train,0.3462412850767897,0.9114583333333333,0.06731620903454384,0.12302158273381295,1.220703125e-08
366,val,0.7603239834148826,0.725201072386059,0.12882096069868995,0.5069444444444444,1.220703125e-08
367,train,0.3526949578602063,0.9018640350877193,0.0704162976085031,0.14316546762589927,1.220703125e-08
367,val,0.7603710135569841,0.725201072386059,0.12882096069868995,0.5069444444444444,1.220703125e-08
368,train,0.3486031528496951,0.9029605263157894,0.06908768821966342,0.14244604316546763,1.220703125e-08
368,val,0.7603273974986242,0.725201072386059,0.12882096069868995,0.5069444444444444,1.220703125e-08
369,train,0.3448405779506031,0.9122807017543859,0.05978742249778565,0.13309352517985612,1.220703125e-08
369,val,0.7602592457395456,0.725201072386059,0.12882096069868995,0.5069444444444444,1.220703125e-08
370,train,0.3548743317655304,0.9048793859649122,0.07130203720106289,0.13381294964028778,1.220703125e-08
370,val,0.7602833614911854,0.725201072386059,0.12882096069868995,0.5069444444444444,1.220703125e-08
371,train,0.354671557875056,0.9024122807017544,0.07617360496014172,0.13237410071942446,1.220703125e-08
371,val,0.7602918339798341,0.725201072386059,0.12882096069868995,0.5069444444444444,1.220703125e-08
372,train,0.34689536886779887,0.910361842105263,0.0637732506643047,0.1316546762589928,1.220703125e-08
372,val,0.7603124236293517,0.725201072386059,0.12882096069868995,0.5069444444444444,1.220703125e-08
373,train,0.3561984554848127,0.9021381578947368,0.06598759964570416,0.14964028776978416,1.220703125e-08
373,val,0.7602432050589901,0.725201072386059,0.12882096069868995,0.5069444444444444,1.220703125e-08
374,train,0.351998083162726,0.9040570175438596,0.06997342781222321,0.1381294964028777,1.220703125e-08
374,val,0.7602589814336945,0.725201072386059,0.12882096069868995,0.5069444444444444,1.220703125e-08
375,train,0.3500818463140412,0.9057017543859649,0.07307351638618247,0.12877697841726618,1.220703125e-08
375,val,0.760317687214859,0.725201072386059,0.12882096069868995,0.5069444444444444,1.220703125e-08
376,train,0.35224401983514164,0.9057017543859649,0.06687333923826395,0.13884892086330936,1.220703125e-08
376,val,0.7602924976208255,0.725201072386059,0.12882096069868995,0.5069444444444444,1.220703125e-08
377,train,0.3566401729588969,0.8974780701754386,0.07838795394154119,0.14172661870503597,1.220703125e-08
377,val,0.7603767845010629,0.725201072386059,0.12882096069868995,0.5069444444444444,1.220703125e-08
378,train,0.35048580359210046,0.903782894736842,0.06953055801594331,0.13956834532374102,1.220703125e-08
378,val,0.7605398281330078,0.725201072386059,0.12882096069868995,0.5069444444444444,1.220703125e-08
379,train,0.3465426391023293,0.9084429824561403,0.06687333923826395,0.1316546762589928,1.220703125e-08
379,val,0.7605804852122596,0.725201072386059,0.12882096069868995,0.5069444444444444,1.220703125e-08
380,train,0.34956937427060647,0.9059758771929824,0.06643046944198405,0.13884892086330936,1.220703125e-08
380,val,0.760400265055751,0.725201072386059,0.12882096069868995,0.5069444444444444,1.220703125e-08
381,train,0.34943789322125285,0.9100877192982456,0.062444641275465014,0.13453237410071942,1.220703125e-08
381,val,0.7603893177758593,0.725201072386059,0.12882096069868995,0.5069444444444444,1.220703125e-08
382,train,0.3475211116959128,0.9122807017543859,0.06023029229406555,0.13237410071942446,1.220703125e-08
382,val,0.7602626877879329,0.725201072386059,0.12882096069868995,0.5069444444444444,1.220703125e-08
383,train,0.35238850332404437,0.9065241228070174,0.062444641275465014,0.14388489208633093,1.220703125e-08
383,val,0.7601447353094577,0.725201072386059,0.12882096069868995,0.5069444444444444,1.220703125e-08
384,train,0.3461998533130738,0.9100877192982456,0.06421612046058459,0.1316546762589928,1.220703125e-08
384,val,0.7602186757501904,0.725201072386059,0.12882096069868995,0.5069444444444444,1.220703125e-08
385,train,0.3455290105520633,0.9100877192982456,0.06687333923826395,0.12733812949640289,1.220703125e-08
385,val,0.7604372819371262,0.725201072386059,0.12882096069868995,0.5069444444444444,1.220703125e-08
386,train,0.3553460822685769,0.9026864035087718,0.06643046944198405,0.1474820143884892,1.220703125e-08
386,val,0.7602456767341726,0.725201072386059,0.12882096069868995,0.5069444444444444,1.220703125e-08
387,train,0.3468711793814835,0.9065241228070174,0.06421612046058459,0.1410071942446043,1.220703125e-08
387,val,0.7602236773469173,0.725201072386059,0.12882096069868995,0.5069444444444444,1.220703125e-08
388,train,0.3500307478141366,0.9100877192982456,0.061558901682905225,0.13597122302158274,1.220703125e-08
388,val,0.760195759282355,0.725201072386059,0.12882096069868995,0.5069444444444444,1.220703125e-08
389,train,0.34660490739502403,0.9109100877192982,0.06111603188662533,0.13453237410071942,1.220703125e-08
389,val,0.760273665189743,0.725201072386059,0.12882096069868995,0.5069444444444444,1.220703125e-08
390,train,0.340462149758088,0.9147478070175438,0.06200177147918512,0.12302158273381295,1.220703125e-08
390,val,0.7604048763459234,0.725201072386059,0.12882096069868995,0.5069444444444444,1.220703125e-08
391,train,0.34850184756674263,0.9089912280701754,0.06111603188662533,0.13956834532374102,1.220703125e-08
391,val,0.7603863420179638,0.725201072386059,0.12882096069868995,0.5069444444444444,1.220703125e-08
392,train,0.3552046235193286,0.9043311403508771,0.06421612046058459,0.14676258992805755,1.220703125e-08
392,val,0.7602083925906838,0.725201072386059,0.12882096069868995,0.5069444444444444,1.220703125e-08
393,train,0.3456915552940285,0.9136513157894737,0.05934455270150576,0.1302158273381295,1.220703125e-08
393,val,0.7601309997146954,0.725201072386059,0.12882096069868995,0.5069444444444444,1.220703125e-08
394,train,0.3526486572074263,0.9059758771929824,0.06820194862710363,0.13597122302158274,1.220703125e-08
394,val,0.7601655942185634,0.725201072386059,0.12882096069868995,0.5069444444444444,1.220703125e-08
395,train,0.34589604131485285,0.9131030701754386,0.06023029229406555,0.1302158273381295,1.220703125e-08
395,val,0.7601712485101204,0.725201072386059,0.12882096069868995,0.5069444444444444,1.220703125e-08
396,train,0.3429732860572505,0.9131030701754386,0.05890168290522586,0.13237410071942446,1.220703125e-08
396,val,0.7602741989948795,0.725201072386059,0.12882096069868995,0.5069444444444444,1.220703125e-08
397,train,0.3447795799819001,0.9131030701754386,0.060673162090345435,0.12949640287769784,1.220703125e-08
397,val,0.7602932683264602,0.725201072386059,0.12882096069868995,0.5069444444444444,1.220703125e-08
398,train,0.3518333923267691,0.9029605263157894,0.0633303808680248,0.15179856115107915,1.220703125e-08
398,val,0.7603181794725219,0.725201072386059,0.12882096069868995,0.5069444444444444,1.220703125e-08
399,train,0.35131777541940673,0.9081688596491228,0.06687333923826395,0.13237410071942446,1.220703125e-08
399,val,0.7604452341235675,0.725201072386059,0.12882096069868995,0.5069444444444444,1.220703125e-08
400,train,0.35063370193044346,0.9046052631578947,0.06554472984942426,0.14388489208633093,1.220703125e-08
400,val,0.7604358424769649,0.725201072386059,0.12882096069868995,0.5069444444444444,1.220703125e-08
401,train,0.34800676936120317,0.9057017543859649,0.06864481842338352,0.13597122302158274,1.220703125e-08
401,val,0.7604618797992574,0.725201072386059,0.12882096069868995,0.5069444444444444,1.220703125e-08
402,train,0.34871967940738324,0.9081688596491228,0.06997342781222321,0.12733812949640289,1.220703125e-08
402,val,0.7604175118914238,0.725201072386059,0.12882096069868995,0.5069444444444444,1.220703125e-08
403,train,0.3548081062995551,0.9007675438596491,0.0704162976085031,0.1460431654676259,1.220703125e-08
403,val,0.7603829817861398,0.725201072386059,0.12882096069868995,0.5069444444444444,1.220703125e-08
404,train,0.34420267701671836,0.9078947368421052,0.06465899025686449,0.1366906474820144,1.220703125e-08
404,val,0.7603543662833144,0.725201072386059,0.12882096069868995,0.5069444444444444,1.220703125e-08
405,train,0.3457171152950379,0.9114583333333333,0.05757307351638618,0.13884892086330936,1.220703125e-08
405,val,0.7603242812783085,0.725201072386059,0.12882096069868995,0.5069444444444444,1.220703125e-08
406,train,0.3478687133705407,0.9100877192982456,0.06111603188662533,0.1366906474820144,1.220703125e-08
406,val,0.760345465216496,0.725201072386059,0.12882096069868995,0.5069444444444444,1.220703125e-08
407,train,0.35355763790900246,0.9046052631578947,0.06643046944198405,0.14244604316546763,1.220703125e-08
407,val,0.7603929408753526,0.725201072386059,0.12882096069868995,0.5069444444444444,1.220703125e-08
408,train,0.3457177791156267,0.9035087719298245,0.06953055801594331,0.14028776978417265,1.220703125e-08
408,val,0.7604830018956285,0.725201072386059,0.12882096069868995,0.5069444444444444,1.220703125e-08
409,train,0.35000329059466984,0.9078947368421052,0.06687333923826395,0.13309352517985612,1.220703125e-08
409,val,0.7604933488145271,0.725201072386059,0.12882096069868995,0.5069444444444444,1.220703125e-08
410,train,0.3490642265400343,0.9057017543859649,0.06864481842338352,0.13597122302158274,1.220703125e-08
410,val,0.7604963041182817,0.725201072386059,0.12882096069868995,0.5069444444444444,1.220703125e-08
411,train,0.3537885691774519,0.9021381578947368,0.07307351638618247,0.1381294964028777,1.220703125e-08
411,val,0.7604646318399875,0.725201072386059,0.12882096069868995,0.5069444444444444,1.220703125e-08
412,train,0.34733898676278296,0.9109100877192982,0.0633303808680248,0.13093525179856116,1.220703125e-08
412,val,0.7605267328487325,0.725201072386059,0.12882096069868995,0.5069444444444444,1.220703125e-08
413,train,0.35174876895912904,0.909265350877193,0.070859167404783,0.12302158273381295,1.220703125e-08
413,val,0.7605486510586164,0.725201072386059,0.12882096069868995,0.5069444444444444,1.220703125e-08
414,train,0.35291662818768565,0.9035087719298245,0.06643046944198405,0.14532374100719425,1.220703125e-08
414,val,0.7605315280663744,0.725201072386059,0.12882096069868995,0.5069444444444444,1.220703125e-08
415,train,0.3534190822719482,0.9054276315789473,0.07130203720106289,0.13237410071942446,1.220703125e-08
415,val,0.7604841840810495,0.725201072386059,0.12882096069868995,0.5069444444444444,1.220703125e-08
416,train,0.347336427357636,0.9087171052631579,0.06288751107174491,0.13741007194244603,1.220703125e-08
416,val,0.7603871796789502,0.725201072386059,0.12882096069868995,0.5069444444444444,1.220703125e-08
417,train,0.3505036687772525,0.906798245614035,0.06288751107174491,0.14244604316546763,1.220703125e-08
417,val,0.7603467044497942,0.725201072386059,0.12882096069868995,0.5069444444444444,1.220703125e-08
418,train,0.34660571905081733,0.9109100877192982,0.060673162090345435,0.13525179856115108,1.220703125e-08
418,val,0.7603755818615011,0.725201072386059,0.12882096069868995,0.5069444444444444,1.220703125e-08
419,train,0.3459685070995699,0.9081688596491228,0.06598759964570416,0.13381294964028778,1.220703125e-08
419,val,0.7604019552389355,0.725201072386059,0.12882096069868995,0.5069444444444444,1.220703125e-08
420,train,0.34336478988590996,0.9065241228070174,0.06510186005314438,0.13956834532374102,1.220703125e-08
420,val,0.7603361378885786,0.725201072386059,0.12882096069868995,0.5069444444444444,1.220703125e-08
421,train,0.34593439951800464,0.9136513157894737,0.06421612046058459,0.1223021582733813,1.220703125e-08
421,val,0.7605154827516776,0.725201072386059,0.12882096069868995,0.5069444444444444,1.220703125e-08
422,train,0.3465732403360961,0.9106359649122806,0.062444641275465014,0.13309352517985612,1.220703125e-08
422,val,0.7604428107872725,0.725201072386059,0.12882096069868995,0.5069444444444444,1.220703125e-08
423,train,0.35808551148102996,0.9013157894736842,0.06731620903454384,0.14964028776978416,1.220703125e-08
423,val,0.7604029669199169,0.725201072386059,0.12882096069868995,0.5069444444444444,1.220703125e-08
424,train,0.3427770978918201,0.9111842105263157,0.06953055801594331,0.12014388489208633,1.220703125e-08
424,val,0.7604972832004762,0.725201072386059,0.12882096069868995,0.5069444444444444,1.220703125e-08
425,train,0.34643370135311496,0.9013157894736842,0.07528786536758193,0.1366906474820144,1.220703125e-08
425,val,0.7605047064556193,0.725201072386059,0.12882096069868995,0.5069444444444444,1.220703125e-08
426,train,0.3472116798685308,0.9070723684210525,0.0633303808680248,0.1410071942446043,1.220703125e-08
426,val,0.7605579326044138,0.725201072386059,0.12882096069868995,0.5069444444444444,1.220703125e-08
427,train,0.3459956219191091,0.9081688596491228,0.07130203720106289,0.1251798561151079,1.220703125e-08
427,val,0.7606761960097995,0.725201072386059,0.12882096069868995,0.5069444444444444,1.220703125e-08
428,train,0.3425654055910152,0.9139254385964912,0.05845881310894597,0.13093525179856116,1.220703125e-08
428,val,0.7606433049922974,0.725201072386059,0.12882096069868995,0.5069444444444444,1.220703125e-08
429,train,0.35771072655916214,0.9048793859649122,0.07307351638618247,0.13093525179856116,1.220703125e-08
429,val,0.7606350733191973,0.725201072386059,0.12882096069868995,0.5069444444444444,1.220703125e-08
430,train,0.34900623971694394,0.9026864035087718,0.07263064658990256,0.13741007194244603,1.220703125e-08
430,val,0.7606967352031063,0.725201072386059,0.12882096069868995,0.5069444444444444,1.220703125e-08
431,train,0.34357008194191413,0.9120065789473684,0.060673162090345435,0.13237410071942446,1.220703125e-08
431,val,0.7606492684929365,0.725201072386059,0.12882096069868995,0.5069444444444444,1.220703125e-08
432,train,0.3487353795453122,0.9087171052631579,0.06731620903454384,0.1302158273381295,1.220703125e-08
432,val,0.7606468835081556,0.725201072386059,0.12882096069868995,0.5069444444444444,1.220703125e-08
433,train,0.3502343071526603,0.906798245614035,0.06908768821966342,0.13237410071942446,1.220703125e-08
433,val,0.7606052457487296,0.725201072386059,0.12882096069868995,0.5069444444444444,1.220703125e-08
434,train,0.34057629088822167,0.9163925438596491,0.06111603188662533,0.12014388489208633,1.220703125e-08
434,val,0.7606344414780031,0.725201072386059,0.12882096069868995,0.5069444444444444,1.220703125e-08
435,train,0.3485814034938812,0.910361842105263,0.06643046944198405,0.12733812949640289,1.220703125e-08
435,val,0.7605451230389183,0.725201072386059,0.12882096069868995,0.5069444444444444,1.220703125e-08
436,train,0.34514240338875535,0.9095394736842105,0.06421612046058459,0.13309352517985612,1.220703125e-08
436,val,0.7605881467261838,0.725201072386059,0.12882096069868995,0.5069444444444444,1.220703125e-08
437,train,0.3491610191893159,0.9029605263157894,0.07484499557130203,0.13309352517985612,1.220703125e-08
437,val,0.7606057740408358,0.725201072386059,0.12882096069868995,0.5069444444444444,1.220703125e-08
438,train,0.35205994866657675,0.9024122807017544,0.07263064658990256,0.1381294964028777,1.220703125e-08
438,val,0.7604020722909524,0.725201072386059,0.12882096069868995,0.5069444444444444,1.220703125e-08
439,train,0.34908026574473633,0.9073464912280701,0.06820194862710363,0.13237410071942446,1.220703125e-08
439,val,0.7603203939528631,0.725201072386059,0.12882096069868995,0.5069444444444444,1.220703125e-08
440,train,0.35446107518254666,0.8993969298245613,0.07484499557130203,0.14244604316546763,1.220703125e-08
440,val,0.7603692513049128,0.725201072386059,0.12882096069868995,0.5069444444444444,1.220703125e-08
441,train,0.35087470893274275,0.9100877192982456,0.062444641275465014,0.13453237410071942,1.220703125e-08
441,val,0.7604513082044054,0.725201072386059,0.12882096069868995,0.5069444444444444,1.220703125e-08
442,train,0.3524419060140325,0.9046052631578947,0.06731620903454384,0.1410071942446043,1.220703125e-08
442,val,0.7604271887774122,0.725201072386059,0.12882096069868995,0.5069444444444444,1.220703125e-08
443,train,0.3444102400619733,0.9125548245614035,0.070859167404783,0.11438848920863309,1.220703125e-08
443,val,0.7606321467790783,0.725201072386059,0.12882096069868995,0.5069444444444444,1.220703125e-08
444,train,0.35049000173284295,0.9046052631578947,0.06731620903454384,0.1410071942446043,1.220703125e-08
444,val,0.76040460037482,0.725201072386059,0.12882096069868995,0.5069444444444444,1.220703125e-08
445,train,0.3471379785945541,0.9087171052631579,0.06864481842338352,0.12805755395683452,1.220703125e-08
445,val,0.760383904299851,0.725201072386059,0.12882096069868995,0.5069444444444444,1.220703125e-08
446,train,0.3458002542978839,0.9111842105263157,0.06598759964570416,0.12589928057553956,1.220703125e-08
446,val,0.7605361129898808,0.725201072386059,0.12882096069868995,0.5069444444444444,1.220703125e-08
447,train,0.3560726960892217,0.8988486842105262,0.070859167404783,0.15035971223021583,1.220703125e-08
447,val,0.760558312763797,0.725201072386059,0.12882096069868995,0.5069444444444444,1.220703125e-08
448,train,0.3492142085574175,0.9046052631578947,0.0633303808680248,0.1474820143884892,1.220703125e-08
448,val,0.7605558571483111,0.725201072386059,0.12882096069868995,0.5069444444444444,1.220703125e-08
449,train,0.34612917390308884,0.9114583333333333,0.05890168290522586,0.1366906474820144,1.220703125e-08
449,val,0.7607676046463504,0.725201072386059,0.12882096069868995,0.5069444444444444,1.220703125e-08
450,train,0.34707448376636757,0.910361842105263,0.06200177147918512,0.13453237410071942,1.220703125e-08
450,val,0.7607873841201332,0.725201072386059,0.12882096069868995,0.5069444444444444,1.220703125e-08
451,train,0.34541708557752143,0.9122807017543859,0.0562444641275465,0.13884892086330936,1.220703125e-08
451,val,0.7606628513208343,0.725201072386059,0.12882096069868995,0.5069444444444444,1.220703125e-08
452,train,0.34522525234180584,0.9087171052631579,0.06820194862710363,0.12877697841726618,1.220703125e-08
452,val,0.760735331847265,0.725201072386059,0.12882096069868995,0.5069444444444444,1.220703125e-08
453,train,0.34749123427951545,0.910361842105263,0.06288751107174491,0.13309352517985612,1.220703125e-08
453,val,0.7607294647048051,0.725201072386059,0.12882096069868995,0.5069444444444444,1.220703125e-08
454,train,0.3433457118900199,0.9089912280701754,0.06731620903454384,0.12949640287769784,1.220703125e-08
454,val,0.760729988202972,0.725201072386059,0.12882096069868995,0.5069444444444444,1.220703125e-08
455,train,0.35339338489268957,0.9040570175438596,0.06775907883082374,0.14172661870503597,1.220703125e-08
455,val,0.760619671191351,0.725201072386059,0.12882096069868995,0.5069444444444444,1.220703125e-08
456,train,0.3562661739425701,0.9013157894736842,0.06687333923826395,0.15035971223021583,1.220703125e-08
456,val,0.7604955017726479,0.725201072386059,0.12882096069868995,0.5069444444444444,1.220703125e-08
457,train,0.34992622544890956,0.9026864035087718,0.07307351638618247,0.1366906474820144,1.220703125e-08
457,val,0.7605416915371974,0.725201072386059,0.12882096069868995,0.5069444444444444,1.220703125e-08
458,train,0.3447545109349385,0.9095394736842105,0.062444641275465014,0.13597122302158274,1.220703125e-08
458,val,0.7605279933351614,0.725201072386059,0.12882096069868995,0.5069444444444444,1.220703125e-08
459,train,0.3538747281489665,0.8999451754385964,0.07218777679362268,0.14532374100719425,1.220703125e-08
459,val,0.760549512449602,0.725201072386059,0.12882096069868995,0.5069444444444444,1.220703125e-08
460,train,0.34778479924588873,0.9024122807017544,0.070859167404783,0.1410071942446043,1.220703125e-08
460,val,0.7605649105026,0.725201072386059,0.12882096069868995,0.5069444444444444,1.220703125e-08
461,train,0.3456278683192897,0.9120065789473684,0.060673162090345435,0.13237410071942446,1.220703125e-08
461,val,0.7604929458040335,0.725201072386059,0.12882096069868995,0.5069444444444444,1.220703125e-08
462,train,0.34474480459303186,0.9106359649122806,0.060673162090345435,0.13597122302158274,1.220703125e-08
462,val,0.7604927069060604,0.725201072386059,0.12882096069868995,0.5069444444444444,1.220703125e-08
463,train,0.34396874277215256,0.9163925438596491,0.05358724534986714,0.13237410071942446,1.220703125e-08
463,val,0.7604295849480514,0.725201072386059,0.12882096069868995,0.5069444444444444,1.220703125e-08
464,train,0.343899327869478,0.9106359649122806,0.06643046944198405,0.12661870503597122,1.220703125e-08
464,val,0.7604520635694345,0.725201072386059,0.12882096069868995,0.5069444444444444,1.220703125e-08
465,train,0.3473675969269192,0.9087171052631579,0.06908768821966342,0.12733812949640289,1.220703125e-08
465,val,0.7605575176090721,0.725201072386059,0.12882096069868995,0.5069444444444444,1.220703125e-08
466,train,0.3473958761284226,0.9054276315789473,0.06510186005314438,0.14244604316546763,1.220703125e-08
466,val,0.7606402568459191,0.725201072386059,0.12882096069868995,0.5069444444444444,1.220703125e-08
467,train,0.355858056626299,0.8993969298245613,0.07705934455270151,0.13884892086330936,1.220703125e-08
467,val,0.7606016264843877,0.725201072386059,0.12882096069868995,0.5069444444444444,1.220703125e-08
468,train,0.34618272266367023,0.9059758771929824,0.06465899025686449,0.14172661870503597,1.220703125e-08
468,val,0.760635999987656,0.725201072386059,0.12882096069868995,0.5069444444444444,1.220703125e-08
469,train,0.3557064424742732,0.8961074561403508,0.07351638618246235,0.15323741007194244,1.220703125e-08
469,val,0.7604632342468958,0.725201072386059,0.12882096069868995,0.5069444444444444,1.220703125e-08
470,train,0.34020574920271573,0.9161184210526315,0.062444641275465014,0.11870503597122302,1.220703125e-08
470,val,0.7604146320123135,0.725201072386059,0.12882096069868995,0.5069444444444444,1.220703125e-08
471,train,0.35522839858343724,0.9015899122807017,0.07218777679362268,0.1410071942446043,1.220703125e-08
471,val,0.7603522034177193,0.725201072386059,0.12882096069868995,0.5069444444444444,1.220703125e-08
472,train,0.35502102409015623,0.9024122807017544,0.06997342781222321,0.14244604316546763,1.220703125e-08
472,val,0.7603224464779564,0.725201072386059,0.12882096069868995,0.5069444444444444,1.220703125e-08
473,train,0.34904534114818825,0.9087171052631579,0.062444641275465014,0.1381294964028777,1.220703125e-08
473,val,0.760325028014247,0.725201072386059,0.12882096069868995,0.5069444444444444,1.220703125e-08
474,train,0.35275704119550555,0.9035087719298245,0.07130203720106289,0.13741007194244603,1.220703125e-08
474,val,0.7603458252413343,0.725201072386059,0.12882096069868995,0.5069444444444444,1.220703125e-08
475,train,0.35360874516660706,0.9032346491228069,0.06731620903454384,0.1446043165467626,1.220703125e-08
475,val,0.7603206821485116,0.725201072386059,0.12882096069868995,0.5069444444444444,1.220703125e-08
476,train,0.347100748566159,0.9081688596491228,0.07263064658990256,0.12302158273381295,1.220703125e-08
476,val,0.7604396322457464,0.725201072386059,0.12882096069868995,0.5069444444444444,1.220703125e-08
477,train,0.345747069962192,0.906798245614035,0.06864481842338352,0.13309352517985612,1.220703125e-08
477,val,0.7605557885949797,0.725201072386059,0.12882096069868995,0.5069444444444444,1.220703125e-08
478,train,0.34950024765311627,0.909265350877193,0.06510186005314438,0.13237410071942446,1.220703125e-08
478,val,0.7605895032511959,0.725201072386059,0.12882096069868995,0.5069444444444444,1.220703125e-08
479,train,0.341880896373799,0.912828947368421,0.061558901682905225,0.12877697841726618,1.220703125e-08
479,val,0.7605856185624171,0.725201072386059,0.12882096069868995,0.5069444444444444,1.220703125e-08
480,train,0.35387359023617027,0.9018640350877193,0.07395925597874226,0.13741007194244603,1.220703125e-08
480,val,0.7605056289693306,0.725201072386059,0.12882096069868995,0.5069444444444444,1.220703125e-08
481,train,0.3465598797458306,0.9089912280701754,0.06775907883082374,0.12877697841726618,1.220703125e-08
481,val,0.7605013088310691,0.725201072386059,0.12882096069868995,0.5069444444444444,1.220703125e-08
482,train,0.34829730514371604,0.9078947368421052,0.06775907883082374,0.1316546762589928,1.220703125e-08
482,val,0.760607052105042,0.725201072386059,0.12882096069868995,0.5069444444444444,1.220703125e-08
483,train,0.3503761890818152,0.903782894736842,0.06997342781222321,0.13884892086330936,1.220703125e-08
483,val,0.7604861649367509,0.725201072386059,0.12882096069868995,0.5069444444444444,1.220703125e-08
484,train,0.3404729442768975,0.9147478070175438,0.0637732506643047,0.12014388489208633,1.220703125e-08
484,val,0.7605186688836074,0.725201072386059,0.12882096069868995,0.5069444444444444,1.220703125e-08
485,train,0.351761826493761,0.9076206140350876,0.06465899025686449,0.13741007194244603,1.220703125e-08
485,val,0.7604260559695656,0.725201072386059,0.12882096069868995,0.5069444444444444,1.220703125e-08
486,train,0.35506358206794975,0.9040570175438596,0.06731620903454384,0.14244604316546763,1.220703125e-08
486,val,0.7603211064121359,0.725201072386059,0.12882096069868995,0.5069444444444444,1.220703125e-08
487,train,0.3483152096731621,0.910361842105263,0.060673162090345435,0.1366906474820144,1.220703125e-08
487,val,0.7602621099584543,0.725201072386059,0.12882096069868995,0.5069444444444444,1.220703125e-08
488,train,0.3484113027521393,0.909265350877193,0.054030115146147036,0.15035971223021583,1.220703125e-08
488,val,0.7602150353925158,0.725201072386059,0.12882096069868995,0.5069444444444444,1.220703125e-08
489,train,0.35475522286274974,0.9032346491228069,0.07351638618246235,0.13453237410071942,1.220703125e-08
489,val,0.7601057660164207,0.725201072386059,0.12882096069868995,0.5069444444444444,1.220703125e-08
490,train,0.35252149095922186,0.9089912280701754,0.06554472984942426,0.13237410071942446,1.220703125e-08
490,val,0.7600205749992391,0.725201072386059,0.12882096069868995,0.5069444444444444,1.220703125e-08
491,train,0.35712007753420294,0.9004934210526315,0.07395925597874226,0.1410071942446043,1.220703125e-08
491,val,0.7598362608186042,0.725201072386059,0.12882096069868995,0.5069444444444444,1.220703125e-08
492,train,0.3507813347274797,0.9046052631578947,0.06997342781222321,0.1366906474820144,1.220703125e-08
492,val,0.7599324400239592,0.725201072386059,0.12882096069868995,0.5069444444444444,1.220703125e-08
493,train,0.3533107529868159,0.9032346491228069,0.06554472984942426,0.1474820143884892,1.220703125e-08
493,val,0.7598987953592561,0.725201072386059,0.12882096069868995,0.5069444444444444,1.220703125e-08
494,train,0.34830143256929885,0.9035087719298245,0.0704162976085031,0.13884892086330936,1.220703125e-08
494,val,0.75996524590909,0.725201072386059,0.12882096069868995,0.5069444444444444,1.220703125e-08
495,train,0.35081991226526726,0.9048793859649122,0.06953055801594331,0.1366906474820144,1.220703125e-08
495,val,0.7600002263250684,0.725201072386059,0.12882096069868995,0.5069444444444444,1.220703125e-08
496,train,0.35440370845690106,0.9051535087719298,0.06465899025686449,0.14388489208633093,1.220703125e-08
496,val,0.7600566469951865,0.725201072386059,0.12882096069868995,0.5069444444444444,1.220703125e-08
497,train,0.35095478476662384,0.9046052631578947,0.06775907883082374,0.14028776978417265,1.220703125e-08
497,val,0.7600862540444484,0.725201072386059,0.12882096069868995,0.5069444444444444,1.220703125e-08
498,train,0.3484188050293086,0.9073464912280701,0.06953055801594331,0.1302158273381295,1.220703125e-08
498,val,0.7602276514426632,0.725201072386059,0.12882096069868995,0.5069444444444444,1.220703125e-08
499,train,0.3515761035837625,0.9043311403508771,0.06864481842338352,0.13956834532374102,1.220703125e-08
499,val,0.7602136246959901,0.725201072386059,0.12882096069868995,0.5069444444444444,1.220703125e-08
500,train,0.34871730371786835,0.9098135964912281,0.06200177147918512,0.13597122302158274,1.220703125e-08
500,val,0.7601797969028075,0.725201072386059,0.12882096069868995,0.5069444444444444,1.220703125e-08
